well,ingredient1,concentration1,unit1,ingredient2,...
A1,m167_GvpN_50fmol,0.191625,concentration,m165_GvpJ_50fmol,0.203375,concentration,m166_GvpK_50fmol,0.21349999999999997,concentration,m163_GvpF_50fmol,1.632,concentration,m164_GvpG_50fmol,0.217875,concentration,m168_GvpV_50fmol,0.2235,concentration,m169_GvpW_50fmol,0.202875,concentration,m567_GvpA,9.9759375,concentration,puc19,6.2740625,concentration,water,0.4375,fraction
A10,m167_GvpN_50fmol,0.191625,concentration,m165_GvpJ_50fmol,0.8135,concentration,m166_GvpK_50fmol,0.21349999999999997,concentration,m163_GvpF_50fmol,0.204,concentration,m164_GvpG_50fmol,0.8715,concentration,m168_GvpV_50fmol,0.2235,concentration,m169_GvpW_50fmol,0.8115,concentration,m567_GvpA,9.9759375,concentration,puc19,5.5359375,concentration,water,0.425,fraction
A11,m167_GvpN_50fmol,0.191625,concentration,m165_GvpJ_50fmol,0.203375,concentration,m166_GvpK_50fmol,0.21349999999999997,concentration,m163_GvpF_50fmol,0.204,concentration,m164_GvpG_50fmol,0.8715,concentration,m168_GvpV_50fmol,0.2235,concentration,m169_GvpW_50fmol,0.8115,concentration,m567_GvpA,9.9759375,concentration,puc19,6.643125,concentration,water,0.44375,fraction
A12,m167_GvpN_50fmol,0.191625,concentration,m165_GvpJ_50fmol,0.8135,concentration,m166_GvpK_50fmol,0.21349999999999997,concentration,m163_GvpF_50fmol,0.204,concentration,m164_GvpG_50fmol,0.8715,concentration,m168_GvpV_50fmol,0.78225,concentration,m169_GvpW_50fmol,0.202875,concentration,m567_GvpA,9.9759375,concentration,puc19,5.5359375,concentration,water,0.43125,fraction
A13,m167_GvpN_50fmol,0.191625,concentration,m165_GvpJ_50fmol,0.203375,concentration,m166_GvpK_50fmol,0.21349999999999997,concentration,m163_GvpF_50fmol,0.816,concentration,m164_GvpG_50fmol,0.217875,concentration,m168_GvpV_50fmol,0.2235,concentration,m169_GvpW_50fmol,0.202875,concentration,m567_GvpA,9.9759375,concentration,puc19,7.7503125,concentration,water,0.4625,fraction
A14,m167_GvpN_50fmol,0.191625,concentration,m165_GvpJ_50fmol,0.8135,concentration,m166_GvpK_50fmol,0.21349999999999997,concentration,m163_GvpF_50fmol,0.816,concentration,m164_GvpG_50fmol,0.217875,concentration,m168_GvpV_50fmol,0.2235,concentration,m169_GvpW_50fmol,0.8115,concentration,m567_GvpA,9.9759375,concentration,puc19,5.166875,concentration,water,0.43125,fraction
A15,m167_GvpN_50fmol,0.191625,concentration,m165_GvpJ_50fmol,0.203375,concentration,m166_GvpK_50fmol,0.21349999999999997,concentration,m163_GvpF_50fmol,0.816,concentration,m164_GvpG_50fmol,0.217875,concentration,m168_GvpV_50fmol,0.2235,concentration,m169_GvpW_50fmol,0.202875,concentration,m567_GvpA,9.9759375,concentration,puc19,7.7503125,concentration,water,0.4625,fraction
A16,m167_GvpN_50fmol,0.191625,concentration,m165_GvpJ_50fmol,0.8135,concentration,m166_GvpK_50fmol,0.21349999999999997,concentration,m163_GvpF_50fmol,0.816,concentration,m164_GvpG_50fmol,0.217875,concentration,m168_GvpV_50fmol,0.2235,concentration,m169_GvpW_50fmol,0.202875,concentration,m567_GvpA,9.9759375,concentration,puc19,6.643125,concentration,water,0.44375,fraction
A17,m167_GvpN_50fmol,0.191625,concentration,m165_GvpJ_50fmol,0.203375,concentration,m166_GvpK_50fmol,0.21349999999999997,concentration,m163_GvpF_50fmol,0.204,concentration,m164_GvpG_50fmol,0.217875,concentration,m168_GvpV_50fmol,0.78225,concentration,m169_GvpW_50fmol,0.202875,concentration,m567_GvpA,9.9759375,concentration,puc19,7.7503125,concentration,water,0.46875,fraction
A18,m167_GvpN_50fmol,0.191625,concentration,m165_GvpJ_50fmol,0.203375,concentration,m166_GvpK_50fmol,0.8539999999999999,concentration,m163_GvpF_50fmol,0.204,concentration,m164_GvpG_50fmol,0.8715,concentration,m168_GvpV_50fmol,0.78225,concentration,m169_GvpW_50fmol,0.202875,concentration,m567_GvpA,9.9759375,concentration,puc19,5.5359375,concentration,water,0.43125,fraction
A19,m167_GvpN_50fmol,0.191625,concentration,m165_GvpJ_50fmol,0.203375,concentration,m166_GvpK_50fmol,0.21349999999999997,concentration,m163_GvpF_50fmol,0.816,concentration,m164_GvpG_50fmol,0.217875,concentration,m168_GvpV_50fmol,0.2235,concentration,m169_GvpW_50fmol,0.8115,concentration,m567_GvpA,9.9759375,concentration,puc19,6.643125,concentration,water,0.44375,fraction
A2,m167_GvpN_50fmol,0.191625,concentration,m165_GvpJ_50fmol,0.203375,concentration,m166_GvpK_50fmol,0.8539999999999999,concentration,m163_GvpF_50fmol,0.816,concentration,m164_GvpG_50fmol,0.217875,concentration,m168_GvpV_50fmol,0.78225,concentration,m169_GvpW_50fmol,0.202875,concentration,m567_GvpA,9.9759375,concentration,puc19,5.5359375,concentration,water,0.43125,fraction
A20,m167_GvpN_50fmol,0.191625,concentration,m165_GvpJ_50fmol,0.8135,concentration,m166_GvpK_50fmol,0.8539999999999999,concentration,m163_GvpF_50fmol,0.204,concentration,m164_GvpG_50fmol,0.217875,concentration,m168_GvpV_50fmol,0.2235,concentration,m169_GvpW_50fmol,0.202875,concentration,m567_GvpA,9.9759375,concentration,puc19,6.643125,concentration,water,0.44375,fraction
A21,m167_GvpN_50fmol,0.191625,concentration,m165_GvpJ_50fmol,0.203375,concentration,m166_GvpK_50fmol,0.8539999999999999,concentration,m163_GvpF_50fmol,0.204,concentration,m164_GvpG_50fmol,0.217875,concentration,m168_GvpV_50fmol,0.78225,concentration,m169_GvpW_50fmol,0.8115,concentration,m567_GvpA,9.9759375,concentration,puc19,5.5359375,concentration,water,0.43125,fraction
A22,m167_GvpN_50fmol,0.191625,concentration,m165_GvpJ_50fmol,0.203375,concentration,m166_GvpK_50fmol,0.8539999999999999,concentration,m163_GvpF_50fmol,0.204,concentration,m164_GvpG_50fmol,0.8715,concentration,m168_GvpV_50fmol,0.78225,concentration,m169_GvpW_50fmol,0.202875,concentration,m567_GvpA,9.9759375,concentration,puc19,5.5359375,concentration,water,0.43125,fraction
A23,m167_GvpN_50fmol,0.191625,concentration,m165_GvpJ_50fmol,0.203375,concentration,m166_GvpK_50fmol,0.21349999999999997,concentration,m163_GvpF_50fmol,0.816,concentration,m164_GvpG_50fmol,0.217875,concentration,m168_GvpV_50fmol,0.78225,concentration,m169_GvpW_50fmol,0.8115,concentration,m567_GvpA,9.9759375,concentration,puc19,5.5359375,concentration,water,0.43125,fraction
A24,m167_GvpN_50fmol,0.191625,concentration,m165_GvpJ_50fmol,0.8135,concentration,m166_GvpK_50fmol,0.21349999999999997,concentration,m163_GvpF_50fmol,0.204,concentration,m164_GvpG_50fmol,0.217875,concentration,m168_GvpV_50fmol,0.2235,concentration,m169_GvpW_50fmol,0.8115,concentration,m567_GvpA,9.9759375,concentration,puc19,6.643125,concentration,water,0.44375,fraction
A3,m167_GvpN_50fmol,0.191625,concentration,m165_GvpJ_50fmol,0.203375,concentration,m166_GvpK_50fmol,0.21349999999999997,concentration,m163_GvpF_50fmol,0.204,concentration,m164_GvpG_50fmol,0.8715,concentration,m168_GvpV_50fmol,0.2235,concentration,m169_GvpW_50fmol,0.202875,concentration,m567_GvpA,9.9759375,concentration,puc19,7.7503125,concentration,water,0.4625,fraction
A4,m167_GvpN_50fmol,0.191625,concentration,m165_GvpJ_50fmol,0.203375,concentration,m166_GvpK_50fmol,0.8539999999999999,concentration,m163_GvpF_50fmol,0.204,concentration,m164_GvpG_50fmol,0.8715,concentration,m168_GvpV_50fmol,0.2235,concentration,m169_GvpW_50fmol,0.202875,concentration,m567_GvpA,9.9759375,concentration,puc19,6.643125,concentration,water,0.44375,fraction
A5,m167_GvpN_50fmol,0.191625,concentration,m165_GvpJ_50fmol,0.203375,concentration,m166_GvpK_50fmol,0.8539999999999999,concentration,m163_GvpF_50fmol,0.204,concentration,m164_GvpG_50fmol,0.217875,concentration,m168_GvpV_50fmol,0.2235,concentration,m169_GvpW_50fmol,0.202875,concentration,m567_GvpA,9.9759375,concentration,puc19,7.7503125,concentration,water,0.4625,fraction
A6,m167_GvpN_50fmol,0.191625,concentration,m165_GvpJ_50fmol,0.203375,concentration,m166_GvpK_50fmol,0.8539999999999999,concentration,m163_GvpF_50fmol,0.816,concentration,m164_GvpG_50fmol,0.217875,concentration,m168_GvpV_50fmol,0.2235,concentration,m169_GvpW_50fmol,0.202875,concentration,m567_GvpA,9.9759375,concentration,puc19,6.643125,concentration,water,0.44375,fraction
A7,m167_GvpN_50fmol,0.191625,concentration,m165_GvpJ_50fmol,0.203375,concentration,m166_GvpK_50fmol,0.8539999999999999,concentration,m163_GvpF_50fmol,0.204,concentration,m164_GvpG_50fmol,0.217875,concentration,m168_GvpV_50fmol,0.2235,concentration,m169_GvpW_50fmol,0.202875,concentration,m567_GvpA,9.9759375,concentration,puc19,7.7503125,concentration,water,0.4625,fraction
A8,m167_GvpN_50fmol,0.191625,concentration,m165_GvpJ_50fmol,0.203375,concentration,m166_GvpK_50fmol,0.8539999999999999,concentration,m163_GvpF_50fmol,0.816,concentration,m164_GvpG_50fmol,0.217875,concentration,m168_GvpV_50fmol,0.78225,concentration,m169_GvpW_50fmol,0.202875,concentration,m567_GvpA,9.9759375,concentration,puc19,5.5359375,concentration,water,0.43125,fraction
A9,m167_GvpN_50fmol,0.191625,concentration,m165_GvpJ_50fmol,0.203375,concentration,m166_GvpK_50fmol,0.21349999999999997,concentration,m163_GvpF_50fmol,0.204,concentration,m164_GvpG_50fmol,0.217875,concentration,m168_GvpV_50fmol,0.2235,concentration,m169_GvpW_50fmol,0.8115,concentration,m567_GvpA,9.9759375,concentration,puc19,7.7503125,concentration,water,0.4625,fraction
B1,m167_GvpN_50fmol,0.8623125,concentration,m165_GvpJ_50fmol,0.203375,concentration,m166_GvpK_50fmol,0.21349999999999997,concentration,m163_GvpF_50fmol,0.204,concentration,m164_GvpG_50fmol,0.8715,concentration,m168_GvpV_50fmol,0.2235,concentration,m169_GvpW_50fmol,0.202875,concentration,m567_GvpA,9.9759375,concentration,puc19,6.643125,concentration,water,0.4375,fraction
B10,m167_GvpN_50fmol,0.8623125,concentration,m165_GvpJ_50fmol,0.8135,concentration,m166_GvpK_50fmol,0.8539999999999999,concentration,m163_GvpF_50fmol,0.816,concentration,m164_GvpG_50fmol,0.8715,concentration,m168_GvpV_50fmol,0.0,concentration,m169_GvpW_50fmol,0.8115,concentration,m567_GvpA,9.9759375,concentration,puc19,2.214375,concentration,water,0.375,fraction
B11,m167_GvpN_50fmol,0.8623125,concentration,m165_GvpJ_50fmol,0.203375,concentration,m166_GvpK_50fmol,0.21349999999999997,concentration,m163_GvpF_50fmol,0.816,concentration,m164_GvpG_50fmol,0.8715,concentration,m168_GvpV_50fmol,0.2235,concentration,m169_GvpW_50fmol,0.202875,concentration,m567_GvpA,9.9759375,concentration,puc19,5.166875,concentration,water,0.425,fraction
B12,m167_GvpN_50fmol,0.8623125,concentration,m165_GvpJ_50fmol,0.8135,concentration,m166_GvpK_50fmol,0.8539999999999999,concentration,m163_GvpF_50fmol,0.816,concentration,m164_GvpG_50fmol,0.8715,concentration,m168_GvpV_50fmol,0.78225,concentration,m169_GvpW_50fmol,0.0,concentration,m567_GvpA,9.9759375,concentration,puc19,2.214375,concentration,water,0.38125,fraction
B13,m167_GvpN_50fmol,0.191625,concentration,m165_GvpJ_50fmol,0.8135,concentration,m166_GvpK_50fmol,0.8539999999999999,concentration,m163_GvpF_50fmol,0.816,concentration,m164_GvpG_50fmol,0.217875,concentration,m168_GvpV_50fmol,0.2235,concentration,m169_GvpW_50fmol,0.202875,concentration,m567_GvpA,9.9759375,concentration,puc19,5.5359375,concentration,water,0.425,fraction
B14,m167_GvpN_50fmol,0.8623125,concentration,m165_GvpJ_50fmol,0.8135,concentration,m166_GvpK_50fmol,0.8539999999999999,concentration,m163_GvpF_50fmol,0.816,concentration,m164_GvpG_50fmol,0.8715,concentration,m168_GvpV_50fmol,0.2235,concentration,m169_GvpW_50fmol,0.8115,concentration,m567_GvpA,9.9759375,concentration,puc19,1.8453125,concentration,water,0.36875,fraction
B15,m167_GvpN_50fmol,0.8623125,concentration,m165_GvpJ_50fmol,0.203375,concentration,m166_GvpK_50fmol,0.21349999999999997,concentration,m163_GvpF_50fmol,0.204,concentration,m164_GvpG_50fmol,0.217875,concentration,m168_GvpV_50fmol,0.2235,concentration,m169_GvpW_50fmol,0.202875,concentration,m567_GvpA,9.9759375,concentration,puc19,7.7503125,concentration,water,0.45625,fraction
B16,m167_GvpN_50fmol,0.8623125,concentration,m165_GvpJ_50fmol,0.203375,concentration,m166_GvpK_50fmol,0.8539999999999999,concentration,m163_GvpF_50fmol,0.816,concentration,m164_GvpG_50fmol,0.217875,concentration,m168_GvpV_50fmol,0.2235,concentration,m169_GvpW_50fmol,0.202875,concentration,m567_GvpA,9.9759375,concentration,puc19,5.166875,concentration,water,0.425,fraction
B17,m167_GvpN_50fmol,0.8623125,concentration,m165_GvpJ_50fmol,0.203375,concentration,m166_GvpK_50fmol,0.21349999999999997,concentration,m163_GvpF_50fmol,0.204,concentration,m164_GvpG_50fmol,0.217875,concentration,m168_GvpV_50fmol,0.2235,concentration,m169_GvpW_50fmol,0.202875,concentration,m567_GvpA,9.9759375,concentration,puc19,7.7503125,concentration,water,0.45625,fraction
B18,m167_GvpN_50fmol,0.8623125,concentration,m165_GvpJ_50fmol,0.8135,concentration,m166_GvpK_50fmol,0.21349999999999997,concentration,m163_GvpF_50fmol,0.816,concentration,m164_GvpG_50fmol,0.217875,concentration,m168_GvpV_50fmol,0.2235,concentration,m169_GvpW_50fmol,0.202875,concentration,m567_GvpA,9.9759375,concentration,puc19,5.166875,concentration,water,0.425,fraction
B19,m167_GvpN_50fmol,0.191625,concentration,m165_GvpJ_50fmol,0.203375,concentration,m166_GvpK_50fmol,0.21349999999999997,concentration,m163_GvpF_50fmol,0.204,concentration,m164_GvpG_50fmol,0.217875,concentration,m168_GvpV_50fmol,0.2235,concentration,m169_GvpW_50fmol,0.202875,concentration,m567_GvpA,9.9759375,concentration,puc19,8.8575,concentration,water,0.48125,fraction
B2,m167_GvpN_50fmol,0.8623125,concentration,m165_GvpJ_50fmol,0.203375,concentration,m166_GvpK_50fmol,0.8539999999999999,concentration,m163_GvpF_50fmol,0.816,concentration,m164_GvpG_50fmol,0.217875,concentration,m168_GvpV_50fmol,0.2235,concentration,m169_GvpW_50fmol,0.202875,concentration,m567_GvpA,9.9759375,concentration,puc19,5.166875,concentration,water,0.425,fraction
B20,m167_GvpN_50fmol,0.8623125,concentration,m165_GvpJ_50fmol,0.8135,concentration,m166_GvpK_50fmol,0.21349999999999997,concentration,m163_GvpF_50fmol,0.816,concentration,m164_GvpG_50fmol,0.8715,concentration,m168_GvpV_50fmol,0.78225,concentration,m169_GvpW_50fmol,0.8115,concentration,m567_GvpA,9.9759375,concentration,puc19,1.8453125,concentration,water,0.375,fraction
B21,m167_GvpN_50fmol,0.8623125,concentration,m165_GvpJ_50fmol,0.203375,concentration,m166_GvpK_50fmol,0.21349999999999997,concentration,m163_GvpF_50fmol,0.816,concentration,m164_GvpG_50fmol,0.8715,concentration,m168_GvpV_50fmol,0.2235,concentration,m169_GvpW_50fmol,0.202875,concentration,m567_GvpA,9.9759375,concentration,puc19,5.166875,concentration,water,0.425,fraction
B22,m167_GvpN_50fmol,0.8623125,concentration,m165_GvpJ_50fmol,0.8135,concentration,m166_GvpK_50fmol,0.0,concentration,m163_GvpF_50fmol,0.816,concentration,m164_GvpG_50fmol,0.8715,concentration,m168_GvpV_50fmol,0.78225,concentration,m169_GvpW_50fmol,0.8115,concentration,m567_GvpA,9.9759375,concentration,puc19,2.214375,concentration,water,0.38125,fraction
B23,m167_GvpN_50fmol,0.8623125,concentration,m165_GvpJ_50fmol,0.203375,concentration,m166_GvpK_50fmol,0.21349999999999997,concentration,m163_GvpF_50fmol,0.204,concentration,m164_GvpG_50fmol,0.217875,concentration,m168_GvpV_50fmol,0.2235,concentration,m169_GvpW_50fmol,0.8115,concentration,m567_GvpA,9.9759375,concentration,puc19,6.2740625,concentration,water,0.44375,fraction
B24,m167_GvpN_50fmol,0.8623125,concentration,m165_GvpJ_50fmol,0.8135,concentration,m166_GvpK_50fmol,0.8539999999999999,concentration,m163_GvpF_50fmol,0.816,concentration,m164_GvpG_50fmol,0.8715,concentration,m168_GvpV_50fmol,0.78225,concentration,m169_GvpW_50fmol,0.8115,concentration,m567_GvpA,9.9759375,concentration,puc19,0.738125,concentration,water,0.35625,fraction
B3,m167_GvpN_50fmol,0.8623125,concentration,m165_GvpJ_50fmol,0.203375,concentration,m166_GvpK_50fmol,0.21349999999999997,concentration,m163_GvpF_50fmol,0.816,concentration,m164_GvpG_50fmol,0.217875,concentration,m168_GvpV_50fmol,0.2235,concentration,m169_GvpW_50fmol,0.202875,concentration,m567_GvpA,9.9759375,concentration,puc19,6.2740625,concentration,water,0.44375,fraction
B4,m167_GvpN_50fmol,0.8623125,concentration,m165_GvpJ_50fmol,0.203375,concentration,m166_GvpK_50fmol,0.8539999999999999,concentration,m163_GvpF_50fmol,0.816,concentration,m164_GvpG_50fmol,0.217875,concentration,m168_GvpV_50fmol,0.2235,concentration,m169_GvpW_50fmol,0.202875,concentration,m567_GvpA,9.9759375,concentration,puc19,5.166875,concentration,water,0.425,fraction
B5,m167_GvpN_50fmol,0.8623125,concentration,m165_GvpJ_50fmol,0.203375,concentration,m166_GvpK_50fmol,0.21349999999999997,concentration,m163_GvpF_50fmol,0.204,concentration,m164_GvpG_50fmol,0.217875,concentration,m168_GvpV_50fmol,0.2235,concentration,m169_GvpW_50fmol,0.202875,concentration,m567_GvpA,9.9759375,concentration,puc19,7.7503125,concentration,water,0.45625,fraction
B6,m167_GvpN_50fmol,0.8623125,concentration,m165_GvpJ_50fmol,0.8135,concentration,m166_GvpK_50fmol,0.8539999999999999,concentration,m163_GvpF_50fmol,0.816,concentration,m164_GvpG_50fmol,0.8715,concentration,m168_GvpV_50fmol,0.2235,concentration,m169_GvpW_50fmol,0.8115,concentration,m567_GvpA,9.9759375,concentration,puc19,1.8453125,concentration,water,0.36875,fraction
B7,m167_GvpN_50fmol,0.8623125,concentration,m165_GvpJ_50fmol,0.8135,concentration,m166_GvpK_50fmol,0.8539999999999999,concentration,m163_GvpF_50fmol,0.816,concentration,m164_GvpG_50fmol,0.8715,concentration,m168_GvpV_50fmol,0.78225,concentration,m169_GvpW_50fmol,0.8115,concentration,m567_GvpA,9.9759375,concentration,puc19,0.738125,concentration,water,0.35625,fraction
B8,m167_GvpN_50fmol,0.8623125,concentration,m165_GvpJ_50fmol,0.8135,concentration,m166_GvpK_50fmol,0.8539999999999999,concentration,m163_GvpF_50fmol,0.204,concentration,m164_GvpG_50fmol,0.8715,concentration,m168_GvpV_50fmol,0.78225,concentration,m169_GvpW_50fmol,0.8115,concentration,m567_GvpA,9.9759375,concentration,puc19,1.8453125,concentration,water,0.375,fraction
B9,m167_GvpN_50fmol,0.8623125,concentration,m165_GvpJ_50fmol,0.203375,concentration,m166_GvpK_50fmol,0.21349999999999997,concentration,m163_GvpF_50fmol,0.204,concentration,m164_GvpG_50fmol,0.217875,concentration,m168_GvpV_50fmol,0.78225,concentration,m169_GvpW_50fmol,0.8115,concentration,m567_GvpA,9.9759375,concentration,puc19,5.166875,concentration,water,0.43125,fraction
C1,m167_GvpN_50fmol,0.191625,concentration,m165_GvpJ_50fmol,0.203375,concentration,m166_GvpK_50fmol,0.8539999999999999,concentration,m163_GvpF_50fmol,0.204,concentration,m164_GvpG_50fmol,0.217875,concentration,m168_GvpV_50fmol,0.78225,concentration,m169_GvpW_50fmol,0.202875,concentration,m567_GvpA,9.9759375,concentration,puc19,6.643125,concentration,water,0.45,fraction
C10,m167_GvpN_50fmol,0.191625,concentration,m165_GvpJ_50fmol,0.203375,concentration,m166_GvpK_50fmol,0.8539999999999999,concentration,m163_GvpF_50fmol,0.204,concentration,m164_GvpG_50fmol,0.8715,concentration,m168_GvpV_50fmol,0.2235,concentration,m169_GvpW_50fmol,0.8115,concentration,m567_GvpA,9.9759375,concentration,puc19,5.5359375,concentration,water,0.425,fraction
C11,m167_GvpN_50fmol,0.191625,concentration,m165_GvpJ_50fmol,0.203375,concentration,m166_GvpK_50fmol,0.21349999999999997,concentration,m163_GvpF_50fmol,0.204,concentration,m164_GvpG_50fmol,0.8715,concentration,m168_GvpV_50fmol,0.78225,concentration,m169_GvpW_50fmol,0.202875,concentration,m567_GvpA,9.9759375,concentration,puc19,6.643125,concentration,water,0.45,fraction
C12,m167_GvpN_50fmol,0.191625,concentration,m165_GvpJ_50fmol,0.203375,concentration,m166_GvpK_50fmol,0.8539999999999999,concentration,m163_GvpF_50fmol,0.204,concentration,m164_GvpG_50fmol,0.8715,concentration,m168_GvpV_50fmol,0.2235,concentration,m169_GvpW_50fmol,0.202875,concentration,m567_GvpA,9.9759375,concentration,puc19,6.643125,concentration,water,0.44375,fraction
C13,m167_GvpN_50fmol,0.191625,concentration,m165_GvpJ_50fmol,0.203375,concentration,m166_GvpK_50fmol,0.21349999999999997,concentration,m163_GvpF_50fmol,0.204,concentration,m164_GvpG_50fmol,1.6340625,concentration,m168_GvpV_50fmol,0.2235,concentration,m169_GvpW_50fmol,0.202875,concentration,m567_GvpA,9.9759375,concentration,puc19,6.2740625,concentration,water,0.44375,fraction
C14,m167_GvpN_50fmol,0.191625,concentration,m165_GvpJ_50fmol,0.8135,concentration,m166_GvpK_50fmol,0.21349999999999997,concentration,m163_GvpF_50fmol,0.204,concentration,m164_GvpG_50fmol,0.8715,concentration,m168_GvpV_50fmol,0.78225,concentration,m169_GvpW_50fmol,0.202875,concentration,m567_GvpA,9.9759375,concentration,puc19,5.5359375,concentration,water,0.43125,fraction
C15,m167_GvpN_50fmol,0.191625,concentration,m165_GvpJ_50fmol,0.203375,concentration,m166_GvpK_50fmol,0.21349999999999997,concentration,m163_GvpF_50fmol,0.816,concentration,m164_GvpG_50fmol,0.8715,concentration,m168_GvpV_50fmol,0.78225,concentration,m169_GvpW_50fmol,0.202875,concentration,m567_GvpA,9.9759375,concentration,puc19,5.5359375,concentration,water,0.43125,fraction
C16,m167_GvpN_50fmol,0.191625,concentration,m165_GvpJ_50fmol,0.8135,concentration,m166_GvpK_50fmol,0.8539999999999999,concentration,m163_GvpF_50fmol,0.204,concentration,m164_GvpG_50fmol,0.217875,concentration,m168_GvpV_50fmol,0.2235,concentration,m169_GvpW_50fmol,0.8115,concentration,m567_GvpA,9.9759375,concentration,puc19,5.5359375,concentration,water,0.425,fraction
C17,m167_GvpN_50fmol,0.191625,concentration,m165_GvpJ_50fmol,0.203375,concentration,m166_GvpK_50fmol,0.21349999999999997,concentration,m163_GvpF_50fmol,0.204,concentration,m164_GvpG_50fmol,0.217875,concentration,m168_GvpV_50fmol,0.78225,concentration,m169_GvpW_50fmol,0.8115,concentration,m567_GvpA,9.9759375,concentration,puc19,6.643125,concentration,water,0.45,fraction
C18,m167_GvpN_50fmol,0.191625,concentration,m165_GvpJ_50fmol,0.8135,concentration,m166_GvpK_50fmol,0.21349999999999997,concentration,m163_GvpF_50fmol,0.204,concentration,m164_GvpG_50fmol,0.217875,concentration,m168_GvpV_50fmol,0.78225,concentration,m169_GvpW_50fmol,0.8115,concentration,m567_GvpA,9.9759375,concentration,puc19,5.5359375,concentration,water,0.43125,fraction
C19,m167_GvpN_50fmol,0.191625,concentration,m165_GvpJ_50fmol,0.203375,concentration,m166_GvpK_50fmol,0.8539999999999999,concentration,m163_GvpF_50fmol,0.204,concentration,m164_GvpG_50fmol,0.217875,concentration,m168_GvpV_50fmol,0.2235,concentration,m169_GvpW_50fmol,0.8115,concentration,m567_GvpA,9.9759375,concentration,puc19,6.643125,concentration,water,0.44375,fraction
C2,m167_GvpN_50fmol,0.191625,concentration,m165_GvpJ_50fmol,0.8135,concentration,m166_GvpK_50fmol,0.8539999999999999,concentration,m163_GvpF_50fmol,0.204,concentration,m164_GvpG_50fmol,0.217875,concentration,m168_GvpV_50fmol,0.2235,concentration,m169_GvpW_50fmol,0.8115,concentration,m567_GvpA,9.9759375,concentration,puc19,5.5359375,concentration,water,0.425,fraction
C20,m167_GvpN_50fmol,0.191625,concentration,m165_GvpJ_50fmol,0.203375,concentration,m166_GvpK_50fmol,0.8539999999999999,concentration,m163_GvpF_50fmol,0.816,concentration,m164_GvpG_50fmol,0.217875,concentration,m168_GvpV_50fmol,0.2235,concentration,m169_GvpW_50fmol,0.202875,concentration,m567_GvpA,9.9759375,concentration,puc19,6.643125,concentration,water,0.44375,fraction
C21,m167_GvpN_50fmol,0.191625,concentration,m165_GvpJ_50fmol,0.203375,concentration,m166_GvpK_50fmol,0.8539999999999999,concentration,m163_GvpF_50fmol,0.204,concentration,m164_GvpG_50fmol,0.217875,concentration,m168_GvpV_50fmol,0.2235,concentration,m169_GvpW_50fmol,0.8115,concentration,m567_GvpA,9.9759375,concentration,puc19,6.643125,concentration,water,0.44375,fraction
C22,m167_GvpN_50fmol,0.191625,concentration,m165_GvpJ_50fmol,0.8135,concentration,m166_GvpK_50fmol,0.21349999999999997,concentration,m163_GvpF_50fmol,0.816,concentration,m164_GvpG_50fmol,0.8715,concentration,m168_GvpV_50fmol,0.2235,concentration,m169_GvpW_50fmol,0.202875,concentration,m567_GvpA,9.9759375,concentration,puc19,5.5359375,concentration,water,0.425,fraction
C23,m167_GvpN_50fmol,0.191625,concentration,m165_GvpJ_50fmol,0.203375,concentration,m166_GvpK_50fmol,0.21349999999999997,concentration,m163_GvpF_50fmol,0.204,concentration,m164_GvpG_50fmol,0.8715,concentration,m168_GvpV_50fmol,0.78225,concentration,m169_GvpW_50fmol,0.202875,concentration,m567_GvpA,9.9759375,concentration,puc19,6.643125,concentration,water,0.45,fraction
C24,m167_GvpN_50fmol,0.8623125,concentration,m165_GvpJ_50fmol,0.8135,concentration,m166_GvpK_50fmol,0.8539999999999999,concentration,m163_GvpF_50fmol,0.816,concentration,m164_GvpG_50fmol,0.8715,concentration,m168_GvpV_50fmol,0.78225,concentration,m169_GvpW_50fmol,0.8115,concentration,m567_GvpA,9.9759375,concentration,puc19,0.738125,concentration,water,0.35625,fraction
C3,m167_GvpN_50fmol,0.191625,concentration,m165_GvpJ_50fmol,0.203375,concentration,m166_GvpK_50fmol,0.21349999999999997,concentration,m163_GvpF_50fmol,0.816,concentration,m164_GvpG_50fmol,0.217875,concentration,m168_GvpV_50fmol,0.2235,concentration,m169_GvpW_50fmol,0.8115,concentration,m567_GvpA,9.9759375,concentration,puc19,6.643125,concentration,water,0.44375,fraction
C4,m167_GvpN_50fmol,0.191625,concentration,m165_GvpJ_50fmol,0.203375,concentration,m166_GvpK_50fmol,0.8539999999999999,concentration,m163_GvpF_50fmol,0.204,concentration,m164_GvpG_50fmol,0.8715,concentration,m168_GvpV_50fmol,0.2235,concentration,m169_GvpW_50fmol,0.202875,concentration,m567_GvpA,9.9759375,concentration,puc19,6.643125,concentration,water,0.44375,fraction
C5,m167_GvpN_50fmol,0.191625,concentration,m165_GvpJ_50fmol,0.203375,concentration,m166_GvpK_50fmol,0.21349999999999997,concentration,m163_GvpF_50fmol,0.204,concentration,m164_GvpG_50fmol,0.217875,concentration,m168_GvpV_50fmol,0.78225,concentration,m169_GvpW_50fmol,0.8115,concentration,m567_GvpA,9.9759375,concentration,puc19,6.643125,concentration,water,0.45,fraction
C6,m167_GvpN_50fmol,0.191625,concentration,m165_GvpJ_50fmol,0.8135,concentration,m166_GvpK_50fmol,0.8539999999999999,concentration,m163_GvpF_50fmol,0.204,concentration,m164_GvpG_50fmol,0.217875,concentration,m168_GvpV_50fmol,0.78225,concentration,m169_GvpW_50fmol,0.202875,concentration,m567_GvpA,9.9759375,concentration,puc19,5.5359375,concentration,water,0.43125,fraction
C7,m167_GvpN_50fmol,0.191625,concentration,m165_GvpJ_50fmol,0.203375,concentration,m166_GvpK_50fmol,0.21349999999999997,concentration,m163_GvpF_50fmol,0.204,concentration,m164_GvpG_50fmol,0.217875,concentration,m168_GvpV_50fmol,0.2235,concentration,m169_GvpW_50fmol,1.623,concentration,m567_GvpA,9.9759375,concentration,puc19,6.2740625,concentration,water,0.4375,fraction
C8,m167_GvpN_50fmol,0.191625,concentration,m165_GvpJ_50fmol,0.203375,concentration,m166_GvpK_50fmol,0.8539999999999999,concentration,m163_GvpF_50fmol,0.816,concentration,m164_GvpG_50fmol,0.217875,concentration,m168_GvpV_50fmol,0.2235,concentration,m169_GvpW_50fmol,0.202875,concentration,m567_GvpA,9.9759375,concentration,puc19,6.643125,concentration,water,0.44375,fraction
C9,m167_GvpN_50fmol,0.191625,concentration,m165_GvpJ_50fmol,0.203375,concentration,m166_GvpK_50fmol,0.21349999999999997,concentration,m163_GvpF_50fmol,0.204,concentration,m164_GvpG_50fmol,0.217875,concentration,m168_GvpV_50fmol,1.67625,concentration,m169_GvpW_50fmol,0.202875,concentration,m567_GvpA,9.9759375,concentration,puc19,6.2740625,concentration,water,0.44375,fraction
D1,m167_GvpN_50fmol,0.8623125,concentration,m165_GvpJ_50fmol,0.203375,concentration,m166_GvpK_50fmol,0.21349999999999997,concentration,m163_GvpF_50fmol,0.204,concentration,m164_GvpG_50fmol,0.217875,concentration,m168_GvpV_50fmol,0.78225,concentration,m169_GvpW_50fmol,0.8115,concentration,m567_GvpA,9.9759375,concentration,puc19,5.166875,concentration,water,0.43125,fraction
D10,m167_GvpN_50fmol,0.8623125,concentration,m165_GvpJ_50fmol,0.203375,concentration,m166_GvpK_50fmol,0.8539999999999999,concentration,m163_GvpF_50fmol,0.816,concentration,m164_GvpG_50fmol,0.8715,concentration,m168_GvpV_50fmol,0.78225,concentration,m169_GvpW_50fmol,0.8115,concentration,m567_GvpA,9.9759375,concentration,puc19,1.8453125,concentration,water,0.375,fraction
D11,m167_GvpN_50fmol,0.8623125,concentration,m165_GvpJ_50fmol,0.203375,concentration,m166_GvpK_50fmol,0.21349999999999997,concentration,m163_GvpF_50fmol,0.204,concentration,m164_GvpG_50fmol,0.217875,concentration,m168_GvpV_50fmol,0.78225,concentration,m169_GvpW_50fmol,0.202875,concentration,m567_GvpA,9.9759375,concentration,puc19,6.643125,concentration,water,0.44375,fraction
D12,m167_GvpN_50fmol,0.8623125,concentration,m165_GvpJ_50fmol,0.0,concentration,m166_GvpK_50fmol,0.8539999999999999,concentration,m163_GvpF_50fmol,0.816,concentration,m164_GvpG_50fmol,0.8715,concentration,m168_GvpV_50fmol,0.78225,concentration,m169_GvpW_50fmol,0.8115,concentration,m567_GvpA,9.9759375,concentration,puc19,2.214375,concentration,water,0.38125,fraction
D13,m167_GvpN_50fmol,0.8623125,concentration,m165_GvpJ_50fmol,0.203375,concentration,m166_GvpK_50fmol,0.21349999999999997,concentration,m163_GvpF_50fmol,0.816,concentration,m164_GvpG_50fmol,0.217875,concentration,m168_GvpV_50fmol,0.78225,concentration,m169_GvpW_50fmol,0.202875,concentration,m567_GvpA,9.9759375,concentration,puc19,5.166875,concentration,water,0.43125,fraction
D14,m167_GvpN_50fmol,0.8623125,concentration,m165_GvpJ_50fmol,0.8135,concentration,m166_GvpK_50fmol,0.21349999999999997,concentration,m163_GvpF_50fmol,0.204,concentration,m164_GvpG_50fmol,0.8715,concentration,m168_GvpV_50fmol,0.2235,concentration,m169_GvpW_50fmol,0.202875,concentration,m567_GvpA,9.9759375,concentration,puc19,5.166875,concentration,water,0.425,fraction
D15,m167_GvpN_50fmol,0.8623125,concentration,m165_GvpJ_50fmol,0.203375,concentration,m166_GvpK_50fmol,0.8539999999999999,concentration,m163_GvpF_50fmol,0.204,concentration,m164_GvpG_50fmol,0.217875,concentration,m168_GvpV_50fmol,0.78225,concentration,m169_GvpW_50fmol,0.202875,concentration,m567_GvpA,9.9759375,concentration,puc19,5.5359375,concentration,water,0.425,fraction
D16,m167_GvpN_50fmol,0.8623125,concentration,m165_GvpJ_50fmol,0.8135,concentration,m166_GvpK_50fmol,0.21349999999999997,concentration,m163_GvpF_50fmol,0.204,concentration,m164_GvpG_50fmol,0.217875,concentration,m168_GvpV_50fmol,0.2235,concentration,m169_GvpW_50fmol,0.8115,concentration,m567_GvpA,9.9759375,concentration,puc19,5.166875,concentration,water,0.425,fraction
D17,m167_GvpN_50fmol,0.8623125,concentration,m165_GvpJ_50fmol,0.203375,concentration,m166_GvpK_50fmol,0.8539999999999999,concentration,m163_GvpF_50fmol,0.204,concentration,m164_GvpG_50fmol,0.217875,concentration,m168_GvpV_50fmol,0.2235,concentration,m169_GvpW_50fmol,0.202875,concentration,m567_GvpA,9.9759375,concentration,puc19,6.643125,concentration,water,0.4375,fraction
D18,m167_GvpN_50fmol,0.8623125,concentration,m165_GvpJ_50fmol,0.0,concentration,m166_GvpK_50fmol,0.8539999999999999,concentration,m163_GvpF_50fmol,0.816,concentration,m164_GvpG_50fmol,0.8715,concentration,m168_GvpV_50fmol,0.78225,concentration,m169_GvpW_50fmol,0.8115,concentration,m567_GvpA,9.9759375,concentration,puc19,2.214375,concentration,water,0.38125,fraction
D19,m167_GvpN_50fmol,0.8623125,concentration,m165_GvpJ_50fmol,0.203375,concentration,m166_GvpK_50fmol,0.21349999999999997,concentration,m163_GvpF_50fmol,0.204,concentration,m164_GvpG_50fmol,0.217875,concentration,m168_GvpV_50fmol,0.78225,concentration,m169_GvpW_50fmol,0.8115,concentration,m567_GvpA,9.9759375,concentration,puc19,5.166875,concentration,water,0.43125,fraction
D2,m167_GvpN_50fmol,0.8623125,concentration,m165_GvpJ_50fmol,0.8135,concentration,m166_GvpK_50fmol,0.8539999999999999,concentration,m163_GvpF_50fmol,0.816,concentration,m164_GvpG_50fmol,0.0,concentration,m168_GvpV_50fmol,0.78225,concentration,m169_GvpW_50fmol,0.8115,concentration,m567_GvpA,9.9759375,concentration,puc19,2.214375,concentration,water,0.38125,fraction
D20,m167_GvpN_50fmol,0.8623125,concentration,m165_GvpJ_50fmol,0.8135,concentration,m166_GvpK_50fmol,0.21349999999999997,concentration,m163_GvpF_50fmol,0.204,concentration,m164_GvpG_50fmol,0.217875,concentration,m168_GvpV_50fmol,0.2235,concentration,m169_GvpW_50fmol,0.202875,concentration,m567_GvpA,9.9759375,concentration,puc19,6.2740625,concentration,water,0.44375,fraction
D21,m167_GvpN_50fmol,0.191625,concentration,m165_GvpJ_50fmol,0.8135,concentration,m166_GvpK_50fmol,0.8539999999999999,concentration,m163_GvpF_50fmol,0.816,concentration,m164_GvpG_50fmol,0.217875,concentration,m168_GvpV_50fmol,0.2235,concentration,m169_GvpW_50fmol,0.202875,concentration,m567_GvpA,9.9759375,concentration,puc19,5.5359375,concentration,water,0.425,fraction
D22,m167_GvpN_50fmol,0.8623125,concentration,m165_GvpJ_50fmol,0.8135,concentration,m166_GvpK_50fmol,0.10674999999999998,concentration,m163_GvpF_50fmol,1.632,concentration,m164_GvpG_50fmol,1.6340625,concentration,m168_GvpV_50fmol,0.0,concentration,m169_GvpW_50fmol,0.8115,concentration,m567_GvpA,9.9759375,concentration,puc19,0.3690625,concentration,water,0.35625,fraction
D23,m167_GvpN_50fmol,0.8623125,concentration,m165_GvpJ_50fmol,0.203375,concentration,m166_GvpK_50fmol,0.21349999999999997,concentration,m163_GvpF_50fmol,0.816,concentration,m164_GvpG_50fmol,1.6340625,concentration,m168_GvpV_50fmol,0.0,concentration,m169_GvpW_50fmol,0.8115,concentration,m567_GvpA,9.9759375,concentration,puc19,2.9525,concentration,water,0.39375,fraction
D24,m167_GvpN_50fmol,0.8623125,concentration,m165_GvpJ_50fmol,0.8135,concentration,m166_GvpK_50fmol,0.8539999999999999,concentration,m163_GvpF_50fmol,0.816,concentration,m164_GvpG_50fmol,0.8715,concentration,m168_GvpV_50fmol,0.2235,concentration,m169_GvpW_50fmol,0.8115,concentration,m567_GvpA,9.9759375,concentration,puc19,1.8453125,concentration,water,0.36875,fraction
D3,m167_GvpN_50fmol,0.8623125,concentration,m165_GvpJ_50fmol,0.203375,concentration,m166_GvpK_50fmol,0.21349999999999997,concentration,m163_GvpF_50fmol,0.816,concentration,m164_GvpG_50fmol,1.6340625,concentration,m168_GvpV_50fmol,0.0,concentration,m169_GvpW_50fmol,0.8115,concentration,m567_GvpA,9.9759375,concentration,puc19,2.9525,concentration,water,0.39375,fraction
D4,m167_GvpN_50fmol,0.8623125,concentration,m165_GvpJ_50fmol,0.203375,concentration,m166_GvpK_50fmol,0.8539999999999999,concentration,m163_GvpF_50fmol,0.816,concentration,m164_GvpG_50fmol,0.8715,concentration,m168_GvpV_50fmol,0.78225,concentration,m169_GvpW_50fmol,0.8115,concentration,m567_GvpA,9.9759375,concentration,puc19,1.8453125,concentration,water,0.375,fraction
D5,m167_GvpN_50fmol,0.38325,concentration,m165_GvpJ_50fmol,1.22025,concentration,m166_GvpK_50fmol,0.10674999999999998,concentration,m163_GvpF_50fmol,1.224,concentration,m164_GvpG_50fmol,1.1983125,concentration,m168_GvpV_50fmol,0.0,concentration,m169_GvpW_50fmol,0.8115,concentration,m567_GvpA,9.9759375,concentration,puc19,1.8453125,concentration,water,0.3875,fraction
D6,m167_GvpN_50fmol,0.8623125,concentration,m165_GvpJ_50fmol,0.8135,concentration,m166_GvpK_50fmol,0.21349999999999997,concentration,m163_GvpF_50fmol,0.204,concentration,m164_GvpG_50fmol,0.217875,concentration,m168_GvpV_50fmol,0.2235,concentration,m169_GvpW_50fmol,0.8115,concentration,m567_GvpA,9.9759375,concentration,puc19,5.166875,concentration,water,0.425,fraction
D7,m167_GvpN_50fmol,0.0,concentration,m165_GvpJ_50fmol,0.0,concentration,m166_GvpK_50fmol,0.0,concentration,m163_GvpF_50fmol,0.0,concentration,m164_GvpG_50fmol,0.0,concentration,m168_GvpV_50fmol,0.0,concentration,m169_GvpW_50fmol,0.0,concentration,m567_GvpA,0.0,concentration,puc19,28.786875,concentration,water,0.5125,fraction
D8,m167_GvpN_50fmol,0.8623125,concentration,m165_GvpJ_50fmol,0.8135,concentration,m166_GvpK_50fmol,0.8539999999999999,concentration,m163_GvpF_50fmol,0.816,concentration,m164_GvpG_50fmol,0.217875,concentration,m168_GvpV_50fmol,0.78225,concentration,m169_GvpW_50fmol,0.8115,concentration,m567_GvpA,9.9759375,concentration,puc19,1.8453125,concentration,water,0.375,fraction
D9,m167_GvpN_50fmol,0.8623125,concentration,m165_GvpJ_50fmol,0.203375,concentration,m166_GvpK_50fmol,0.8539999999999999,concentration,m163_GvpF_50fmol,0.204,concentration,m164_GvpG_50fmol,0.8715,concentration,m168_GvpV_50fmol,0.2235,concentration,m169_GvpW_50fmol,0.202875,concentration,m567_GvpA,9.9759375,concentration,puc19,5.5359375,concentration,water,0.41875,fraction
E1,m167_GvpN_50fmol,0.191625,concentration,m165_GvpJ_50fmol,0.203375,concentration,m166_GvpK_50fmol,0.21349999999999997,concentration,m163_GvpF_50fmol,0.204,concentration,m164_GvpG_50fmol,0.8715,concentration,m168_GvpV_50fmol,0.78225,concentration,m169_GvpW_50fmol,0.8115,concentration,m567_GvpA,9.9759375,concentration,puc19,5.5359375,concentration,water,0.43125,fraction
E10,m167_GvpN_50fmol,0.191625,concentration,m165_GvpJ_50fmol,0.8135,concentration,m166_GvpK_50fmol,0.8539999999999999,concentration,m163_GvpF_50fmol,0.204,concentration,m164_GvpG_50fmol,0.217875,concentration,m168_GvpV_50fmol,0.2235,concentration,m169_GvpW_50fmol,0.202875,concentration,m567_GvpA,9.9759375,concentration,puc19,6.643125,concentration,water,0.44375,fraction
E11,m167_GvpN_50fmol,0.191625,concentration,m165_GvpJ_50fmol,0.203375,concentration,m166_GvpK_50fmol,0.21349999999999997,concentration,m163_GvpF_50fmol,0.816,concentration,m164_GvpG_50fmol,0.8715,concentration,m168_GvpV_50fmol,0.78225,concentration,m169_GvpW_50fmol,0.202875,concentration,m567_GvpA,9.9759375,concentration,puc19,5.5359375,concentration,water,0.43125,fraction
E12,m167_GvpN_50fmol,0.191625,concentration,m165_GvpJ_50fmol,0.8135,concentration,m166_GvpK_50fmol,0.21349999999999997,concentration,m163_GvpF_50fmol,0.204,concentration,m164_GvpG_50fmol,0.217875,concentration,m168_GvpV_50fmol,0.78225,concentration,m169_GvpW_50fmol,0.8115,concentration,m567_GvpA,9.9759375,concentration,puc19,5.5359375,concentration,water,0.43125,fraction
E13,m167_GvpN_50fmol,0.191625,concentration,m165_GvpJ_50fmol,0.203375,concentration,m166_GvpK_50fmol,0.21349999999999997,concentration,m163_GvpF_50fmol,0.204,concentration,m164_GvpG_50fmol,0.217875,concentration,m168_GvpV_50fmol,0.78225,concentration,m169_GvpW_50fmol,0.202875,concentration,m567_GvpA,9.9759375,concentration,puc19,7.7503125,concentration,water,0.46875,fraction
E14,m167_GvpN_50fmol,0.191625,concentration,m165_GvpJ_50fmol,0.203375,concentration,m166_GvpK_50fmol,0.8539999999999999,concentration,m163_GvpF_50fmol,0.204,concentration,m164_GvpG_50fmol,0.8715,concentration,m168_GvpV_50fmol,0.78225,concentration,m169_GvpW_50fmol,0.202875,concentration,m567_GvpA,9.9759375,concentration,puc19,5.5359375,concentration,water,0.43125,fraction
E15,m167_GvpN_50fmol,0.0,concentration,m165_GvpJ_50fmol,0.0,concentration,m166_GvpK_50fmol,0.0,concentration,m163_GvpF_50fmol,0.0,concentration,m164_GvpG_50fmol,0.0,concentration,m168_GvpV_50fmol,0.0,concentration,m169_GvpW_50fmol,0.0,concentration,m567_GvpA,0.0,concentration,puc19,28.786875,concentration,water,0.5125,fraction
E16,m167_GvpN_50fmol,0.0,concentration,m165_GvpJ_50fmol,0.0,concentration,m166_GvpK_50fmol,0.0,concentration,m163_GvpF_50fmol,0.0,concentration,m164_GvpG_50fmol,0.0,concentration,m168_GvpV_50fmol,0.0,concentration,m169_GvpW_50fmol,0.0,concentration,m567_GvpA,0.0,concentration,puc19,28.786875,concentration,water,0.5125,fraction
E17,m167_GvpN_50fmol,0.191625,concentration,m165_GvpJ_50fmol,0.203375,concentration,m166_GvpK_50fmol,0.21349999999999997,concentration,m163_GvpF_50fmol,0.204,concentration,m164_GvpG_50fmol,0.217875,concentration,m168_GvpV_50fmol,0.2235,concentration,m169_GvpW_50fmol,0.202875,concentration,m567_GvpA,9.9759375,concentration,puc19,8.8575,concentration,water,0.48125,fraction
E18,m167_GvpN_50fmol,0.191625,concentration,m165_GvpJ_50fmol,0.8135,concentration,m166_GvpK_50fmol,0.21349999999999997,concentration,m163_GvpF_50fmol,0.204,concentration,m164_GvpG_50fmol,0.217875,concentration,m168_GvpV_50fmol,0.2235,concentration,m169_GvpW_50fmol,0.202875,concentration,m567_GvpA,9.9759375,concentration,puc19,7.7503125,concentration,water,0.4625,fraction
E19,m167_GvpN_50fmol,0.191625,concentration,m165_GvpJ_50fmol,0.203375,concentration,m166_GvpK_50fmol,0.21349999999999997,concentration,m163_GvpF_50fmol,0.204,concentration,m164_GvpG_50fmol,0.217875,concentration,m168_GvpV_50fmol,0.2235,concentration,m169_GvpW_50fmol,1.623,concentration,m567_GvpA,9.9759375,concentration,puc19,6.2740625,concentration,water,0.4375,fraction
E2,m167_GvpN_50fmol,0.191625,concentration,m165_GvpJ_50fmol,0.8135,concentration,m166_GvpK_50fmol,0.21349999999999997,concentration,m163_GvpF_50fmol,0.204,concentration,m164_GvpG_50fmol,0.217875,concentration,m168_GvpV_50fmol,0.2235,concentration,m169_GvpW_50fmol,0.8115,concentration,m567_GvpA,9.9759375,concentration,puc19,6.643125,concentration,water,0.44375,fraction
E20,m167_GvpN_50fmol,0.191625,concentration,m165_GvpJ_50fmol,0.8135,concentration,m166_GvpK_50fmol,0.21349999999999997,concentration,m163_GvpF_50fmol,0.204,concentration,m164_GvpG_50fmol,0.217875,concentration,m168_GvpV_50fmol,0.78225,concentration,m169_GvpW_50fmol,0.8115,concentration,m567_GvpA,9.9759375,concentration,puc19,5.5359375,concentration,water,0.43125,fraction
E21,m167_GvpN_50fmol,0.8623125,concentration,m165_GvpJ_50fmol,0.8135,concentration,m166_GvpK_50fmol,0.8539999999999999,concentration,m163_GvpF_50fmol,0.816,concentration,m164_GvpG_50fmol,0.8715,concentration,m168_GvpV_50fmol,0.78225,concentration,m169_GvpW_50fmol,0.8115,concentration,m567_GvpA,9.9759375,concentration,puc19,0.738125,concentration,water,0.35625,fraction
E22,m167_GvpN_50fmol,0.191625,concentration,m165_GvpJ_50fmol,0.203375,concentration,m166_GvpK_50fmol,0.8539999999999999,concentration,m163_GvpF_50fmol,0.816,concentration,m164_GvpG_50fmol,0.217875,concentration,m168_GvpV_50fmol,0.2235,concentration,m169_GvpW_50fmol,0.8115,concentration,m567_GvpA,9.9759375,concentration,puc19,5.5359375,concentration,water,0.425,fraction
E23,m167_GvpN_50fmol,0.191625,concentration,m165_GvpJ_50fmol,0.203375,concentration,m166_GvpK_50fmol,0.21349999999999997,concentration,m163_GvpF_50fmol,1.632,concentration,m164_GvpG_50fmol,0.217875,concentration,m168_GvpV_50fmol,0.2235,concentration,m169_GvpW_50fmol,0.202875,concentration,m567_GvpA,9.9759375,concentration,puc19,6.2740625,concentration,water,0.4375,fraction
E24,m167_GvpN_50fmol,0.191625,concentration,m165_GvpJ_50fmol,0.203375,concentration,m166_GvpK_50fmol,0.8539999999999999,concentration,m163_GvpF_50fmol,0.816,concentration,m164_GvpG_50fmol,0.217875,concentration,m168_GvpV_50fmol,0.2235,concentration,m169_GvpW_50fmol,0.202875,concentration,m567_GvpA,9.9759375,concentration,puc19,6.643125,concentration,water,0.44375,fraction
E3,m167_GvpN_50fmol,0.191625,concentration,m165_GvpJ_50fmol,0.203375,concentration,m166_GvpK_50fmol,0.21349999999999997,concentration,m163_GvpF_50fmol,0.204,concentration,m164_GvpG_50fmol,0.217875,concentration,m168_GvpV_50fmol,0.78225,concentration,m169_GvpW_50fmol,0.202875,concentration,m567_GvpA,9.9759375,concentration,puc19,7.7503125,concentration,water,0.46875,fraction
E4,m167_GvpN_50fmol,0.191625,concentration,m165_GvpJ_50fmol,0.8135,concentration,m166_GvpK_50fmol,0.8539999999999999,concentration,m163_GvpF_50fmol,0.204,concentration,m164_GvpG_50fmol,0.217875,concentration,m168_GvpV_50fmol,0.78225,concentration,m169_GvpW_50fmol,0.202875,concentration,m567_GvpA,9.9759375,concentration,puc19,5.5359375,concentration,water,0.43125,fraction
E5,m167_GvpN_50fmol,0.191625,concentration,m165_GvpJ_50fmol,0.203375,concentration,m166_GvpK_50fmol,0.21349999999999997,concentration,m163_GvpF_50fmol,0.816,concentration,m164_GvpG_50fmol,0.217875,concentration,m168_GvpV_50fmol,0.2235,concentration,m169_GvpW_50fmol,0.8115,concentration,m567_GvpA,9.9759375,concentration,puc19,6.643125,concentration,water,0.44375,fraction
E6,m167_GvpN_50fmol,0.191625,concentration,m165_GvpJ_50fmol,0.203375,concentration,m166_GvpK_50fmol,0.21349999999999997,concentration,m163_GvpF_50fmol,0.204,concentration,m164_GvpG_50fmol,0.217875,concentration,m168_GvpV_50fmol,0.2235,concentration,m169_GvpW_50fmol,0.202875,concentration,m567_GvpA,9.9759375,concentration,puc19,8.8575,concentration,water,0.48125,fraction
E7,m167_GvpN_50fmol,0.191625,concentration,m165_GvpJ_50fmol,0.203375,concentration,m166_GvpK_50fmol,0.21349999999999997,concentration,m163_GvpF_50fmol,0.816,concentration,m164_GvpG_50fmol,0.217875,concentration,m168_GvpV_50fmol,0.78225,concentration,m169_GvpW_50fmol,0.202875,concentration,m567_GvpA,9.9759375,concentration,puc19,6.643125,concentration,water,0.45,fraction
E8,m167_GvpN_50fmol,0.191625,concentration,m165_GvpJ_50fmol,0.8135,concentration,m166_GvpK_50fmol,0.21349999999999997,concentration,m163_GvpF_50fmol,0.204,concentration,m164_GvpG_50fmol,0.8715,concentration,m168_GvpV_50fmol,0.2235,concentration,m169_GvpW_50fmol,0.8115,concentration,m567_GvpA,9.9759375,concentration,puc19,5.5359375,concentration,water,0.425,fraction
E9,m167_GvpN_50fmol,0.191625,concentration,m165_GvpJ_50fmol,0.203375,concentration,m166_GvpK_50fmol,0.21349999999999997,concentration,m163_GvpF_50fmol,0.204,concentration,m164_GvpG_50fmol,0.8715,concentration,m168_GvpV_50fmol,0.78225,concentration,m169_GvpW_50fmol,0.202875,concentration,m567_GvpA,9.9759375,concentration,puc19,6.643125,concentration,water,0.45,fraction
F1,m167_GvpN_50fmol,0.8623125,concentration,m165_GvpJ_50fmol,0.203375,concentration,m166_GvpK_50fmol,0.21349999999999997,concentration,m163_GvpF_50fmol,0.204,concentration,m164_GvpG_50fmol,0.8715,concentration,m168_GvpV_50fmol,0.2235,concentration,m169_GvpW_50fmol,0.8115,concentration,m567_GvpA,9.9759375,concentration,puc19,5.166875,concentration,water,0.425,fraction
F10,m167_GvpN_50fmol,0.8623125,concentration,m165_GvpJ_50fmol,0.8135,concentration,m166_GvpK_50fmol,0.8539999999999999,concentration,m163_GvpF_50fmol,0.816,concentration,m164_GvpG_50fmol,0.217875,concentration,m168_GvpV_50fmol,0.78225,concentration,m169_GvpW_50fmol,0.8115,concentration,m567_GvpA,9.9759375,concentration,puc19,1.8453125,concentration,water,0.375,fraction
F11,m167_GvpN_50fmol,0.8623125,concentration,m165_GvpJ_50fmol,0.203375,concentration,m166_GvpK_50fmol,0.21349999999999997,concentration,m163_GvpF_50fmol,0.816,concentration,m164_GvpG_50fmol,0.217875,concentration,m168_GvpV_50fmol,0.78225,concentration,m169_GvpW_50fmol,0.202875,concentration,m567_GvpA,9.9759375,concentration,puc19,5.166875,concentration,water,0.43125,fraction
F12,m167_GvpN_50fmol,0.8623125,concentration,m165_GvpJ_50fmol,0.8135,concentration,m166_GvpK_50fmol,0.21349999999999997,concentration,m163_GvpF_50fmol,0.204,concentration,m164_GvpG_50fmol,0.217875,concentration,m168_GvpV_50fmol,0.78225,concentration,m169_GvpW_50fmol,0.202875,concentration,m567_GvpA,9.9759375,concentration,puc19,5.166875,concentration,water,0.43125,fraction
F13,m167_GvpN_50fmol,0.8623125,concentration,m165_GvpJ_50fmol,0.203375,concentration,m166_GvpK_50fmol,0.8539999999999999,concentration,m163_GvpF_50fmol,0.204,concentration,m164_GvpG_50fmol,0.217875,concentration,m168_GvpV_50fmol,0.2235,concentration,m169_GvpW_50fmol,0.8115,concentration,m567_GvpA,9.9759375,concentration,puc19,5.166875,concentration,water,0.425,fraction
F14,m167_GvpN_50fmol,0.8623125,concentration,m165_GvpJ_50fmol,0.8135,concentration,m166_GvpK_50fmol,0.8539999999999999,concentration,m163_GvpF_50fmol,0.816,concentration,m164_GvpG_50fmol,0.217875,concentration,m168_GvpV_50fmol,0.78225,concentration,m169_GvpW_50fmol,0.8115,concentration,m567_GvpA,9.9759375,concentration,puc19,1.8453125,concentration,water,0.375,fraction
F15,m167_GvpN_50fmol,0.0,concentration,m165_GvpJ_50fmol,0.0,concentration,m166_GvpK_50fmol,0.0,concentration,m163_GvpF_50fmol,0.0,concentration,m164_GvpG_50fmol,0.0,concentration,m168_GvpV_50fmol,0.0,concentration,m169_GvpW_50fmol,0.0,concentration,m567_GvpA,0.0,concentration,puc19,28.786875,concentration,water,0.5125,fraction
F16,m167_GvpN_50fmol,0.0,concentration,m165_GvpJ_50fmol,0.0,concentration,m166_GvpK_50fmol,0.0,concentration,m163_GvpF_50fmol,0.0,concentration,m164_GvpG_50fmol,0.0,concentration,m168_GvpV_50fmol,0.0,concentration,m169_GvpW_50fmol,0.0,concentration,m567_GvpA,0.0,concentration,puc19,28.786875,concentration,water,0.5125,fraction
F17,m167_GvpN_50fmol,0.191625,concentration,m165_GvpJ_50fmol,0.8135,concentration,m166_GvpK_50fmol,0.8539999999999999,concentration,m163_GvpF_50fmol,0.816,concentration,m164_GvpG_50fmol,0.217875,concentration,m168_GvpV_50fmol,0.2235,concentration,m169_GvpW_50fmol,0.202875,concentration,m567_GvpA,9.9759375,concentration,puc19,5.5359375,concentration,water,0.425,fraction
F18,m167_GvpN_50fmol,0.8623125,concentration,m165_GvpJ_50fmol,0.8135,concentration,m166_GvpK_50fmol,0.8539999999999999,concentration,m163_GvpF_50fmol,0.204,concentration,m164_GvpG_50fmol,0.8715,concentration,m168_GvpV_50fmol,0.78225,concentration,m169_GvpW_50fmol,0.8115,concentration,m567_GvpA,9.9759375,concentration,puc19,1.8453125,concentration,water,0.375,fraction
F19,m167_GvpN_50fmol,0.8623125,concentration,m165_GvpJ_50fmol,0.203375,concentration,m166_GvpK_50fmol,0.8539999999999999,concentration,m163_GvpF_50fmol,0.204,concentration,m164_GvpG_50fmol,0.217875,concentration,m168_GvpV_50fmol,0.78225,concentration,m169_GvpW_50fmol,0.202875,concentration,m567_GvpA,9.9759375,concentration,puc19,5.5359375,concentration,water,0.425,fraction
F2,m167_GvpN_50fmol,0.8623125,concentration,m165_GvpJ_50fmol,0.8135,concentration,m166_GvpK_50fmol,0.10674999999999998,concentration,m163_GvpF_50fmol,1.632,concentration,m164_GvpG_50fmol,1.6340625,concentration,m168_GvpV_50fmol,0.0,concentration,m169_GvpW_50fmol,0.8115,concentration,m567_GvpA,9.9759375,concentration,puc19,0.3690625,concentration,water,0.35625,fraction
F20,m167_GvpN_50fmol,0.8623125,concentration,m165_GvpJ_50fmol,0.203375,concentration,m166_GvpK_50fmol,0.8539999999999999,concentration,m163_GvpF_50fmol,0.816,concentration,m164_GvpG_50fmol,0.8715,concentration,m168_GvpV_50fmol,0.78225,concentration,m169_GvpW_50fmol,0.8115,concentration,m567_GvpA,9.9759375,concentration,puc19,1.8453125,concentration,water,0.375,fraction
F21,m167_GvpN_50fmol,0.8623125,concentration,m165_GvpJ_50fmol,0.203375,concentration,m166_GvpK_50fmol,0.21349999999999997,concentration,m163_GvpF_50fmol,0.816,concentration,m164_GvpG_50fmol,0.217875,concentration,m168_GvpV_50fmol,0.2235,concentration,m169_GvpW_50fmol,0.8115,concentration,m567_GvpA,9.9759375,concentration,puc19,5.166875,concentration,water,0.425,fraction
F22,m167_GvpN_50fmol,0.8623125,concentration,m165_GvpJ_50fmol,0.8135,concentration,m166_GvpK_50fmol,0.8539999999999999,concentration,m163_GvpF_50fmol,0.204,concentration,m164_GvpG_50fmol,0.217875,concentration,m168_GvpV_50fmol,0.2235,concentration,m169_GvpW_50fmol,0.202875,concentration,m567_GvpA,9.9759375,concentration,puc19,5.166875,concentration,water,0.425,fraction
F23,m167_GvpN_50fmol,0.191625,concentration,m165_GvpJ_50fmol,0.8135,concentration,m166_GvpK_50fmol,0.8539999999999999,concentration,m163_GvpF_50fmol,0.204,concentration,m164_GvpG_50fmol,0.8715,concentration,m168_GvpV_50fmol,0.2235,concentration,m169_GvpW_50fmol,0.202875,concentration,m567_GvpA,9.9759375,concentration,puc19,5.5359375,concentration,water,0.425,fraction
F24,m167_GvpN_50fmol,0.8623125,concentration,m165_GvpJ_50fmol,0.8135,concentration,m166_GvpK_50fmol,0.21349999999999997,concentration,m163_GvpF_50fmol,0.204,concentration,m164_GvpG_50fmol,0.217875,concentration,m168_GvpV_50fmol,0.78225,concentration,m169_GvpW_50fmol,0.202875,concentration,m567_GvpA,9.9759375,concentration,puc19,5.166875,concentration,water,0.43125,fraction
F3,m167_GvpN_50fmol,0.8623125,concentration,m165_GvpJ_50fmol,0.203375,concentration,m166_GvpK_50fmol,0.8539999999999999,concentration,m163_GvpF_50fmol,0.204,concentration,m164_GvpG_50fmol,0.8715,concentration,m168_GvpV_50fmol,0.2235,concentration,m169_GvpW_50fmol,0.202875,concentration,m567_GvpA,9.9759375,concentration,puc19,5.5359375,concentration,water,0.41875,fraction
F4,m167_GvpN_50fmol,0.8623125,concentration,m165_GvpJ_50fmol,0.8135,concentration,m166_GvpK_50fmol,0.21349999999999997,concentration,m163_GvpF_50fmol,0.204,concentration,m164_GvpG_50fmol,0.217875,concentration,m168_GvpV_50fmol,0.2235,concentration,m169_GvpW_50fmol,0.202875,concentration,m567_GvpA,9.9759375,concentration,puc19,6.2740625,concentration,water,0.44375,fraction
F5,m167_GvpN_50fmol,0.8623125,concentration,m165_GvpJ_50fmol,0.203375,concentration,m166_GvpK_50fmol,0.21349999999999997,concentration,m163_GvpF_50fmol,0.816,concentration,m164_GvpG_50fmol,1.6340625,concentration,m168_GvpV_50fmol,0.0,concentration,m169_GvpW_50fmol,0.8115,concentration,m567_GvpA,9.9759375,concentration,puc19,2.9525,concentration,water,0.39375,fraction
F6,m167_GvpN_50fmol,0.8623125,concentration,m165_GvpJ_50fmol,0.8135,concentration,m166_GvpK_50fmol,0.21349999999999997,concentration,m163_GvpF_50fmol,0.204,concentration,m164_GvpG_50fmol,0.217875,concentration,m168_GvpV_50fmol,0.2235,concentration,m169_GvpW_50fmol,0.202875,concentration,m567_GvpA,9.9759375,concentration,puc19,6.2740625,concentration,water,0.44375,fraction
F7,m167_GvpN_50fmol,0.8623125,concentration,m165_GvpJ_50fmol,0.203375,concentration,m166_GvpK_50fmol,0.8539999999999999,concentration,m163_GvpF_50fmol,0.204,concentration,m164_GvpG_50fmol,0.8715,concentration,m168_GvpV_50fmol,0.2235,concentration,m169_GvpW_50fmol,0.202875,concentration,m567_GvpA,9.9759375,concentration,puc19,5.5359375,concentration,water,0.41875,fraction
F8,m167_GvpN_50fmol,0.191625,concentration,m165_GvpJ_50fmol,0.203375,concentration,m166_GvpK_50fmol,0.21349999999999997,concentration,m163_GvpF_50fmol,0.204,concentration,m164_GvpG_50fmol,0.217875,concentration,m168_GvpV_50fmol,0.2235,concentration,m169_GvpW_50fmol,0.202875,concentration,m567_GvpA,9.9759375,concentration,puc19,8.8575,concentration,water,0.48125,fraction
F9,m167_GvpN_50fmol,0.8623125,concentration,m165_GvpJ_50fmol,0.203375,concentration,m166_GvpK_50fmol,0.21349999999999997,concentration,m163_GvpF_50fmol,0.816,concentration,m164_GvpG_50fmol,0.217875,concentration,m168_GvpV_50fmol,0.2235,concentration,m169_GvpW_50fmol,0.202875,concentration,m567_GvpA,9.9759375,concentration,puc19,6.2740625,concentration,water,0.44375,fraction
G1,m167_GvpN_50fmol,0.191625,concentration,m165_GvpJ_50fmol,0.203375,concentration,m166_GvpK_50fmol,0.21349999999999997,concentration,m163_GvpF_50fmol,0.204,concentration,m164_GvpG_50fmol,0.8715,concentration,m168_GvpV_50fmol,0.78225,concentration,m169_GvpW_50fmol,0.8115,concentration,m567_GvpA,9.9759375,concentration,puc19,5.5359375,concentration,water,0.43125,fraction
G10,m167_GvpN_50fmol,0.191625,concentration,m165_GvpJ_50fmol,0.203375,concentration,m166_GvpK_50fmol,0.8539999999999999,concentration,m163_GvpF_50fmol,0.204,concentration,m164_GvpG_50fmol,0.8715,concentration,m168_GvpV_50fmol,0.2235,concentration,m169_GvpW_50fmol,0.8115,concentration,m567_GvpA,9.9759375,concentration,puc19,5.5359375,concentration,water,0.425,fraction
G11,m167_GvpN_50fmol,0.191625,concentration,m165_GvpJ_50fmol,0.203375,concentration,m166_GvpK_50fmol,0.21349999999999997,concentration,m163_GvpF_50fmol,0.816,concentration,m164_GvpG_50fmol,0.217875,concentration,m168_GvpV_50fmol,0.78225,concentration,m169_GvpW_50fmol,0.8115,concentration,m567_GvpA,9.9759375,concentration,puc19,5.5359375,concentration,water,0.43125,fraction
G12,m167_GvpN_50fmol,0.191625,concentration,m165_GvpJ_50fmol,0.8135,concentration,m166_GvpK_50fmol,0.21349999999999997,concentration,m163_GvpF_50fmol,0.816,concentration,m164_GvpG_50fmol,0.217875,concentration,m168_GvpV_50fmol,0.78225,concentration,m169_GvpW_50fmol,0.202875,concentration,m567_GvpA,9.9759375,concentration,puc19,5.5359375,concentration,water,0.43125,fraction
G13,m167_GvpN_50fmol,0.191625,concentration,m165_GvpJ_50fmol,0.203375,concentration,m166_GvpK_50fmol,0.21349999999999997,concentration,m163_GvpF_50fmol,0.204,concentration,m164_GvpG_50fmol,0.8715,concentration,m168_GvpV_50fmol,0.2235,concentration,m169_GvpW_50fmol,0.8115,concentration,m567_GvpA,9.9759375,concentration,puc19,6.643125,concentration,water,0.44375,fraction
G14,m167_GvpN_50fmol,0.191625,concentration,m165_GvpJ_50fmol,0.203375,concentration,m166_GvpK_50fmol,0.8539999999999999,concentration,m163_GvpF_50fmol,0.816,concentration,m164_GvpG_50fmol,0.217875,concentration,m168_GvpV_50fmol,0.78225,concentration,m169_GvpW_50fmol,0.202875,concentration,m567_GvpA,9.9759375,concentration,puc19,5.5359375,concentration,water,0.43125,fraction
G15,m167_GvpN_50fmol,0.191625,concentration,m165_GvpJ_50fmol,0.203375,concentration,m166_GvpK_50fmol,0.21349999999999997,concentration,m163_GvpF_50fmol,0.204,concentration,m164_GvpG_50fmol,0.217875,concentration,m168_GvpV_50fmol,1.67625,concentration,m169_GvpW_50fmol,0.202875,concentration,m567_GvpA,9.9759375,concentration,puc19,6.2740625,concentration,water,0.44375,fraction
G16,m167_GvpN_50fmol,0.191625,concentration,m165_GvpJ_50fmol,0.203375,concentration,m166_GvpK_50fmol,0.8539999999999999,concentration,m163_GvpF_50fmol,0.816,concentration,m164_GvpG_50fmol,0.217875,concentration,m168_GvpV_50fmol,0.2235,concentration,m169_GvpW_50fmol,0.8115,concentration,m567_GvpA,9.9759375,concentration,puc19,5.5359375,concentration,water,0.425,fraction
G17,m167_GvpN_50fmol,0.191625,concentration,m165_GvpJ_50fmol,0.203375,concentration,m166_GvpK_50fmol,0.8539999999999999,concentration,m163_GvpF_50fmol,0.204,concentration,m164_GvpG_50fmol,0.217875,concentration,m168_GvpV_50fmol,0.2235,concentration,m169_GvpW_50fmol,0.8115,concentration,m567_GvpA,9.9759375,concentration,puc19,6.643125,concentration,water,0.44375,fraction
G18,m167_GvpN_50fmol,0.191625,concentration,m165_GvpJ_50fmol,0.8135,concentration,m166_GvpK_50fmol,0.21349999999999997,concentration,m163_GvpF_50fmol,0.204,concentration,m164_GvpG_50fmol,0.217875,concentration,m168_GvpV_50fmol,0.78225,concentration,m169_GvpW_50fmol,0.202875,concentration,m567_GvpA,9.9759375,concentration,puc19,6.643125,concentration,water,0.45,fraction
G19,m167_GvpN_50fmol,0.191625,concentration,m165_GvpJ_50fmol,0.203375,concentration,m166_GvpK_50fmol,0.21349999999999997,concentration,m163_GvpF_50fmol,0.204,concentration,m164_GvpG_50fmol,0.8715,concentration,m168_GvpV_50fmol,0.2235,concentration,m169_GvpW_50fmol,0.8115,concentration,m567_GvpA,9.9759375,concentration,puc19,6.643125,concentration,water,0.44375,fraction
G2,m167_GvpN_50fmol,0.8623125,concentration,m165_GvpJ_50fmol,0.8135,concentration,m166_GvpK_50fmol,0.8539999999999999,concentration,m163_GvpF_50fmol,0.816,concentration,m164_GvpG_50fmol,0.8715,concentration,m168_GvpV_50fmol,0.78225,concentration,m169_GvpW_50fmol,0.8115,concentration,m567_GvpA,9.9759375,concentration,puc19,0.738125,concentration,water,0.35625,fraction
G20,m167_GvpN_50fmol,0.191625,concentration,m165_GvpJ_50fmol,0.8135,concentration,m166_GvpK_50fmol,0.8539999999999999,concentration,m163_GvpF_50fmol,0.204,concentration,m164_GvpG_50fmol,0.217875,concentration,m168_GvpV_50fmol,0.78225,concentration,m169_GvpW_50fmol,0.202875,concentration,m567_GvpA,9.9759375,concentration,puc19,5.5359375,concentration,water,0.43125,fraction
G21,m167_GvpN_50fmol,0.191625,concentration,m165_GvpJ_50fmol,0.203375,concentration,m166_GvpK_50fmol,0.21349999999999997,concentration,m163_GvpF_50fmol,1.632,concentration,m164_GvpG_50fmol,0.217875,concentration,m168_GvpV_50fmol,0.2235,concentration,m169_GvpW_50fmol,0.202875,concentration,m567_GvpA,9.9759375,concentration,puc19,6.2740625,concentration,water,0.4375,fraction
G22,m167_GvpN_50fmol,0.191625,concentration,m165_GvpJ_50fmol,0.8135,concentration,m166_GvpK_50fmol,0.8539999999999999,concentration,m163_GvpF_50fmol,0.204,concentration,m164_GvpG_50fmol,0.217875,concentration,m168_GvpV_50fmol,0.2235,concentration,m169_GvpW_50fmol,0.8115,concentration,m567_GvpA,9.9759375,concentration,puc19,5.5359375,concentration,water,0.425,fraction
G23,m167_GvpN_50fmol,0.191625,concentration,m165_GvpJ_50fmol,0.203375,concentration,m166_GvpK_50fmol,0.21349999999999997,concentration,m163_GvpF_50fmol,0.204,concentration,m164_GvpG_50fmol,0.217875,concentration,m168_GvpV_50fmol,0.78225,concentration,m169_GvpW_50fmol,0.8115,concentration,m567_GvpA,9.9759375,concentration,puc19,6.643125,concentration,water,0.45,fraction
G24,m167_GvpN_50fmol,0.191625,concentration,m165_GvpJ_50fmol,0.203375,concentration,m166_GvpK_50fmol,1.7079999999999997,concentration,m163_GvpF_50fmol,0.204,concentration,m164_GvpG_50fmol,0.217875,concentration,m168_GvpV_50fmol,0.2235,concentration,m169_GvpW_50fmol,0.202875,concentration,m567_GvpA,9.9759375,concentration,puc19,6.2740625,concentration,water,0.4375,fraction
G3,m167_GvpN_50fmol,0.191625,concentration,m165_GvpJ_50fmol,0.203375,concentration,m166_GvpK_50fmol,0.21349999999999997,concentration,m163_GvpF_50fmol,0.204,concentration,m164_GvpG_50fmol,0.217875,concentration,m168_GvpV_50fmol,1.67625,concentration,m169_GvpW_50fmol,0.202875,concentration,m567_GvpA,9.9759375,concentration,puc19,6.2740625,concentration,water,0.44375,fraction
G4,m167_GvpN_50fmol,0.8623125,concentration,m165_GvpJ_50fmol,0.8135,concentration,m166_GvpK_50fmol,0.8539999999999999,concentration,m163_GvpF_50fmol,0.816,concentration,m164_GvpG_50fmol,0.8715,concentration,m168_GvpV_50fmol,0.78225,concentration,m169_GvpW_50fmol,0.8115,concentration,m567_GvpA,9.9759375,concentration,puc19,0.738125,concentration,water,0.35625,fraction
G5,m167_GvpN_50fmol,0.191625,concentration,m165_GvpJ_50fmol,0.203375,concentration,m166_GvpK_50fmol,0.8539999999999999,concentration,m163_GvpF_50fmol,0.204,concentration,m164_GvpG_50fmol,0.217875,concentration,m168_GvpV_50fmol,0.2235,concentration,m169_GvpW_50fmol,0.8115,concentration,m567_GvpA,9.9759375,concentration,puc19,6.643125,concentration,water,0.44375,fraction
G6,m167_GvpN_50fmol,0.191625,concentration,m165_GvpJ_50fmol,0.8135,concentration,m166_GvpK_50fmol,0.21349999999999997,concentration,m163_GvpF_50fmol,0.204,concentration,m164_GvpG_50fmol,0.217875,concentration,m168_GvpV_50fmol,0.2235,concentration,m169_GvpW_50fmol,0.8115,concentration,m567_GvpA,9.9759375,concentration,puc19,6.643125,concentration,water,0.44375,fraction
G7,m167_GvpN_50fmol,0.191625,concentration,m165_GvpJ_50fmol,0.203375,concentration,m166_GvpK_50fmol,0.21349999999999997,concentration,m163_GvpF_50fmol,0.204,concentration,m164_GvpG_50fmol,0.8715,concentration,m168_GvpV_50fmol,0.78225,concentration,m169_GvpW_50fmol,0.8115,concentration,m567_GvpA,9.9759375,concentration,puc19,5.5359375,concentration,water,0.43125,fraction
G8,m167_GvpN_50fmol,0.191625,concentration,m165_GvpJ_50fmol,0.203375,concentration,m166_GvpK_50fmol,0.8539999999999999,concentration,m163_GvpF_50fmol,0.816,concentration,m164_GvpG_50fmol,0.8715,concentration,m168_GvpV_50fmol,0.2235,concentration,m169_GvpW_50fmol,0.202875,concentration,m567_GvpA,9.9759375,concentration,puc19,5.5359375,concentration,water,0.425,fraction
G9,m167_GvpN_50fmol,0.191625,concentration,m165_GvpJ_50fmol,0.203375,concentration,m166_GvpK_50fmol,0.21349999999999997,concentration,m163_GvpF_50fmol,0.204,concentration,m164_GvpG_50fmol,0.217875,concentration,m168_GvpV_50fmol,0.2235,concentration,m169_GvpW_50fmol,1.623,concentration,m567_GvpA,9.9759375,concentration,puc19,6.2740625,concentration,water,0.4375,fraction
H1,m167_GvpN_50fmol,0.8623125,concentration,m165_GvpJ_50fmol,0.203375,concentration,m166_GvpK_50fmol,0.21349999999999997,concentration,m163_GvpF_50fmol,0.204,concentration,m164_GvpG_50fmol,0.8715,concentration,m168_GvpV_50fmol,0.78225,concentration,m169_GvpW_50fmol,0.202875,concentration,m567_GvpA,9.9759375,concentration,puc19,5.5359375,concentration,water,0.425,fraction
H10,m167_GvpN_50fmol,0.8623125,concentration,m165_GvpJ_50fmol,0.8135,concentration,m166_GvpK_50fmol,0.8539999999999999,concentration,m163_GvpF_50fmol,0.816,concentration,m164_GvpG_50fmol,0.8715,concentration,m168_GvpV_50fmol,0.78225,concentration,m169_GvpW_50fmol,0.202875,concentration,m567_GvpA,9.9759375,concentration,puc19,1.8453125,concentration,water,0.375,fraction
H11,m167_GvpN_50fmol,0.8623125,concentration,m165_GvpJ_50fmol,0.203375,concentration,m166_GvpK_50fmol,0.8539999999999999,concentration,m163_GvpF_50fmol,0.204,concentration,m164_GvpG_50fmol,0.217875,concentration,m168_GvpV_50fmol,0.78225,concentration,m169_GvpW_50fmol,0.202875,concentration,m567_GvpA,9.9759375,concentration,puc19,5.5359375,concentration,water,0.425,fraction
H12,m167_GvpN_50fmol,0.8623125,concentration,m165_GvpJ_50fmol,0.8135,concentration,m166_GvpK_50fmol,0.8539999999999999,concentration,m163_GvpF_50fmol,0.204,concentration,m164_GvpG_50fmol,0.217875,concentration,m168_GvpV_50fmol,0.2235,concentration,m169_GvpW_50fmol,0.202875,concentration,m567_GvpA,9.9759375,concentration,puc19,5.166875,concentration,water,0.425,fraction
H13,m167_GvpN_50fmol,0.8623125,concentration,m165_GvpJ_50fmol,0.203375,concentration,m166_GvpK_50fmol,0.21349999999999997,concentration,m163_GvpF_50fmol,0.204,concentration,m164_GvpG_50fmol,0.8715,concentration,m168_GvpV_50fmol,0.2235,concentration,m169_GvpW_50fmol,0.202875,concentration,m567_GvpA,9.9759375,concentration,puc19,6.643125,concentration,water,0.4375,fraction
H14,m167_GvpN_50fmol,0.191625,concentration,m165_GvpJ_50fmol,0.203375,concentration,m166_GvpK_50fmol,0.21349999999999997,concentration,m163_GvpF_50fmol,0.204,concentration,m164_GvpG_50fmol,0.217875,concentration,m168_GvpV_50fmol,0.2235,concentration,m169_GvpW_50fmol,0.202875,concentration,m567_GvpA,9.9759375,concentration,puc19,8.8575,concentration,water,0.48125,fraction
H15,m167_GvpN_50fmol,0.8623125,concentration,m165_GvpJ_50fmol,0.203375,concentration,m166_GvpK_50fmol,0.21349999999999997,concentration,m163_GvpF_50fmol,0.204,concentration,m164_GvpG_50fmol,0.217875,concentration,m168_GvpV_50fmol,0.2235,concentration,m169_GvpW_50fmol,0.8115,concentration,m567_GvpA,9.9759375,concentration,puc19,6.2740625,concentration,water,0.44375,fraction
H16,m167_GvpN_50fmol,0.8623125,concentration,m165_GvpJ_50fmol,0.8135,concentration,m166_GvpK_50fmol,0.21349999999999997,concentration,m163_GvpF_50fmol,0.204,concentration,m164_GvpG_50fmol,0.217875,concentration,m168_GvpV_50fmol,0.2235,concentration,m169_GvpW_50fmol,0.8115,concentration,m567_GvpA,9.9759375,concentration,puc19,5.166875,concentration,water,0.425,fraction
H17,m167_GvpN_50fmol,0.191625,concentration,m165_GvpJ_50fmol,1.627,concentration,m166_GvpK_50fmol,0.21349999999999997,concentration,m163_GvpF_50fmol,0.204,concentration,m164_GvpG_50fmol,0.217875,concentration,m168_GvpV_50fmol,0.2235,concentration,m169_GvpW_50fmol,0.202875,concentration,m567_GvpA,9.9759375,concentration,puc19,6.2740625,concentration,water,0.4375,fraction
H18,m167_GvpN_50fmol,0.8623125,concentration,m165_GvpJ_50fmol,0.8135,concentration,m166_GvpK_50fmol,0.21349999999999997,concentration,m163_GvpF_50fmol,0.816,concentration,m164_GvpG_50fmol,0.217875,concentration,m168_GvpV_50fmol,0.2235,concentration,m169_GvpW_50fmol,0.202875,concentration,m567_GvpA,9.9759375,concentration,puc19,5.166875,concentration,water,0.425,fraction
H19,m167_GvpN_50fmol,0.8623125,concentration,m165_GvpJ_50fmol,0.203375,concentration,m166_GvpK_50fmol,0.21349999999999997,concentration,m163_GvpF_50fmol,0.204,concentration,m164_GvpG_50fmol,0.8715,concentration,m168_GvpV_50fmol,0.2235,concentration,m169_GvpW_50fmol,0.8115,concentration,m567_GvpA,9.9759375,concentration,puc19,5.166875,concentration,water,0.425,fraction
H2,m167_GvpN_50fmol,0.8623125,concentration,m165_GvpJ_50fmol,0.8135,concentration,m166_GvpK_50fmol,0.8539999999999999,concentration,m163_GvpF_50fmol,0.816,concentration,m164_GvpG_50fmol,0.8715,concentration,m168_GvpV_50fmol,0.78225,concentration,m169_GvpW_50fmol,0.8115,concentration,m567_GvpA,9.9759375,concentration,puc19,0.738125,concentration,water,0.35625,fraction
H20,m167_GvpN_50fmol,0.8623125,concentration,m165_GvpJ_50fmol,0.8135,concentration,m166_GvpK_50fmol,0.21349999999999997,concentration,m163_GvpF_50fmol,0.204,concentration,m164_GvpG_50fmol,0.217875,concentration,m168_GvpV_50fmol,0.2235,concentration,m169_GvpW_50fmol,0.202875,concentration,m567_GvpA,9.9759375,concentration,puc19,6.2740625,concentration,water,0.44375,fraction
H21,m167_GvpN_50fmol,0.38325,concentration,m165_GvpJ_50fmol,1.22025,concentration,m166_GvpK_50fmol,0.10674999999999998,concentration,m163_GvpF_50fmol,1.224,concentration,m164_GvpG_50fmol,1.1983125,concentration,m168_GvpV_50fmol,0.0,concentration,m169_GvpW_50fmol,0.8115,concentration,m567_GvpA,9.9759375,concentration,puc19,1.8453125,concentration,water,0.3875,fraction
H22,m167_GvpN_50fmol,0.8623125,concentration,m165_GvpJ_50fmol,0.8135,concentration,m166_GvpK_50fmol,0.8539999999999999,concentration,m163_GvpF_50fmol,0.816,concentration,m164_GvpG_50fmol,0.8715,concentration,m168_GvpV_50fmol,0.78225,concentration,m169_GvpW_50fmol,0.202875,concentration,m567_GvpA,9.9759375,concentration,puc19,1.8453125,concentration,water,0.375,fraction
H23,m167_GvpN_50fmol,0.191625,concentration,m165_GvpJ_50fmol,1.627,concentration,m166_GvpK_50fmol,0.21349999999999997,concentration,m163_GvpF_50fmol,0.204,concentration,m164_GvpG_50fmol,0.217875,concentration,m168_GvpV_50fmol,0.2235,concentration,m169_GvpW_50fmol,0.202875,concentration,m567_GvpA,9.9759375,concentration,puc19,6.2740625,concentration,water,0.4375,fraction
H24,m167_GvpN_50fmol,0.8623125,concentration,m165_GvpJ_50fmol,0.8135,concentration,m166_GvpK_50fmol,0.8539999999999999,concentration,m163_GvpF_50fmol,0.816,concentration,m164_GvpG_50fmol,0.0,concentration,m168_GvpV_50fmol,0.78225,concentration,m169_GvpW_50fmol,0.8115,concentration,m567_GvpA,9.9759375,concentration,puc19,2.214375,concentration,water,0.38125,fraction
H3,m167_GvpN_50fmol,0.8623125,concentration,m165_GvpJ_50fmol,0.203375,concentration,m166_GvpK_50fmol,0.21349999999999997,concentration,m163_GvpF_50fmol,0.204,concentration,m164_GvpG_50fmol,0.217875,concentration,m168_GvpV_50fmol,0.2235,concentration,m169_GvpW_50fmol,0.202875,concentration,m567_GvpA,9.9759375,concentration,puc19,7.7503125,concentration,water,0.45625,fraction
H4,m167_GvpN_50fmol,0.8623125,concentration,m165_GvpJ_50fmol,0.8135,concentration,m166_GvpK_50fmol,0.21349999999999997,concentration,m163_GvpF_50fmol,0.816,concentration,m164_GvpG_50fmol,0.217875,concentration,m168_GvpV_50fmol,0.2235,concentration,m169_GvpW_50fmol,0.202875,concentration,m567_GvpA,9.9759375,concentration,puc19,5.166875,concentration,water,0.425,fraction
H5,m167_GvpN_50fmol,0.191625,concentration,m165_GvpJ_50fmol,0.203375,concentration,m166_GvpK_50fmol,0.21349999999999997,concentration,m163_GvpF_50fmol,0.204,concentration,m164_GvpG_50fmol,0.217875,concentration,m168_GvpV_50fmol,0.2235,concentration,m169_GvpW_50fmol,0.202875,concentration,m567_GvpA,9.9759375,concentration,puc19,8.8575,concentration,water,0.48125,fraction
H6,m167_GvpN_50fmol,0.8623125,concentration,m165_GvpJ_50fmol,0.8135,concentration,m166_GvpK_50fmol,0.8539999999999999,concentration,m163_GvpF_50fmol,0.816,concentration,m164_GvpG_50fmol,0.0,concentration,m168_GvpV_50fmol,0.78225,concentration,m169_GvpW_50fmol,0.8115,concentration,m567_GvpA,9.9759375,concentration,puc19,2.214375,concentration,water,0.38125,fraction
H7,m167_GvpN_50fmol,0.8623125,concentration,m165_GvpJ_50fmol,0.203375,concentration,m166_GvpK_50fmol,0.21349999999999997,concentration,m163_GvpF_50fmol,0.204,concentration,m164_GvpG_50fmol,0.217875,concentration,m168_GvpV_50fmol,0.78225,concentration,m169_GvpW_50fmol,0.202875,concentration,m567_GvpA,9.9759375,concentration,puc19,6.643125,concentration,water,0.44375,fraction
H8,m167_GvpN_50fmol,0.8623125,concentration,m165_GvpJ_50fmol,0.8135,concentration,m166_GvpK_50fmol,0.8539999999999999,concentration,m163_GvpF_50fmol,0.204,concentration,m164_GvpG_50fmol,0.8715,concentration,m168_GvpV_50fmol,0.78225,concentration,m169_GvpW_50fmol,0.8115,concentration,m567_GvpA,9.9759375,concentration,puc19,1.8453125,concentration,water,0.375,fraction
H9,m167_GvpN_50fmol,0.8623125,concentration,m165_GvpJ_50fmol,0.203375,concentration,m166_GvpK_50fmol,0.21349999999999997,concentration,m163_GvpF_50fmol,0.816,concentration,m164_GvpG_50fmol,0.217875,concentration,m168_GvpV_50fmol,0.2235,concentration,m169_GvpW_50fmol,0.202875,concentration,m567_GvpA,9.9759375,concentration,puc19,6.2740625,concentration,water,0.44375,fraction
I1,m167_GvpN_50fmol,0.191625,concentration,m165_GvpJ_50fmol,0.203375,concentration,m166_GvpK_50fmol,0.21349999999999997,concentration,m163_GvpF_50fmol,0.204,concentration,m164_GvpG_50fmol,0.8715,concentration,m168_GvpV_50fmol,0.2235,concentration,m169_GvpW_50fmol,0.8115,concentration,m567_GvpA,9.9759375,concentration,puc19,6.643125,concentration,water,0.44375,fraction
I10,m167_GvpN_50fmol,0.0,concentration,m165_GvpJ_50fmol,0.0,concentration,m166_GvpK_50fmol,0.0,concentration,m163_GvpF_50fmol,0.0,concentration,m164_GvpG_50fmol,0.0,concentration,m168_GvpV_50fmol,0.0,concentration,m169_GvpW_50fmol,0.0,concentration,m567_GvpA,0.0,concentration,puc19,28.786875,concentration,water,0.5125,fraction
I11,m167_GvpN_50fmol,0.191625,concentration,m165_GvpJ_50fmol,0.203375,concentration,m166_GvpK_50fmol,0.8539999999999999,concentration,m163_GvpF_50fmol,0.204,concentration,m164_GvpG_50fmol,0.217875,concentration,m168_GvpV_50fmol,0.78225,concentration,m169_GvpW_50fmol,0.8115,concentration,m567_GvpA,9.9759375,concentration,puc19,5.5359375,concentration,water,0.43125,fraction
I12,m167_GvpN_50fmol,0.191625,concentration,m165_GvpJ_50fmol,0.203375,concentration,m166_GvpK_50fmol,0.21349999999999997,concentration,m163_GvpF_50fmol,0.204,concentration,m164_GvpG_50fmol,0.217875,concentration,m168_GvpV_50fmol,0.2235,concentration,m169_GvpW_50fmol,0.202875,concentration,m567_GvpA,9.9759375,concentration,puc19,8.8575,concentration,water,0.48125,fraction
I13,m167_GvpN_50fmol,0.191625,concentration,m165_GvpJ_50fmol,0.203375,concentration,m166_GvpK_50fmol,0.21349999999999997,concentration,m163_GvpF_50fmol,0.204,concentration,m164_GvpG_50fmol,0.217875,concentration,m168_GvpV_50fmol,0.2235,concentration,m169_GvpW_50fmol,1.623,concentration,m567_GvpA,9.9759375,concentration,puc19,6.2740625,concentration,water,0.4375,fraction
I14,m167_GvpN_50fmol,0.191625,concentration,m165_GvpJ_50fmol,0.203375,concentration,m166_GvpK_50fmol,0.8539999999999999,concentration,m163_GvpF_50fmol,0.816,concentration,m164_GvpG_50fmol,0.8715,concentration,m168_GvpV_50fmol,0.2235,concentration,m169_GvpW_50fmol,0.202875,concentration,m567_GvpA,9.9759375,concentration,puc19,5.5359375,concentration,water,0.425,fraction
I15,m167_GvpN_50fmol,0.191625,concentration,m165_GvpJ_50fmol,0.203375,concentration,m166_GvpK_50fmol,0.21349999999999997,concentration,m163_GvpF_50fmol,0.816,concentration,m164_GvpG_50fmol,0.8715,concentration,m168_GvpV_50fmol,0.2235,concentration,m169_GvpW_50fmol,0.8115,concentration,m567_GvpA,9.9759375,concentration,puc19,5.5359375,concentration,water,0.425,fraction
I16,m167_GvpN_50fmol,0.191625,concentration,m165_GvpJ_50fmol,0.8135,concentration,m166_GvpK_50fmol,0.21349999999999997,concentration,m163_GvpF_50fmol,0.816,concentration,m164_GvpG_50fmol,0.217875,concentration,m168_GvpV_50fmol,0.78225,concentration,m169_GvpW_50fmol,0.202875,concentration,m567_GvpA,9.9759375,concentration,puc19,5.5359375,concentration,water,0.43125,fraction
I17,m167_GvpN_50fmol,0.191625,concentration,m165_GvpJ_50fmol,0.203375,concentration,m166_GvpK_50fmol,0.21349999999999997,concentration,m163_GvpF_50fmol,0.204,concentration,m164_GvpG_50fmol,1.6340625,concentration,m168_GvpV_50fmol,0.2235,concentration,m169_GvpW_50fmol,0.202875,concentration,m567_GvpA,9.9759375,concentration,puc19,6.2740625,concentration,water,0.44375,fraction
I18,m167_GvpN_50fmol,0.191625,concentration,m165_GvpJ_50fmol,0.203375,concentration,m166_GvpK_50fmol,1.7079999999999997,concentration,m163_GvpF_50fmol,0.204,concentration,m164_GvpG_50fmol,0.217875,concentration,m168_GvpV_50fmol,0.2235,concentration,m169_GvpW_50fmol,0.202875,concentration,m567_GvpA,9.9759375,concentration,puc19,6.2740625,concentration,water,0.4375,fraction
I19,m167_GvpN_50fmol,0.191625,concentration,m165_GvpJ_50fmol,0.203375,concentration,m166_GvpK_50fmol,0.8539999999999999,concentration,m163_GvpF_50fmol,0.204,concentration,m164_GvpG_50fmol,0.217875,concentration,m168_GvpV_50fmol,0.78225,concentration,m169_GvpW_50fmol,0.202875,concentration,m567_GvpA,9.9759375,concentration,puc19,6.643125,concentration,water,0.45,fraction
I2,m167_GvpN_50fmol,0.191625,concentration,m165_GvpJ_50fmol,0.8135,concentration,m166_GvpK_50fmol,0.8539999999999999,concentration,m163_GvpF_50fmol,0.204,concentration,m164_GvpG_50fmol,0.217875,concentration,m168_GvpV_50fmol,0.2235,concentration,m169_GvpW_50fmol,0.202875,concentration,m567_GvpA,9.9759375,concentration,puc19,6.643125,concentration,water,0.44375,fraction
I20,m167_GvpN_50fmol,0.191625,concentration,m165_GvpJ_50fmol,0.203375,concentration,m166_GvpK_50fmol,0.8539999999999999,concentration,m163_GvpF_50fmol,0.816,concentration,m164_GvpG_50fmol,0.8715,concentration,m168_GvpV_50fmol,0.2235,concentration,m169_GvpW_50fmol,0.202875,concentration,m567_GvpA,9.9759375,concentration,puc19,5.5359375,concentration,water,0.425,fraction
I21,m167_GvpN_50fmol,0.191625,concentration,m165_GvpJ_50fmol,0.203375,concentration,m166_GvpK_50fmol,0.21349999999999997,concentration,m163_GvpF_50fmol,0.816,concentration,m164_GvpG_50fmol,0.8715,concentration,m168_GvpV_50fmol,0.2235,concentration,m169_GvpW_50fmol,0.202875,concentration,m567_GvpA,9.9759375,concentration,puc19,6.643125,concentration,water,0.44375,fraction
I22,m167_GvpN_50fmol,0.191625,concentration,m165_GvpJ_50fmol,0.8135,concentration,m166_GvpK_50fmol,0.21349999999999997,concentration,m163_GvpF_50fmol,0.204,concentration,m164_GvpG_50fmol,0.217875,concentration,m168_GvpV_50fmol,0.78225,concentration,m169_GvpW_50fmol,0.202875,concentration,m567_GvpA,9.9759375,concentration,puc19,6.643125,concentration,water,0.45,fraction
I23,m167_GvpN_50fmol,0.0,concentration,m165_GvpJ_50fmol,0.0,concentration,m166_GvpK_50fmol,0.0,concentration,m163_GvpF_50fmol,0.0,concentration,m164_GvpG_50fmol,0.0,concentration,m168_GvpV_50fmol,0.0,concentration,m169_GvpW_50fmol,0.0,concentration,m567_GvpA,0.0,concentration,puc19,28.786875,concentration,water,0.5125,fraction
I24,m167_GvpN_50fmol,0.191625,concentration,m165_GvpJ_50fmol,0.8135,concentration,m166_GvpK_50fmol,0.21349999999999997,concentration,m163_GvpF_50fmol,0.204,concentration,m164_GvpG_50fmol,0.217875,concentration,m168_GvpV_50fmol,0.78225,concentration,m169_GvpW_50fmol,0.202875,concentration,m567_GvpA,9.9759375,concentration,puc19,6.643125,concentration,water,0.45,fraction
I3,m167_GvpN_50fmol,0.191625,concentration,m165_GvpJ_50fmol,0.203375,concentration,m166_GvpK_50fmol,0.21349999999999997,concentration,m163_GvpF_50fmol,0.204,concentration,m164_GvpG_50fmol,0.217875,concentration,m168_GvpV_50fmol,0.2235,concentration,m169_GvpW_50fmol,0.8115,concentration,m567_GvpA,9.9759375,concentration,puc19,7.7503125,concentration,water,0.4625,fraction
I4,m167_GvpN_50fmol,0.191625,concentration,m165_GvpJ_50fmol,0.203375,concentration,m166_GvpK_50fmol,0.8539999999999999,concentration,m163_GvpF_50fmol,0.816,concentration,m164_GvpG_50fmol,0.8715,concentration,m168_GvpV_50fmol,0.2235,concentration,m169_GvpW_50fmol,0.202875,concentration,m567_GvpA,9.9759375,concentration,puc19,5.5359375,concentration,water,0.425,fraction
I5,m167_GvpN_50fmol,0.191625,concentration,m165_GvpJ_50fmol,0.203375,concentration,m166_GvpK_50fmol,0.21349999999999997,concentration,m163_GvpF_50fmol,0.204,concentration,m164_GvpG_50fmol,0.217875,concentration,m168_GvpV_50fmol,1.67625,concentration,m169_GvpW_50fmol,0.202875,concentration,m567_GvpA,9.9759375,concentration,puc19,6.2740625,concentration,water,0.44375,fraction
I6,m167_GvpN_50fmol,0.191625,concentration,m165_GvpJ_50fmol,0.203375,concentration,m166_GvpK_50fmol,0.8539999999999999,concentration,m163_GvpF_50fmol,0.204,concentration,m164_GvpG_50fmol,0.8715,concentration,m168_GvpV_50fmol,0.78225,concentration,m169_GvpW_50fmol,0.202875,concentration,m567_GvpA,9.9759375,concentration,puc19,5.5359375,concentration,water,0.43125,fraction
I7,m167_GvpN_50fmol,0.191625,concentration,m165_GvpJ_50fmol,0.203375,concentration,m166_GvpK_50fmol,0.21349999999999997,concentration,m163_GvpF_50fmol,0.204,concentration,m164_GvpG_50fmol,1.6340625,concentration,m168_GvpV_50fmol,0.2235,concentration,m169_GvpW_50fmol,0.202875,concentration,m567_GvpA,9.9759375,concentration,puc19,6.2740625,concentration,water,0.44375,fraction
I8,m167_GvpN_50fmol,0.191625,concentration,m165_GvpJ_50fmol,0.8135,concentration,m166_GvpK_50fmol,0.21349999999999997,concentration,m163_GvpF_50fmol,0.816,concentration,m164_GvpG_50fmol,0.217875,concentration,m168_GvpV_50fmol,0.2235,concentration,m169_GvpW_50fmol,0.202875,concentration,m567_GvpA,9.9759375,concentration,puc19,6.643125,concentration,water,0.44375,fraction
I9,m167_GvpN_50fmol,0.191625,concentration,m165_GvpJ_50fmol,0.203375,concentration,m166_GvpK_50fmol,0.21349999999999997,concentration,m163_GvpF_50fmol,0.204,concentration,m164_GvpG_50fmol,0.217875,concentration,m168_GvpV_50fmol,0.78225,concentration,m169_GvpW_50fmol,0.202875,concentration,m567_GvpA,9.9759375,concentration,puc19,7.7503125,concentration,water,0.46875,fraction
J1,m167_GvpN_50fmol,0.8623125,concentration,m165_GvpJ_50fmol,0.203375,concentration,m166_GvpK_50fmol,0.21349999999999997,concentration,m163_GvpF_50fmol,0.204,concentration,m164_GvpG_50fmol,0.8715,concentration,m168_GvpV_50fmol,0.2235,concentration,m169_GvpW_50fmol,0.202875,concentration,m567_GvpA,9.9759375,concentration,puc19,6.643125,concentration,water,0.4375,fraction
J10,m167_GvpN_50fmol,0.8623125,concentration,m165_GvpJ_50fmol,0.8135,concentration,m166_GvpK_50fmol,0.10674999999999998,concentration,m163_GvpF_50fmol,1.632,concentration,m164_GvpG_50fmol,1.6340625,concentration,m168_GvpV_50fmol,0.0,concentration,m169_GvpW_50fmol,0.8115,concentration,m567_GvpA,9.9759375,concentration,puc19,0.3690625,concentration,water,0.35625,fraction
J11,m167_GvpN_50fmol,0.191625,concentration,m165_GvpJ_50fmol,0.8135,concentration,m166_GvpK_50fmol,0.8539999999999999,concentration,m163_GvpF_50fmol,0.816,concentration,m164_GvpG_50fmol,0.8715,concentration,m168_GvpV_50fmol,0.78225,concentration,m169_GvpW_50fmol,0.8115,concentration,m567_GvpA,9.9759375,concentration,puc19,1.8453125,concentration,water,0.38125,fraction
J12,m167_GvpN_50fmol,0.8623125,concentration,m165_GvpJ_50fmol,0.8135,concentration,m166_GvpK_50fmol,0.8539999999999999,concentration,m163_GvpF_50fmol,0.0,concentration,m164_GvpG_50fmol,0.8715,concentration,m168_GvpV_50fmol,0.78225,concentration,m169_GvpW_50fmol,0.8115,concentration,m567_GvpA,9.9759375,concentration,puc19,2.214375,concentration,water,0.38125,fraction
J13,m167_GvpN_50fmol,0.8623125,concentration,m165_GvpJ_50fmol,0.203375,concentration,m166_GvpK_50fmol,0.21349999999999997,concentration,m163_GvpF_50fmol,0.204,concentration,m164_GvpG_50fmol,0.217875,concentration,m168_GvpV_50fmol,0.78225,concentration,m169_GvpW_50fmol,0.202875,concentration,m567_GvpA,9.9759375,concentration,puc19,6.643125,concentration,water,0.44375,fraction
J14,m167_GvpN_50fmol,0.8623125,concentration,m165_GvpJ_50fmol,0.8135,concentration,m166_GvpK_50fmol,0.8539999999999999,concentration,m163_GvpF_50fmol,0.0,concentration,m164_GvpG_50fmol,0.8715,concentration,m168_GvpV_50fmol,0.78225,concentration,m169_GvpW_50fmol,0.8115,concentration,m567_GvpA,9.9759375,concentration,puc19,2.214375,concentration,water,0.38125,fraction
J15,m167_GvpN_50fmol,0.8623125,concentration,m165_GvpJ_50fmol,0.203375,concentration,m166_GvpK_50fmol,0.8539999999999999,concentration,m163_GvpF_50fmol,0.204,concentration,m164_GvpG_50fmol,0.217875,concentration,m168_GvpV_50fmol,0.2235,concentration,m169_GvpW_50fmol,0.8115,concentration,m567_GvpA,9.9759375,concentration,puc19,5.166875,concentration,water,0.425,fraction
J16,m167_GvpN_50fmol,0.8623125,concentration,m165_GvpJ_50fmol,1.22025,concentration,m166_GvpK_50fmol,0.10674999999999998,concentration,m163_GvpF_50fmol,1.224,concentration,m164_GvpG_50fmol,1.1983125,concentration,m168_GvpV_50fmol,0.0,concentration,m169_GvpW_50fmol,1.21725,concentration,m567_GvpA,9.9759375,concentration,puc19,0.3690625,concentration,water,0.35625,fraction
J17,m167_GvpN_50fmol,0.8623125,concentration,m165_GvpJ_50fmol,0.203375,concentration,m166_GvpK_50fmol,0.21349999999999997,concentration,m163_GvpF_50fmol,0.204,concentration,m164_GvpG_50fmol,0.8715,concentration,m168_GvpV_50fmol,0.2235,concentration,m169_GvpW_50fmol,0.202875,concentration,m567_GvpA,9.9759375,concentration,puc19,6.643125,concentration,water,0.4375,fraction
J18,m167_GvpN_50fmol,0.8623125,concentration,m165_GvpJ_50fmol,0.8135,concentration,m166_GvpK_50fmol,0.8539999999999999,concentration,m163_GvpF_50fmol,0.204,concentration,m164_GvpG_50fmol,0.217875,concentration,m168_GvpV_50fmol,0.2235,concentration,m169_GvpW_50fmol,0.202875,concentration,m567_GvpA,9.9759375,concentration,puc19,5.166875,concentration,water,0.425,fraction
J19,m167_GvpN_50fmol,0.191625,concentration,m165_GvpJ_50fmol,0.8135,concentration,m166_GvpK_50fmol,0.8539999999999999,concentration,m163_GvpF_50fmol,0.816,concentration,m164_GvpG_50fmol,0.8715,concentration,m168_GvpV_50fmol,0.78225,concentration,m169_GvpW_50fmol,0.8115,concentration,m567_GvpA,9.9759375,concentration,puc19,1.8453125,concentration,water,0.38125,fraction
J2,m167_GvpN_50fmol,0.8623125,concentration,m165_GvpJ_50fmol,0.8135,concentration,m166_GvpK_50fmol,0.21349999999999997,concentration,m163_GvpF_50fmol,0.816,concentration,m164_GvpG_50fmol,0.8715,concentration,m168_GvpV_50fmol,0.78225,concentration,m169_GvpW_50fmol,0.8115,concentration,m567_GvpA,9.9759375,concentration,puc19,1.8453125,concentration,water,0.375,fraction
J20,m167_GvpN_50fmol,0.8623125,concentration,m165_GvpJ_50fmol,0.8135,concentration,m166_GvpK_50fmol,0.8539999999999999,concentration,m163_GvpF_50fmol,0.816,concentration,m164_GvpG_50fmol,0.8715,concentration,m168_GvpV_50fmol,0.78225,concentration,m169_GvpW_50fmol,0.202875,concentration,m567_GvpA,9.9759375,concentration,puc19,1.8453125,concentration,water,0.375,fraction
J21,m167_GvpN_50fmol,0.8623125,concentration,m165_GvpJ_50fmol,0.203375,concentration,m166_GvpK_50fmol,0.21349999999999997,concentration,m163_GvpF_50fmol,0.204,concentration,m164_GvpG_50fmol,0.8715,concentration,m168_GvpV_50fmol,0.78225,concentration,m169_GvpW_50fmol,0.202875,concentration,m567_GvpA,9.9759375,concentration,puc19,5.5359375,concentration,water,0.425,fraction
J22,m167_GvpN_50fmol,0.8623125,concentration,m165_GvpJ_50fmol,0.8135,concentration,m166_GvpK_50fmol,0.21349999999999997,concentration,m163_GvpF_50fmol,0.816,concentration,m164_GvpG_50fmol,0.8715,concentration,m168_GvpV_50fmol,0.78225,concentration,m169_GvpW_50fmol,0.8115,concentration,m567_GvpA,9.9759375,concentration,puc19,1.8453125,concentration,water,0.375,fraction
J23,m167_GvpN_50fmol,0.8623125,concentration,m165_GvpJ_50fmol,0.203375,concentration,m166_GvpK_50fmol,0.21349999999999997,concentration,m163_GvpF_50fmol,0.816,concentration,m164_GvpG_50fmol,0.217875,concentration,m168_GvpV_50fmol,0.2235,concentration,m169_GvpW_50fmol,0.8115,concentration,m567_GvpA,9.9759375,concentration,puc19,5.166875,concentration,water,0.425,fraction
J24,m167_GvpN_50fmol,0.8623125,concentration,m165_GvpJ_50fmol,0.0,concentration,m166_GvpK_50fmol,0.8539999999999999,concentration,m163_GvpF_50fmol,0.816,concentration,m164_GvpG_50fmol,0.8715,concentration,m168_GvpV_50fmol,0.78225,concentration,m169_GvpW_50fmol,0.8115,concentration,m567_GvpA,9.9759375,concentration,puc19,2.214375,concentration,water,0.38125,fraction
J3,m167_GvpN_50fmol,0.0,concentration,m165_GvpJ_50fmol,0.8135,concentration,m166_GvpK_50fmol,0.8539999999999999,concentration,m163_GvpF_50fmol,0.816,concentration,m164_GvpG_50fmol,0.8715,concentration,m168_GvpV_50fmol,0.78225,concentration,m169_GvpW_50fmol,0.8115,concentration,m567_GvpA,9.9759375,concentration,puc19,2.5834375,concentration,water,0.38125,fraction
J4,m167_GvpN_50fmol,0.8623125,concentration,m165_GvpJ_50fmol,0.8135,concentration,m166_GvpK_50fmol,0.8539999999999999,concentration,m163_GvpF_50fmol,0.204,concentration,m164_GvpG_50fmol,0.217875,concentration,m168_GvpV_50fmol,0.2235,concentration,m169_GvpW_50fmol,0.202875,concentration,m567_GvpA,9.9759375,concentration,puc19,5.166875,concentration,water,0.425,fraction
J5,m167_GvpN_50fmol,0.8623125,concentration,m165_GvpJ_50fmol,0.203375,concentration,m166_GvpK_50fmol,0.8539999999999999,concentration,m163_GvpF_50fmol,0.204,concentration,m164_GvpG_50fmol,0.217875,concentration,m168_GvpV_50fmol,0.2235,concentration,m169_GvpW_50fmol,0.202875,concentration,m567_GvpA,9.9759375,concentration,puc19,6.643125,concentration,water,0.4375,fraction
J6,m167_GvpN_50fmol,0.8623125,concentration,m165_GvpJ_50fmol,0.8135,concentration,m166_GvpK_50fmol,0.0,concentration,m163_GvpF_50fmol,0.816,concentration,m164_GvpG_50fmol,0.8715,concentration,m168_GvpV_50fmol,0.78225,concentration,m169_GvpW_50fmol,0.8115,concentration,m567_GvpA,9.9759375,concentration,puc19,2.214375,concentration,water,0.38125,fraction
J7,m167_GvpN_50fmol,0.8623125,concentration,m165_GvpJ_50fmol,0.203375,concentration,m166_GvpK_50fmol,0.21349999999999997,concentration,m163_GvpF_50fmol,0.204,concentration,m164_GvpG_50fmol,0.8715,concentration,m168_GvpV_50fmol,0.2235,concentration,m169_GvpW_50fmol,0.8115,concentration,m567_GvpA,9.9759375,concentration,puc19,5.166875,concentration,water,0.425,fraction
J8,m167_GvpN_50fmol,0.0,concentration,m165_GvpJ_50fmol,0.0,concentration,m166_GvpK_50fmol,0.0,concentration,m163_GvpF_50fmol,0.0,concentration,m164_GvpG_50fmol,0.0,concentration,m168_GvpV_50fmol,0.0,concentration,m169_GvpW_50fmol,0.0,concentration,m567_GvpA,0.0,concentration,puc19,28.786875,concentration,water,0.5125,fraction
J9,m167_GvpN_50fmol,0.191625,concentration,m165_GvpJ_50fmol,0.8135,concentration,m166_GvpK_50fmol,0.8539999999999999,concentration,m163_GvpF_50fmol,0.816,concentration,m164_GvpG_50fmol,0.217875,concentration,m168_GvpV_50fmol,0.2235,concentration,m169_GvpW_50fmol,0.202875,concentration,m567_GvpA,9.9759375,concentration,puc19,5.5359375,concentration,water,0.425,fraction
K1,m167_GvpN_50fmol,0.191625,concentration,m165_GvpJ_50fmol,0.203375,concentration,m166_GvpK_50fmol,0.21349999999999997,concentration,m163_GvpF_50fmol,0.816,concentration,m164_GvpG_50fmol,0.217875,concentration,m168_GvpV_50fmol,0.78225,concentration,m169_GvpW_50fmol,0.8115,concentration,m567_GvpA,9.9759375,concentration,puc19,5.5359375,concentration,water,0.43125,fraction
K10,m167_GvpN_50fmol,0.191625,concentration,m165_GvpJ_50fmol,0.8135,concentration,m166_GvpK_50fmol,0.21349999999999997,concentration,m163_GvpF_50fmol,0.204,concentration,m164_GvpG_50fmol,0.217875,concentration,m168_GvpV_50fmol,0.78225,concentration,m169_GvpW_50fmol,0.202875,concentration,m567_GvpA,9.9759375,concentration,puc19,6.643125,concentration,water,0.45,fraction
K11,m167_GvpN_50fmol,0.191625,concentration,m165_GvpJ_50fmol,0.203375,concentration,m166_GvpK_50fmol,0.21349999999999997,concentration,m163_GvpF_50fmol,0.816,concentration,m164_GvpG_50fmol,0.8715,concentration,m168_GvpV_50fmol,0.78225,concentration,m169_GvpW_50fmol,0.202875,concentration,m567_GvpA,9.9759375,concentration,puc19,5.5359375,concentration,water,0.43125,fraction
K12,m167_GvpN_50fmol,0.191625,concentration,m165_GvpJ_50fmol,0.8135,concentration,m166_GvpK_50fmol,0.21349999999999997,concentration,m163_GvpF_50fmol,0.816,concentration,m164_GvpG_50fmol,0.8715,concentration,m168_GvpV_50fmol,0.2235,concentration,m169_GvpW_50fmol,0.202875,concentration,m567_GvpA,9.9759375,concentration,puc19,5.5359375,concentration,water,0.425,fraction
K13,m167_GvpN_50fmol,0.191625,concentration,m165_GvpJ_50fmol,0.203375,concentration,m166_GvpK_50fmol,0.21349999999999997,concentration,m163_GvpF_50fmol,0.816,concentration,m164_GvpG_50fmol,0.8715,concentration,m168_GvpV_50fmol,0.2235,concentration,m169_GvpW_50fmol,0.8115,concentration,m567_GvpA,9.9759375,concentration,puc19,5.5359375,concentration,water,0.425,fraction
K14,m167_GvpN_50fmol,0.191625,concentration,m165_GvpJ_50fmol,0.8135,concentration,m166_GvpK_50fmol,0.21349999999999997,concentration,m163_GvpF_50fmol,0.816,concentration,m164_GvpG_50fmol,0.217875,concentration,m168_GvpV_50fmol,0.2235,concentration,m169_GvpW_50fmol,0.202875,concentration,m567_GvpA,9.9759375,concentration,puc19,6.643125,concentration,water,0.44375,fraction
K15,m167_GvpN_50fmol,0.191625,concentration,m165_GvpJ_50fmol,0.203375,concentration,m166_GvpK_50fmol,0.21349999999999997,concentration,m163_GvpF_50fmol,0.204,concentration,m164_GvpG_50fmol,0.217875,concentration,m168_GvpV_50fmol,0.2235,concentration,m169_GvpW_50fmol,0.202875,concentration,m567_GvpA,9.9759375,concentration,puc19,8.8575,concentration,water,0.48125,fraction
K16,m167_GvpN_50fmol,0.191625,concentration,m165_GvpJ_50fmol,0.203375,concentration,m166_GvpK_50fmol,0.8539999999999999,concentration,m163_GvpF_50fmol,0.204,concentration,m164_GvpG_50fmol,0.8715,concentration,m168_GvpV_50fmol,0.2235,concentration,m169_GvpW_50fmol,0.8115,concentration,m567_GvpA,9.9759375,concentration,puc19,5.5359375,concentration,water,0.425,fraction
K17,m167_GvpN_50fmol,0.191625,concentration,m165_GvpJ_50fmol,0.203375,concentration,m166_GvpK_50fmol,0.8539999999999999,concentration,m163_GvpF_50fmol,0.204,concentration,m164_GvpG_50fmol,0.217875,concentration,m168_GvpV_50fmol,0.2235,concentration,m169_GvpW_50fmol,0.202875,concentration,m567_GvpA,9.9759375,concentration,puc19,7.7503125,concentration,water,0.4625,fraction
K18,m167_GvpN_50fmol,0.191625,concentration,m165_GvpJ_50fmol,0.203375,concentration,m166_GvpK_50fmol,1.7079999999999997,concentration,m163_GvpF_50fmol,0.204,concentration,m164_GvpG_50fmol,0.217875,concentration,m168_GvpV_50fmol,0.2235,concentration,m169_GvpW_50fmol,0.202875,concentration,m567_GvpA,9.9759375,concentration,puc19,6.2740625,concentration,water,0.4375,fraction
K19,m167_GvpN_50fmol,0.191625,concentration,m165_GvpJ_50fmol,0.203375,concentration,m166_GvpK_50fmol,0.21349999999999997,concentration,m163_GvpF_50fmol,0.816,concentration,m164_GvpG_50fmol,0.217875,concentration,m168_GvpV_50fmol,0.2235,concentration,m169_GvpW_50fmol,0.202875,concentration,m567_GvpA,9.9759375,concentration,puc19,7.7503125,concentration,water,0.4625,fraction
K2,m167_GvpN_50fmol,0.191625,concentration,m165_GvpJ_50fmol,0.8135,concentration,m166_GvpK_50fmol,0.21349999999999997,concentration,m163_GvpF_50fmol,0.816,concentration,m164_GvpG_50fmol,0.217875,concentration,m168_GvpV_50fmol,0.78225,concentration,m169_GvpW_50fmol,0.202875,concentration,m567_GvpA,9.9759375,concentration,puc19,5.5359375,concentration,water,0.43125,fraction
K20,m167_GvpN_50fmol,0.191625,concentration,m165_GvpJ_50fmol,0.8135,concentration,m166_GvpK_50fmol,0.21349999999999997,concentration,m163_GvpF_50fmol,0.204,concentration,m164_GvpG_50fmol,0.8715,concentration,m168_GvpV_50fmol,0.2235,concentration,m169_GvpW_50fmol,0.8115,concentration,m567_GvpA,9.9759375,concentration,puc19,5.5359375,concentration,water,0.425,fraction
K21,m167_GvpN_50fmol,0.191625,concentration,m165_GvpJ_50fmol,0.203375,concentration,m166_GvpK_50fmol,0.21349999999999997,concentration,m163_GvpF_50fmol,0.816,concentration,m164_GvpG_50fmol,0.8715,concentration,m168_GvpV_50fmol,0.2235,concentration,m169_GvpW_50fmol,0.202875,concentration,m567_GvpA,9.9759375,concentration,puc19,6.643125,concentration,water,0.44375,fraction
K22,m167_GvpN_50fmol,0.191625,concentration,m165_GvpJ_50fmol,0.8135,concentration,m166_GvpK_50fmol,0.21349999999999997,concentration,m163_GvpF_50fmol,0.204,concentration,m164_GvpG_50fmol,0.8715,concentration,m168_GvpV_50fmol,0.2235,concentration,m169_GvpW_50fmol,0.202875,concentration,m567_GvpA,9.9759375,concentration,puc19,6.643125,concentration,water,0.44375,fraction
K23,m167_GvpN_50fmol,0.191625,concentration,m165_GvpJ_50fmol,0.203375,concentration,m166_GvpK_50fmol,0.21349999999999997,concentration,m163_GvpF_50fmol,0.816,concentration,m164_GvpG_50fmol,0.217875,concentration,m168_GvpV_50fmol,0.78225,concentration,m169_GvpW_50fmol,0.202875,concentration,m567_GvpA,9.9759375,concentration,puc19,6.643125,concentration,water,0.45,fraction
K24,m167_GvpN_50fmol,0.191625,concentration,m165_GvpJ_50fmol,0.8135,concentration,m166_GvpK_50fmol,0.8539999999999999,concentration,m163_GvpF_50fmol,0.204,concentration,m164_GvpG_50fmol,0.217875,concentration,m168_GvpV_50fmol,0.2235,concentration,m169_GvpW_50fmol,0.202875,concentration,m567_GvpA,9.9759375,concentration,puc19,6.643125,concentration,water,0.44375,fraction
K3,m167_GvpN_50fmol,0.191625,concentration,m165_GvpJ_50fmol,0.203375,concentration,m166_GvpK_50fmol,0.21349999999999997,concentration,m163_GvpF_50fmol,0.816,concentration,m164_GvpG_50fmol,0.217875,concentration,m168_GvpV_50fmol,0.2235,concentration,m169_GvpW_50fmol,0.202875,concentration,m567_GvpA,9.9759375,concentration,puc19,7.7503125,concentration,water,0.4625,fraction
K4,m167_GvpN_50fmol,0.191625,concentration,m165_GvpJ_50fmol,0.203375,concentration,m166_GvpK_50fmol,0.8539999999999999,concentration,m163_GvpF_50fmol,0.204,concentration,m164_GvpG_50fmol,0.8715,concentration,m168_GvpV_50fmol,0.2235,concentration,m169_GvpW_50fmol,0.202875,concentration,m567_GvpA,9.9759375,concentration,puc19,6.643125,concentration,water,0.44375,fraction
K5,m167_GvpN_50fmol,0.191625,concentration,m165_GvpJ_50fmol,0.203375,concentration,m166_GvpK_50fmol,0.21349999999999997,concentration,m163_GvpF_50fmol,0.816,concentration,m164_GvpG_50fmol,0.217875,concentration,m168_GvpV_50fmol,0.78225,concentration,m169_GvpW_50fmol,0.202875,concentration,m567_GvpA,9.9759375,concentration,puc19,6.643125,concentration,water,0.45,fraction
K6,m167_GvpN_50fmol,0.191625,concentration,m165_GvpJ_50fmol,0.8135,concentration,m166_GvpK_50fmol,0.21349999999999997,concentration,m163_GvpF_50fmol,0.816,concentration,m164_GvpG_50fmol,0.8715,concentration,m168_GvpV_50fmol,0.2235,concentration,m169_GvpW_50fmol,0.202875,concentration,m567_GvpA,9.9759375,concentration,puc19,5.5359375,concentration,water,0.425,fraction
K7,m167_GvpN_50fmol,0.191625,concentration,m165_GvpJ_50fmol,0.203375,concentration,m166_GvpK_50fmol,0.21349999999999997,concentration,m163_GvpF_50fmol,0.816,concentration,m164_GvpG_50fmol,0.8715,concentration,m168_GvpV_50fmol,0.78225,concentration,m169_GvpW_50fmol,0.202875,concentration,m567_GvpA,9.9759375,concentration,puc19,5.5359375,concentration,water,0.43125,fraction
K8,m167_GvpN_50fmol,0.191625,concentration,m165_GvpJ_50fmol,0.8135,concentration,m166_GvpK_50fmol,0.21349999999999997,concentration,m163_GvpF_50fmol,0.204,concentration,m164_GvpG_50fmol,0.8715,concentration,m168_GvpV_50fmol,0.2235,concentration,m169_GvpW_50fmol,0.8115,concentration,m567_GvpA,9.9759375,concentration,puc19,5.5359375,concentration,water,0.425,fraction
K9,m167_GvpN_50fmol,0.191625,concentration,m165_GvpJ_50fmol,0.203375,concentration,m166_GvpK_50fmol,0.21349999999999997,concentration,m163_GvpF_50fmol,0.816,concentration,m164_GvpG_50fmol,0.217875,concentration,m168_GvpV_50fmol,0.2235,concentration,m169_GvpW_50fmol,0.8115,concentration,m567_GvpA,9.9759375,concentration,puc19,6.643125,concentration,water,0.44375,fraction
L1,m167_GvpN_50fmol,0.191625,concentration,m165_GvpJ_50fmol,0.8135,concentration,m166_GvpK_50fmol,0.8539999999999999,concentration,m163_GvpF_50fmol,0.816,concentration,m164_GvpG_50fmol,0.8715,concentration,m168_GvpV_50fmol,0.78225,concentration,m169_GvpW_50fmol,0.8115,concentration,m567_GvpA,9.9759375,concentration,puc19,1.8453125,concentration,water,0.38125,fraction
L10,m167_GvpN_50fmol,1.6288125,concentration,m165_GvpJ_50fmol,0.203375,concentration,m166_GvpK_50fmol,0.21349999999999997,concentration,m163_GvpF_50fmol,0.204,concentration,m164_GvpG_50fmol,0.217875,concentration,m168_GvpV_50fmol,0.2235,concentration,m169_GvpW_50fmol,0.202875,concentration,m567_GvpA,9.9759375,concentration,puc19,5.905,concentration,water,0.4375,fraction
L11,m167_GvpN_50fmol,0.191625,concentration,m165_GvpJ_50fmol,1.627,concentration,m166_GvpK_50fmol,0.21349999999999997,concentration,m163_GvpF_50fmol,0.204,concentration,m164_GvpG_50fmol,0.217875,concentration,m168_GvpV_50fmol,0.2235,concentration,m169_GvpW_50fmol,0.202875,concentration,m567_GvpA,9.9759375,concentration,puc19,6.2740625,concentration,water,0.4375,fraction
L12,m167_GvpN_50fmol,0.8623125,concentration,m165_GvpJ_50fmol,0.8135,concentration,m166_GvpK_50fmol,0.8539999999999999,concentration,m163_GvpF_50fmol,0.816,concentration,m164_GvpG_50fmol,0.8715,concentration,m168_GvpV_50fmol,0.78225,concentration,m169_GvpW_50fmol,0.8115,concentration,m567_GvpA,9.9759375,concentration,puc19,0.738125,concentration,water,0.35625,fraction
L13,m167_GvpN_50fmol,0.8623125,concentration,m165_GvpJ_50fmol,0.203375,concentration,m166_GvpK_50fmol,0.21349999999999997,concentration,m163_GvpF_50fmol,0.816,concentration,m164_GvpG_50fmol,0.217875,concentration,m168_GvpV_50fmol,0.78225,concentration,m169_GvpW_50fmol,0.202875,concentration,m567_GvpA,9.9759375,concentration,puc19,5.166875,concentration,water,0.43125,fraction
L14,m167_GvpN_50fmol,0.8623125,concentration,m165_GvpJ_50fmol,0.8135,concentration,m166_GvpK_50fmol,0.8539999999999999,concentration,m163_GvpF_50fmol,0.816,concentration,m164_GvpG_50fmol,0.8715,concentration,m168_GvpV_50fmol,0.78225,concentration,m169_GvpW_50fmol,0.0,concentration,m567_GvpA,9.9759375,concentration,puc19,2.214375,concentration,water,0.38125,fraction
L15,m167_GvpN_50fmol,0.8623125,concentration,m165_GvpJ_50fmol,0.203375,concentration,m166_GvpK_50fmol,0.8539999999999999,concentration,m163_GvpF_50fmol,0.204,concentration,m164_GvpG_50fmol,0.217875,concentration,m168_GvpV_50fmol,0.78225,concentration,m169_GvpW_50fmol,0.202875,concentration,m567_GvpA,9.9759375,concentration,puc19,5.5359375,concentration,water,0.425,fraction
L16,m167_GvpN_50fmol,0.8623125,concentration,m165_GvpJ_50fmol,0.8135,concentration,m166_GvpK_50fmol,0.8539999999999999,concentration,m163_GvpF_50fmol,0.816,concentration,m164_GvpG_50fmol,0.8715,concentration,m168_GvpV_50fmol,0.78225,concentration,m169_GvpW_50fmol,0.0,concentration,m567_GvpA,9.9759375,concentration,puc19,2.214375,concentration,water,0.38125,fraction
L17,m167_GvpN_50fmol,0.8623125,concentration,m165_GvpJ_50fmol,0.203375,concentration,m166_GvpK_50fmol,0.21349999999999997,concentration,m163_GvpF_50fmol,0.204,concentration,m164_GvpG_50fmol,0.217875,concentration,m168_GvpV_50fmol,0.2235,concentration,m169_GvpW_50fmol,0.8115,concentration,m567_GvpA,9.9759375,concentration,puc19,6.2740625,concentration,water,0.44375,fraction
L18,m167_GvpN_50fmol,0.8623125,concentration,m165_GvpJ_50fmol,0.8135,concentration,m166_GvpK_50fmol,0.21349999999999997,concentration,m163_GvpF_50fmol,0.204,concentration,m164_GvpG_50fmol,0.217875,concentration,m168_GvpV_50fmol,0.78225,concentration,m169_GvpW_50fmol,0.202875,concentration,m567_GvpA,9.9759375,concentration,puc19,5.166875,concentration,water,0.43125,fraction
L19,m167_GvpN_50fmol,0.8623125,concentration,m165_GvpJ_50fmol,0.203375,concentration,m166_GvpK_50fmol,0.8539999999999999,concentration,m163_GvpF_50fmol,0.204,concentration,m164_GvpG_50fmol,0.217875,concentration,m168_GvpV_50fmol,0.2235,concentration,m169_GvpW_50fmol,0.8115,concentration,m567_GvpA,9.9759375,concentration,puc19,5.166875,concentration,water,0.425,fraction
L2,m167_GvpN_50fmol,0.8623125,concentration,m165_GvpJ_50fmol,0.8135,concentration,m166_GvpK_50fmol,0.21349999999999997,concentration,m163_GvpF_50fmol,0.816,concentration,m164_GvpG_50fmol,0.8715,concentration,m168_GvpV_50fmol,0.78225,concentration,m169_GvpW_50fmol,0.8115,concentration,m567_GvpA,9.9759375,concentration,puc19,1.8453125,concentration,water,0.375,fraction
L20,m167_GvpN_50fmol,0.8623125,concentration,m165_GvpJ_50fmol,0.8135,concentration,m166_GvpK_50fmol,0.21349999999999997,concentration,m163_GvpF_50fmol,0.816,concentration,m164_GvpG_50fmol,0.217875,concentration,m168_GvpV_50fmol,0.2235,concentration,m169_GvpW_50fmol,0.202875,concentration,m567_GvpA,9.9759375,concentration,puc19,5.166875,concentration,water,0.425,fraction
L21,m167_GvpN_50fmol,0.8623125,concentration,m165_GvpJ_50fmol,0.203375,concentration,m166_GvpK_50fmol,0.21349999999999997,concentration,m163_GvpF_50fmol,0.204,concentration,m164_GvpG_50fmol,0.8715,concentration,m168_GvpV_50fmol,0.78225,concentration,m169_GvpW_50fmol,0.202875,concentration,m567_GvpA,9.9759375,concentration,puc19,5.5359375,concentration,water,0.425,fraction
L22,m167_GvpN_50fmol,1.6288125,concentration,m165_GvpJ_50fmol,0.203375,concentration,m166_GvpK_50fmol,0.21349999999999997,concentration,m163_GvpF_50fmol,0.204,concentration,m164_GvpG_50fmol,0.217875,concentration,m168_GvpV_50fmol,0.2235,concentration,m169_GvpW_50fmol,0.202875,concentration,m567_GvpA,9.9759375,concentration,puc19,5.905,concentration,water,0.4375,fraction
L23,m167_GvpN_50fmol,0.8623125,concentration,m165_GvpJ_50fmol,0.203375,concentration,m166_GvpK_50fmol,0.21349999999999997,concentration,m163_GvpF_50fmol,0.204,concentration,m164_GvpG_50fmol,0.8715,concentration,m168_GvpV_50fmol,0.78225,concentration,m169_GvpW_50fmol,0.202875,concentration,m567_GvpA,9.9759375,concentration,puc19,5.5359375,concentration,water,0.425,fraction
L24,m167_GvpN_50fmol,0.8623125,concentration,m165_GvpJ_50fmol,0.8135,concentration,m166_GvpK_50fmol,0.8539999999999999,concentration,m163_GvpF_50fmol,0.0,concentration,m164_GvpG_50fmol,0.8715,concentration,m168_GvpV_50fmol,0.78225,concentration,m169_GvpW_50fmol,0.8115,concentration,m567_GvpA,9.9759375,concentration,puc19,2.214375,concentration,water,0.38125,fraction
L3,m167_GvpN_50fmol,0.8623125,concentration,m165_GvpJ_50fmol,0.203375,concentration,m166_GvpK_50fmol,0.21349999999999997,concentration,m163_GvpF_50fmol,0.816,concentration,m164_GvpG_50fmol,0.8715,concentration,m168_GvpV_50fmol,0.2235,concentration,m169_GvpW_50fmol,0.202875,concentration,m567_GvpA,9.9759375,concentration,puc19,5.166875,concentration,water,0.425,fraction
L4,m167_GvpN_50fmol,0.8623125,concentration,m165_GvpJ_50fmol,0.8135,concentration,m166_GvpK_50fmol,0.0,concentration,m163_GvpF_50fmol,0.816,concentration,m164_GvpG_50fmol,0.8715,concentration,m168_GvpV_50fmol,0.78225,concentration,m169_GvpW_50fmol,0.8115,concentration,m567_GvpA,9.9759375,concentration,puc19,2.214375,concentration,water,0.38125,fraction
L5,m167_GvpN_50fmol,0.191625,concentration,m165_GvpJ_50fmol,0.203375,concentration,m166_GvpK_50fmol,0.21349999999999997,concentration,m163_GvpF_50fmol,0.204,concentration,m164_GvpG_50fmol,0.217875,concentration,m168_GvpV_50fmol,0.2235,concentration,m169_GvpW_50fmol,0.202875,concentration,m567_GvpA,9.9759375,concentration,puc19,8.8575,concentration,water,0.48125,fraction
L6,m167_GvpN_50fmol,0.8623125,concentration,m165_GvpJ_50fmol,0.203375,concentration,m166_GvpK_50fmol,0.8539999999999999,concentration,m163_GvpF_50fmol,0.816,concentration,m164_GvpG_50fmol,0.8715,concentration,m168_GvpV_50fmol,0.78225,concentration,m169_GvpW_50fmol,0.8115,concentration,m567_GvpA,9.9759375,concentration,puc19,1.8453125,concentration,water,0.375,fraction
L7,m167_GvpN_50fmol,0.191625,concentration,m165_GvpJ_50fmol,0.8135,concentration,m166_GvpK_50fmol,0.8539999999999999,concentration,m163_GvpF_50fmol,0.816,concentration,m164_GvpG_50fmol,0.8715,concentration,m168_GvpV_50fmol,0.78225,concentration,m169_GvpW_50fmol,0.8115,concentration,m567_GvpA,9.9759375,concentration,puc19,1.8453125,concentration,water,0.38125,fraction
L8,m167_GvpN_50fmol,0.8623125,concentration,m165_GvpJ_50fmol,0.8135,concentration,m166_GvpK_50fmol,0.8539999999999999,concentration,m163_GvpF_50fmol,0.816,concentration,m164_GvpG_50fmol,0.8715,concentration,m168_GvpV_50fmol,0.0,concentration,m169_GvpW_50fmol,0.8115,concentration,m567_GvpA,9.9759375,concentration,puc19,2.214375,concentration,water,0.375,fraction
L9,m167_GvpN_50fmol,0.191625,concentration,m165_GvpJ_50fmol,0.8135,concentration,m166_GvpK_50fmol,0.8539999999999999,concentration,m163_GvpF_50fmol,0.204,concentration,m164_GvpG_50fmol,0.8715,concentration,m168_GvpV_50fmol,0.2235,concentration,m169_GvpW_50fmol,0.202875,concentration,m567_GvpA,9.9759375,concentration,puc19,5.5359375,concentration,water,0.425,fraction
M1,m167_GvpN_50fmol,0.8623125,concentration,m165_GvpJ_50fmol,0.8135,concentration,m166_GvpK_50fmol,0.8539999999999999,concentration,m163_GvpF_50fmol,0.816,concentration,m164_GvpG_50fmol,0.8715,concentration,m168_GvpV_50fmol,0.78225,concentration,m169_GvpW_50fmol,0.8115,concentration,m567_GvpA,9.9759375,concentration,puc19,0.738125,concentration,water,0.35625,fraction
M10,m167_GvpN_50fmol,0.191625,concentration,m165_GvpJ_50fmol,0.203375,concentration,m166_GvpK_50fmol,0.8539999999999999,concentration,m163_GvpF_50fmol,0.204,concentration,m164_GvpG_50fmol,0.8715,concentration,m168_GvpV_50fmol,0.2235,concentration,m169_GvpW_50fmol,0.8115,concentration,m567_GvpA,9.9759375,concentration,puc19,5.5359375,concentration,water,0.425,fraction
M11,m167_GvpN_50fmol,0.191625,concentration,m165_GvpJ_50fmol,0.203375,concentration,m166_GvpK_50fmol,0.21349999999999997,concentration,m163_GvpF_50fmol,0.816,concentration,m164_GvpG_50fmol,0.8715,concentration,m168_GvpV_50fmol,0.2235,concentration,m169_GvpW_50fmol,0.8115,concentration,m567_GvpA,9.9759375,concentration,puc19,5.5359375,concentration,water,0.425,fraction
M12,m167_GvpN_50fmol,0.191625,concentration,m165_GvpJ_50fmol,0.8135,concentration,m166_GvpK_50fmol,0.8539999999999999,concentration,m163_GvpF_50fmol,0.204,concentration,m164_GvpG_50fmol,0.217875,concentration,m168_GvpV_50fmol,0.78225,concentration,m169_GvpW_50fmol,0.202875,concentration,m567_GvpA,9.9759375,concentration,puc19,5.5359375,concentration,water,0.43125,fraction
M13,m167_GvpN_50fmol,0.191625,concentration,m165_GvpJ_50fmol,0.203375,concentration,m166_GvpK_50fmol,0.8539999999999999,concentration,m163_GvpF_50fmol,0.204,concentration,m164_GvpG_50fmol,0.217875,concentration,m168_GvpV_50fmol,0.78225,concentration,m169_GvpW_50fmol,0.202875,concentration,m567_GvpA,9.9759375,concentration,puc19,6.643125,concentration,water,0.45,fraction
M14,m167_GvpN_50fmol,0.191625,concentration,m165_GvpJ_50fmol,0.8135,concentration,m166_GvpK_50fmol,0.8539999999999999,concentration,m163_GvpF_50fmol,0.204,concentration,m164_GvpG_50fmol,0.217875,concentration,m168_GvpV_50fmol,0.2235,concentration,m169_GvpW_50fmol,0.8115,concentration,m567_GvpA,9.9759375,concentration,puc19,5.5359375,concentration,water,0.425,fraction
M15,m167_GvpN_50fmol,0.191625,concentration,m165_GvpJ_50fmol,0.203375,concentration,m166_GvpK_50fmol,0.21349999999999997,concentration,m163_GvpF_50fmol,0.204,concentration,m164_GvpG_50fmol,1.6340625,concentration,m168_GvpV_50fmol,0.2235,concentration,m169_GvpW_50fmol,0.202875,concentration,m567_GvpA,9.9759375,concentration,puc19,6.2740625,concentration,water,0.44375,fraction
M16,m167_GvpN_50fmol,0.191625,concentration,m165_GvpJ_50fmol,0.8135,concentration,m166_GvpK_50fmol,0.21349999999999997,concentration,m163_GvpF_50fmol,0.204,concentration,m164_GvpG_50fmol,0.217875,concentration,m168_GvpV_50fmol,0.2235,concentration,m169_GvpW_50fmol,0.202875,concentration,m567_GvpA,9.9759375,concentration,puc19,7.7503125,concentration,water,0.4625,fraction
M17,m167_GvpN_50fmol,0.191625,concentration,m165_GvpJ_50fmol,0.203375,concentration,m166_GvpK_50fmol,0.21349999999999997,concentration,m163_GvpF_50fmol,0.204,concentration,m164_GvpG_50fmol,0.8715,concentration,m168_GvpV_50fmol,0.78225,concentration,m169_GvpW_50fmol,0.202875,concentration,m567_GvpA,9.9759375,concentration,puc19,6.643125,concentration,water,0.45,fraction
M18,m167_GvpN_50fmol,0.191625,concentration,m165_GvpJ_50fmol,0.8135,concentration,m166_GvpK_50fmol,0.21349999999999997,concentration,m163_GvpF_50fmol,0.816,concentration,m164_GvpG_50fmol,0.217875,concentration,m168_GvpV_50fmol,0.2235,concentration,m169_GvpW_50fmol,0.8115,concentration,m567_GvpA,9.9759375,concentration,puc19,5.166875,concentration,water,0.43125,fraction
M19,m167_GvpN_50fmol,0.191625,concentration,m165_GvpJ_50fmol,0.203375,concentration,m166_GvpK_50fmol,0.21349999999999997,concentration,m163_GvpF_50fmol,0.204,concentration,m164_GvpG_50fmol,0.217875,concentration,m168_GvpV_50fmol,0.2235,concentration,m169_GvpW_50fmol,0.8115,concentration,m567_GvpA,9.9759375,concentration,puc19,7.7503125,concentration,water,0.4625,fraction
M2,m167_GvpN_50fmol,0.191625,concentration,m165_GvpJ_50fmol,0.8135,concentration,m166_GvpK_50fmol,0.21349999999999997,concentration,m163_GvpF_50fmol,0.816,concentration,m164_GvpG_50fmol,0.217875,concentration,m168_GvpV_50fmol,0.2235,concentration,m169_GvpW_50fmol,0.202875,concentration,m567_GvpA,9.9759375,concentration,puc19,6.643125,concentration,water,0.44375,fraction
M20,m167_GvpN_50fmol,0.191625,concentration,m165_GvpJ_50fmol,0.8135,concentration,m166_GvpK_50fmol,0.21349999999999997,concentration,m163_GvpF_50fmol,0.816,concentration,m164_GvpG_50fmol,0.8715,concentration,m168_GvpV_50fmol,0.2235,concentration,m169_GvpW_50fmol,0.202875,concentration,m567_GvpA,9.9759375,concentration,puc19,5.5359375,concentration,water,0.425,fraction
M21,m167_GvpN_50fmol,0.191625,concentration,m165_GvpJ_50fmol,0.203375,concentration,m166_GvpK_50fmol,0.21349999999999997,concentration,m163_GvpF_50fmol,0.816,concentration,m164_GvpG_50fmol,0.217875,concentration,m168_GvpV_50fmol,0.78225,concentration,m169_GvpW_50fmol,0.8115,concentration,m567_GvpA,9.9759375,concentration,puc19,5.5359375,concentration,water,0.43125,fraction
M22,m167_GvpN_50fmol,0.191625,concentration,m165_GvpJ_50fmol,0.8135,concentration,m166_GvpK_50fmol,0.21349999999999997,concentration,m163_GvpF_50fmol,0.204,concentration,m164_GvpG_50fmol,0.8715,concentration,m168_GvpV_50fmol,0.2235,concentration,m169_GvpW_50fmol,0.202875,concentration,m567_GvpA,9.9759375,concentration,puc19,6.643125,concentration,water,0.44375,fraction
M23,m167_GvpN_50fmol,0.191625,concentration,m165_GvpJ_50fmol,0.203375,concentration,m166_GvpK_50fmol,0.21349999999999997,concentration,m163_GvpF_50fmol,0.204,concentration,m164_GvpG_50fmol,0.8715,concentration,m168_GvpV_50fmol,0.2235,concentration,m169_GvpW_50fmol,0.202875,concentration,m567_GvpA,9.9759375,concentration,puc19,7.7503125,concentration,water,0.4625,fraction
M24,m167_GvpN_50fmol,0.191625,concentration,m165_GvpJ_50fmol,0.8135,concentration,m166_GvpK_50fmol,0.21349999999999997,concentration,m163_GvpF_50fmol,0.204,concentration,m164_GvpG_50fmol,0.217875,concentration,m168_GvpV_50fmol,0.2235,concentration,m169_GvpW_50fmol,0.202875,concentration,m567_GvpA,9.9759375,concentration,puc19,7.7503125,concentration,water,0.4625,fraction
M3,m167_GvpN_50fmol,0.191625,concentration,m165_GvpJ_50fmol,0.203375,concentration,m166_GvpK_50fmol,0.21349999999999997,concentration,m163_GvpF_50fmol,0.816,concentration,m164_GvpG_50fmol,0.8715,concentration,m168_GvpV_50fmol,0.2235,concentration,m169_GvpW_50fmol,0.202875,concentration,m567_GvpA,9.9759375,concentration,puc19,6.643125,concentration,water,0.44375,fraction
M4,m167_GvpN_50fmol,0.191625,concentration,m165_GvpJ_50fmol,0.8135,concentration,m166_GvpK_50fmol,0.21349999999999997,concentration,m163_GvpF_50fmol,0.204,concentration,m164_GvpG_50fmol,0.217875,concentration,m168_GvpV_50fmol,0.2235,concentration,m169_GvpW_50fmol,0.202875,concentration,m567_GvpA,9.9759375,concentration,puc19,7.7503125,concentration,water,0.4625,fraction
M5,m167_GvpN_50fmol,0.191625,concentration,m165_GvpJ_50fmol,0.203375,concentration,m166_GvpK_50fmol,0.21349999999999997,concentration,m163_GvpF_50fmol,0.204,concentration,m164_GvpG_50fmol,0.8715,concentration,m168_GvpV_50fmol,0.78225,concentration,m169_GvpW_50fmol,0.8115,concentration,m567_GvpA,9.9759375,concentration,puc19,5.5359375,concentration,water,0.43125,fraction
M6,m167_GvpN_50fmol,0.191625,concentration,m165_GvpJ_50fmol,0.8135,concentration,m166_GvpK_50fmol,0.21349999999999997,concentration,m163_GvpF_50fmol,0.204,concentration,m164_GvpG_50fmol,0.217875,concentration,m168_GvpV_50fmol,0.78225,concentration,m169_GvpW_50fmol,0.8115,concentration,m567_GvpA,9.9759375,concentration,puc19,5.5359375,concentration,water,0.43125,fraction
M7,m167_GvpN_50fmol,0.8623125,concentration,m165_GvpJ_50fmol,0.8135,concentration,m166_GvpK_50fmol,0.8539999999999999,concentration,m163_GvpF_50fmol,0.816,concentration,m164_GvpG_50fmol,0.8715,concentration,m168_GvpV_50fmol,0.78225,concentration,m169_GvpW_50fmol,0.8115,concentration,m567_GvpA,9.9759375,concentration,puc19,0.738125,concentration,water,0.35625,fraction
M8,m167_GvpN_50fmol,0.191625,concentration,m165_GvpJ_50fmol,0.8135,concentration,m166_GvpK_50fmol,0.21349999999999997,concentration,m163_GvpF_50fmol,0.204,concentration,m164_GvpG_50fmol,0.217875,concentration,m168_GvpV_50fmol,0.2235,concentration,m169_GvpW_50fmol,0.8115,concentration,m567_GvpA,9.9759375,concentration,puc19,6.643125,concentration,water,0.44375,fraction
M9,m167_GvpN_50fmol,0.191625,concentration,m165_GvpJ_50fmol,0.203375,concentration,m166_GvpK_50fmol,0.21349999999999997,concentration,m163_GvpF_50fmol,0.816,concentration,m164_GvpG_50fmol,0.8715,concentration,m168_GvpV_50fmol,0.2235,concentration,m169_GvpW_50fmol,0.202875,concentration,m567_GvpA,9.9759375,concentration,puc19,6.643125,concentration,water,0.44375,fraction
N1,m167_GvpN_50fmol,0.38325,concentration,m165_GvpJ_50fmol,1.22025,concentration,m166_GvpK_50fmol,0.10674999999999998,concentration,m163_GvpF_50fmol,1.224,concentration,m164_GvpG_50fmol,1.1983125,concentration,m168_GvpV_50fmol,0.0,concentration,m169_GvpW_50fmol,0.8115,concentration,m567_GvpA,9.9759375,concentration,puc19,1.8453125,concentration,water,0.3875,fraction
N10,m167_GvpN_50fmol,0.8623125,concentration,m165_GvpJ_50fmol,0.8135,concentration,m166_GvpK_50fmol,0.21349999999999997,concentration,m163_GvpF_50fmol,0.204,concentration,m164_GvpG_50fmol,0.217875,concentration,m168_GvpV_50fmol,0.2235,concentration,m169_GvpW_50fmol,0.8115,concentration,m567_GvpA,9.9759375,concentration,puc19,5.166875,concentration,water,0.425,fraction
N11,m167_GvpN_50fmol,0.8623125,concentration,m165_GvpJ_50fmol,0.203375,concentration,m166_GvpK_50fmol,0.8539999999999999,concentration,m163_GvpF_50fmol,0.204,concentration,m164_GvpG_50fmol,0.217875,concentration,m168_GvpV_50fmol,0.2235,concentration,m169_GvpW_50fmol,0.8115,concentration,m567_GvpA,9.9759375,concentration,puc19,5.166875,concentration,water,0.425,fraction
N12,m167_GvpN_50fmol,0.8623125,concentration,m165_GvpJ_50fmol,0.8135,concentration,m166_GvpK_50fmol,0.21349999999999997,concentration,m163_GvpF_50fmol,0.204,concentration,m164_GvpG_50fmol,0.8715,concentration,m168_GvpV_50fmol,0.2235,concentration,m169_GvpW_50fmol,0.202875,concentration,m567_GvpA,9.9759375,concentration,puc19,5.166875,concentration,water,0.425,fraction
N13,m167_GvpN_50fmol,0.8623125,concentration,m165_GvpJ_50fmol,0.203375,concentration,m166_GvpK_50fmol,0.8539999999999999,concentration,m163_GvpF_50fmol,0.204,concentration,m164_GvpG_50fmol,0.217875,concentration,m168_GvpV_50fmol,0.2235,concentration,m169_GvpW_50fmol,0.202875,concentration,m567_GvpA,9.9759375,concentration,puc19,6.643125,concentration,water,0.4375,fraction
N14,m167_GvpN_50fmol,0.8623125,concentration,m165_GvpJ_50fmol,1.22025,concentration,m166_GvpK_50fmol,0.10674999999999998,concentration,m163_GvpF_50fmol,1.224,concentration,m164_GvpG_50fmol,1.1983125,concentration,m168_GvpV_50fmol,0.0,concentration,m169_GvpW_50fmol,1.21725,concentration,m567_GvpA,9.9759375,concentration,puc19,0.3690625,concentration,water,0.35625,fraction
N15,m167_GvpN_50fmol,0.8623125,concentration,m165_GvpJ_50fmol,0.203375,concentration,m166_GvpK_50fmol,0.21349999999999997,concentration,m163_GvpF_50fmol,0.204,concentration,m164_GvpG_50fmol,0.217875,concentration,m168_GvpV_50fmol,0.78225,concentration,m169_GvpW_50fmol,0.8115,concentration,m567_GvpA,9.9759375,concentration,puc19,5.166875,concentration,water,0.43125,fraction
N16,m167_GvpN_50fmol,0.8623125,concentration,m165_GvpJ_50fmol,0.8135,concentration,m166_GvpK_50fmol,0.8539999999999999,concentration,m163_GvpF_50fmol,0.816,concentration,m164_GvpG_50fmol,0.8715,concentration,m168_GvpV_50fmol,0.78225,concentration,m169_GvpW_50fmol,0.0,concentration,m567_GvpA,9.9759375,concentration,puc19,2.214375,concentration,water,0.38125,fraction
N17,m167_GvpN_50fmol,0.191625,concentration,m165_GvpJ_50fmol,1.627,concentration,m166_GvpK_50fmol,0.21349999999999997,concentration,m163_GvpF_50fmol,0.204,concentration,m164_GvpG_50fmol,0.217875,concentration,m168_GvpV_50fmol,0.2235,concentration,m169_GvpW_50fmol,0.202875,concentration,m567_GvpA,9.9759375,concentration,puc19,6.2740625,concentration,water,0.4375,fraction
N18,m167_GvpN_50fmol,0.8623125,concentration,m165_GvpJ_50fmol,0.0,concentration,m166_GvpK_50fmol,0.8539999999999999,concentration,m163_GvpF_50fmol,0.816,concentration,m164_GvpG_50fmol,0.8715,concentration,m168_GvpV_50fmol,0.78225,concentration,m169_GvpW_50fmol,0.8115,concentration,m567_GvpA,9.9759375,concentration,puc19,2.214375,concentration,water,0.38125,fraction
N19,m167_GvpN_50fmol,0.191625,concentration,m165_GvpJ_50fmol,0.8135,concentration,m166_GvpK_50fmol,0.8539999999999999,concentration,m163_GvpF_50fmol,0.204,concentration,m164_GvpG_50fmol,0.8715,concentration,m168_GvpV_50fmol,0.2235,concentration,m169_GvpW_50fmol,0.202875,concentration,m567_GvpA,9.9759375,concentration,puc19,5.5359375,concentration,water,0.425,fraction
N2,m167_GvpN_50fmol,0.191625,concentration,m165_GvpJ_50fmol,0.203375,concentration,m166_GvpK_50fmol,0.21349999999999997,concentration,m163_GvpF_50fmol,0.204,concentration,m164_GvpG_50fmol,0.217875,concentration,m168_GvpV_50fmol,0.2235,concentration,m169_GvpW_50fmol,0.202875,concentration,m567_GvpA,9.9759375,concentration,puc19,8.8575,concentration,water,0.48125,fraction
N20,m167_GvpN_50fmol,0.8623125,concentration,m165_GvpJ_50fmol,0.8135,concentration,m166_GvpK_50fmol,0.0,concentration,m163_GvpF_50fmol,0.816,concentration,m164_GvpG_50fmol,0.8715,concentration,m168_GvpV_50fmol,0.78225,concentration,m169_GvpW_50fmol,0.8115,concentration,m567_GvpA,9.9759375,concentration,puc19,2.214375,concentration,water,0.38125,fraction
N21,m167_GvpN_50fmol,0.8623125,concentration,m165_GvpJ_50fmol,0.203375,concentration,m166_GvpK_50fmol,0.21349999999999997,concentration,m163_GvpF_50fmol,0.816,concentration,m164_GvpG_50fmol,0.217875,concentration,m168_GvpV_50fmol,0.2235,concentration,m169_GvpW_50fmol,0.8115,concentration,m567_GvpA,9.9759375,concentration,puc19,5.166875,concentration,water,0.425,fraction
N22,m167_GvpN_50fmol,0.8623125,concentration,m165_GvpJ_50fmol,0.8135,concentration,m166_GvpK_50fmol,0.8539999999999999,concentration,m163_GvpF_50fmol,0.816,concentration,m164_GvpG_50fmol,0.8715,concentration,m168_GvpV_50fmol,0.0,concentration,m169_GvpW_50fmol,0.8115,concentration,m567_GvpA,9.9759375,concentration,puc19,2.214375,concentration,water,0.375,fraction
N23,m167_GvpN_50fmol,0.8623125,concentration,m165_GvpJ_50fmol,0.8135,concentration,m166_GvpK_50fmol,0.8539999999999999,concentration,m163_GvpF_50fmol,0.816,concentration,m164_GvpG_50fmol,0.8715,concentration,m168_GvpV_50fmol,0.78225,concentration,m169_GvpW_50fmol,0.8115,concentration,m567_GvpA,9.9759375,concentration,puc19,0.738125,concentration,water,0.35625,fraction
N24,m167_GvpN_50fmol,0.8623125,concentration,m165_GvpJ_50fmol,0.8135,concentration,m166_GvpK_50fmol,0.8539999999999999,concentration,m163_GvpF_50fmol,0.0,concentration,m164_GvpG_50fmol,0.8715,concentration,m168_GvpV_50fmol,0.78225,concentration,m169_GvpW_50fmol,0.8115,concentration,m567_GvpA,9.9759375,concentration,puc19,2.214375,concentration,water,0.38125,fraction
N3,m167_GvpN_50fmol,0.8623125,concentration,m165_GvpJ_50fmol,0.203375,concentration,m166_GvpK_50fmol,0.21349999999999997,concentration,m163_GvpF_50fmol,0.816,concentration,m164_GvpG_50fmol,0.217875,concentration,m168_GvpV_50fmol,0.78225,concentration,m169_GvpW_50fmol,0.202875,concentration,m567_GvpA,9.9759375,concentration,puc19,5.166875,concentration,water,0.43125,fraction
N4,m167_GvpN_50fmol,1.6288125,concentration,m165_GvpJ_50fmol,0.203375,concentration,m166_GvpK_50fmol,0.21349999999999997,concentration,m163_GvpF_50fmol,0.204,concentration,m164_GvpG_50fmol,0.217875,concentration,m168_GvpV_50fmol,0.2235,concentration,m169_GvpW_50fmol,0.202875,concentration,m567_GvpA,9.9759375,concentration,puc19,5.905,concentration,water,0.4375,fraction
N5,m167_GvpN_50fmol,0.8623125,concentration,m165_GvpJ_50fmol,0.203375,concentration,m166_GvpK_50fmol,0.8539999999999999,concentration,m163_GvpF_50fmol,0.204,concentration,m164_GvpG_50fmol,0.217875,concentration,m168_GvpV_50fmol,0.2235,concentration,m169_GvpW_50fmol,0.202875,concentration,m567_GvpA,9.9759375,concentration,puc19,6.643125,concentration,water,0.4375,fraction
N6,m167_GvpN_50fmol,0.8623125,concentration,m165_GvpJ_50fmol,0.8135,concentration,m166_GvpK_50fmol,0.10674999999999998,concentration,m163_GvpF_50fmol,1.632,concentration,m164_GvpG_50fmol,1.6340625,concentration,m168_GvpV_50fmol,0.0,concentration,m169_GvpW_50fmol,0.8115,concentration,m567_GvpA,9.9759375,concentration,puc19,0.3690625,concentration,water,0.35625,fraction
N7,m167_GvpN_50fmol,0.38325,concentration,m165_GvpJ_50fmol,1.22025,concentration,m166_GvpK_50fmol,0.10674999999999998,concentration,m163_GvpF_50fmol,1.224,concentration,m164_GvpG_50fmol,1.1983125,concentration,m168_GvpV_50fmol,0.0,concentration,m169_GvpW_50fmol,0.8115,concentration,m567_GvpA,9.9759375,concentration,puc19,1.8453125,concentration,water,0.3875,fraction
N8,m167_GvpN_50fmol,0.8623125,concentration,m165_GvpJ_50fmol,0.8135,concentration,m166_GvpK_50fmol,0.8539999999999999,concentration,m163_GvpF_50fmol,0.816,concentration,m164_GvpG_50fmol,0.8715,concentration,m168_GvpV_50fmol,0.78225,concentration,m169_GvpW_50fmol,0.202875,concentration,m567_GvpA,9.9759375,concentration,puc19,1.8453125,concentration,water,0.375,fraction
N9,m167_GvpN_50fmol,0.8623125,concentration,m165_GvpJ_50fmol,0.203375,concentration,m166_GvpK_50fmol,0.21349999999999997,concentration,m163_GvpF_50fmol,0.204,concentration,m164_GvpG_50fmol,0.217875,concentration,m168_GvpV_50fmol,0.2235,concentration,m169_GvpW_50fmol,0.8115,concentration,m567_GvpA,9.9759375,concentration,puc19,6.2740625,concentration,water,0.44375,fraction
O1,m167_GvpN_50fmol,0.191625,concentration,m165_GvpJ_50fmol,0.203375,concentration,m166_GvpK_50fmol,0.21349999999999997,concentration,m163_GvpF_50fmol,0.204,concentration,m164_GvpG_50fmol,0.217875,concentration,m168_GvpV_50fmol,0.2235,concentration,m169_GvpW_50fmol,0.8115,concentration,m567_GvpA,9.9759375,concentration,puc19,7.7503125,concentration,water,0.4625,fraction
O10,m167_GvpN_50fmol,0.191625,concentration,m165_GvpJ_50fmol,0.203375,concentration,m166_GvpK_50fmol,0.8539999999999999,concentration,m163_GvpF_50fmol,0.816,concentration,m164_GvpG_50fmol,0.217875,concentration,m168_GvpV_50fmol,0.2235,concentration,m169_GvpW_50fmol,0.8115,concentration,m567_GvpA,9.9759375,concentration,puc19,5.5359375,concentration,water,0.425,fraction
O11,m167_GvpN_50fmol,0.191625,concentration,m165_GvpJ_50fmol,0.203375,concentration,m166_GvpK_50fmol,0.8539999999999999,concentration,m163_GvpF_50fmol,0.204,concentration,m164_GvpG_50fmol,0.217875,concentration,m168_GvpV_50fmol,0.78225,concentration,m169_GvpW_50fmol,0.202875,concentration,m567_GvpA,9.9759375,concentration,puc19,6.643125,concentration,water,0.45,fraction
O12,m167_GvpN_50fmol,0.191625,concentration,m165_GvpJ_50fmol,0.8135,concentration,m166_GvpK_50fmol,0.21349999999999997,concentration,m163_GvpF_50fmol,0.204,concentration,m164_GvpG_50fmol,0.8715,concentration,m168_GvpV_50fmol,0.2235,concentration,m169_GvpW_50fmol,0.202875,concentration,m567_GvpA,9.9759375,concentration,puc19,6.643125,concentration,water,0.44375,fraction
O13,m167_GvpN_50fmol,0.191625,concentration,m165_GvpJ_50fmol,0.203375,concentration,m166_GvpK_50fmol,0.21349999999999997,concentration,m163_GvpF_50fmol,0.204,concentration,m164_GvpG_50fmol,0.8715,concentration,m168_GvpV_50fmol,0.2235,concentration,m169_GvpW_50fmol,0.202875,concentration,m567_GvpA,9.9759375,concentration,puc19,7.7503125,concentration,water,0.4625,fraction
O14,m167_GvpN_50fmol,0.191625,concentration,m165_GvpJ_50fmol,0.203375,concentration,m166_GvpK_50fmol,0.8539999999999999,concentration,m163_GvpF_50fmol,0.816,concentration,m164_GvpG_50fmol,0.217875,concentration,m168_GvpV_50fmol,0.2235,concentration,m169_GvpW_50fmol,0.8115,concentration,m567_GvpA,9.9759375,concentration,puc19,5.5359375,concentration,water,0.425,fraction
O15,m167_GvpN_50fmol,0.191625,concentration,m165_GvpJ_50fmol,0.203375,concentration,m166_GvpK_50fmol,0.21349999999999997,concentration,m163_GvpF_50fmol,0.816,concentration,m164_GvpG_50fmol,0.8715,concentration,m168_GvpV_50fmol,0.2235,concentration,m169_GvpW_50fmol,0.8115,concentration,m567_GvpA,9.9759375,concentration,puc19,5.5359375,concentration,water,0.425,fraction
O16,m167_GvpN_50fmol,0.191625,concentration,m165_GvpJ_50fmol,0.8135,concentration,m166_GvpK_50fmol,0.21349999999999997,concentration,m163_GvpF_50fmol,0.204,concentration,m164_GvpG_50fmol,0.8715,concentration,m168_GvpV_50fmol,0.78225,concentration,m169_GvpW_50fmol,0.202875,concentration,m567_GvpA,9.9759375,concentration,puc19,5.5359375,concentration,water,0.43125,fraction
O17,m167_GvpN_50fmol,0.191625,concentration,m165_GvpJ_50fmol,0.203375,concentration,m166_GvpK_50fmol,0.21349999999999997,concentration,m163_GvpF_50fmol,1.632,concentration,m164_GvpG_50fmol,0.217875,concentration,m168_GvpV_50fmol,0.2235,concentration,m169_GvpW_50fmol,0.202875,concentration,m567_GvpA,9.9759375,concentration,puc19,6.2740625,concentration,water,0.4375,fraction
O18,m167_GvpN_50fmol,0.191625,concentration,m165_GvpJ_50fmol,0.203375,concentration,m166_GvpK_50fmol,0.8539999999999999,concentration,m163_GvpF_50fmol,0.816,concentration,m164_GvpG_50fmol,0.217875,concentration,m168_GvpV_50fmol,0.78225,concentration,m169_GvpW_50fmol,0.202875,concentration,m567_GvpA,9.9759375,concentration,puc19,5.5359375,concentration,water,0.43125,fraction
O19,m167_GvpN_50fmol,0.191625,concentration,m165_GvpJ_50fmol,0.203375,concentration,m166_GvpK_50fmol,0.21349999999999997,concentration,m163_GvpF_50fmol,0.204,concentration,m164_GvpG_50fmol,0.217875,concentration,m168_GvpV_50fmol,0.78225,concentration,m169_GvpW_50fmol,0.8115,concentration,m567_GvpA,9.9759375,concentration,puc19,6.643125,concentration,water,0.45,fraction
O2,m167_GvpN_50fmol,0.191625,concentration,m165_GvpJ_50fmol,0.203375,concentration,m166_GvpK_50fmol,0.21349999999999997,concentration,m163_GvpF_50fmol,0.204,concentration,m164_GvpG_50fmol,0.217875,concentration,m168_GvpV_50fmol,0.2235,concentration,m169_GvpW_50fmol,0.202875,concentration,m567_GvpA,9.9759375,concentration,puc19,8.8575,concentration,water,0.48125,fraction
O20,m167_GvpN_50fmol,0.191625,concentration,m165_GvpJ_50fmol,0.8135,concentration,m166_GvpK_50fmol,0.21349999999999997,concentration,m163_GvpF_50fmol,0.204,concentration,m164_GvpG_50fmol,0.8715,concentration,m168_GvpV_50fmol,0.2235,concentration,m169_GvpW_50fmol,0.202875,concentration,m567_GvpA,9.9759375,concentration,puc19,6.643125,concentration,water,0.44375,fraction
O21,m167_GvpN_50fmol,0.191625,concentration,m165_GvpJ_50fmol,0.203375,concentration,m166_GvpK_50fmol,0.21349999999999997,concentration,m163_GvpF_50fmol,0.204,concentration,m164_GvpG_50fmol,0.217875,concentration,m168_GvpV_50fmol,0.2235,concentration,m169_GvpW_50fmol,0.202875,concentration,m567_GvpA,9.9759375,concentration,puc19,8.8575,concentration,water,0.48125,fraction
O22,m167_GvpN_50fmol,0.191625,concentration,m165_GvpJ_50fmol,0.8135,concentration,m166_GvpK_50fmol,0.21349999999999997,concentration,m163_GvpF_50fmol,0.816,concentration,m164_GvpG_50fmol,0.217875,concentration,m168_GvpV_50fmol,0.2235,concentration,m169_GvpW_50fmol,0.8115,concentration,m567_GvpA,9.9759375,concentration,puc19,5.166875,concentration,water,0.43125,fraction
O23,m167_GvpN_50fmol,0.191625,concentration,m165_GvpJ_50fmol,0.203375,concentration,m166_GvpK_50fmol,0.21349999999999997,concentration,m163_GvpF_50fmol,0.816,concentration,m164_GvpG_50fmol,0.217875,concentration,m168_GvpV_50fmol,0.78225,concentration,m169_GvpW_50fmol,0.202875,concentration,m567_GvpA,9.9759375,concentration,puc19,6.643125,concentration,water,0.45,fraction
O24,m167_GvpN_50fmol,0.191625,concentration,m165_GvpJ_50fmol,0.8135,concentration,m166_GvpK_50fmol,0.21349999999999997,concentration,m163_GvpF_50fmol,0.816,concentration,m164_GvpG_50fmol,0.217875,concentration,m168_GvpV_50fmol,0.78225,concentration,m169_GvpW_50fmol,0.202875,concentration,m567_GvpA,9.9759375,concentration,puc19,5.5359375,concentration,water,0.43125,fraction
O3,m167_GvpN_50fmol,0.191625,concentration,m165_GvpJ_50fmol,0.203375,concentration,m166_GvpK_50fmol,0.21349999999999997,concentration,m163_GvpF_50fmol,0.204,concentration,m164_GvpG_50fmol,0.8715,concentration,m168_GvpV_50fmol,0.2235,concentration,m169_GvpW_50fmol,0.202875,concentration,m567_GvpA,9.9759375,concentration,puc19,7.7503125,concentration,water,0.4625,fraction
O4,m167_GvpN_50fmol,0.191625,concentration,m165_GvpJ_50fmol,0.203375,concentration,m166_GvpK_50fmol,1.7079999999999997,concentration,m163_GvpF_50fmol,0.204,concentration,m164_GvpG_50fmol,0.217875,concentration,m168_GvpV_50fmol,0.2235,concentration,m169_GvpW_50fmol,0.202875,concentration,m567_GvpA,9.9759375,concentration,puc19,6.2740625,concentration,water,0.4375,fraction
O5,m167_GvpN_50fmol,0.191625,concentration,m165_GvpJ_50fmol,0.203375,concentration,m166_GvpK_50fmol,0.8539999999999999,concentration,m163_GvpF_50fmol,0.204,concentration,m164_GvpG_50fmol,0.217875,concentration,m168_GvpV_50fmol,0.78225,concentration,m169_GvpW_50fmol,0.8115,concentration,m567_GvpA,9.9759375,concentration,puc19,5.5359375,concentration,water,0.43125,fraction
O6,m167_GvpN_50fmol,0.191625,concentration,m165_GvpJ_50fmol,0.8135,concentration,m166_GvpK_50fmol,0.21349999999999997,concentration,m163_GvpF_50fmol,0.816,concentration,m164_GvpG_50fmol,0.217875,concentration,m168_GvpV_50fmol,0.2235,concentration,m169_GvpW_50fmol,0.8115,concentration,m567_GvpA,9.9759375,concentration,puc19,5.166875,concentration,water,0.43125,fraction
O7,m167_GvpN_50fmol,0.191625,concentration,m165_GvpJ_50fmol,0.203375,concentration,m166_GvpK_50fmol,0.8539999999999999,concentration,m163_GvpF_50fmol,0.204,concentration,m164_GvpG_50fmol,0.217875,concentration,m168_GvpV_50fmol,0.2235,concentration,m169_GvpW_50fmol,0.202875,concentration,m567_GvpA,9.9759375,concentration,puc19,7.7503125,concentration,water,0.4625,fraction
O8,m167_GvpN_50fmol,0.191625,concentration,m165_GvpJ_50fmol,0.8135,concentration,m166_GvpK_50fmol,0.21349999999999997,concentration,m163_GvpF_50fmol,0.204,concentration,m164_GvpG_50fmol,0.8715,concentration,m168_GvpV_50fmol,0.78225,concentration,m169_GvpW_50fmol,0.202875,concentration,m567_GvpA,9.9759375,concentration,puc19,5.5359375,concentration,water,0.43125,fraction
O9,m167_GvpN_50fmol,0.191625,concentration,m165_GvpJ_50fmol,0.203375,concentration,m166_GvpK_50fmol,0.8539999999999999,concentration,m163_GvpF_50fmol,0.204,concentration,m164_GvpG_50fmol,0.217875,concentration,m168_GvpV_50fmol,0.78225,concentration,m169_GvpW_50fmol,0.8115,concentration,m567_GvpA,9.9759375,concentration,puc19,5.5359375,concentration,water,0.43125,fraction
P1,m167_GvpN_50fmol,0.8623125,concentration,m165_GvpJ_50fmol,0.203375,concentration,m166_GvpK_50fmol,0.21349999999999997,concentration,m163_GvpF_50fmol,0.816,concentration,m164_GvpG_50fmol,1.6340625,concentration,m168_GvpV_50fmol,0.0,concentration,m169_GvpW_50fmol,0.8115,concentration,m567_GvpA,9.9759375,concentration,puc19,2.9525,concentration,water,0.39375,fraction
P10,m167_GvpN_50fmol,0.8623125,concentration,m165_GvpJ_50fmol,0.8135,concentration,m166_GvpK_50fmol,0.8539999999999999,concentration,m163_GvpF_50fmol,0.816,concentration,m164_GvpG_50fmol,0.8715,concentration,m168_GvpV_50fmol,0.2235,concentration,m169_GvpW_50fmol,0.8115,concentration,m567_GvpA,9.9759375,concentration,puc19,1.8453125,concentration,water,0.36875,fraction
P11,m167_GvpN_50fmol,0.8623125,concentration,m165_GvpJ_50fmol,0.8135,concentration,m166_GvpK_50fmol,0.8539999999999999,concentration,m163_GvpF_50fmol,0.816,concentration,m164_GvpG_50fmol,0.8715,concentration,m168_GvpV_50fmol,0.78225,concentration,m169_GvpW_50fmol,0.8115,concentration,m567_GvpA,9.9759375,concentration,puc19,0.738125,concentration,water,0.35625,fraction
P12,m167_GvpN_50fmol,0.8623125,concentration,m165_GvpJ_50fmol,0.8135,concentration,m166_GvpK_50fmol,0.21349999999999997,concentration,m163_GvpF_50fmol,0.204,concentration,m164_GvpG_50fmol,0.8715,concentration,m168_GvpV_50fmol,0.2235,concentration,m169_GvpW_50fmol,0.202875,concentration,m567_GvpA,9.9759375,concentration,puc19,5.166875,concentration,water,0.425,fraction
P13,m167_GvpN_50fmol,0.8623125,concentration,m165_GvpJ_50fmol,0.203375,concentration,m166_GvpK_50fmol,0.8539999999999999,concentration,m163_GvpF_50fmol,0.204,concentration,m164_GvpG_50fmol,0.8715,concentration,m168_GvpV_50fmol,0.2235,concentration,m169_GvpW_50fmol,0.202875,concentration,m567_GvpA,9.9759375,concentration,puc19,5.5359375,concentration,water,0.41875,fraction
P14,m167_GvpN_50fmol,1.6288125,concentration,m165_GvpJ_50fmol,0.203375,concentration,m166_GvpK_50fmol,0.21349999999999997,concentration,m163_GvpF_50fmol,0.204,concentration,m164_GvpG_50fmol,0.217875,concentration,m168_GvpV_50fmol,0.2235,concentration,m169_GvpW_50fmol,0.202875,concentration,m567_GvpA,9.9759375,concentration,puc19,5.905,concentration,water,0.4375,fraction
P15,m167_GvpN_50fmol,0.191625,concentration,m165_GvpJ_50fmol,0.8135,concentration,m166_GvpK_50fmol,0.8539999999999999,concentration,m163_GvpF_50fmol,0.204,concentration,m164_GvpG_50fmol,0.8715,concentration,m168_GvpV_50fmol,0.2235,concentration,m169_GvpW_50fmol,0.202875,concentration,m567_GvpA,9.9759375,concentration,puc19,5.5359375,concentration,water,0.425,fraction
P16,m167_GvpN_50fmol,0.8623125,concentration,m165_GvpJ_50fmol,0.8135,concentration,m166_GvpK_50fmol,0.8539999999999999,concentration,m163_GvpF_50fmol,0.816,concentration,m164_GvpG_50fmol,0.217875,concentration,m168_GvpV_50fmol,0.78225,concentration,m169_GvpW_50fmol,0.8115,concentration,m567_GvpA,9.9759375,concentration,puc19,1.8453125,concentration,water,0.375,fraction
P17,m167_GvpN_50fmol,0.8623125,concentration,m165_GvpJ_50fmol,0.203375,concentration,m166_GvpK_50fmol,0.21349999999999997,concentration,m163_GvpF_50fmol,0.816,concentration,m164_GvpG_50fmol,0.217875,concentration,m168_GvpV_50fmol,0.2235,concentration,m169_GvpW_50fmol,0.8115,concentration,m567_GvpA,9.9759375,concentration,puc19,5.166875,concentration,water,0.425,fraction
P18,m167_GvpN_50fmol,0.8623125,concentration,m165_GvpJ_50fmol,0.8135,concentration,m166_GvpK_50fmol,0.21349999999999997,concentration,m163_GvpF_50fmol,0.204,concentration,m164_GvpG_50fmol,0.8715,concentration,m168_GvpV_50fmol,0.2235,concentration,m169_GvpW_50fmol,0.202875,concentration,m567_GvpA,9.9759375,concentration,puc19,5.166875,concentration,water,0.425,fraction
P19,m167_GvpN_50fmol,0.8623125,concentration,m165_GvpJ_50fmol,0.203375,concentration,m166_GvpK_50fmol,0.21349999999999997,concentration,m163_GvpF_50fmol,0.204,concentration,m164_GvpG_50fmol,0.8715,concentration,m168_GvpV_50fmol,0.2235,concentration,m169_GvpW_50fmol,0.8115,concentration,m567_GvpA,9.9759375,concentration,puc19,5.166875,concentration,water,0.425,fraction
P2,m167_GvpN_50fmol,0.8623125,concentration,m165_GvpJ_50fmol,0.8135,concentration,m166_GvpK_50fmol,0.8539999999999999,concentration,m163_GvpF_50fmol,0.204,concentration,m164_GvpG_50fmol,0.8715,concentration,m168_GvpV_50fmol,0.78225,concentration,m169_GvpW_50fmol,0.8115,concentration,m567_GvpA,9.9759375,concentration,puc19,1.8453125,concentration,water,0.375,fraction
P20,m167_GvpN_50fmol,0.8623125,concentration,m165_GvpJ_50fmol,0.203375,concentration,m166_GvpK_50fmol,0.8539999999999999,concentration,m163_GvpF_50fmol,0.816,concentration,m164_GvpG_50fmol,0.217875,concentration,m168_GvpV_50fmol,0.2235,concentration,m169_GvpW_50fmol,0.202875,concentration,m567_GvpA,9.9759375,concentration,puc19,5.166875,concentration,water,0.425,fraction
P21,m167_GvpN_50fmol,0.8623125,concentration,m165_GvpJ_50fmol,0.203375,concentration,m166_GvpK_50fmol,0.21349999999999997,concentration,m163_GvpF_50fmol,0.204,concentration,m164_GvpG_50fmol,0.217875,concentration,m168_GvpV_50fmol,0.78225,concentration,m169_GvpW_50fmol,0.202875,concentration,m567_GvpA,9.9759375,concentration,puc19,6.643125,concentration,water,0.44375,fraction
P22,m167_GvpN_50fmol,0.8623125,concentration,m165_GvpJ_50fmol,0.8135,concentration,m166_GvpK_50fmol,0.21349999999999997,concentration,m163_GvpF_50fmol,0.204,concentration,m164_GvpG_50fmol,0.217875,concentration,m168_GvpV_50fmol,0.78225,concentration,m169_GvpW_50fmol,0.202875,concentration,m567_GvpA,9.9759375,concentration,puc19,5.166875,concentration,water,0.43125,fraction
P23,m167_GvpN_50fmol,0.0,concentration,m165_GvpJ_50fmol,0.8135,concentration,m166_GvpK_50fmol,0.8539999999999999,concentration,m163_GvpF_50fmol,0.816,concentration,m164_GvpG_50fmol,0.8715,concentration,m168_GvpV_50fmol,0.78225,concentration,m169_GvpW_50fmol,0.8115,concentration,m567_GvpA,9.9759375,concentration,puc19,2.5834375,concentration,water,0.38125,fraction
P24,m167_GvpN_50fmol,0.8623125,concentration,m165_GvpJ_50fmol,0.8135,concentration,m166_GvpK_50fmol,0.8539999999999999,concentration,m163_GvpF_50fmol,0.816,concentration,m164_GvpG_50fmol,0.8715,concentration,m168_GvpV_50fmol,0.0,concentration,m169_GvpW_50fmol,0.8115,concentration,m567_GvpA,9.9759375,concentration,puc19,2.214375,concentration,water,0.375,fraction
P3,m167_GvpN_50fmol,0.8623125,concentration,m165_GvpJ_50fmol,0.203375,concentration,m166_GvpK_50fmol,0.21349999999999997,concentration,m163_GvpF_50fmol,0.816,concentration,m164_GvpG_50fmol,0.8715,concentration,m168_GvpV_50fmol,0.2235,concentration,m169_GvpW_50fmol,0.202875,concentration,m567_GvpA,9.9759375,concentration,puc19,5.166875,concentration,water,0.425,fraction
P4,m167_GvpN_50fmol,0.8623125,concentration,m165_GvpJ_50fmol,1.22025,concentration,m166_GvpK_50fmol,0.10674999999999998,concentration,m163_GvpF_50fmol,1.224,concentration,m164_GvpG_50fmol,1.1983125,concentration,m168_GvpV_50fmol,0.0,concentration,m169_GvpW_50fmol,1.21725,concentration,m567_GvpA,9.9759375,concentration,puc19,0.3690625,concentration,water,0.35625,fraction
P5,m167_GvpN_50fmol,0.0,concentration,m165_GvpJ_50fmol,0.8135,concentration,m166_GvpK_50fmol,0.8539999999999999,concentration,m163_GvpF_50fmol,0.816,concentration,m164_GvpG_50fmol,0.8715,concentration,m168_GvpV_50fmol,0.78225,concentration,m169_GvpW_50fmol,0.8115,concentration,m567_GvpA,9.9759375,concentration,puc19,2.5834375,concentration,water,0.38125,fraction
P6,m167_GvpN_50fmol,0.8623125,concentration,m165_GvpJ_50fmol,0.8135,concentration,m166_GvpK_50fmol,0.8539999999999999,concentration,m163_GvpF_50fmol,0.816,concentration,m164_GvpG_50fmol,0.0,concentration,m168_GvpV_50fmol,0.78225,concentration,m169_GvpW_50fmol,0.8115,concentration,m567_GvpA,9.9759375,concentration,puc19,2.214375,concentration,water,0.38125,fraction
P7,m167_GvpN_50fmol,0.8623125,concentration,m165_GvpJ_50fmol,0.203375,concentration,m166_GvpK_50fmol,0.21349999999999997,concentration,m163_GvpF_50fmol,0.816,concentration,m164_GvpG_50fmol,0.217875,concentration,m168_GvpV_50fmol,0.2235,concentration,m169_GvpW_50fmol,0.202875,concentration,m567_GvpA,9.9759375,concentration,puc19,6.2740625,concentration,water,0.44375,fraction
P8,m167_GvpN_50fmol,0.8623125,concentration,m165_GvpJ_50fmol,1.22025,concentration,m166_GvpK_50fmol,0.10674999999999998,concentration,m163_GvpF_50fmol,1.224,concentration,m164_GvpG_50fmol,1.1983125,concentration,m168_GvpV_50fmol,0.0,concentration,m169_GvpW_50fmol,1.21725,concentration,m567_GvpA,9.9759375,concentration,puc19,0.3690625,concentration,water,0.35625,fraction
P9,m167_GvpN_50fmol,0.0,concentration,m165_GvpJ_50fmol,0.8135,concentration,m166_GvpK_50fmol,0.8539999999999999,concentration,m163_GvpF_50fmol,0.816,concentration,m164_GvpG_50fmol,0.8715,concentration,m168_GvpV_50fmol,0.78225,concentration,m169_GvpW_50fmol,0.8115,concentration,m567_GvpA,9.9759375,concentration,puc19,2.5834375,concentration,water,0.38125,fraction
