Source Plate,Source Plate Type,Source Well,Sample ID,Destination Plate Name,Destination Well,Transfer Volume,Sample Comment
384_source_c1,384PP_Plus_AQ_BP,A1,water,Axygen 384,A1,1750,
384_source_c1,384PP_Plus_AQ_BP,A1,water,Axygen 384,A3,1850,
384_source_c1,384PP_Plus_AQ_BP,A1,water,Axygen 384,A5,1850,
384_source_c1,384PP_Plus_AQ_BP,A1,water,Axygen 384,A7,1850,
384_source_c1,384PP_Plus_AQ_BP,A1,water,Axygen 384,A9,1850,
384_source_c1,384PP_Plus_AQ_BP,A1,water,Axygen 384,A11,850,
384_source_c1,384PP_Plus_AQ_BP,A2,water,Axygen 384,A11,925,
384_source_c1,384PP_Plus_AQ_BP,A2,water,Axygen 384,A13,1850,
384_source_c1,384PP_Plus_AQ_BP,A2,water,Axygen 384,A15,1850,
384_source_c1,384PP_Plus_AQ_BP,A2,water,Axygen 384,A17,1875,
384_source_c1,384PP_Plus_AQ_BP,A2,water,Axygen 384,A19,1775,
384_source_c1,384PP_Plus_AQ_BP,A2,water,Axygen 384,A21,1725,
384_source_c1,384PP_Plus_AQ_BP,A3,water,Axygen 384,A23,1725,
384_source_c1,384PP_Plus_AQ_BP,A3,water,Axygen 384,C1,1800,
384_source_c1,384PP_Plus_AQ_BP,A3,water,Axygen 384,C3,1775,
384_source_c1,384PP_Plus_AQ_BP,A3,water,Axygen 384,C5,1800,
384_source_c1,384PP_Plus_AQ_BP,A3,water,Axygen 384,C7,1750,
384_source_c1,384PP_Plus_AQ_BP,A3,water,Axygen 384,C9,1150,
384_source_c1,384PP_Plus_AQ_BP,A4,water,Axygen 384,C9,625,
384_source_c1,384PP_Plus_AQ_BP,A4,water,Axygen 384,C11,1800,
384_source_c1,384PP_Plus_AQ_BP,A4,water,Axygen 384,C13,1775,
384_source_c1,384PP_Plus_AQ_BP,A4,water,Axygen 384,C15,1725,
384_source_c1,384PP_Plus_AQ_BP,A4,water,Axygen 384,C17,1800,
384_source_c1,384PP_Plus_AQ_BP,A4,water,Axygen 384,C19,1775,
384_source_c1,384PP_Plus_AQ_BP,A4,water,Axygen 384,C21,500,
384_source_c1,384PP_Plus_AQ_BP,A5,water,Axygen 384,C21,1275,
384_source_c1,384PP_Plus_AQ_BP,A5,water,Axygen 384,C23,1800,
384_source_c1,384PP_Plus_AQ_BP,A5,water,Axygen 384,E1,1725,
384_source_c1,384PP_Plus_AQ_BP,A5,water,Axygen 384,E3,1875,
384_source_c1,384PP_Plus_AQ_BP,A5,water,Axygen 384,E5,1775,
384_source_c1,384PP_Plus_AQ_BP,A5,water,Axygen 384,E7,1550,
384_source_c1,384PP_Plus_AQ_BP,A6,water,Axygen 384,E7,250,
384_source_c1,384PP_Plus_AQ_BP,A6,water,Axygen 384,E9,1800,
384_source_c1,384PP_Plus_AQ_BP,A6,water,Axygen 384,E11,1725,
384_source_c1,384PP_Plus_AQ_BP,A6,water,Axygen 384,E13,1875,
384_source_c1,384PP_Plus_AQ_BP,A6,water,Axygen 384,E17,1925,
384_source_c1,384PP_Plus_AQ_BP,A6,water,Axygen 384,E19,1750,
384_source_c1,384PP_Plus_AQ_BP,A6,water,Axygen 384,E21,675,
384_source_c1,384PP_Plus_AQ_BP,A7,water,Axygen 384,E21,750,
384_source_c1,384PP_Plus_AQ_BP,A7,water,Axygen 384,E23,1750,
384_source_c1,384PP_Plus_AQ_BP,A7,water,Axygen 384,G1,1725,
384_source_c1,384PP_Plus_AQ_BP,A7,water,Axygen 384,G3,1775,
384_source_c1,384PP_Plus_AQ_BP,A7,water,Axygen 384,G5,1775,
384_source_c1,384PP_Plus_AQ_BP,A7,water,Axygen 384,G7,1725,
384_source_c1,384PP_Plus_AQ_BP,A7,water,Axygen 384,G9,500,
384_source_c1,384PP_Plus_AQ_BP,A8,water,Axygen 384,G9,1250,
384_source_c1,384PP_Plus_AQ_BP,A8,water,Axygen 384,G11,1725,
384_source_c1,384PP_Plus_AQ_BP,A8,water,Axygen 384,G13,1775,
384_source_c1,384PP_Plus_AQ_BP,A8,water,Axygen 384,G15,1775,
384_source_c1,384PP_Plus_AQ_BP,A8,water,Axygen 384,G17,1775,
384_source_c1,384PP_Plus_AQ_BP,A8,water,Axygen 384,G19,1700,
384_source_c1,384PP_Plus_AQ_BP,A9,water,Axygen 384,G19,75,
384_source_c1,384PP_Plus_AQ_BP,A9,water,Axygen 384,G21,1750,
384_source_c1,384PP_Plus_AQ_BP,A9,water,Axygen 384,G23,1800,
384_source_c1,384PP_Plus_AQ_BP,A9,water,Axygen 384,I1,1775,
384_source_c1,384PP_Plus_AQ_BP,A9,water,Axygen 384,I3,1850,
384_source_c1,384PP_Plus_AQ_BP,A9,water,Axygen 384,I5,1775,
384_source_c1,384PP_Plus_AQ_BP,A9,water,Axygen 384,I7,975,
384_source_c1,384PP_Plus_AQ_BP,A10,water,Axygen 384,I7,800,
384_source_c1,384PP_Plus_AQ_BP,A10,water,Axygen 384,I9,1875,
384_source_c1,384PP_Plus_AQ_BP,A10,water,Axygen 384,I11,1725,
384_source_c1,384PP_Plus_AQ_BP,A10,water,Axygen 384,I13,1750,
384_source_c1,384PP_Plus_AQ_BP,A10,water,Axygen 384,I15,1700,
384_source_c1,384PP_Plus_AQ_BP,A10,water,Axygen 384,I17,1775,
384_source_c1,384PP_Plus_AQ_BP,A10,water,Axygen 384,I19,375,
384_source_c1,384PP_Plus_AQ_BP,A11,water,Axygen 384,I19,1425,
384_source_c1,384PP_Plus_AQ_BP,A11,water,Axygen 384,I21,1775,
384_source_c1,384PP_Plus_AQ_BP,A11,water,Axygen 384,I23,2050,
384_source_c1,384PP_Plus_AQ_BP,A11,water,Axygen 384,K1,1725,
384_source_c1,384PP_Plus_AQ_BP,A11,water,Axygen 384,K3,1850,
384_source_c1,384PP_Plus_AQ_BP,A11,water,Axygen 384,K5,1175,
384_source_c1,384PP_Plus_AQ_BP,A12,water,Axygen 384,K5,625,
384_source_c1,384PP_Plus_AQ_BP,A12,water,Axygen 384,K7,1725,
384_source_c1,384PP_Plus_AQ_BP,A12,water,Axygen 384,K9,1775,
384_source_c1,384PP_Plus_AQ_BP,A12,water,Axygen 384,K11,1725,
384_source_c1,384PP_Plus_AQ_BP,A12,water,Axygen 384,K13,1700,
384_source_c1,384PP_Plus_AQ_BP,A12,water,Axygen 384,K15,1925,
384_source_c1,384PP_Plus_AQ_BP,A12,water,Axygen 384,K17,525,
384_source_c1,384PP_Plus_AQ_BP,A13,water,Axygen 384,K17,1325,
384_source_c1,384PP_Plus_AQ_BP,A13,water,Axygen 384,K19,1850,
384_source_c1,384PP_Plus_AQ_BP,A13,water,Axygen 384,K21,1775,
384_source_c1,384PP_Plus_AQ_BP,A13,water,Axygen 384,K23,1800,
384_source_c1,384PP_Plus_AQ_BP,A13,water,Axygen 384,M1,1425,
384_source_c1,384PP_Plus_AQ_BP,A13,water,Axygen 384,M3,1775,
384_source_c1,384PP_Plus_AQ_BP,A13,water,Axygen 384,M5,50,
384_source_c1,384PP_Plus_AQ_BP,A14,water,Axygen 384,M5,1675,
384_source_c1,384PP_Plus_AQ_BP,A14,water,Axygen 384,M7,1425,
384_source_c1,384PP_Plus_AQ_BP,A14,water,Axygen 384,M9,1775,
384_source_c1,384PP_Plus_AQ_BP,A14,water,Axygen 384,M11,1700,
384_source_c1,384PP_Plus_AQ_BP,A14,water,Axygen 384,M13,1800,
384_source_c1,384PP_Plus_AQ_BP,A14,water,Axygen 384,M15,1625,
384_source_c1,384PP_Plus_AQ_BP,A15,water,Axygen 384,M15,150,
384_source_c1,384PP_Plus_AQ_BP,A15,water,Axygen 384,M17,1800,
384_source_c1,384PP_Plus_AQ_BP,A15,water,Axygen 384,M19,1850,
384_source_c1,384PP_Plus_AQ_BP,A15,water,Axygen 384,M21,1725,
384_source_c1,384PP_Plus_AQ_BP,A15,water,Axygen 384,M23,1850,
384_source_c1,384PP_Plus_AQ_BP,A15,water,Axygen 384,O1,1850,
384_source_c1,384PP_Plus_AQ_BP,A15,water,Axygen 384,O3,775,
384_source_c1,384PP_Plus_AQ_BP,A16,water,Axygen 384,O3,1075,
384_source_c1,384PP_Plus_AQ_BP,A16,water,Axygen 384,O5,1725,
384_source_c1,384PP_Plus_AQ_BP,A16,water,Axygen 384,O7,1850,
384_source_c1,384PP_Plus_AQ_BP,A16,water,Axygen 384,O9,1725,
384_source_c1,384PP_Plus_AQ_BP,A16,water,Axygen 384,O11,1800,
384_source_c1,384PP_Plus_AQ_BP,A16,water,Axygen 384,O13,1825,
384_source_c1,384PP_Plus_AQ_BP,A17,water,Axygen 384,O13,25,
384_source_c1,384PP_Plus_AQ_BP,A17,water,Axygen 384,O15,1700,
384_source_c1,384PP_Plus_AQ_BP,A17,water,Axygen 384,O17,1750,
384_source_c1,384PP_Plus_AQ_BP,A17,water,Axygen 384,O19,1800,
384_source_c1,384PP_Plus_AQ_BP,A17,water,Axygen 384,O21,1925,
384_source_c1,384PP_Plus_AQ_BP,A17,water,Axygen 384,O23,1800,
384_source_c1,384PP_Plus_AQ_BP,A17,water,Axygen 384,E15,1000,
384_source_c1,384PP_Plus_AQ_BP,A18,water,Axygen 384,E15,1050,
384_source_c1,384PP_Plus_AQ_BP,A18,water,Axygen 384,A2,1725,
384_source_c1,384PP_Plus_AQ_BP,A18,water,Axygen 384,A4,1775,
384_source_c1,384PP_Plus_AQ_BP,A18,water,Axygen 384,A6,1775,
384_source_c1,384PP_Plus_AQ_BP,A18,water,Axygen 384,A8,1725,
384_source_c1,384PP_Plus_AQ_BP,A18,water,Axygen 384,A10,1700,
384_source_c1,384PP_Plus_AQ_BP,A18,water,Axygen 384,A12,250,
384_source_c1,384PP_Plus_AQ_BP,A19,water,Axygen 384,A12,1475,
384_source_c1,384PP_Plus_AQ_BP,A19,water,Axygen 384,A14,1725,
384_source_c1,384PP_Plus_AQ_BP,A19,water,Axygen 384,A16,1775,
384_source_c1,384PP_Plus_AQ_BP,A19,water,Axygen 384,A18,1725,
384_source_c1,384PP_Plus_AQ_BP,A19,water,Axygen 384,A20,1775,
384_source_c1,384PP_Plus_AQ_BP,A19,water,Axygen 384,A22,1525,
384_source_c1,384PP_Plus_AQ_BP,A20,water,Axygen 384,A22,200,
384_source_c1,384PP_Plus_AQ_BP,A20,water,Axygen 384,A24,1775,
384_source_c1,384PP_Plus_AQ_BP,A20,water,Axygen 384,C2,1700,
384_source_c1,384PP_Plus_AQ_BP,A20,water,Axygen 384,C4,1775,
384_source_c1,384PP_Plus_AQ_BP,A20,water,Axygen 384,C6,1725,
384_source_c1,384PP_Plus_AQ_BP,A20,water,Axygen 384,C8,1775,
384_source_c1,384PP_Plus_AQ_BP,A20,water,Axygen 384,C10,1050,
384_source_c1,384PP_Plus_AQ_BP,A21,water,Axygen 384,C10,650,
384_source_c1,384PP_Plus_AQ_BP,A21,water,Axygen 384,C12,1775,
384_source_c1,384PP_Plus_AQ_BP,A21,water,Axygen 384,C14,1725,
384_source_c1,384PP_Plus_AQ_BP,A21,water,Axygen 384,C16,1700,
384_source_c1,384PP_Plus_AQ_BP,A21,water,Axygen 384,C18,1725,
384_source_c1,384PP_Plus_AQ_BP,A21,water,Axygen 384,C20,1775,
384_source_c1,384PP_Plus_AQ_BP,A21,water,Axygen 384,C22,650,
384_source_c1,384PP_Plus_AQ_BP,A22,water,Axygen 384,C22,1050,
384_source_c1,384PP_Plus_AQ_BP,A22,water,Axygen 384,C24,1425,
384_source_c1,384PP_Plus_AQ_BP,A22,water,Axygen 384,E2,1775,
384_source_c1,384PP_Plus_AQ_BP,A22,water,Axygen 384,E4,1725,
384_source_c1,384PP_Plus_AQ_BP,A22,water,Axygen 384,E6,1925,
384_source_c1,384PP_Plus_AQ_BP,A22,water,Axygen 384,E8,1700,
384_source_c1,384PP_Plus_AQ_BP,A22,water,Axygen 384,E10,400,
384_source_c1,384PP_Plus_AQ_BP,A23,water,Axygen 384,E10,1375,
384_source_c1,384PP_Plus_AQ_BP,A23,water,Axygen 384,E12,1725,
384_source_c1,384PP_Plus_AQ_BP,A23,water,Axygen 384,E14,1725,
384_source_c1,384PP_Plus_AQ_BP,A23,water,Axygen 384,E18,1850,
384_source_c1,384PP_Plus_AQ_BP,A23,water,Axygen 384,E20,1725,
384_source_c1,384PP_Plus_AQ_BP,A23,water,Axygen 384,E22,1600,
384_source_c1,384PP_Plus_AQ_BP,A24,water,Axygen 384,E22,100,
384_source_c1,384PP_Plus_AQ_BP,A24,water,Axygen 384,E24,1775,
384_source_c1,384PP_Plus_AQ_BP,A24,water,Axygen 384,G2,1425,
384_source_c1,384PP_Plus_AQ_BP,A24,water,Axygen 384,G4,1425,
384_source_c1,384PP_Plus_AQ_BP,A24,water,Axygen 384,G6,1775,
384_source_c1,384PP_Plus_AQ_BP,A24,water,Axygen 384,G8,1700,
384_source_c1,384PP_Plus_AQ_BP,A24,water,Axygen 384,G10,1700,
384_source_c1,384PP_Plus_AQ_BP,A24,water,Axygen 384,G12,100,
384_source_c1,384PP_Plus_AQ_BP,B1,water,Axygen 384,G12,1625,
384_source_c1,384PP_Plus_AQ_BP,B1,water,Axygen 384,G14,1725,
384_source_c1,384PP_Plus_AQ_BP,B1,water,Axygen 384,G16,1700,
384_source_c1,384PP_Plus_AQ_BP,B1,water,Axygen 384,G18,1800,
384_source_c1,384PP_Plus_AQ_BP,B1,water,Axygen 384,G20,1725,
384_source_c1,384PP_Plus_AQ_BP,B1,water,Axygen 384,G22,1425,
384_source_c1,384PP_Plus_AQ_BP,B7,water,Axygen 384,G22,275,
384_source_c1,384PP_Plus_AQ_BP,B7,water,Axygen 384,G24,1750,
384_source_c1,384PP_Plus_AQ_BP,B7,water,Axygen 384,I2,1775,
384_source_c1,384PP_Plus_AQ_BP,B7,water,Axygen 384,I4,1700,
384_source_c1,384PP_Plus_AQ_BP,B7,water,Axygen 384,I6,1725,
384_source_c1,384PP_Plus_AQ_BP,B7,water,Axygen 384,I8,1775,
384_source_c1,384PP_Plus_AQ_BP,B7,water,Axygen 384,I10,1000,
384_source_c1,384PP_Plus_AQ_BP,B9,water,Axygen 384,I10,1050,
384_source_c1,384PP_Plus_AQ_BP,B9,water,Axygen 384,I12,1925,
384_source_c1,384PP_Plus_AQ_BP,B9,water,Axygen 384,I14,1700,
384_source_c1,384PP_Plus_AQ_BP,B9,water,Axygen 384,I16,1725,
384_source_c1,384PP_Plus_AQ_BP,B9,water,Axygen 384,I18,1750,
384_source_c1,384PP_Plus_AQ_BP,B9,water,Axygen 384,I20,1700,
384_source_c1,384PP_Plus_AQ_BP,B9,water,Axygen 384,I22,150,
384_source_c1,384PP_Plus_AQ_BP,B11,water,Axygen 384,I22,1650,
384_source_c1,384PP_Plus_AQ_BP,B11,water,Axygen 384,I24,1800,
384_source_c1,384PP_Plus_AQ_BP,B11,water,Axygen 384,K2,1725,
384_source_c1,384PP_Plus_AQ_BP,B11,water,Axygen 384,K4,1775,
384_source_c1,384PP_Plus_AQ_BP,B11,water,Axygen 384,K6,1700,
384_source_c1,384PP_Plus_AQ_BP,B11,water,Axygen 384,K8,1350,
384_source_c1,384PP_Plus_AQ_BP,B13,water,Axygen 384,K8,350,
384_source_c1,384PP_Plus_AQ_BP,B13,water,Axygen 384,K10,1800,
384_source_c1,384PP_Plus_AQ_BP,B13,water,Axygen 384,K12,1700,
384_source_c1,384PP_Plus_AQ_BP,B13,water,Axygen 384,K14,1775,
384_source_c1,384PP_Plus_AQ_BP,B13,water,Axygen 384,K16,1700,
384_source_c1,384PP_Plus_AQ_BP,B13,water,Axygen 384,K18,1750,
384_source_c1,384PP_Plus_AQ_BP,B13,water,Axygen 384,K20,925,
384_source_c1,384PP_Plus_AQ_BP,B15,water,Axygen 384,K20,775,
384_source_c1,384PP_Plus_AQ_BP,B15,water,Axygen 384,K22,1775,
384_source_c1,384PP_Plus_AQ_BP,B15,water,Axygen 384,K24,1775,
384_source_c1,384PP_Plus_AQ_BP,B15,water,Axygen 384,M2,1775,
384_source_c1,384PP_Plus_AQ_BP,B15,water,Axygen 384,M4,1850,
384_source_c1,384PP_Plus_AQ_BP,B15,water,Axygen 384,M6,1725,
384_source_c1,384PP_Plus_AQ_BP,B15,water,Axygen 384,M8,325,
384_source_c1,384PP_Plus_AQ_BP,B17,water,Axygen 384,M8,1450,
384_source_c1,384PP_Plus_AQ_BP,B17,water,Axygen 384,M10,1700,
384_source_c1,384PP_Plus_AQ_BP,B17,water,Axygen 384,M12,1725,
384_source_c1,384PP_Plus_AQ_BP,B17,water,Axygen 384,M14,1700,
384_source_c1,384PP_Plus_AQ_BP,B17,water,Axygen 384,M16,1850,
384_source_c1,384PP_Plus_AQ_BP,B17,water,Axygen 384,M18,1575,
384_source_c1,384PP_Plus_AQ_BP,B21,water,Axygen 384,M18,150,
384_source_c1,384PP_Plus_AQ_BP,B21,water,Axygen 384,M20,1700,
384_source_c1,384PP_Plus_AQ_BP,B21,water,Axygen 384,M22,1775,
384_source_c1,384PP_Plus_AQ_BP,B21,water,Axygen 384,M24,1850,
384_source_c1,384PP_Plus_AQ_BP,B21,water,Axygen 384,O2,1925,
384_source_c1,384PP_Plus_AQ_BP,B21,water,Axygen 384,O4,1750,
384_source_c1,384PP_Plus_AQ_BP,B21,water,Axygen 384,O6,850,
384_source_c1,384PP_Plus_AQ_BP,B22,water,Axygen 384,O6,875,
384_source_c1,384PP_Plus_AQ_BP,B22,water,Axygen 384,O8,1725,
384_source_c1,384PP_Plus_AQ_BP,B22,water,Axygen 384,O10,1700,
384_source_c1,384PP_Plus_AQ_BP,B22,water,Axygen 384,O12,1775,
384_source_c1,384PP_Plus_AQ_BP,B22,water,Axygen 384,O14,1700,
384_source_c1,384PP_Plus_AQ_BP,B22,water,Axygen 384,O16,1725,
384_source_c1,384PP_Plus_AQ_BP,B22,water,Axygen 384,O18,500,
384_source_c1,384PP_Plus_AQ_BP,B23,water,Axygen 384,O18,1225,
384_source_c1,384PP_Plus_AQ_BP,B23,water,Axygen 384,O20,1775,
384_source_c1,384PP_Plus_AQ_BP,B23,water,Axygen 384,O22,1725,
384_source_c1,384PP_Plus_AQ_BP,B23,water,Axygen 384,O24,1725,
384_source_c1,384PP_Plus_AQ_BP,B23,water,Axygen 384,E16,2050,
384_source_c1,384PP_Plus_AQ_BP,B23,water,Axygen 384,B1,1500,
384_source_c1,384PP_Plus_AQ_BP,B24,water,Axygen 384,B1,250,
384_source_c1,384PP_Plus_AQ_BP,B24,water,Axygen 384,B3,1775,
384_source_c1,384PP_Plus_AQ_BP,B24,water,Axygen 384,B5,1825,
384_source_c1,384PP_Plus_AQ_BP,B24,water,Axygen 384,B7,1425,
384_source_c1,384PP_Plus_AQ_BP,B24,water,Axygen 384,B9,1725,
384_source_c1,384PP_Plus_AQ_BP,B24,water,Axygen 384,B11,1700,
384_source_c1,384PP_Plus_AQ_BP,B24,water,Axygen 384,B13,1300,
384_source_c1,384PP_Plus_AQ_BP,C1,water,Axygen 384,B13,400,
384_source_c1,384PP_Plus_AQ_BP,C1,water,Axygen 384,B15,1825,
384_source_c1,384PP_Plus_AQ_BP,C1,water,Axygen 384,B17,1825,
384_source_c1,384PP_Plus_AQ_BP,C1,water,Axygen 384,B19,1925,
384_source_c1,384PP_Plus_AQ_BP,C1,water,Axygen 384,B21,1700,
384_source_c1,384PP_Plus_AQ_BP,C1,water,Axygen 384,B23,1775,
384_source_c1,384PP_Plus_AQ_BP,C1,water,Axygen 384,D1,550,
384_source_c1,384PP_Plus_AQ_BP,C7,water,Axygen 384,D1,1175,
384_source_c1,384PP_Plus_AQ_BP,C7,water,Axygen 384,D3,1575,
384_source_c1,384PP_Plus_AQ_BP,C7,water,Axygen 384,D5,1550,
384_source_c1,384PP_Plus_AQ_BP,C7,water,Axygen 384,D7,2050,
384_source_c1,384PP_Plus_AQ_BP,C7,water,Axygen 384,D9,1675,
384_source_c1,384PP_Plus_AQ_BP,C7,water,Axygen 384,D11,1775,
384_source_c1,384PP_Plus_AQ_BP,C7,water,Axygen 384,D13,200,
384_source_c1,384PP_Plus_AQ_BP,C9,water,Axygen 384,D13,1525,
384_source_c1,384PP_Plus_AQ_BP,C9,water,Axygen 384,D15,1700,
384_source_c1,384PP_Plus_AQ_BP,C9,water,Axygen 384,D17,1750,
384_source_c1,384PP_Plus_AQ_BP,C9,water,Axygen 384,D19,1725,
384_source_c1,384PP_Plus_AQ_BP,C9,water,Axygen 384,D21,1700,
384_source_c1,384PP_Plus_AQ_BP,C9,water,Axygen 384,D23,1575,
384_source_c1,384PP_Plus_AQ_BP,C9,water,Axygen 384,F1,25,
384_source_c1,384PP_Plus_AQ_BP,C11,water,Axygen 384,F1,1675,
384_source_c1,384PP_Plus_AQ_BP,C11,water,Axygen 384,F3,1675,
384_source_c1,384PP_Plus_AQ_BP,C11,water,Axygen 384,F5,1575,
384_source_c1,384PP_Plus_AQ_BP,C11,water,Axygen 384,F7,1675,
384_source_c1,384PP_Plus_AQ_BP,C11,water,Axygen 384,F9,1775,
384_source_c1,384PP_Plus_AQ_BP,C11,water,Axygen 384,F11,1625,
384_source_c1,384PP_Plus_AQ_BP,C13,water,Axygen 384,F11,100,
384_source_c1,384PP_Plus_AQ_BP,C13,water,Axygen 384,F13,1700,
384_source_c1,384PP_Plus_AQ_BP,C13,water,Axygen 384,F17,1700,
384_source_c1,384PP_Plus_AQ_BP,C13,water,Axygen 384,F19,1700,
384_source_c1,384PP_Plus_AQ_BP,C13,water,Axygen 384,F21,1700,
384_source_c1,384PP_Plus_AQ_BP,C13,water,Axygen 384,F23,1700,
384_source_c1,384PP_Plus_AQ_BP,C13,water,Axygen 384,H1,1400,
384_source_c1,384PP_Plus_AQ_BP,C15,water,Axygen 384,H1,300,
384_source_c1,384PP_Plus_AQ_BP,C15,water,Axygen 384,H3,1825,
384_source_c1,384PP_Plus_AQ_BP,C15,water,Axygen 384,H5,1925,
384_source_c1,384PP_Plus_AQ_BP,C15,water,Axygen 384,H7,1775,
384_source_c1,384PP_Plus_AQ_BP,C15,water,Axygen 384,H9,1775,
384_source_c1,384PP_Plus_AQ_BP,C15,water,Axygen 384,H11,1700,
384_source_c1,384PP_Plus_AQ_BP,C15,water,Axygen 384,H13,700,
384_source_c1,384PP_Plus_AQ_BP,C17,water,Axygen 384,H13,1050,
384_source_c1,384PP_Plus_AQ_BP,C17,water,Axygen 384,H15,1775,
384_source_c1,384PP_Plus_AQ_BP,C17,water,Axygen 384,H17,1750,
384_source_c1,384PP_Plus_AQ_BP,C17,water,Axygen 384,H19,1700,
384_source_c1,384PP_Plus_AQ_BP,C17,water,Axygen 384,H21,1550,
384_source_c1,384PP_Plus_AQ_BP,C17,water,Axygen 384,H23,1750,
384_source_c1,384PP_Plus_AQ_BP,C17,water,Axygen 384,J1,425,
384_source_c1,384PP_Plus_AQ_BP,C21,water,Axygen 384,J1,1325,
384_source_c1,384PP_Plus_AQ_BP,C21,water,Axygen 384,J3,1525,
384_source_c1,384PP_Plus_AQ_BP,C21,water,Axygen 384,J5,1750,
384_source_c1,384PP_Plus_AQ_BP,C21,water,Axygen 384,J7,1700,
384_source_c1,384PP_Plus_AQ_BP,C21,water,Axygen 384,J9,1700,
384_source_c1,384PP_Plus_AQ_BP,C21,water,Axygen 384,J11,1525,
384_source_c1,384PP_Plus_AQ_BP,C21,water,Axygen 384,J13,475,
384_source_c1,384PP_Plus_AQ_BP,C22,water,Axygen 384,J13,1300,
384_source_c1,384PP_Plus_AQ_BP,C22,water,Axygen 384,J15,1700,
384_source_c1,384PP_Plus_AQ_BP,C22,water,Axygen 384,J17,1750,
384_source_c1,384PP_Plus_AQ_BP,C22,water,Axygen 384,J19,1525,
384_source_c1,384PP_Plus_AQ_BP,C22,water,Axygen 384,J21,1700,
384_source_c1,384PP_Plus_AQ_BP,C22,water,Axygen 384,J23,1700,
384_source_c1,384PP_Plus_AQ_BP,C22,water,Axygen 384,L1,325,
384_source_c1,384PP_Plus_AQ_BP,C23,water,Axygen 384,L1,1200,
384_source_c1,384PP_Plus_AQ_BP,C23,water,Axygen 384,L3,1700,
384_source_c1,384PP_Plus_AQ_BP,C23,water,Axygen 384,L5,1925,
384_source_c1,384PP_Plus_AQ_BP,C23,water,Axygen 384,L7,1525,
384_source_c1,384PP_Plus_AQ_BP,C23,water,Axygen 384,L9,1700,
384_source_c1,384PP_Plus_AQ_BP,C23,water,Axygen 384,L11,1750,
384_source_c1,384PP_Plus_AQ_BP,C23,water,Axygen 384,L13,200,
384_source_c1,384PP_Plus_AQ_BP,C24,water,Axygen 384,L13,1525,
384_source_c1,384PP_Plus_AQ_BP,C24,water,Axygen 384,L15,1700,
384_source_c1,384PP_Plus_AQ_BP,C24,water,Axygen 384,L17,1775,
384_source_c1,384PP_Plus_AQ_BP,C24,water,Axygen 384,L19,1700,
384_source_c1,384PP_Plus_AQ_BP,C24,water,Axygen 384,L21,1700,
384_source_c1,384PP_Plus_AQ_BP,C24,water,Axygen 384,L23,1600,
384_source_c1,384PP_Plus_AQ_BP,D1,water,Axygen 384,L23,100,
384_source_c1,384PP_Plus_AQ_BP,D1,water,Axygen 384,N1,1550,
384_source_c1,384PP_Plus_AQ_BP,D1,water,Axygen 384,N3,1725,
384_source_c1,384PP_Plus_AQ_BP,D1,water,Axygen 384,N5,1750,
384_source_c1,384PP_Plus_AQ_BP,D1,water,Axygen 384,N7,1550,
384_source_c1,384PP_Plus_AQ_BP,D1,water,Axygen 384,N9,1775,
384_source_c1,384PP_Plus_AQ_BP,D1,water,Axygen 384,N11,1550,
384_source_c1,384PP_Plus_AQ_BP,D7,water,Axygen 384,N11,150,
384_source_c1,384PP_Plus_AQ_BP,D7,water,Axygen 384,N13,1750,
384_source_c1,384PP_Plus_AQ_BP,D7,water,Axygen 384,N15,1725,
384_source_c1,384PP_Plus_AQ_BP,D7,water,Axygen 384,N17,1750,
384_source_c1,384PP_Plus_AQ_BP,D7,water,Axygen 384,N19,1700,
384_source_c1,384PP_Plus_AQ_BP,D7,water,Axygen 384,N21,1700,
384_source_c1,384PP_Plus_AQ_BP,D7,water,Axygen 384,N23,1225,
384_source_c1,384PP_Plus_AQ_BP,D9,water,Axygen 384,N23,200,
384_source_c1,384PP_Plus_AQ_BP,D9,water,Axygen 384,P1,1575,
384_source_c1,384PP_Plus_AQ_BP,D9,water,Axygen 384,P3,1700,
384_source_c1,384PP_Plus_AQ_BP,D9,water,Axygen 384,P5,1525,
384_source_c1,384PP_Plus_AQ_BP,D9,water,Axygen 384,P7,1775,
384_source_c1,384PP_Plus_AQ_BP,D9,water,Axygen 384,P9,1525,
384_source_c1,384PP_Plus_AQ_BP,D9,water,Axygen 384,P11,1425,
384_source_c1,384PP_Plus_AQ_BP,D9,water,Axygen 384,P13,275,
384_source_c1,384PP_Plus_AQ_BP,D11,water,Axygen 384,P13,1400,
384_source_c1,384PP_Plus_AQ_BP,D11,water,Axygen 384,P15,1700,
384_source_c1,384PP_Plus_AQ_BP,D11,water,Axygen 384,P17,1700,
384_source_c1,384PP_Plus_AQ_BP,D11,water,Axygen 384,P19,1700,
384_source_c1,384PP_Plus_AQ_BP,D11,water,Axygen 384,P21,1775,
384_source_c1,384PP_Plus_AQ_BP,D11,water,Axygen 384,P23,1525,
384_source_c1,384PP_Plus_AQ_BP,D11,water,Axygen 384,F15,200,
384_source_c1,384PP_Plus_AQ_BP,D13,water,Axygen 384,F15,1850,
384_source_c1,384PP_Plus_AQ_BP,D13,water,Axygen 384,B2,1700,
384_source_c1,384PP_Plus_AQ_BP,D13,water,Axygen 384,B4,1700,
384_source_c1,384PP_Plus_AQ_BP,D13,water,Axygen 384,B6,1475,
384_source_c1,384PP_Plus_AQ_BP,D13,water,Axygen 384,B8,1500,
384_source_c1,384PP_Plus_AQ_BP,D13,water,Axygen 384,B10,1500,
384_source_c1,384PP_Plus_AQ_BP,D13,water,Axygen 384,B12,275,
384_source_c1,384PP_Plus_AQ_BP,D15,water,Axygen 384,B12,1250,
384_source_c1,384PP_Plus_AQ_BP,D15,water,Axygen 384,B14,1475,
384_source_c1,384PP_Plus_AQ_BP,D15,water,Axygen 384,B16,1700,
384_source_c1,384PP_Plus_AQ_BP,D15,water,Axygen 384,B18,1700,
384_source_c1,384PP_Plus_AQ_BP,D15,water,Axygen 384,B20,1500,
384_source_c1,384PP_Plus_AQ_BP,D15,water,Axygen 384,B22,1525,
384_source_c1,384PP_Plus_AQ_BP,D15,water,Axygen 384,B24,850,
384_source_c1,384PP_Plus_AQ_BP,D17,water,Axygen 384,B24,575,
384_source_c1,384PP_Plus_AQ_BP,D17,water,Axygen 384,D2,1525,
384_source_c1,384PP_Plus_AQ_BP,D17,water,Axygen 384,D4,1500,
384_source_c1,384PP_Plus_AQ_BP,D17,water,Axygen 384,D6,1700,
384_source_c1,384PP_Plus_AQ_BP,D17,water,Axygen 384,D8,1500,
384_source_c1,384PP_Plus_AQ_BP,D17,water,Axygen 384,D10,1500,
384_source_c1,384PP_Plus_AQ_BP,D17,water,Axygen 384,D12,1525,
384_source_c1,384PP_Plus_AQ_BP,D17,water,Axygen 384,D14,175,
384_source_c1,384PP_Plus_AQ_BP,D20,water,Axygen 384,D14,1525,
384_source_c1,384PP_Plus_AQ_BP,D20,water,Axygen 384,D16,1700,
384_source_c1,384PP_Plus_AQ_BP,D20,water,Axygen 384,D18,1525,
384_source_c1,384PP_Plus_AQ_BP,D20,water,Axygen 384,D20,1775,
384_source_c1,384PP_Plus_AQ_BP,D20,water,Axygen 384,D22,1425,
384_source_c1,384PP_Plus_AQ_BP,D20,water,Axygen 384,D24,1475,
384_source_c1,384PP_Plus_AQ_BP,D20,water,Axygen 384,F2,575,
384_source_c1,384PP_Plus_AQ_BP,D21,water,Axygen 384,F2,850,
384_source_c1,384PP_Plus_AQ_BP,D21,water,Axygen 384,F4,1775,
384_source_c1,384PP_Plus_AQ_BP,D21,water,Axygen 384,F6,1775,
384_source_c1,384PP_Plus_AQ_BP,D21,water,Axygen 384,F8,1925,
384_source_c1,384PP_Plus_AQ_BP,D21,water,Axygen 384,F10,1500,
384_source_c1,384PP_Plus_AQ_BP,D21,water,Axygen 384,F12,1725,
384_source_c1,384PP_Plus_AQ_BP,D21,water,Axygen 384,F14,450,
384_source_c1,384PP_Plus_AQ_BP,D22,water,Axygen 384,F14,1050,
384_source_c1,384PP_Plus_AQ_BP,D22,water,Axygen 384,F18,1500,
384_source_c1,384PP_Plus_AQ_BP,D22,water,Axygen 384,F20,1500,
384_source_c1,384PP_Plus_AQ_BP,D22,water,Axygen 384,F22,1700,
384_source_c1,384PP_Plus_AQ_BP,D22,water,Axygen 384,F24,1725,
384_source_c1,384PP_Plus_AQ_BP,D22,water,Axygen 384,H2,1425,
384_source_c1,384PP_Plus_AQ_BP,D22,water,Axygen 384,H4,1100,
384_source_c1,384PP_Plus_AQ_BP,D23,water,Axygen 384,H4,600,
384_source_c1,384PP_Plus_AQ_BP,D23,water,Axygen 384,H6,1525,
384_source_c1,384PP_Plus_AQ_BP,D23,water,Axygen 384,H8,1500,
384_source_c1,384PP_Plus_AQ_BP,D23,water,Axygen 384,H10,1500,
384_source_c1,384PP_Plus_AQ_BP,D23,water,Axygen 384,H12,1700,
384_source_c1,384PP_Plus_AQ_BP,D23,water,Axygen 384,H14,1925,
384_source_c1,384PP_Plus_AQ_BP,D23,water,Axygen 384,H16,1250,
384_source_c1,384PP_Plus_AQ_BP,D24,water,Axygen 384,H16,450,
384_source_c1,384PP_Plus_AQ_BP,D24,water,Axygen 384,H18,1700,
384_source_c1,384PP_Plus_AQ_BP,D24,water,Axygen 384,H20,1775,
384_source_c1,384PP_Plus_AQ_BP,D24,water,Axygen 384,H22,1500,
384_source_c1,384PP_Plus_AQ_BP,D24,water,Axygen 384,H24,1525,
384_source_c1,384PP_Plus_AQ_BP,D24,water,Axygen 384,J2,1500,
384_source_c1,384PP_Plus_AQ_BP,D24,water,Axygen 384,J4,1550,
384_source_c1,384PP_Plus_AQ_BP,E1,water,Axygen 384,J4,150,
384_source_c1,384PP_Plus_AQ_BP,E1,water,Axygen 384,J6,1525,
384_source_c1,384PP_Plus_AQ_BP,E1,water,Axygen 384,J8,2050,
384_source_c1,384PP_Plus_AQ_BP,E1,water,Axygen 384,J10,1425,
384_source_c1,384PP_Plus_AQ_BP,E1,water,Axygen 384,J12,1525,
384_source_c1,384PP_Plus_AQ_BP,E1,water,Axygen 384,J14,1525,
384_source_c1,384PP_Plus_AQ_BP,E1,water,Axygen 384,J16,1425,
384_source_c1,384PP_Plus_AQ_BP,E1,water,Axygen 384,J18,375,
384_source_c1,384PP_Plus_AQ_BP,E7,water,Axygen 384,J18,1325,
384_source_c1,384PP_Plus_AQ_BP,E7,water,Axygen 384,J20,1500,
384_source_c1,384PP_Plus_AQ_BP,E7,water,Axygen 384,J22,1500,
384_source_c1,384PP_Plus_AQ_BP,E7,water,Axygen 384,J24,1525,
384_source_c1,384PP_Plus_AQ_BP,E7,water,Axygen 384,L2,1500,
384_source_c1,384PP_Plus_AQ_BP,E7,water,Axygen 384,L4,1525,
384_source_c1,384PP_Plus_AQ_BP,E7,water,Axygen 384,L6,1125,
384_source_c1,384PP_Plus_AQ_BP,E9,water,Axygen 384,L6,375,
384_source_c1,384PP_Plus_AQ_BP,E9,water,Axygen 384,L8,1500,
384_source_c1,384PP_Plus_AQ_BP,E9,water,Axygen 384,L10,1750,
384_source_c1,384PP_Plus_AQ_BP,E9,water,Axygen 384,L12,1425,
384_source_c1,384PP_Plus_AQ_BP,E9,water,Axygen 384,L14,1525,
384_source_c1,384PP_Plus_AQ_BP,E9,water,Axygen 384,L16,1525,
384_source_c1,384PP_Plus_AQ_BP,E9,water,Axygen 384,L18,1725,
384_source_c1,384PP_Plus_AQ_BP,E9,water,Axygen 384,L20,175,
384_source_c1,384PP_Plus_AQ_BP,E11,water,Axygen 384,L20,1525,
384_source_c1,384PP_Plus_AQ_BP,E11,water,Axygen 384,L22,1750,
384_source_c1,384PP_Plus_AQ_BP,E11,water,Axygen 384,L24,1525,
384_source_c1,384PP_Plus_AQ_BP,E11,water,Axygen 384,N2,1925,
384_source_c1,384PP_Plus_AQ_BP,E11,water,Axygen 384,N4,1750,
384_source_c1,384PP_Plus_AQ_BP,E11,water,Axygen 384,N6,1425,
384_source_c1,384PP_Plus_AQ_BP,E11,water,Axygen 384,N8,100,
384_source_c1,384PP_Plus_AQ_BP,E13,water,Axygen 384,N8,1400,
384_source_c1,384PP_Plus_AQ_BP,E13,water,Axygen 384,N10,1700,
384_source_c1,384PP_Plus_AQ_BP,E13,water,Axygen 384,N12,1700,
384_source_c1,384PP_Plus_AQ_BP,E13,water,Axygen 384,N14,1425,
384_source_c1,384PP_Plus_AQ_BP,E13,water,Axygen 384,N16,1525,
384_source_c1,384PP_Plus_AQ_BP,E13,water,Axygen 384,N18,1525,
384_source_c1,384PP_Plus_AQ_BP,E13,water,Axygen 384,N20,725,
384_source_c1,384PP_Plus_AQ_BP,E15,water,Axygen 384,N20,800,
384_source_c1,384PP_Plus_AQ_BP,E15,water,Axygen 384,N22,1500,
384_source_c1,384PP_Plus_AQ_BP,E15,water,Axygen 384,N24,1525,
384_source_c1,384PP_Plus_AQ_BP,E15,water,Axygen 384,P2,1500,
384_source_c1,384PP_Plus_AQ_BP,E15,water,Axygen 384,P4,1425,
384_source_c1,384PP_Plus_AQ_BP,E15,water,Axygen 384,P6,1525,
384_source_c1,384PP_Plus_AQ_BP,E15,water,Axygen 384,P8,1425,
384_source_c1,384PP_Plus_AQ_BP,E15,water,Axygen 384,P10,300,
384_source_c1,384PP_Plus_AQ_BP,E17,water,Axygen 384,P10,1175,
384_source_c1,384PP_Plus_AQ_BP,E17,water,Axygen 384,P12,1700,
384_source_c1,384PP_Plus_AQ_BP,E17,water,Axygen 384,P14,1750,
384_source_c1,384PP_Plus_AQ_BP,E17,water,Axygen 384,P16,1500,
384_source_c1,384PP_Plus_AQ_BP,E17,water,Axygen 384,P18,1700,
384_source_c1,384PP_Plus_AQ_BP,E17,water,Axygen 384,P20,1700,
384_source_c1,384PP_Plus_AQ_BP,E17,water,Axygen 384,P22,475,
384_source_c1,384PP_Plus_AQ_BP,E20,water,Axygen 384,P22,1250,
384_source_c1,384PP_Plus_AQ_BP,E20,water,Axygen 384,P24,1500,
384_source_c1,384PP_Plus_AQ_BP,E20,water,Axygen 384,F16,2050,
384_source_c1,384PP_Plus_AQ_BP,B2,m567_GvpA,Axygen 384,A1,1125,Actual concentration: 9.98
384_source_c1,384PP_Plus_AQ_BP,B2,m567_GvpA,Axygen 384,A3,1125,Actual concentration: 9.98
384_source_c1,384PP_Plus_AQ_BP,B2,m567_GvpA,Axygen 384,A5,1125,Actual concentration: 9.98
384_source_c1,384PP_Plus_AQ_BP,B2,m567_GvpA,Axygen 384,A7,1125,Actual concentration: 9.98
384_source_c1,384PP_Plus_AQ_BP,B2,m567_GvpA,Axygen 384,A9,1125,Actual concentration: 9.98
384_source_c1,384PP_Plus_AQ_BP,B2,m567_GvpA,Axygen 384,A11,1125,Actual concentration: 9.98
384_source_c1,384PP_Plus_AQ_BP,B2,m567_GvpA,Axygen 384,A13,1125,Actual concentration: 9.98
384_source_c1,384PP_Plus_AQ_BP,B2,m567_GvpA,Axygen 384,A15,1125,Actual concentration: 9.98
384_source_c1,384PP_Plus_AQ_BP,B2,m567_GvpA,Axygen 384,A17,1000,Actual concentration: 8.87
384_source_c1,384PP_Plus_AQ_BP,B3,m567_GvpA,Axygen 384,A17,125,Actual concentration: 1.11
384_source_c1,384PP_Plus_AQ_BP,B3,m567_GvpA,Axygen 384,A19,1125,Actual concentration: 9.98
384_source_c1,384PP_Plus_AQ_BP,B3,m567_GvpA,Axygen 384,A21,1125,Actual concentration: 9.98
384_source_c1,384PP_Plus_AQ_BP,B3,m567_GvpA,Axygen 384,A23,1125,Actual concentration: 9.98
384_source_c1,384PP_Plus_AQ_BP,B3,m567_GvpA,Axygen 384,C1,1125,Actual concentration: 9.98
384_source_c1,384PP_Plus_AQ_BP,B3,m567_GvpA,Axygen 384,C3,1125,Actual concentration: 9.98
384_source_c1,384PP_Plus_AQ_BP,B3,m567_GvpA,Axygen 384,C5,1125,Actual concentration: 9.98
384_source_c1,384PP_Plus_AQ_BP,B3,m567_GvpA,Axygen 384,C7,1125,Actual concentration: 9.98
384_source_c1,384PP_Plus_AQ_BP,B3,m567_GvpA,Axygen 384,C9,1125,Actual concentration: 9.98
384_source_c1,384PP_Plus_AQ_BP,B3,m567_GvpA,Axygen 384,C11,875,Actual concentration: 7.76
384_source_c1,384PP_Plus_AQ_BP,B4,m567_GvpA,Axygen 384,C11,250,Actual concentration: 2.22
384_source_c1,384PP_Plus_AQ_BP,B4,m567_GvpA,Axygen 384,C13,1125,Actual concentration: 9.98
384_source_c1,384PP_Plus_AQ_BP,B4,m567_GvpA,Axygen 384,C15,1125,Actual concentration: 9.98
384_source_c1,384PP_Plus_AQ_BP,B4,m567_GvpA,Axygen 384,C17,1125,Actual concentration: 9.98
384_source_c1,384PP_Plus_AQ_BP,B4,m567_GvpA,Axygen 384,C19,1125,Actual concentration: 9.98
384_source_c1,384PP_Plus_AQ_BP,B4,m567_GvpA,Axygen 384,C21,1125,Actual concentration: 9.98
384_source_c1,384PP_Plus_AQ_BP,B4,m567_GvpA,Axygen 384,C23,1125,Actual concentration: 9.98
384_source_c1,384PP_Plus_AQ_BP,B4,m567_GvpA,Axygen 384,E1,1125,Actual concentration: 9.98
384_source_c1,384PP_Plus_AQ_BP,B4,m567_GvpA,Axygen 384,E3,1125,Actual concentration: 9.98
384_source_c1,384PP_Plus_AQ_BP,B4,m567_GvpA,Axygen 384,E5,750,Actual concentration: 6.65
384_source_c1,384PP_Plus_AQ_BP,B5,m567_GvpA,Axygen 384,E5,375,Actual concentration: 3.33
384_source_c1,384PP_Plus_AQ_BP,B5,m567_GvpA,Axygen 384,E7,1125,Actual concentration: 9.98
384_source_c1,384PP_Plus_AQ_BP,B5,m567_GvpA,Axygen 384,E9,1125,Actual concentration: 9.98
384_source_c1,384PP_Plus_AQ_BP,B5,m567_GvpA,Axygen 384,E11,1125,Actual concentration: 9.98
384_source_c1,384PP_Plus_AQ_BP,B5,m567_GvpA,Axygen 384,E13,1125,Actual concentration: 9.98
384_source_c1,384PP_Plus_AQ_BP,B5,m567_GvpA,Axygen 384,E17,1125,Actual concentration: 9.98
384_source_c1,384PP_Plus_AQ_BP,B5,m567_GvpA,Axygen 384,E19,1125,Actual concentration: 9.98
384_source_c1,384PP_Plus_AQ_BP,B5,m567_GvpA,Axygen 384,E21,1125,Actual concentration: 9.98
384_source_c1,384PP_Plus_AQ_BP,B5,m567_GvpA,Axygen 384,E23,1125,Actual concentration: 9.98
384_source_c1,384PP_Plus_AQ_BP,B5,m567_GvpA,Axygen 384,G1,625,Actual concentration: 5.54
384_source_c1,384PP_Plus_AQ_BP,C2,m567_GvpA,Axygen 384,G1,500,Actual concentration: 4.43
384_source_c1,384PP_Plus_AQ_BP,C2,m567_GvpA,Axygen 384,G3,1125,Actual concentration: 9.98
384_source_c1,384PP_Plus_AQ_BP,C2,m567_GvpA,Axygen 384,G5,1125,Actual concentration: 9.98
384_source_c1,384PP_Plus_AQ_BP,C2,m567_GvpA,Axygen 384,G7,1125,Actual concentration: 9.98
384_source_c1,384PP_Plus_AQ_BP,C2,m567_GvpA,Axygen 384,G9,1125,Actual concentration: 9.98
384_source_c1,384PP_Plus_AQ_BP,C2,m567_GvpA,Axygen 384,G11,1125,Actual concentration: 9.98
384_source_c1,384PP_Plus_AQ_BP,C2,m567_GvpA,Axygen 384,G13,1125,Actual concentration: 9.98
384_source_c1,384PP_Plus_AQ_BP,C2,m567_GvpA,Axygen 384,G15,1125,Actual concentration: 9.98
384_source_c1,384PP_Plus_AQ_BP,C2,m567_GvpA,Axygen 384,G17,1125,Actual concentration: 9.98
384_source_c1,384PP_Plus_AQ_BP,C2,m567_GvpA,Axygen 384,G19,500,Actual concentration: 4.43
384_source_c1,384PP_Plus_AQ_BP,C3,m567_GvpA,Axygen 384,G19,625,Actual concentration: 5.54
384_source_c1,384PP_Plus_AQ_BP,C3,m567_GvpA,Axygen 384,G21,1125,Actual concentration: 9.98
384_source_c1,384PP_Plus_AQ_BP,C3,m567_GvpA,Axygen 384,G23,1125,Actual concentration: 9.98
384_source_c1,384PP_Plus_AQ_BP,C3,m567_GvpA,Axygen 384,I1,1125,Actual concentration: 9.98
384_source_c1,384PP_Plus_AQ_BP,C3,m567_GvpA,Axygen 384,I3,1125,Actual concentration: 9.98
384_source_c1,384PP_Plus_AQ_BP,C3,m567_GvpA,Axygen 384,I5,1125,Actual concentration: 9.98
384_source_c1,384PP_Plus_AQ_BP,C3,m567_GvpA,Axygen 384,I7,1125,Actual concentration: 9.98
384_source_c1,384PP_Plus_AQ_BP,C3,m567_GvpA,Axygen 384,I9,1125,Actual concentration: 9.98
384_source_c1,384PP_Plus_AQ_BP,C3,m567_GvpA,Axygen 384,I11,1125,Actual concentration: 9.98
384_source_c1,384PP_Plus_AQ_BP,C3,m567_GvpA,Axygen 384,I13,375,Actual concentration: 3.33
384_source_c1,384PP_Plus_AQ_BP,C4,m567_GvpA,Axygen 384,I13,750,Actual concentration: 6.65
384_source_c1,384PP_Plus_AQ_BP,C4,m567_GvpA,Axygen 384,I15,1125,Actual concentration: 9.98
384_source_c1,384PP_Plus_AQ_BP,C4,m567_GvpA,Axygen 384,I17,1125,Actual concentration: 9.98
384_source_c1,384PP_Plus_AQ_BP,C4,m567_GvpA,Axygen 384,I19,1125,Actual concentration: 9.98
384_source_c1,384PP_Plus_AQ_BP,C4,m567_GvpA,Axygen 384,I21,1125,Actual concentration: 9.98
384_source_c1,384PP_Plus_AQ_BP,C4,m567_GvpA,Axygen 384,K1,1125,Actual concentration: 9.98
384_source_c1,384PP_Plus_AQ_BP,C4,m567_GvpA,Axygen 384,K3,1125,Actual concentration: 9.98
384_source_c1,384PP_Plus_AQ_BP,C4,m567_GvpA,Axygen 384,K5,1125,Actual concentration: 9.98
384_source_c1,384PP_Plus_AQ_BP,C4,m567_GvpA,Axygen 384,K7,1125,Actual concentration: 9.98
384_source_c1,384PP_Plus_AQ_BP,C4,m567_GvpA,Axygen 384,K9,250,Actual concentration: 2.22
384_source_c1,384PP_Plus_AQ_BP,C5,m567_GvpA,Axygen 384,K9,875,Actual concentration: 7.76
384_source_c1,384PP_Plus_AQ_BP,C5,m567_GvpA,Axygen 384,K11,1125,Actual concentration: 9.98
384_source_c1,384PP_Plus_AQ_BP,C5,m567_GvpA,Axygen 384,K13,1125,Actual concentration: 9.98
384_source_c1,384PP_Plus_AQ_BP,C5,m567_GvpA,Axygen 384,K15,1125,Actual concentration: 9.98
384_source_c1,384PP_Plus_AQ_BP,C5,m567_GvpA,Axygen 384,K17,1125,Actual concentration: 9.98
384_source_c1,384PP_Plus_AQ_BP,C5,m567_GvpA,Axygen 384,K19,1125,Actual concentration: 9.98
384_source_c1,384PP_Plus_AQ_BP,C5,m567_GvpA,Axygen 384,K21,1125,Actual concentration: 9.98
384_source_c1,384PP_Plus_AQ_BP,C5,m567_GvpA,Axygen 384,K23,1125,Actual concentration: 9.98
384_source_c1,384PP_Plus_AQ_BP,C5,m567_GvpA,Axygen 384,M1,1125,Actual concentration: 9.98
384_source_c1,384PP_Plus_AQ_BP,C5,m567_GvpA,Axygen 384,M3,125,Actual concentration: 1.11
384_source_c1,384PP_Plus_AQ_BP,D2,m567_GvpA,Axygen 384,M3,1000,Actual concentration: 8.87
384_source_c1,384PP_Plus_AQ_BP,D2,m567_GvpA,Axygen 384,M5,1125,Actual concentration: 9.98
384_source_c1,384PP_Plus_AQ_BP,D2,m567_GvpA,Axygen 384,M7,1125,Actual concentration: 9.98
384_source_c1,384PP_Plus_AQ_BP,D2,m567_GvpA,Axygen 384,M9,1125,Actual concentration: 9.98
384_source_c1,384PP_Plus_AQ_BP,D2,m567_GvpA,Axygen 384,M11,1125,Actual concentration: 9.98
384_source_c1,384PP_Plus_AQ_BP,D2,m567_GvpA,Axygen 384,M13,1125,Actual concentration: 9.98
384_source_c1,384PP_Plus_AQ_BP,D2,m567_GvpA,Axygen 384,M15,1125,Actual concentration: 9.98
384_source_c1,384PP_Plus_AQ_BP,D2,m567_GvpA,Axygen 384,M17,1125,Actual concentration: 9.98
384_source_c1,384PP_Plus_AQ_BP,D2,m567_GvpA,Axygen 384,M19,1125,Actual concentration: 9.98
384_source_c1,384PP_Plus_AQ_BP,D3,m567_GvpA,Axygen 384,M21,1125,Actual concentration: 9.98
384_source_c1,384PP_Plus_AQ_BP,D3,m567_GvpA,Axygen 384,M23,1125,Actual concentration: 9.98
384_source_c1,384PP_Plus_AQ_BP,D3,m567_GvpA,Axygen 384,O1,1125,Actual concentration: 9.98
384_source_c1,384PP_Plus_AQ_BP,D3,m567_GvpA,Axygen 384,O3,1125,Actual concentration: 9.98
384_source_c1,384PP_Plus_AQ_BP,D3,m567_GvpA,Axygen 384,O5,1125,Actual concentration: 9.98
384_source_c1,384PP_Plus_AQ_BP,D3,m567_GvpA,Axygen 384,O7,1125,Actual concentration: 9.98
384_source_c1,384PP_Plus_AQ_BP,D3,m567_GvpA,Axygen 384,O9,1125,Actual concentration: 9.98
384_source_c1,384PP_Plus_AQ_BP,D3,m567_GvpA,Axygen 384,O11,1125,Actual concentration: 9.98
384_source_c1,384PP_Plus_AQ_BP,D3,m567_GvpA,Axygen 384,O13,1000,Actual concentration: 8.87
384_source_c1,384PP_Plus_AQ_BP,D4,m567_GvpA,Axygen 384,O13,125,Actual concentration: 1.11
384_source_c1,384PP_Plus_AQ_BP,D4,m567_GvpA,Axygen 384,O15,1125,Actual concentration: 9.98
384_source_c1,384PP_Plus_AQ_BP,D4,m567_GvpA,Axygen 384,O17,1125,Actual concentration: 9.98
384_source_c1,384PP_Plus_AQ_BP,D4,m567_GvpA,Axygen 384,O19,1125,Actual concentration: 9.98
384_source_c1,384PP_Plus_AQ_BP,D4,m567_GvpA,Axygen 384,O21,1125,Actual concentration: 9.98
384_source_c1,384PP_Plus_AQ_BP,D4,m567_GvpA,Axygen 384,O23,1125,Actual concentration: 9.98
384_source_c1,384PP_Plus_AQ_BP,D4,m567_GvpA,Axygen 384,A2,1125,Actual concentration: 9.98
384_source_c1,384PP_Plus_AQ_BP,D4,m567_GvpA,Axygen 384,A4,1125,Actual concentration: 9.98
384_source_c1,384PP_Plus_AQ_BP,D4,m567_GvpA,Axygen 384,A6,1125,Actual concentration: 9.98
384_source_c1,384PP_Plus_AQ_BP,D4,m567_GvpA,Axygen 384,A8,875,Actual concentration: 7.76
384_source_c1,384PP_Plus_AQ_BP,D5,m567_GvpA,Axygen 384,A8,250,Actual concentration: 2.22
384_source_c1,384PP_Plus_AQ_BP,D5,m567_GvpA,Axygen 384,A10,1125,Actual concentration: 9.98
384_source_c1,384PP_Plus_AQ_BP,D5,m567_GvpA,Axygen 384,A12,1125,Actual concentration: 9.98
384_source_c1,384PP_Plus_AQ_BP,D5,m567_GvpA,Axygen 384,A14,1125,Actual concentration: 9.98
384_source_c1,384PP_Plus_AQ_BP,D5,m567_GvpA,Axygen 384,A16,1125,Actual concentration: 9.98
384_source_c1,384PP_Plus_AQ_BP,D5,m567_GvpA,Axygen 384,A18,1125,Actual concentration: 9.98
384_source_c1,384PP_Plus_AQ_BP,D5,m567_GvpA,Axygen 384,A20,1125,Actual concentration: 9.98
384_source_c1,384PP_Plus_AQ_BP,D5,m567_GvpA,Axygen 384,A22,1125,Actual concentration: 9.98
384_source_c1,384PP_Plus_AQ_BP,D5,m567_GvpA,Axygen 384,A24,1125,Actual concentration: 9.98
384_source_c1,384PP_Plus_AQ_BP,D5,m567_GvpA,Axygen 384,C2,750,Actual concentration: 6.65
384_source_c1,384PP_Plus_AQ_BP,E2,m567_GvpA,Axygen 384,C2,375,Actual concentration: 3.33
384_source_c1,384PP_Plus_AQ_BP,E2,m567_GvpA,Axygen 384,C4,1125,Actual concentration: 9.98
384_source_c1,384PP_Plus_AQ_BP,E2,m567_GvpA,Axygen 384,C6,1125,Actual concentration: 9.98
384_source_c1,384PP_Plus_AQ_BP,E2,m567_GvpA,Axygen 384,C8,1125,Actual concentration: 9.98
384_source_c1,384PP_Plus_AQ_BP,E2,m567_GvpA,Axygen 384,C10,1125,Actual concentration: 9.98
384_source_c1,384PP_Plus_AQ_BP,E2,m567_GvpA,Axygen 384,C12,1125,Actual concentration: 9.98
384_source_c1,384PP_Plus_AQ_BP,E2,m567_GvpA,Axygen 384,C14,1125,Actual concentration: 9.98
384_source_c1,384PP_Plus_AQ_BP,E2,m567_GvpA,Axygen 384,C16,1125,Actual concentration: 9.98
384_source_c1,384PP_Plus_AQ_BP,E2,m567_GvpA,Axygen 384,C18,1125,Actual concentration: 9.98
384_source_c1,384PP_Plus_AQ_BP,E2,m567_GvpA,Axygen 384,C20,625,Actual concentration: 5.54
384_source_c1,384PP_Plus_AQ_BP,E3,m567_GvpA,Axygen 384,C20,500,Actual concentration: 4.43
384_source_c1,384PP_Plus_AQ_BP,E3,m567_GvpA,Axygen 384,C22,1125,Actual concentration: 9.98
384_source_c1,384PP_Plus_AQ_BP,E3,m567_GvpA,Axygen 384,C24,1125,Actual concentration: 9.98
384_source_c1,384PP_Plus_AQ_BP,E3,m567_GvpA,Axygen 384,E2,1125,Actual concentration: 9.98
384_source_c1,384PP_Plus_AQ_BP,E3,m567_GvpA,Axygen 384,E4,1125,Actual concentration: 9.98
384_source_c1,384PP_Plus_AQ_BP,E3,m567_GvpA,Axygen 384,E6,1125,Actual concentration: 9.98
384_source_c1,384PP_Plus_AQ_BP,E3,m567_GvpA,Axygen 384,E8,1125,Actual concentration: 9.98
384_source_c1,384PP_Plus_AQ_BP,E3,m567_GvpA,Axygen 384,E10,1125,Actual concentration: 9.98
384_source_c1,384PP_Plus_AQ_BP,E3,m567_GvpA,Axygen 384,E12,1125,Actual concentration: 9.98
384_source_c1,384PP_Plus_AQ_BP,E3,m567_GvpA,Axygen 384,E14,500,Actual concentration: 4.43
384_source_c1,384PP_Plus_AQ_BP,E4,m567_GvpA,Axygen 384,E14,625,Actual concentration: 5.54
384_source_c1,384PP_Plus_AQ_BP,E4,m567_GvpA,Axygen 384,E18,1125,Actual concentration: 9.98
384_source_c1,384PP_Plus_AQ_BP,E4,m567_GvpA,Axygen 384,E20,1125,Actual concentration: 9.98
384_source_c1,384PP_Plus_AQ_BP,E4,m567_GvpA,Axygen 384,E22,1125,Actual concentration: 9.98
384_source_c1,384PP_Plus_AQ_BP,E4,m567_GvpA,Axygen 384,E24,1125,Actual concentration: 9.98
384_source_c1,384PP_Plus_AQ_BP,E4,m567_GvpA,Axygen 384,G2,1125,Actual concentration: 9.98
384_source_c1,384PP_Plus_AQ_BP,E4,m567_GvpA,Axygen 384,G4,1125,Actual concentration: 9.98
384_source_c1,384PP_Plus_AQ_BP,E4,m567_GvpA,Axygen 384,G6,1125,Actual concentration: 9.98
384_source_c1,384PP_Plus_AQ_BP,E4,m567_GvpA,Axygen 384,G8,1125,Actual concentration: 9.98
384_source_c1,384PP_Plus_AQ_BP,E4,m567_GvpA,Axygen 384,G10,375,Actual concentration: 3.33
384_source_c1,384PP_Plus_AQ_BP,E5,m567_GvpA,Axygen 384,G10,750,Actual concentration: 6.65
384_source_c1,384PP_Plus_AQ_BP,E5,m567_GvpA,Axygen 384,G12,1125,Actual concentration: 9.98
384_source_c1,384PP_Plus_AQ_BP,E5,m567_GvpA,Axygen 384,G14,1125,Actual concentration: 9.98
384_source_c1,384PP_Plus_AQ_BP,E5,m567_GvpA,Axygen 384,G16,1125,Actual concentration: 9.98
384_source_c1,384PP_Plus_AQ_BP,E5,m567_GvpA,Axygen 384,G18,1125,Actual concentration: 9.98
384_source_c1,384PP_Plus_AQ_BP,E5,m567_GvpA,Axygen 384,G20,1125,Actual concentration: 9.98
384_source_c1,384PP_Plus_AQ_BP,E5,m567_GvpA,Axygen 384,G22,1125,Actual concentration: 9.98
384_source_c1,384PP_Plus_AQ_BP,E5,m567_GvpA,Axygen 384,G24,1125,Actual concentration: 9.98
384_source_c1,384PP_Plus_AQ_BP,E5,m567_GvpA,Axygen 384,I2,1125,Actual concentration: 9.98
384_source_c1,384PP_Plus_AQ_BP,E5,m567_GvpA,Axygen 384,I4,250,Actual concentration: 2.22
384_source_c1,384PP_Plus_AQ_BP,F2,m567_GvpA,Axygen 384,I4,875,Actual concentration: 7.76
384_source_c1,384PP_Plus_AQ_BP,F2,m567_GvpA,Axygen 384,I6,1125,Actual concentration: 9.98
384_source_c1,384PP_Plus_AQ_BP,F2,m567_GvpA,Axygen 384,I8,1125,Actual concentration: 9.98
384_source_c1,384PP_Plus_AQ_BP,F2,m567_GvpA,Axygen 384,I12,1125,Actual concentration: 9.98
384_source_c1,384PP_Plus_AQ_BP,F2,m567_GvpA,Axygen 384,I14,1125,Actual concentration: 9.98
384_source_c1,384PP_Plus_AQ_BP,F2,m567_GvpA,Axygen 384,I16,1125,Actual concentration: 9.98
384_source_c1,384PP_Plus_AQ_BP,F2,m567_GvpA,Axygen 384,I18,1125,Actual concentration: 9.98
384_source_c1,384PP_Plus_AQ_BP,F2,m567_GvpA,Axygen 384,I20,1125,Actual concentration: 9.98
384_source_c1,384PP_Plus_AQ_BP,F2,m567_GvpA,Axygen 384,I22,1125,Actual concentration: 9.98
384_source_c1,384PP_Plus_AQ_BP,F2,m567_GvpA,Axygen 384,I24,125,Actual concentration: 1.11
384_source_c1,384PP_Plus_AQ_BP,F3,m567_GvpA,Axygen 384,I24,1000,Actual concentration: 8.87
384_source_c1,384PP_Plus_AQ_BP,F3,m567_GvpA,Axygen 384,K2,1125,Actual concentration: 9.98
384_source_c1,384PP_Plus_AQ_BP,F3,m567_GvpA,Axygen 384,K4,1125,Actual concentration: 9.98
384_source_c1,384PP_Plus_AQ_BP,F3,m567_GvpA,Axygen 384,K6,1125,Actual concentration: 9.98
384_source_c1,384PP_Plus_AQ_BP,F3,m567_GvpA,Axygen 384,K8,1125,Actual concentration: 9.98
384_source_c1,384PP_Plus_AQ_BP,F3,m567_GvpA,Axygen 384,K10,1125,Actual concentration: 9.98
384_source_c1,384PP_Plus_AQ_BP,F3,m567_GvpA,Axygen 384,K12,1125,Actual concentration: 9.98
384_source_c1,384PP_Plus_AQ_BP,F3,m567_GvpA,Axygen 384,K14,1125,Actual concentration: 9.98
384_source_c1,384PP_Plus_AQ_BP,F3,m567_GvpA,Axygen 384,K16,1125,Actual concentration: 9.98
384_source_c1,384PP_Plus_AQ_BP,F4,m567_GvpA,Axygen 384,K18,1125,Actual concentration: 9.98
384_source_c1,384PP_Plus_AQ_BP,F4,m567_GvpA,Axygen 384,K20,1125,Actual concentration: 9.98
384_source_c1,384PP_Plus_AQ_BP,F4,m567_GvpA,Axygen 384,K22,1125,Actual concentration: 9.98
384_source_c1,384PP_Plus_AQ_BP,F4,m567_GvpA,Axygen 384,K24,1125,Actual concentration: 9.98
384_source_c1,384PP_Plus_AQ_BP,F4,m567_GvpA,Axygen 384,M2,1125,Actual concentration: 9.98
384_source_c1,384PP_Plus_AQ_BP,F4,m567_GvpA,Axygen 384,M4,1125,Actual concentration: 9.98
384_source_c1,384PP_Plus_AQ_BP,F4,m567_GvpA,Axygen 384,M6,1125,Actual concentration: 9.98
384_source_c1,384PP_Plus_AQ_BP,F4,m567_GvpA,Axygen 384,M8,1125,Actual concentration: 9.98
384_source_c1,384PP_Plus_AQ_BP,F4,m567_GvpA,Axygen 384,M10,1000,Actual concentration: 8.87
384_source_c1,384PP_Plus_AQ_BP,G2,m567_GvpA,Axygen 384,M10,125,Actual concentration: 1.11
384_source_c1,384PP_Plus_AQ_BP,G2,m567_GvpA,Axygen 384,M12,1125,Actual concentration: 9.98
384_source_c1,384PP_Plus_AQ_BP,G2,m567_GvpA,Axygen 384,M14,1125,Actual concentration: 9.98
384_source_c1,384PP_Plus_AQ_BP,G2,m567_GvpA,Axygen 384,M16,1125,Actual concentration: 9.98
384_source_c1,384PP_Plus_AQ_BP,G2,m567_GvpA,Axygen 384,M18,1125,Actual concentration: 9.98
384_source_c1,384PP_Plus_AQ_BP,G2,m567_GvpA,Axygen 384,M20,1125,Actual concentration: 9.98
384_source_c1,384PP_Plus_AQ_BP,G2,m567_GvpA,Axygen 384,M22,1125,Actual concentration: 9.98
384_source_c1,384PP_Plus_AQ_BP,G2,m567_GvpA,Axygen 384,M24,1125,Actual concentration: 9.98
384_source_c1,384PP_Plus_AQ_BP,G2,m567_GvpA,Axygen 384,O2,1125,Actual concentration: 9.98
384_source_c1,384PP_Plus_AQ_BP,G2,m567_GvpA,Axygen 384,O4,875,Actual concentration: 7.76
384_source_c1,384PP_Plus_AQ_BP,G3,m567_GvpA,Axygen 384,O4,250,Actual concentration: 2.22
384_source_c1,384PP_Plus_AQ_BP,G3,m567_GvpA,Axygen 384,O6,1125,Actual concentration: 9.98
384_source_c1,384PP_Plus_AQ_BP,G3,m567_GvpA,Axygen 384,O8,1125,Actual concentration: 9.98
384_source_c1,384PP_Plus_AQ_BP,G3,m567_GvpA,Axygen 384,O10,1125,Actual concentration: 9.98
384_source_c1,384PP_Plus_AQ_BP,G3,m567_GvpA,Axygen 384,O12,1125,Actual concentration: 9.98
384_source_c1,384PP_Plus_AQ_BP,G3,m567_GvpA,Axygen 384,O14,1125,Actual concentration: 9.98
384_source_c1,384PP_Plus_AQ_BP,G3,m567_GvpA,Axygen 384,O16,1125,Actual concentration: 9.98
384_source_c1,384PP_Plus_AQ_BP,G3,m567_GvpA,Axygen 384,O18,1125,Actual concentration: 9.98
384_source_c1,384PP_Plus_AQ_BP,G3,m567_GvpA,Axygen 384,O20,1125,Actual concentration: 9.98
384_source_c1,384PP_Plus_AQ_BP,G3,m567_GvpA,Axygen 384,O22,750,Actual concentration: 6.65
384_source_c1,384PP_Plus_AQ_BP,G4,m567_GvpA,Axygen 384,O22,375,Actual concentration: 3.33
384_source_c1,384PP_Plus_AQ_BP,G4,m567_GvpA,Axygen 384,O24,1125,Actual concentration: 9.98
384_source_c1,384PP_Plus_AQ_BP,G4,m567_GvpA,Axygen 384,B1,1125,Actual concentration: 9.98
384_source_c1,384PP_Plus_AQ_BP,G4,m567_GvpA,Axygen 384,B3,1125,Actual concentration: 9.98
384_source_c1,384PP_Plus_AQ_BP,G4,m567_GvpA,Axygen 384,B5,1125,Actual concentration: 9.98
384_source_c1,384PP_Plus_AQ_BP,G4,m567_GvpA,Axygen 384,B7,1125,Actual concentration: 9.98
384_source_c1,384PP_Plus_AQ_BP,G4,m567_GvpA,Axygen 384,B9,1125,Actual concentration: 9.98
384_source_c1,384PP_Plus_AQ_BP,G4,m567_GvpA,Axygen 384,B11,1125,Actual concentration: 9.98
384_source_c1,384PP_Plus_AQ_BP,G4,m567_GvpA,Axygen 384,B13,1125,Actual concentration: 9.98
384_source_c1,384PP_Plus_AQ_BP,G4,m567_GvpA,Axygen 384,B15,625,Actual concentration: 5.54
384_source_c1,384PP_Plus_AQ_BP,H2,m567_GvpA,Axygen 384,B15,500,Actual concentration: 4.43
384_source_c1,384PP_Plus_AQ_BP,H2,m567_GvpA,Axygen 384,B17,1125,Actual concentration: 9.98
384_source_c1,384PP_Plus_AQ_BP,H2,m567_GvpA,Axygen 384,B19,1125,Actual concentration: 9.98
384_source_c1,384PP_Plus_AQ_BP,H2,m567_GvpA,Axygen 384,B21,1125,Actual concentration: 9.98
384_source_c1,384PP_Plus_AQ_BP,H2,m567_GvpA,Axygen 384,B23,1125,Actual concentration: 9.98
384_source_c1,384PP_Plus_AQ_BP,H2,m567_GvpA,Axygen 384,D1,1125,Actual concentration: 9.98
384_source_c1,384PP_Plus_AQ_BP,H2,m567_GvpA,Axygen 384,D3,1125,Actual concentration: 9.98
384_source_c1,384PP_Plus_AQ_BP,H2,m567_GvpA,Axygen 384,D5,1125,Actual concentration: 9.98
384_source_c1,384PP_Plus_AQ_BP,H2,m567_GvpA,Axygen 384,D9,1125,Actual concentration: 9.98
384_source_c1,384PP_Plus_AQ_BP,H2,m567_GvpA,Axygen 384,D11,500,Actual concentration: 4.43
384_source_c1,384PP_Plus_AQ_BP,H3,m567_GvpA,Axygen 384,D11,625,Actual concentration: 5.54
384_source_c1,384PP_Plus_AQ_BP,H3,m567_GvpA,Axygen 384,D13,1125,Actual concentration: 9.98
384_source_c1,384PP_Plus_AQ_BP,H3,m567_GvpA,Axygen 384,D15,1125,Actual concentration: 9.98
384_source_c1,384PP_Plus_AQ_BP,H3,m567_GvpA,Axygen 384,D17,1125,Actual concentration: 9.98
384_source_c1,384PP_Plus_AQ_BP,H3,m567_GvpA,Axygen 384,D19,1125,Actual concentration: 9.98
384_source_c1,384PP_Plus_AQ_BP,H3,m567_GvpA,Axygen 384,D21,1125,Actual concentration: 9.98
384_source_c1,384PP_Plus_AQ_BP,H3,m567_GvpA,Axygen 384,D23,1125,Actual concentration: 9.98
384_source_c1,384PP_Plus_AQ_BP,H3,m567_GvpA,Axygen 384,F1,1125,Actual concentration: 9.98
384_source_c1,384PP_Plus_AQ_BP,H3,m567_GvpA,Axygen 384,F3,1125,Actual concentration: 9.98
384_source_c1,384PP_Plus_AQ_BP,H3,m567_GvpA,Axygen 384,F5,375,Actual concentration: 3.33
384_source_c1,384PP_Plus_AQ_BP,H4,m567_GvpA,Axygen 384,F5,750,Actual concentration: 6.65
384_source_c1,384PP_Plus_AQ_BP,H4,m567_GvpA,Axygen 384,F7,1125,Actual concentration: 9.98
384_source_c1,384PP_Plus_AQ_BP,H4,m567_GvpA,Axygen 384,F9,1125,Actual concentration: 9.98
384_source_c1,384PP_Plus_AQ_BP,H4,m567_GvpA,Axygen 384,F11,1125,Actual concentration: 9.98
384_source_c1,384PP_Plus_AQ_BP,H4,m567_GvpA,Axygen 384,F13,1125,Actual concentration: 9.98
384_source_c1,384PP_Plus_AQ_BP,H4,m567_GvpA,Axygen 384,F17,1125,Actual concentration: 9.98
384_source_c1,384PP_Plus_AQ_BP,H4,m567_GvpA,Axygen 384,F19,1125,Actual concentration: 9.98
384_source_c1,384PP_Plus_AQ_BP,H4,m567_GvpA,Axygen 384,F21,1125,Actual concentration: 9.98
384_source_c1,384PP_Plus_AQ_BP,H4,m567_GvpA,Axygen 384,F23,1125,Actual concentration: 9.98
384_source_c1,384PP_Plus_AQ_BP,H4,m567_GvpA,Axygen 384,H1,250,Actual concentration: 2.22
384_source_c1,384PP_Plus_AQ_BP,I2,m567_GvpA,Axygen 384,H1,875,Actual concentration: 7.76
384_source_c1,384PP_Plus_AQ_BP,I2,m567_GvpA,Axygen 384,H3,1125,Actual concentration: 9.98
384_source_c1,384PP_Plus_AQ_BP,I2,m567_GvpA,Axygen 384,H5,1125,Actual concentration: 9.98
384_source_c1,384PP_Plus_AQ_BP,I2,m567_GvpA,Axygen 384,H7,1125,Actual concentration: 9.98
384_source_c1,384PP_Plus_AQ_BP,I2,m567_GvpA,Axygen 384,H9,1125,Actual concentration: 9.98
384_source_c1,384PP_Plus_AQ_BP,I2,m567_GvpA,Axygen 384,H11,1125,Actual concentration: 9.98
384_source_c1,384PP_Plus_AQ_BP,I2,m567_GvpA,Axygen 384,H13,1125,Actual concentration: 9.98
384_source_c1,384PP_Plus_AQ_BP,I2,m567_GvpA,Axygen 384,H15,1125,Actual concentration: 9.98
384_source_c1,384PP_Plus_AQ_BP,I2,m567_GvpA,Axygen 384,H17,1125,Actual concentration: 9.98
384_source_c1,384PP_Plus_AQ_BP,I2,m567_GvpA,Axygen 384,H19,125,Actual concentration: 1.11
384_source_c1,384PP_Plus_AQ_BP,I3,m567_GvpA,Axygen 384,H19,1000,Actual concentration: 8.87
384_source_c1,384PP_Plus_AQ_BP,I3,m567_GvpA,Axygen 384,H21,1125,Actual concentration: 9.98
384_source_c1,384PP_Plus_AQ_BP,I3,m567_GvpA,Axygen 384,H23,1125,Actual concentration: 9.98
384_source_c1,384PP_Plus_AQ_BP,I3,m567_GvpA,Axygen 384,J1,1125,Actual concentration: 9.98
384_source_c1,384PP_Plus_AQ_BP,I3,m567_GvpA,Axygen 384,J3,1125,Actual concentration: 9.98
384_source_c1,384PP_Plus_AQ_BP,I3,m567_GvpA,Axygen 384,J5,1125,Actual concentration: 9.98
384_source_c1,384PP_Plus_AQ_BP,I3,m567_GvpA,Axygen 384,J7,1125,Actual concentration: 9.98
384_source_c1,384PP_Plus_AQ_BP,I3,m567_GvpA,Axygen 384,J9,1125,Actual concentration: 9.98
384_source_c1,384PP_Plus_AQ_BP,I3,m567_GvpA,Axygen 384,J11,1125,Actual concentration: 9.98
384_source_c1,384PP_Plus_AQ_BP,I4,m567_GvpA,Axygen 384,J13,1125,Actual concentration: 9.98
384_source_c1,384PP_Plus_AQ_BP,I4,m567_GvpA,Axygen 384,J15,1125,Actual concentration: 9.98
384_source_c1,384PP_Plus_AQ_BP,I4,m567_GvpA,Axygen 384,J17,1125,Actual concentration: 9.98
384_source_c1,384PP_Plus_AQ_BP,I4,m567_GvpA,Axygen 384,J19,1125,Actual concentration: 9.98
384_source_c1,384PP_Plus_AQ_BP,I4,m567_GvpA,Axygen 384,J21,1125,Actual concentration: 9.98
384_source_c1,384PP_Plus_AQ_BP,I4,m567_GvpA,Axygen 384,J23,1125,Actual concentration: 9.98
384_source_c1,384PP_Plus_AQ_BP,I4,m567_GvpA,Axygen 384,L1,1125,Actual concentration: 9.98
384_source_c1,384PP_Plus_AQ_BP,I4,m567_GvpA,Axygen 384,L3,1125,Actual concentration: 9.98
384_source_c1,384PP_Plus_AQ_BP,I4,m567_GvpA,Axygen 384,L5,1000,Actual concentration: 8.87
384_source_c1,384PP_Plus_AQ_BP,J2,m567_GvpA,Axygen 384,L5,125,Actual concentration: 1.11
384_source_c1,384PP_Plus_AQ_BP,J2,m567_GvpA,Axygen 384,L7,1125,Actual concentration: 9.98
384_source_c1,384PP_Plus_AQ_BP,J2,m567_GvpA,Axygen 384,L9,1125,Actual concentration: 9.98
384_source_c1,384PP_Plus_AQ_BP,J2,m567_GvpA,Axygen 384,L11,1125,Actual concentration: 9.98
384_source_c1,384PP_Plus_AQ_BP,J2,m567_GvpA,Axygen 384,L13,1125,Actual concentration: 9.98
384_source_c1,384PP_Plus_AQ_BP,J2,m567_GvpA,Axygen 384,L15,1125,Actual concentration: 9.98
384_source_c1,384PP_Plus_AQ_BP,J2,m567_GvpA,Axygen 384,L17,1125,Actual concentration: 9.98
384_source_c1,384PP_Plus_AQ_BP,J2,m567_GvpA,Axygen 384,L19,1125,Actual concentration: 9.98
384_source_c1,384PP_Plus_AQ_BP,J2,m567_GvpA,Axygen 384,L21,1125,Actual concentration: 9.98
384_source_c1,384PP_Plus_AQ_BP,J2,m567_GvpA,Axygen 384,L23,875,Actual concentration: 7.76
384_source_c1,384PP_Plus_AQ_BP,J3,m567_GvpA,Axygen 384,L23,250,Actual concentration: 2.22
384_source_c1,384PP_Plus_AQ_BP,J3,m567_GvpA,Axygen 384,N1,1125,Actual concentration: 9.98
384_source_c1,384PP_Plus_AQ_BP,J3,m567_GvpA,Axygen 384,N3,1125,Actual concentration: 9.98
384_source_c1,384PP_Plus_AQ_BP,J3,m567_GvpA,Axygen 384,N5,1125,Actual concentration: 9.98
384_source_c1,384PP_Plus_AQ_BP,J3,m567_GvpA,Axygen 384,N7,1125,Actual concentration: 9.98
384_source_c1,384PP_Plus_AQ_BP,J3,m567_GvpA,Axygen 384,N9,1125,Actual concentration: 9.98
384_source_c1,384PP_Plus_AQ_BP,J3,m567_GvpA,Axygen 384,N11,1125,Actual concentration: 9.98
384_source_c1,384PP_Plus_AQ_BP,J3,m567_GvpA,Axygen 384,N13,1125,Actual concentration: 9.98
384_source_c1,384PP_Plus_AQ_BP,J3,m567_GvpA,Axygen 384,N15,1125,Actual concentration: 9.98
384_source_c1,384PP_Plus_AQ_BP,J3,m567_GvpA,Axygen 384,N17,750,Actual concentration: 6.65
384_source_c1,384PP_Plus_AQ_BP,J4,m567_GvpA,Axygen 384,N17,375,Actual concentration: 3.33
384_source_c1,384PP_Plus_AQ_BP,J4,m567_GvpA,Axygen 384,N19,1125,Actual concentration: 9.98
384_source_c1,384PP_Plus_AQ_BP,J4,m567_GvpA,Axygen 384,N21,1125,Actual concentration: 9.98
384_source_c1,384PP_Plus_AQ_BP,J4,m567_GvpA,Axygen 384,N23,1125,Actual concentration: 9.98
384_source_c1,384PP_Plus_AQ_BP,J4,m567_GvpA,Axygen 384,P1,1125,Actual concentration: 9.98
384_source_c1,384PP_Plus_AQ_BP,J4,m567_GvpA,Axygen 384,P3,1125,Actual concentration: 9.98
384_source_c1,384PP_Plus_AQ_BP,J4,m567_GvpA,Axygen 384,P5,1125,Actual concentration: 9.98
384_source_c1,384PP_Plus_AQ_BP,J4,m567_GvpA,Axygen 384,P7,1125,Actual concentration: 9.98
384_source_c1,384PP_Plus_AQ_BP,J4,m567_GvpA,Axygen 384,P9,1125,Actual concentration: 9.98
384_source_c1,384PP_Plus_AQ_BP,J4,m567_GvpA,Axygen 384,P11,625,Actual concentration: 5.54
384_source_c1,384PP_Plus_AQ_BP,K2,m567_GvpA,Axygen 384,P11,500,Actual concentration: 4.43
384_source_c1,384PP_Plus_AQ_BP,K2,m567_GvpA,Axygen 384,P13,1125,Actual concentration: 9.98
384_source_c1,384PP_Plus_AQ_BP,K2,m567_GvpA,Axygen 384,P15,1125,Actual concentration: 9.98
384_source_c1,384PP_Plus_AQ_BP,K2,m567_GvpA,Axygen 384,P17,1125,Actual concentration: 9.98
384_source_c1,384PP_Plus_AQ_BP,K2,m567_GvpA,Axygen 384,P19,1125,Actual concentration: 9.98
384_source_c1,384PP_Plus_AQ_BP,K2,m567_GvpA,Axygen 384,P21,1125,Actual concentration: 9.98
384_source_c1,384PP_Plus_AQ_BP,K2,m567_GvpA,Axygen 384,P23,1125,Actual concentration: 9.98
384_source_c1,384PP_Plus_AQ_BP,K2,m567_GvpA,Axygen 384,B2,1125,Actual concentration: 9.98
384_source_c1,384PP_Plus_AQ_BP,K2,m567_GvpA,Axygen 384,B4,1125,Actual concentration: 9.98
384_source_c1,384PP_Plus_AQ_BP,K2,m567_GvpA,Axygen 384,B6,500,Actual concentration: 4.43
384_source_c1,384PP_Plus_AQ_BP,K3,m567_GvpA,Axygen 384,B6,625,Actual concentration: 5.54
384_source_c1,384PP_Plus_AQ_BP,K3,m567_GvpA,Axygen 384,B8,1125,Actual concentration: 9.98
384_source_c1,384PP_Plus_AQ_BP,K3,m567_GvpA,Axygen 384,B10,1125,Actual concentration: 9.98
384_source_c1,384PP_Plus_AQ_BP,K3,m567_GvpA,Axygen 384,B12,1125,Actual concentration: 9.98
384_source_c1,384PP_Plus_AQ_BP,K3,m567_GvpA,Axygen 384,B14,1125,Actual concentration: 9.98
384_source_c1,384PP_Plus_AQ_BP,K3,m567_GvpA,Axygen 384,B16,1125,Actual concentration: 9.98
384_source_c1,384PP_Plus_AQ_BP,K3,m567_GvpA,Axygen 384,B18,1125,Actual concentration: 9.98
384_source_c1,384PP_Plus_AQ_BP,K3,m567_GvpA,Axygen 384,B20,1125,Actual concentration: 9.98
384_source_c1,384PP_Plus_AQ_BP,K3,m567_GvpA,Axygen 384,B22,1125,Actual concentration: 9.98
384_source_c1,384PP_Plus_AQ_BP,K3,m567_GvpA,Axygen 384,B24,375,Actual concentration: 3.33
384_source_c1,384PP_Plus_AQ_BP,K4,m567_GvpA,Axygen 384,B24,750,Actual concentration: 6.65
384_source_c1,384PP_Plus_AQ_BP,K4,m567_GvpA,Axygen 384,D2,1125,Actual concentration: 9.98
384_source_c1,384PP_Plus_AQ_BP,K4,m567_GvpA,Axygen 384,D4,1125,Actual concentration: 9.98
384_source_c1,384PP_Plus_AQ_BP,K4,m567_GvpA,Axygen 384,D6,1125,Actual concentration: 9.98
384_source_c1,384PP_Plus_AQ_BP,K4,m567_GvpA,Axygen 384,D8,1125,Actual concentration: 9.98
384_source_c1,384PP_Plus_AQ_BP,K4,m567_GvpA,Axygen 384,D10,1125,Actual concentration: 9.98
384_source_c1,384PP_Plus_AQ_BP,K4,m567_GvpA,Axygen 384,D12,1125,Actual concentration: 9.98
384_source_c1,384PP_Plus_AQ_BP,K4,m567_GvpA,Axygen 384,D14,1125,Actual concentration: 9.98
384_source_c1,384PP_Plus_AQ_BP,K4,m567_GvpA,Axygen 384,D16,1125,Actual concentration: 9.98
384_source_c1,384PP_Plus_AQ_BP,K4,m567_GvpA,Axygen 384,D18,250,Actual concentration: 2.22
384_source_c1,384PP_Plus_AQ_BP,L2,m567_GvpA,Axygen 384,D18,875,Actual concentration: 7.76
384_source_c1,384PP_Plus_AQ_BP,L2,m567_GvpA,Axygen 384,D20,1125,Actual concentration: 9.98
384_source_c1,384PP_Plus_AQ_BP,L2,m567_GvpA,Axygen 384,D22,1125,Actual concentration: 9.98
384_source_c1,384PP_Plus_AQ_BP,L2,m567_GvpA,Axygen 384,D24,1125,Actual concentration: 9.98
384_source_c1,384PP_Plus_AQ_BP,L2,m567_GvpA,Axygen 384,F2,1125,Actual concentration: 9.98
384_source_c1,384PP_Plus_AQ_BP,L2,m567_GvpA,Axygen 384,F4,1125,Actual concentration: 9.98
384_source_c1,384PP_Plus_AQ_BP,L2,m567_GvpA,Axygen 384,F6,1125,Actual concentration: 9.98
384_source_c1,384PP_Plus_AQ_BP,L2,m567_GvpA,Axygen 384,F8,1125,Actual concentration: 9.98
384_source_c1,384PP_Plus_AQ_BP,L2,m567_GvpA,Axygen 384,F10,1125,Actual concentration: 9.98
384_source_c1,384PP_Plus_AQ_BP,L2,m567_GvpA,Axygen 384,F12,125,Actual concentration: 1.11
384_source_c1,384PP_Plus_AQ_BP,L3,m567_GvpA,Axygen 384,F12,1000,Actual concentration: 8.87
384_source_c1,384PP_Plus_AQ_BP,L3,m567_GvpA,Axygen 384,F14,1125,Actual concentration: 9.98
384_source_c1,384PP_Plus_AQ_BP,L3,m567_GvpA,Axygen 384,F18,1125,Actual concentration: 9.98
384_source_c1,384PP_Plus_AQ_BP,L3,m567_GvpA,Axygen 384,F20,1125,Actual concentration: 9.98
384_source_c1,384PP_Plus_AQ_BP,L3,m567_GvpA,Axygen 384,F22,1125,Actual concentration: 9.98
384_source_c1,384PP_Plus_AQ_BP,L3,m567_GvpA,Axygen 384,F24,1125,Actual concentration: 9.98
384_source_c1,384PP_Plus_AQ_BP,L3,m567_GvpA,Axygen 384,H2,1125,Actual concentration: 9.98
384_source_c1,384PP_Plus_AQ_BP,L3,m567_GvpA,Axygen 384,H4,1125,Actual concentration: 9.98
384_source_c1,384PP_Plus_AQ_BP,L3,m567_GvpA,Axygen 384,H6,1125,Actual concentration: 9.98
384_source_c1,384PP_Plus_AQ_BP,L4,m567_GvpA,Axygen 384,H8,1125,Actual concentration: 9.98
384_source_c1,384PP_Plus_AQ_BP,L4,m567_GvpA,Axygen 384,H10,1125,Actual concentration: 9.98
384_source_c1,384PP_Plus_AQ_BP,L4,m567_GvpA,Axygen 384,H12,1125,Actual concentration: 9.98
384_source_c1,384PP_Plus_AQ_BP,L4,m567_GvpA,Axygen 384,H14,1125,Actual concentration: 9.98
384_source_c1,384PP_Plus_AQ_BP,L4,m567_GvpA,Axygen 384,H16,1125,Actual concentration: 9.98
384_source_c1,384PP_Plus_AQ_BP,L4,m567_GvpA,Axygen 384,H18,1125,Actual concentration: 9.98
384_source_c1,384PP_Plus_AQ_BP,L4,m567_GvpA,Axygen 384,H20,1125,Actual concentration: 9.98
384_source_c1,384PP_Plus_AQ_BP,L4,m567_GvpA,Axygen 384,H22,1125,Actual concentration: 9.98
384_source_c1,384PP_Plus_AQ_BP,L4,m567_GvpA,Axygen 384,H24,1000,Actual concentration: 8.87
384_source_c1,384PP_Plus_AQ_BP,M2,m567_GvpA,Axygen 384,H24,125,Actual concentration: 1.11
384_source_c1,384PP_Plus_AQ_BP,M2,m567_GvpA,Axygen 384,J2,1125,Actual concentration: 9.98
384_source_c1,384PP_Plus_AQ_BP,M2,m567_GvpA,Axygen 384,J4,1125,Actual concentration: 9.98
384_source_c1,384PP_Plus_AQ_BP,M2,m567_GvpA,Axygen 384,J6,1125,Actual concentration: 9.98
384_source_c1,384PP_Plus_AQ_BP,M2,m567_GvpA,Axygen 384,J10,1125,Actual concentration: 9.98
384_source_c1,384PP_Plus_AQ_BP,M2,m567_GvpA,Axygen 384,J12,1125,Actual concentration: 9.98
384_source_c1,384PP_Plus_AQ_BP,M2,m567_GvpA,Axygen 384,J14,1125,Actual concentration: 9.98
384_source_c1,384PP_Plus_AQ_BP,M2,m567_GvpA,Axygen 384,J16,1125,Actual concentration: 9.98
384_source_c1,384PP_Plus_AQ_BP,M2,m567_GvpA,Axygen 384,J18,1125,Actual concentration: 9.98
384_source_c1,384PP_Plus_AQ_BP,M2,m567_GvpA,Axygen 384,J20,875,Actual concentration: 7.76
384_source_c1,384PP_Plus_AQ_BP,M3,m567_GvpA,Axygen 384,J20,250,Actual concentration: 2.22
384_source_c1,384PP_Plus_AQ_BP,M3,m567_GvpA,Axygen 384,J22,1125,Actual concentration: 9.98
384_source_c1,384PP_Plus_AQ_BP,M3,m567_GvpA,Axygen 384,J24,1125,Actual concentration: 9.98
384_source_c1,384PP_Plus_AQ_BP,M3,m567_GvpA,Axygen 384,L2,1125,Actual concentration: 9.98
384_source_c1,384PP_Plus_AQ_BP,M3,m567_GvpA,Axygen 384,L4,1125,Actual concentration: 9.98
384_source_c1,384PP_Plus_AQ_BP,M3,m567_GvpA,Axygen 384,L6,1125,Actual concentration: 9.98
384_source_c1,384PP_Plus_AQ_BP,M3,m567_GvpA,Axygen 384,L8,1125,Actual concentration: 9.98
384_source_c1,384PP_Plus_AQ_BP,M3,m567_GvpA,Axygen 384,L10,1125,Actual concentration: 9.98
384_source_c1,384PP_Plus_AQ_BP,M3,m567_GvpA,Axygen 384,L12,1125,Actual concentration: 9.98
384_source_c1,384PP_Plus_AQ_BP,M3,m567_GvpA,Axygen 384,L14,750,Actual concentration: 6.65
384_source_c1,384PP_Plus_AQ_BP,M4,m567_GvpA,Axygen 384,L14,375,Actual concentration: 3.33
384_source_c1,384PP_Plus_AQ_BP,M4,m567_GvpA,Axygen 384,L16,1125,Actual concentration: 9.98
384_source_c1,384PP_Plus_AQ_BP,M4,m567_GvpA,Axygen 384,L18,1125,Actual concentration: 9.98
384_source_c1,384PP_Plus_AQ_BP,M4,m567_GvpA,Axygen 384,L20,1125,Actual concentration: 9.98
384_source_c1,384PP_Plus_AQ_BP,M4,m567_GvpA,Axygen 384,L22,1125,Actual concentration: 9.98
384_source_c1,384PP_Plus_AQ_BP,M4,m567_GvpA,Axygen 384,L24,1125,Actual concentration: 9.98
384_source_c1,384PP_Plus_AQ_BP,M4,m567_GvpA,Axygen 384,N2,1125,Actual concentration: 9.98
384_source_c1,384PP_Plus_AQ_BP,M4,m567_GvpA,Axygen 384,N4,1125,Actual concentration: 9.98
384_source_c1,384PP_Plus_AQ_BP,M4,m567_GvpA,Axygen 384,N6,1125,Actual concentration: 9.98
384_source_c1,384PP_Plus_AQ_BP,M4,m567_GvpA,Axygen 384,N8,625,Actual concentration: 5.54
384_source_c1,384PP_Plus_AQ_BP,N2,m567_GvpA,Axygen 384,N8,500,Actual concentration: 4.43
384_source_c1,384PP_Plus_AQ_BP,N2,m567_GvpA,Axygen 384,N10,1125,Actual concentration: 9.98
384_source_c1,384PP_Plus_AQ_BP,N2,m567_GvpA,Axygen 384,N12,1125,Actual concentration: 9.98
384_source_c1,384PP_Plus_AQ_BP,N2,m567_GvpA,Axygen 384,N14,1125,Actual concentration: 9.98
384_source_c1,384PP_Plus_AQ_BP,N2,m567_GvpA,Axygen 384,N16,1125,Actual concentration: 9.98
384_source_c1,384PP_Plus_AQ_BP,N2,m567_GvpA,Axygen 384,N18,1125,Actual concentration: 9.98
384_source_c1,384PP_Plus_AQ_BP,N2,m567_GvpA,Axygen 384,N20,1125,Actual concentration: 9.98
384_source_c1,384PP_Plus_AQ_BP,N2,m567_GvpA,Axygen 384,N22,1125,Actual concentration: 9.98
384_source_c1,384PP_Plus_AQ_BP,N2,m567_GvpA,Axygen 384,N24,1125,Actual concentration: 9.98
384_source_c1,384PP_Plus_AQ_BP,N2,m567_GvpA,Axygen 384,P2,500,Actual concentration: 4.43
384_source_c1,384PP_Plus_AQ_BP,N3,m567_GvpA,Axygen 384,P2,625,Actual concentration: 5.54
384_source_c1,384PP_Plus_AQ_BP,N3,m567_GvpA,Axygen 384,P4,1125,Actual concentration: 9.98
384_source_c1,384PP_Plus_AQ_BP,N3,m567_GvpA,Axygen 384,P6,1125,Actual concentration: 9.98
384_source_c1,384PP_Plus_AQ_BP,N3,m567_GvpA,Axygen 384,P8,1125,Actual concentration: 9.98
384_source_c1,384PP_Plus_AQ_BP,N3,m567_GvpA,Axygen 384,P10,1125,Actual concentration: 9.98
384_source_c1,384PP_Plus_AQ_BP,N3,m567_GvpA,Axygen 384,P12,1125,Actual concentration: 9.98
384_source_c1,384PP_Plus_AQ_BP,N3,m567_GvpA,Axygen 384,P14,1125,Actual concentration: 9.98
384_source_c1,384PP_Plus_AQ_BP,N3,m567_GvpA,Axygen 384,P16,1125,Actual concentration: 9.98
384_source_c1,384PP_Plus_AQ_BP,N3,m567_GvpA,Axygen 384,P18,1125,Actual concentration: 9.98
384_source_c1,384PP_Plus_AQ_BP,N3,m567_GvpA,Axygen 384,P20,375,Actual concentration: 3.33
384_source_c1,384PP_Plus_AQ_BP,N4,m567_GvpA,Axygen 384,P20,750,Actual concentration: 6.65
384_source_c1,384PP_Plus_AQ_BP,N4,m567_GvpA,Axygen 384,P22,1125,Actual concentration: 9.98
384_source_c1,384PP_Plus_AQ_BP,N4,m567_GvpA,Axygen 384,P24,1125,Actual concentration: 9.98
384_source_c1,384PP_Plus_AQ_BP,B6,m163_GvpF_50fmol,Axygen 384,A1,400,Actual concentration: 1.63
384_source_c1,384PP_Plus_AQ_BP,B6,m163_GvpF_50fmol,Axygen 384,A3,50,Actual concentration: 0.20
384_source_c1,384PP_Plus_AQ_BP,B6,m163_GvpF_50fmol,Axygen 384,A5,50,Actual concentration: 0.20
384_source_c1,384PP_Plus_AQ_BP,B6,m163_GvpF_50fmol,Axygen 384,A7,50,Actual concentration: 0.20
384_source_c1,384PP_Plus_AQ_BP,B6,m163_GvpF_50fmol,Axygen 384,A9,50,Actual concentration: 0.20
384_source_c1,384PP_Plus_AQ_BP,B6,m163_GvpF_50fmol,Axygen 384,A11,50,Actual concentration: 0.20
384_source_c1,384PP_Plus_AQ_BP,B6,m163_GvpF_50fmol,Axygen 384,A13,200,Actual concentration: 0.82
384_source_c1,384PP_Plus_AQ_BP,B6,m163_GvpF_50fmol,Axygen 384,A15,200,Actual concentration: 0.82
384_source_c1,384PP_Plus_AQ_BP,B6,m163_GvpF_50fmol,Axygen 384,A17,50,Actual concentration: 0.20
384_source_c1,384PP_Plus_AQ_BP,B6,m163_GvpF_50fmol,Axygen 384,A19,200,Actual concentration: 0.82
384_source_c1,384PP_Plus_AQ_BP,B6,m163_GvpF_50fmol,Axygen 384,A21,50,Actual concentration: 0.20
384_source_c1,384PP_Plus_AQ_BP,B6,m163_GvpF_50fmol,Axygen 384,A23,200,Actual concentration: 0.82
384_source_c1,384PP_Plus_AQ_BP,B6,m163_GvpF_50fmol,Axygen 384,C1,50,Actual concentration: 0.20
384_source_c1,384PP_Plus_AQ_BP,B6,m163_GvpF_50fmol,Axygen 384,C3,200,Actual concentration: 0.82
384_source_c1,384PP_Plus_AQ_BP,B6,m163_GvpF_50fmol,Axygen 384,C5,50,Actual concentration: 0.20
384_source_c1,384PP_Plus_AQ_BP,B6,m163_GvpF_50fmol,Axygen 384,C7,50,Actual concentration: 0.20
384_source_c1,384PP_Plus_AQ_BP,B6,m163_GvpF_50fmol,Axygen 384,C9,50,Actual concentration: 0.20
384_source_c1,384PP_Plus_AQ_BP,B6,m163_GvpF_50fmol,Axygen 384,C11,50,Actual concentration: 0.20
384_source_c1,384PP_Plus_AQ_BP,B6,m163_GvpF_50fmol,Axygen 384,C13,50,Actual concentration: 0.20
384_source_c1,384PP_Plus_AQ_BP,B6,m163_GvpF_50fmol,Axygen 384,C15,200,Actual concentration: 0.82
384_source_c1,384PP_Plus_AQ_BP,B6,m163_GvpF_50fmol,Axygen 384,C17,50,Actual concentration: 0.20
384_source_c1,384PP_Plus_AQ_BP,B6,m163_GvpF_50fmol,Axygen 384,C19,50,Actual concentration: 0.20
384_source_c1,384PP_Plus_AQ_BP,B6,m163_GvpF_50fmol,Axygen 384,C21,50,Actual concentration: 0.20
384_source_c1,384PP_Plus_AQ_BP,B6,m163_GvpF_50fmol,Axygen 384,C23,50,Actual concentration: 0.20
384_source_c1,384PP_Plus_AQ_BP,B6,m163_GvpF_50fmol,Axygen 384,E1,50,Actual concentration: 0.20
384_source_c1,384PP_Plus_AQ_BP,B6,m163_GvpF_50fmol,Axygen 384,E3,50,Actual concentration: 0.20
384_source_c1,384PP_Plus_AQ_BP,B6,m163_GvpF_50fmol,Axygen 384,E5,200,Actual concentration: 0.82
384_source_c1,384PP_Plus_AQ_BP,B6,m163_GvpF_50fmol,Axygen 384,E7,200,Actual concentration: 0.82
384_source_c1,384PP_Plus_AQ_BP,B6,m163_GvpF_50fmol,Axygen 384,E9,50,Actual concentration: 0.20
384_source_c1,384PP_Plus_AQ_BP,B6,m163_GvpF_50fmol,Axygen 384,E11,200,Actual concentration: 0.82
384_source_c1,384PP_Plus_AQ_BP,B6,m163_GvpF_50fmol,Axygen 384,E13,50,Actual concentration: 0.20
384_source_c1,384PP_Plus_AQ_BP,B6,m163_GvpF_50fmol,Axygen 384,E17,50,Actual concentration: 0.20
384_source_c1,384PP_Plus_AQ_BP,B6,m163_GvpF_50fmol,Axygen 384,E19,50,Actual concentration: 0.20
384_source_c1,384PP_Plus_AQ_BP,B6,m163_GvpF_50fmol,Axygen 384,E21,200,Actual concentration: 0.82
384_source_c1,384PP_Plus_AQ_BP,B6,m163_GvpF_50fmol,Axygen 384,E23,400,Actual concentration: 1.63
384_source_c1,384PP_Plus_AQ_BP,B6,m163_GvpF_50fmol,Axygen 384,G1,50,Actual concentration: 0.20
384_source_c1,384PP_Plus_AQ_BP,B6,m163_GvpF_50fmol,Axygen 384,G3,50,Actual concentration: 0.20
384_source_c1,384PP_Plus_AQ_BP,B6,m163_GvpF_50fmol,Axygen 384,G5,50,Actual concentration: 0.20
384_source_c1,384PP_Plus_AQ_BP,B6,m163_GvpF_50fmol,Axygen 384,G7,50,Actual concentration: 0.20
384_source_c1,384PP_Plus_AQ_BP,B6,m163_GvpF_50fmol,Axygen 384,G9,50,Actual concentration: 0.20
384_source_c1,384PP_Plus_AQ_BP,B6,m163_GvpF_50fmol,Axygen 384,G11,200,Actual concentration: 0.82
384_source_c1,384PP_Plus_AQ_BP,B6,m163_GvpF_50fmol,Axygen 384,G13,50,Actual concentration: 0.20
384_source_c1,384PP_Plus_AQ_BP,B6,m163_GvpF_50fmol,Axygen 384,G15,50,Actual concentration: 0.20
384_source_c1,384PP_Plus_AQ_BP,B6,m163_GvpF_50fmol,Axygen 384,G17,50,Actual concentration: 0.20
384_source_c1,384PP_Plus_AQ_BP,B6,m163_GvpF_50fmol,Axygen 384,G19,50,Actual concentration: 0.20
384_source_c1,384PP_Plus_AQ_BP,B6,m163_GvpF_50fmol,Axygen 384,G21,400,Actual concentration: 1.63
384_source_c1,384PP_Plus_AQ_BP,B6,m163_GvpF_50fmol,Axygen 384,G23,50,Actual concentration: 0.20
384_source_c1,384PP_Plus_AQ_BP,B6,m163_GvpF_50fmol,Axygen 384,I1,50,Actual concentration: 0.20
384_source_c1,384PP_Plus_AQ_BP,B6,m163_GvpF_50fmol,Axygen 384,I3,50,Actual concentration: 0.20
384_source_c1,384PP_Plus_AQ_BP,B6,m163_GvpF_50fmol,Axygen 384,I5,50,Actual concentration: 0.20
384_source_c1,384PP_Plus_AQ_BP,B6,m163_GvpF_50fmol,Axygen 384,I7,50,Actual concentration: 0.20
384_source_c1,384PP_Plus_AQ_BP,B6,m163_GvpF_50fmol,Axygen 384,I9,50,Actual concentration: 0.20
384_source_c1,384PP_Plus_AQ_BP,B6,m163_GvpF_50fmol,Axygen 384,I11,50,Actual concentration: 0.20
384_source_c1,384PP_Plus_AQ_BP,B6,m163_GvpF_50fmol,Axygen 384,I13,50,Actual concentration: 0.20
384_source_c1,384PP_Plus_AQ_BP,B6,m163_GvpF_50fmol,Axygen 384,I15,200,Actual concentration: 0.82
384_source_c1,384PP_Plus_AQ_BP,B6,m163_GvpF_50fmol,Axygen 384,I17,50,Actual concentration: 0.20
384_source_c1,384PP_Plus_AQ_BP,B6,m163_GvpF_50fmol,Axygen 384,I19,50,Actual concentration: 0.20
384_source_c1,384PP_Plus_AQ_BP,B6,m163_GvpF_50fmol,Axygen 384,I21,200,Actual concentration: 0.82
384_source_c1,384PP_Plus_AQ_BP,B6,m163_GvpF_50fmol,Axygen 384,K1,200,Actual concentration: 0.82
384_source_c1,384PP_Plus_AQ_BP,B6,m163_GvpF_50fmol,Axygen 384,K3,200,Actual concentration: 0.82
384_source_c1,384PP_Plus_AQ_BP,B6,m163_GvpF_50fmol,Axygen 384,K5,200,Actual concentration: 0.82
384_source_c1,384PP_Plus_AQ_BP,B6,m163_GvpF_50fmol,Axygen 384,K7,200,Actual concentration: 0.82
384_source_c1,384PP_Plus_AQ_BP,B6,m163_GvpF_50fmol,Axygen 384,K9,200,Actual concentration: 0.82
384_source_c1,384PP_Plus_AQ_BP,B6,m163_GvpF_50fmol,Axygen 384,K11,200,Actual concentration: 0.82
384_source_c1,384PP_Plus_AQ_BP,B6,m163_GvpF_50fmol,Axygen 384,K13,200,Actual concentration: 0.82
384_source_c1,384PP_Plus_AQ_BP,B6,m163_GvpF_50fmol,Axygen 384,K15,50,Actual concentration: 0.20
384_source_c1,384PP_Plus_AQ_BP,B6,m163_GvpF_50fmol,Axygen 384,K17,50,Actual concentration: 0.20
384_source_c1,384PP_Plus_AQ_BP,B6,m163_GvpF_50fmol,Axygen 384,K19,200,Actual concentration: 0.82
384_source_c1,384PP_Plus_AQ_BP,B6,m163_GvpF_50fmol,Axygen 384,K21,200,Actual concentration: 0.82
384_source_c1,384PP_Plus_AQ_BP,B6,m163_GvpF_50fmol,Axygen 384,K23,200,Actual concentration: 0.82
384_source_c1,384PP_Plus_AQ_BP,B6,m163_GvpF_50fmol,Axygen 384,M1,200,Actual concentration: 0.82
384_source_c1,384PP_Plus_AQ_BP,B6,m163_GvpF_50fmol,Axygen 384,M3,200,Actual concentration: 0.82
384_source_c1,384PP_Plus_AQ_BP,B6,m163_GvpF_50fmol,Axygen 384,M5,50,Actual concentration: 0.20
384_source_c1,384PP_Plus_AQ_BP,B6,m163_GvpF_50fmol,Axygen 384,M7,200,Actual concentration: 0.82
384_source_c1,384PP_Plus_AQ_BP,B6,m163_GvpF_50fmol,Axygen 384,M9,200,Actual concentration: 0.82
384_source_c1,384PP_Plus_AQ_BP,B6,m163_GvpF_50fmol,Axygen 384,M11,200,Actual concentration: 0.82
384_source_c1,384PP_Plus_AQ_BP,B6,m163_GvpF_50fmol,Axygen 384,M13,50,Actual concentration: 0.20
384_source_c1,384PP_Plus_AQ_BP,B6,m163_GvpF_50fmol,Axygen 384,M15,50,Actual concentration: 0.20
384_source_c1,384PP_Plus_AQ_BP,B6,m163_GvpF_50fmol,Axygen 384,M17,50,Actual concentration: 0.20
384_source_c1,384PP_Plus_AQ_BP,B6,m163_GvpF_50fmol,Axygen 384,M19,50,Actual concentration: 0.20
384_source_c1,384PP_Plus_AQ_BP,B6,m163_GvpF_50fmol,Axygen 384,M21,200,Actual concentration: 0.82
384_source_c1,384PP_Plus_AQ_BP,B6,m163_GvpF_50fmol,Axygen 384,M23,50,Actual concentration: 0.20
384_source_c1,384PP_Plus_AQ_BP,B6,m163_GvpF_50fmol,Axygen 384,O1,50,Actual concentration: 0.20
384_source_c1,384PP_Plus_AQ_BP,B6,m163_GvpF_50fmol,Axygen 384,O3,50,Actual concentration: 0.20
384_source_c1,384PP_Plus_AQ_BP,B6,m163_GvpF_50fmol,Axygen 384,O5,50,Actual concentration: 0.20
384_source_c1,384PP_Plus_AQ_BP,B6,m163_GvpF_50fmol,Axygen 384,O7,50,Actual concentration: 0.20
384_source_c1,384PP_Plus_AQ_BP,B6,m163_GvpF_50fmol,Axygen 384,O9,50,Actual concentration: 0.20
384_source_c1,384PP_Plus_AQ_BP,B6,m163_GvpF_50fmol,Axygen 384,O11,50,Actual concentration: 0.20
384_source_c1,384PP_Plus_AQ_BP,B6,m163_GvpF_50fmol,Axygen 384,O13,50,Actual concentration: 0.20
384_source_c1,384PP_Plus_AQ_BP,B6,m163_GvpF_50fmol,Axygen 384,O15,150,Actual concentration: 0.61
384_source_c1,384PP_Plus_AQ_BP,C6,m163_GvpF_50fmol,Axygen 384,O15,50,Actual concentration: 0.20
384_source_c1,384PP_Plus_AQ_BP,C6,m163_GvpF_50fmol,Axygen 384,O17,400,Actual concentration: 1.63
384_source_c1,384PP_Plus_AQ_BP,C6,m163_GvpF_50fmol,Axygen 384,O19,50,Actual concentration: 0.20
384_source_c1,384PP_Plus_AQ_BP,C6,m163_GvpF_50fmol,Axygen 384,O21,50,Actual concentration: 0.20
384_source_c1,384PP_Plus_AQ_BP,C6,m163_GvpF_50fmol,Axygen 384,O23,200,Actual concentration: 0.82
384_source_c1,384PP_Plus_AQ_BP,C6,m163_GvpF_50fmol,Axygen 384,A2,200,Actual concentration: 0.82
384_source_c1,384PP_Plus_AQ_BP,C6,m163_GvpF_50fmol,Axygen 384,A4,50,Actual concentration: 0.20
384_source_c1,384PP_Plus_AQ_BP,C6,m163_GvpF_50fmol,Axygen 384,A6,200,Actual concentration: 0.82
384_source_c1,384PP_Plus_AQ_BP,C6,m163_GvpF_50fmol,Axygen 384,A8,200,Actual concentration: 0.82
384_source_c1,384PP_Plus_AQ_BP,C6,m163_GvpF_50fmol,Axygen 384,A10,50,Actual concentration: 0.20
384_source_c1,384PP_Plus_AQ_BP,C6,m163_GvpF_50fmol,Axygen 384,A12,50,Actual concentration: 0.20
384_source_c1,384PP_Plus_AQ_BP,C6,m163_GvpF_50fmol,Axygen 384,A14,200,Actual concentration: 0.82
384_source_c1,384PP_Plus_AQ_BP,C6,m163_GvpF_50fmol,Axygen 384,A16,200,Actual concentration: 0.82
384_source_c1,384PP_Plus_AQ_BP,C6,m163_GvpF_50fmol,Axygen 384,A18,50,Actual concentration: 0.20
384_source_c1,384PP_Plus_AQ_BP,C6,m163_GvpF_50fmol,Axygen 384,A20,50,Actual concentration: 0.20
384_source_c1,384PP_Plus_AQ_BP,C6,m163_GvpF_50fmol,Axygen 384,A22,50,Actual concentration: 0.20
384_source_c1,384PP_Plus_AQ_BP,C6,m163_GvpF_50fmol,Axygen 384,A24,50,Actual concentration: 0.20
384_source_c1,384PP_Plus_AQ_BP,C6,m163_GvpF_50fmol,Axygen 384,C2,50,Actual concentration: 0.20
384_source_c1,384PP_Plus_AQ_BP,C6,m163_GvpF_50fmol,Axygen 384,C4,50,Actual concentration: 0.20
384_source_c1,384PP_Plus_AQ_BP,C6,m163_GvpF_50fmol,Axygen 384,C6,50,Actual concentration: 0.20
384_source_c1,384PP_Plus_AQ_BP,C6,m163_GvpF_50fmol,Axygen 384,C8,200,Actual concentration: 0.82
384_source_c1,384PP_Plus_AQ_BP,C6,m163_GvpF_50fmol,Axygen 384,C10,50,Actual concentration: 0.20
384_source_c1,384PP_Plus_AQ_BP,C6,m163_GvpF_50fmol,Axygen 384,C12,50,Actual concentration: 0.20
384_source_c1,384PP_Plus_AQ_BP,C6,m163_GvpF_50fmol,Axygen 384,C14,50,Actual concentration: 0.20
384_source_c1,384PP_Plus_AQ_BP,C6,m163_GvpF_50fmol,Axygen 384,C16,50,Actual concentration: 0.20
384_source_c1,384PP_Plus_AQ_BP,C6,m163_GvpF_50fmol,Axygen 384,C18,50,Actual concentration: 0.20
384_source_c1,384PP_Plus_AQ_BP,C6,m163_GvpF_50fmol,Axygen 384,C20,200,Actual concentration: 0.82
384_source_c1,384PP_Plus_AQ_BP,C6,m163_GvpF_50fmol,Axygen 384,C22,200,Actual concentration: 0.82
384_source_c1,384PP_Plus_AQ_BP,C6,m163_GvpF_50fmol,Axygen 384,C24,200,Actual concentration: 0.82
384_source_c1,384PP_Plus_AQ_BP,C6,m163_GvpF_50fmol,Axygen 384,E2,50,Actual concentration: 0.20
384_source_c1,384PP_Plus_AQ_BP,C6,m163_GvpF_50fmol,Axygen 384,E4,50,Actual concentration: 0.20
384_source_c1,384PP_Plus_AQ_BP,C6,m163_GvpF_50fmol,Axygen 384,E6,50,Actual concentration: 0.20
384_source_c1,384PP_Plus_AQ_BP,C6,m163_GvpF_50fmol,Axygen 384,E8,50,Actual concentration: 0.20
384_source_c1,384PP_Plus_AQ_BP,C6,m163_GvpF_50fmol,Axygen 384,E10,50,Actual concentration: 0.20
384_source_c1,384PP_Plus_AQ_BP,C6,m163_GvpF_50fmol,Axygen 384,E12,50,Actual concentration: 0.20
384_source_c1,384PP_Plus_AQ_BP,C6,m163_GvpF_50fmol,Axygen 384,E14,50,Actual concentration: 0.20
384_source_c1,384PP_Plus_AQ_BP,C6,m163_GvpF_50fmol,Axygen 384,E18,50,Actual concentration: 0.20
384_source_c1,384PP_Plus_AQ_BP,C6,m163_GvpF_50fmol,Axygen 384,E20,50,Actual concentration: 0.20
384_source_c1,384PP_Plus_AQ_BP,C6,m163_GvpF_50fmol,Axygen 384,E22,200,Actual concentration: 0.82
384_source_c1,384PP_Plus_AQ_BP,C6,m163_GvpF_50fmol,Axygen 384,E24,200,Actual concentration: 0.82
384_source_c1,384PP_Plus_AQ_BP,C6,m163_GvpF_50fmol,Axygen 384,G2,200,Actual concentration: 0.82
384_source_c1,384PP_Plus_AQ_BP,C6,m163_GvpF_50fmol,Axygen 384,G4,200,Actual concentration: 0.82
384_source_c1,384PP_Plus_AQ_BP,C6,m163_GvpF_50fmol,Axygen 384,G6,50,Actual concentration: 0.20
384_source_c1,384PP_Plus_AQ_BP,C6,m163_GvpF_50fmol,Axygen 384,G8,200,Actual concentration: 0.82
384_source_c1,384PP_Plus_AQ_BP,C6,m163_GvpF_50fmol,Axygen 384,G10,50,Actual concentration: 0.20
384_source_c1,384PP_Plus_AQ_BP,C6,m163_GvpF_50fmol,Axygen 384,G12,200,Actual concentration: 0.82
384_source_c1,384PP_Plus_AQ_BP,C6,m163_GvpF_50fmol,Axygen 384,G14,200,Actual concentration: 0.82
384_source_c1,384PP_Plus_AQ_BP,C6,m163_GvpF_50fmol,Axygen 384,G16,200,Actual concentration: 0.82
384_source_c1,384PP_Plus_AQ_BP,C6,m163_GvpF_50fmol,Axygen 384,G18,50,Actual concentration: 0.20
384_source_c1,384PP_Plus_AQ_BP,C6,m163_GvpF_50fmol,Axygen 384,G20,50,Actual concentration: 0.20
384_source_c1,384PP_Plus_AQ_BP,C6,m163_GvpF_50fmol,Axygen 384,G22,50,Actual concentration: 0.20
384_source_c1,384PP_Plus_AQ_BP,C6,m163_GvpF_50fmol,Axygen 384,G24,50,Actual concentration: 0.20
384_source_c1,384PP_Plus_AQ_BP,C6,m163_GvpF_50fmol,Axygen 384,I2,50,Actual concentration: 0.20
384_source_c1,384PP_Plus_AQ_BP,C6,m163_GvpF_50fmol,Axygen 384,I4,200,Actual concentration: 0.82
384_source_c1,384PP_Plus_AQ_BP,C6,m163_GvpF_50fmol,Axygen 384,I6,50,Actual concentration: 0.20
384_source_c1,384PP_Plus_AQ_BP,C6,m163_GvpF_50fmol,Axygen 384,I8,200,Actual concentration: 0.82
384_source_c1,384PP_Plus_AQ_BP,C6,m163_GvpF_50fmol,Axygen 384,I12,50,Actual concentration: 0.20
384_source_c1,384PP_Plus_AQ_BP,C6,m163_GvpF_50fmol,Axygen 384,I14,200,Actual concentration: 0.82
384_source_c1,384PP_Plus_AQ_BP,C6,m163_GvpF_50fmol,Axygen 384,I16,200,Actual concentration: 0.82
384_source_c1,384PP_Plus_AQ_BP,C6,m163_GvpF_50fmol,Axygen 384,I18,50,Actual concentration: 0.20
384_source_c1,384PP_Plus_AQ_BP,C6,m163_GvpF_50fmol,Axygen 384,I20,200,Actual concentration: 0.82
384_source_c1,384PP_Plus_AQ_BP,C6,m163_GvpF_50fmol,Axygen 384,I22,50,Actual concentration: 0.20
384_source_c1,384PP_Plus_AQ_BP,C6,m163_GvpF_50fmol,Axygen 384,I24,50,Actual concentration: 0.20
384_source_c1,384PP_Plus_AQ_BP,C6,m163_GvpF_50fmol,Axygen 384,K2,200,Actual concentration: 0.82
384_source_c1,384PP_Plus_AQ_BP,C6,m163_GvpF_50fmol,Axygen 384,K4,50,Actual concentration: 0.20
384_source_c1,384PP_Plus_AQ_BP,C6,m163_GvpF_50fmol,Axygen 384,K6,200,Actual concentration: 0.82
384_source_c1,384PP_Plus_AQ_BP,C6,m163_GvpF_50fmol,Axygen 384,K8,50,Actual concentration: 0.20
384_source_c1,384PP_Plus_AQ_BP,C6,m163_GvpF_50fmol,Axygen 384,K10,50,Actual concentration: 0.20
384_source_c1,384PP_Plus_AQ_BP,C6,m163_GvpF_50fmol,Axygen 384,K12,200,Actual concentration: 0.82
384_source_c1,384PP_Plus_AQ_BP,C6,m163_GvpF_50fmol,Axygen 384,K14,200,Actual concentration: 0.82
384_source_c1,384PP_Plus_AQ_BP,C6,m163_GvpF_50fmol,Axygen 384,K16,50,Actual concentration: 0.20
384_source_c1,384PP_Plus_AQ_BP,C6,m163_GvpF_50fmol,Axygen 384,K18,50,Actual concentration: 0.20
384_source_c1,384PP_Plus_AQ_BP,C6,m163_GvpF_50fmol,Axygen 384,K20,50,Actual concentration: 0.20
384_source_c1,384PP_Plus_AQ_BP,C6,m163_GvpF_50fmol,Axygen 384,K22,50,Actual concentration: 0.20
384_source_c1,384PP_Plus_AQ_BP,C6,m163_GvpF_50fmol,Axygen 384,K24,50,Actual concentration: 0.20
384_source_c1,384PP_Plus_AQ_BP,C6,m163_GvpF_50fmol,Axygen 384,M2,200,Actual concentration: 0.82
384_source_c1,384PP_Plus_AQ_BP,C6,m163_GvpF_50fmol,Axygen 384,M4,50,Actual concentration: 0.20
384_source_c1,384PP_Plus_AQ_BP,C6,m163_GvpF_50fmol,Axygen 384,M6,50,Actual concentration: 0.20
384_source_c1,384PP_Plus_AQ_BP,C6,m163_GvpF_50fmol,Axygen 384,M8,50,Actual concentration: 0.20
384_source_c1,384PP_Plus_AQ_BP,C6,m163_GvpF_50fmol,Axygen 384,M10,50,Actual concentration: 0.20
384_source_c1,384PP_Plus_AQ_BP,C6,m163_GvpF_50fmol,Axygen 384,M12,50,Actual concentration: 0.20
384_source_c1,384PP_Plus_AQ_BP,C6,m163_GvpF_50fmol,Axygen 384,M14,50,Actual concentration: 0.20
384_source_c1,384PP_Plus_AQ_BP,C6,m163_GvpF_50fmol,Axygen 384,M16,50,Actual concentration: 0.20
384_source_c1,384PP_Plus_AQ_BP,C6,m163_GvpF_50fmol,Axygen 384,M18,200,Actual concentration: 0.82
384_source_c1,384PP_Plus_AQ_BP,C6,m163_GvpF_50fmol,Axygen 384,M20,200,Actual concentration: 0.82
384_source_c1,384PP_Plus_AQ_BP,C6,m163_GvpF_50fmol,Axygen 384,M22,50,Actual concentration: 0.20
384_source_c1,384PP_Plus_AQ_BP,C6,m163_GvpF_50fmol,Axygen 384,M24,50,Actual concentration: 0.20
384_source_c1,384PP_Plus_AQ_BP,C6,m163_GvpF_50fmol,Axygen 384,O2,50,Actual concentration: 0.20
384_source_c1,384PP_Plus_AQ_BP,C6,m163_GvpF_50fmol,Axygen 384,O4,50,Actual concentration: 0.20
384_source_c1,384PP_Plus_AQ_BP,C6,m163_GvpF_50fmol,Axygen 384,O6,200,Actual concentration: 0.82
384_source_c1,384PP_Plus_AQ_BP,C6,m163_GvpF_50fmol,Axygen 384,O8,50,Actual concentration: 0.20
384_source_c1,384PP_Plus_AQ_BP,C6,m163_GvpF_50fmol,Axygen 384,O10,200,Actual concentration: 0.82
384_source_c1,384PP_Plus_AQ_BP,C6,m163_GvpF_50fmol,Axygen 384,O12,50,Actual concentration: 0.20
384_source_c1,384PP_Plus_AQ_BP,C6,m163_GvpF_50fmol,Axygen 384,O14,200,Actual concentration: 0.82
384_source_c1,384PP_Plus_AQ_BP,D6,m163_GvpF_50fmol,Axygen 384,O16,50,Actual concentration: 0.20
384_source_c1,384PP_Plus_AQ_BP,D6,m163_GvpF_50fmol,Axygen 384,O18,200,Actual concentration: 0.82
384_source_c1,384PP_Plus_AQ_BP,D6,m163_GvpF_50fmol,Axygen 384,O20,50,Actual concentration: 0.20
384_source_c1,384PP_Plus_AQ_BP,D6,m163_GvpF_50fmol,Axygen 384,O22,200,Actual concentration: 0.82
384_source_c1,384PP_Plus_AQ_BP,D6,m163_GvpF_50fmol,Axygen 384,O24,200,Actual concentration: 0.82
384_source_c1,384PP_Plus_AQ_BP,D6,m163_GvpF_50fmol,Axygen 384,B1,50,Actual concentration: 0.20
384_source_c1,384PP_Plus_AQ_BP,D6,m163_GvpF_50fmol,Axygen 384,B3,200,Actual concentration: 0.82
384_source_c1,384PP_Plus_AQ_BP,D6,m163_GvpF_50fmol,Axygen 384,B5,50,Actual concentration: 0.20
384_source_c1,384PP_Plus_AQ_BP,D6,m163_GvpF_50fmol,Axygen 384,B7,200,Actual concentration: 0.82
384_source_c1,384PP_Plus_AQ_BP,D6,m163_GvpF_50fmol,Axygen 384,B9,50,Actual concentration: 0.20
384_source_c1,384PP_Plus_AQ_BP,D6,m163_GvpF_50fmol,Axygen 384,B11,200,Actual concentration: 0.82
384_source_c1,384PP_Plus_AQ_BP,D6,m163_GvpF_50fmol,Axygen 384,B13,200,Actual concentration: 0.82
384_source_c1,384PP_Plus_AQ_BP,D6,m163_GvpF_50fmol,Axygen 384,B15,50,Actual concentration: 0.20
384_source_c1,384PP_Plus_AQ_BP,D6,m163_GvpF_50fmol,Axygen 384,B17,50,Actual concentration: 0.20
384_source_c1,384PP_Plus_AQ_BP,D6,m163_GvpF_50fmol,Axygen 384,B19,50,Actual concentration: 0.20
384_source_c1,384PP_Plus_AQ_BP,D6,m163_GvpF_50fmol,Axygen 384,B21,200,Actual concentration: 0.82
384_source_c1,384PP_Plus_AQ_BP,D6,m163_GvpF_50fmol,Axygen 384,B23,50,Actual concentration: 0.20
384_source_c1,384PP_Plus_AQ_BP,D6,m163_GvpF_50fmol,Axygen 384,D1,50,Actual concentration: 0.20
384_source_c1,384PP_Plus_AQ_BP,D6,m163_GvpF_50fmol,Axygen 384,D3,200,Actual concentration: 0.82
384_source_c1,384PP_Plus_AQ_BP,D6,m163_GvpF_50fmol,Axygen 384,D5,300,Actual concentration: 1.22
384_source_c1,384PP_Plus_AQ_BP,D6,m163_GvpF_50fmol,Axygen 384,D9,50,Actual concentration: 0.20
384_source_c1,384PP_Plus_AQ_BP,D6,m163_GvpF_50fmol,Axygen 384,D11,50,Actual concentration: 0.20
384_source_c1,384PP_Plus_AQ_BP,D6,m163_GvpF_50fmol,Axygen 384,D13,200,Actual concentration: 0.82
384_source_c1,384PP_Plus_AQ_BP,D6,m163_GvpF_50fmol,Axygen 384,D15,50,Actual concentration: 0.20
384_source_c1,384PP_Plus_AQ_BP,D6,m163_GvpF_50fmol,Axygen 384,D17,50,Actual concentration: 0.20
384_source_c1,384PP_Plus_AQ_BP,D6,m163_GvpF_50fmol,Axygen 384,D19,50,Actual concentration: 0.20
384_source_c1,384PP_Plus_AQ_BP,D6,m163_GvpF_50fmol,Axygen 384,D21,200,Actual concentration: 0.82
384_source_c1,384PP_Plus_AQ_BP,D6,m163_GvpF_50fmol,Axygen 384,D23,200,Actual concentration: 0.82
384_source_c1,384PP_Plus_AQ_BP,D6,m163_GvpF_50fmol,Axygen 384,F1,50,Actual concentration: 0.20
384_source_c1,384PP_Plus_AQ_BP,D6,m163_GvpF_50fmol,Axygen 384,F3,50,Actual concentration: 0.20
384_source_c1,384PP_Plus_AQ_BP,D6,m163_GvpF_50fmol,Axygen 384,F5,200,Actual concentration: 0.82
384_source_c1,384PP_Plus_AQ_BP,D6,m163_GvpF_50fmol,Axygen 384,F7,50,Actual concentration: 0.20
384_source_c1,384PP_Plus_AQ_BP,D6,m163_GvpF_50fmol,Axygen 384,F9,200,Actual concentration: 0.82
384_source_c1,384PP_Plus_AQ_BP,D6,m163_GvpF_50fmol,Axygen 384,F11,200,Actual concentration: 0.82
384_source_c1,384PP_Plus_AQ_BP,D6,m163_GvpF_50fmol,Axygen 384,F13,50,Actual concentration: 0.20
384_source_c1,384PP_Plus_AQ_BP,D6,m163_GvpF_50fmol,Axygen 384,F17,200,Actual concentration: 0.82
384_source_c1,384PP_Plus_AQ_BP,D6,m163_GvpF_50fmol,Axygen 384,F19,50,Actual concentration: 0.20
384_source_c1,384PP_Plus_AQ_BP,D6,m163_GvpF_50fmol,Axygen 384,F21,200,Actual concentration: 0.82
384_source_c1,384PP_Plus_AQ_BP,D6,m163_GvpF_50fmol,Axygen 384,F23,50,Actual concentration: 0.20
384_source_c1,384PP_Plus_AQ_BP,D6,m163_GvpF_50fmol,Axygen 384,H1,50,Actual concentration: 0.20
384_source_c1,384PP_Plus_AQ_BP,D6,m163_GvpF_50fmol,Axygen 384,H3,50,Actual concentration: 0.20
384_source_c1,384PP_Plus_AQ_BP,D6,m163_GvpF_50fmol,Axygen 384,H5,50,Actual concentration: 0.20
384_source_c1,384PP_Plus_AQ_BP,D6,m163_GvpF_50fmol,Axygen 384,H7,50,Actual concentration: 0.20
384_source_c1,384PP_Plus_AQ_BP,D6,m163_GvpF_50fmol,Axygen 384,H9,200,Actual concentration: 0.82
384_source_c1,384PP_Plus_AQ_BP,D6,m163_GvpF_50fmol,Axygen 384,H11,50,Actual concentration: 0.20
384_source_c1,384PP_Plus_AQ_BP,D6,m163_GvpF_50fmol,Axygen 384,H13,50,Actual concentration: 0.20
384_source_c1,384PP_Plus_AQ_BP,D6,m163_GvpF_50fmol,Axygen 384,H15,50,Actual concentration: 0.20
384_source_c1,384PP_Plus_AQ_BP,D6,m163_GvpF_50fmol,Axygen 384,H17,50,Actual concentration: 0.20
384_source_c1,384PP_Plus_AQ_BP,D6,m163_GvpF_50fmol,Axygen 384,H19,50,Actual concentration: 0.20
384_source_c1,384PP_Plus_AQ_BP,D6,m163_GvpF_50fmol,Axygen 384,H21,300,Actual concentration: 1.22
384_source_c1,384PP_Plus_AQ_BP,D6,m163_GvpF_50fmol,Axygen 384,H23,50,Actual concentration: 0.20
384_source_c1,384PP_Plus_AQ_BP,D6,m163_GvpF_50fmol,Axygen 384,J1,50,Actual concentration: 0.20
384_source_c1,384PP_Plus_AQ_BP,D6,m163_GvpF_50fmol,Axygen 384,J3,200,Actual concentration: 0.82
384_source_c1,384PP_Plus_AQ_BP,D6,m163_GvpF_50fmol,Axygen 384,J5,50,Actual concentration: 0.20
384_source_c1,384PP_Plus_AQ_BP,D6,m163_GvpF_50fmol,Axygen 384,J7,50,Actual concentration: 0.20
384_source_c1,384PP_Plus_AQ_BP,D6,m163_GvpF_50fmol,Axygen 384,J9,200,Actual concentration: 0.82
384_source_c1,384PP_Plus_AQ_BP,D6,m163_GvpF_50fmol,Axygen 384,J11,200,Actual concentration: 0.82
384_source_c1,384PP_Plus_AQ_BP,D6,m163_GvpF_50fmol,Axygen 384,J13,50,Actual concentration: 0.20
384_source_c1,384PP_Plus_AQ_BP,D6,m163_GvpF_50fmol,Axygen 384,J15,50,Actual concentration: 0.20
384_source_c1,384PP_Plus_AQ_BP,D6,m163_GvpF_50fmol,Axygen 384,J17,50,Actual concentration: 0.20
384_source_c1,384PP_Plus_AQ_BP,D6,m163_GvpF_50fmol,Axygen 384,J19,200,Actual concentration: 0.82
384_source_c1,384PP_Plus_AQ_BP,D6,m163_GvpF_50fmol,Axygen 384,J21,50,Actual concentration: 0.20
384_source_c1,384PP_Plus_AQ_BP,D6,m163_GvpF_50fmol,Axygen 384,J23,200,Actual concentration: 0.82
384_source_c1,384PP_Plus_AQ_BP,D6,m163_GvpF_50fmol,Axygen 384,L1,200,Actual concentration: 0.82
384_source_c1,384PP_Plus_AQ_BP,D6,m163_GvpF_50fmol,Axygen 384,L3,200,Actual concentration: 0.82
384_source_c1,384PP_Plus_AQ_BP,D6,m163_GvpF_50fmol,Axygen 384,L5,50,Actual concentration: 0.20
384_source_c1,384PP_Plus_AQ_BP,D6,m163_GvpF_50fmol,Axygen 384,L7,200,Actual concentration: 0.82
384_source_c1,384PP_Plus_AQ_BP,D6,m163_GvpF_50fmol,Axygen 384,L9,50,Actual concentration: 0.20
384_source_c1,384PP_Plus_AQ_BP,D6,m163_GvpF_50fmol,Axygen 384,L11,50,Actual concentration: 0.20
384_source_c1,384PP_Plus_AQ_BP,D6,m163_GvpF_50fmol,Axygen 384,L13,200,Actual concentration: 0.82
384_source_c1,384PP_Plus_AQ_BP,D6,m163_GvpF_50fmol,Axygen 384,L15,50,Actual concentration: 0.20
384_source_c1,384PP_Plus_AQ_BP,D6,m163_GvpF_50fmol,Axygen 384,L17,50,Actual concentration: 0.20
384_source_c1,384PP_Plus_AQ_BP,D6,m163_GvpF_50fmol,Axygen 384,L19,50,Actual concentration: 0.20
384_source_c1,384PP_Plus_AQ_BP,D6,m163_GvpF_50fmol,Axygen 384,L21,50,Actual concentration: 0.20
384_source_c1,384PP_Plus_AQ_BP,D6,m163_GvpF_50fmol,Axygen 384,L23,50,Actual concentration: 0.20
384_source_c1,384PP_Plus_AQ_BP,D6,m163_GvpF_50fmol,Axygen 384,N1,300,Actual concentration: 1.22
384_source_c1,384PP_Plus_AQ_BP,D6,m163_GvpF_50fmol,Axygen 384,N3,200,Actual concentration: 0.82
384_source_c1,384PP_Plus_AQ_BP,D6,m163_GvpF_50fmol,Axygen 384,N5,50,Actual concentration: 0.20
384_source_c1,384PP_Plus_AQ_BP,D6,m163_GvpF_50fmol,Axygen 384,N7,300,Actual concentration: 1.22
384_source_c1,384PP_Plus_AQ_BP,D6,m163_GvpF_50fmol,Axygen 384,N9,50,Actual concentration: 0.20
384_source_c1,384PP_Plus_AQ_BP,D6,m163_GvpF_50fmol,Axygen 384,N11,50,Actual concentration: 0.20
384_source_c1,384PP_Plus_AQ_BP,D6,m163_GvpF_50fmol,Axygen 384,N13,50,Actual concentration: 0.20
384_source_c1,384PP_Plus_AQ_BP,D6,m163_GvpF_50fmol,Axygen 384,N15,50,Actual concentration: 0.20
384_source_c1,384PP_Plus_AQ_BP,D6,m163_GvpF_50fmol,Axygen 384,N17,50,Actual concentration: 0.20
384_source_c1,384PP_Plus_AQ_BP,D6,m163_GvpF_50fmol,Axygen 384,N19,50,Actual concentration: 0.20
384_source_c1,384PP_Plus_AQ_BP,D6,m163_GvpF_50fmol,Axygen 384,N21,200,Actual concentration: 0.82
384_source_c1,384PP_Plus_AQ_BP,D6,m163_GvpF_50fmol,Axygen 384,N23,200,Actual concentration: 0.82
384_source_c1,384PP_Plus_AQ_BP,D6,m163_GvpF_50fmol,Axygen 384,P1,150,Actual concentration: 0.61
384_source_c1,384PP_Plus_AQ_BP,E6,m163_GvpF_50fmol,Axygen 384,P1,50,Actual concentration: 0.20
384_source_c1,384PP_Plus_AQ_BP,E6,m163_GvpF_50fmol,Axygen 384,P3,200,Actual concentration: 0.82
384_source_c1,384PP_Plus_AQ_BP,E6,m163_GvpF_50fmol,Axygen 384,P5,200,Actual concentration: 0.82
384_source_c1,384PP_Plus_AQ_BP,E6,m163_GvpF_50fmol,Axygen 384,P7,200,Actual concentration: 0.82
384_source_c1,384PP_Plus_AQ_BP,E6,m163_GvpF_50fmol,Axygen 384,P9,200,Actual concentration: 0.82
384_source_c1,384PP_Plus_AQ_BP,E6,m163_GvpF_50fmol,Axygen 384,P11,200,Actual concentration: 0.82
384_source_c1,384PP_Plus_AQ_BP,E6,m163_GvpF_50fmol,Axygen 384,P13,50,Actual concentration: 0.20
384_source_c1,384PP_Plus_AQ_BP,E6,m163_GvpF_50fmol,Axygen 384,P15,50,Actual concentration: 0.20
384_source_c1,384PP_Plus_AQ_BP,E6,m163_GvpF_50fmol,Axygen 384,P17,200,Actual concentration: 0.82
384_source_c1,384PP_Plus_AQ_BP,E6,m163_GvpF_50fmol,Axygen 384,P19,50,Actual concentration: 0.20
384_source_c1,384PP_Plus_AQ_BP,E6,m163_GvpF_50fmol,Axygen 384,P21,50,Actual concentration: 0.20
384_source_c1,384PP_Plus_AQ_BP,E6,m163_GvpF_50fmol,Axygen 384,P23,200,Actual concentration: 0.82
384_source_c1,384PP_Plus_AQ_BP,E6,m163_GvpF_50fmol,Axygen 384,B2,200,Actual concentration: 0.82
384_source_c1,384PP_Plus_AQ_BP,E6,m163_GvpF_50fmol,Axygen 384,B4,200,Actual concentration: 0.82
384_source_c1,384PP_Plus_AQ_BP,E6,m163_GvpF_50fmol,Axygen 384,B6,200,Actual concentration: 0.82
384_source_c1,384PP_Plus_AQ_BP,E6,m163_GvpF_50fmol,Axygen 384,B8,50,Actual concentration: 0.20
384_source_c1,384PP_Plus_AQ_BP,E6,m163_GvpF_50fmol,Axygen 384,B10,200,Actual concentration: 0.82
384_source_c1,384PP_Plus_AQ_BP,E6,m163_GvpF_50fmol,Axygen 384,B12,200,Actual concentration: 0.82
384_source_c1,384PP_Plus_AQ_BP,E6,m163_GvpF_50fmol,Axygen 384,B14,200,Actual concentration: 0.82
384_source_c1,384PP_Plus_AQ_BP,E6,m163_GvpF_50fmol,Axygen 384,B16,200,Actual concentration: 0.82
384_source_c1,384PP_Plus_AQ_BP,E6,m163_GvpF_50fmol,Axygen 384,B18,200,Actual concentration: 0.82
384_source_c1,384PP_Plus_AQ_BP,E6,m163_GvpF_50fmol,Axygen 384,B20,200,Actual concentration: 0.82
384_source_c1,384PP_Plus_AQ_BP,E6,m163_GvpF_50fmol,Axygen 384,B22,200,Actual concentration: 0.82
384_source_c1,384PP_Plus_AQ_BP,E6,m163_GvpF_50fmol,Axygen 384,B24,200,Actual concentration: 0.82
384_source_c1,384PP_Plus_AQ_BP,E6,m163_GvpF_50fmol,Axygen 384,D2,200,Actual concentration: 0.82
384_source_c1,384PP_Plus_AQ_BP,E6,m163_GvpF_50fmol,Axygen 384,D4,200,Actual concentration: 0.82
384_source_c1,384PP_Plus_AQ_BP,E6,m163_GvpF_50fmol,Axygen 384,D6,50,Actual concentration: 0.20
384_source_c1,384PP_Plus_AQ_BP,E6,m163_GvpF_50fmol,Axygen 384,D8,200,Actual concentration: 0.82
384_source_c1,384PP_Plus_AQ_BP,E6,m163_GvpF_50fmol,Axygen 384,D10,200,Actual concentration: 0.82
384_source_c1,384PP_Plus_AQ_BP,E6,m163_GvpF_50fmol,Axygen 384,D12,200,Actual concentration: 0.82
384_source_c1,384PP_Plus_AQ_BP,E6,m163_GvpF_50fmol,Axygen 384,D14,50,Actual concentration: 0.20
384_source_c1,384PP_Plus_AQ_BP,E6,m163_GvpF_50fmol,Axygen 384,D16,50,Actual concentration: 0.20
384_source_c1,384PP_Plus_AQ_BP,E6,m163_GvpF_50fmol,Axygen 384,D18,200,Actual concentration: 0.82
384_source_c1,384PP_Plus_AQ_BP,E6,m163_GvpF_50fmol,Axygen 384,D20,50,Actual concentration: 0.20
384_source_c1,384PP_Plus_AQ_BP,E6,m163_GvpF_50fmol,Axygen 384,D22,400,Actual concentration: 1.63
384_source_c1,384PP_Plus_AQ_BP,E6,m163_GvpF_50fmol,Axygen 384,D24,200,Actual concentration: 0.82
384_source_c1,384PP_Plus_AQ_BP,E6,m163_GvpF_50fmol,Axygen 384,F2,400,Actual concentration: 1.63
384_source_c1,384PP_Plus_AQ_BP,E6,m163_GvpF_50fmol,Axygen 384,F4,50,Actual concentration: 0.20
384_source_c1,384PP_Plus_AQ_BP,E6,m163_GvpF_50fmol,Axygen 384,F6,50,Actual concentration: 0.20
384_source_c1,384PP_Plus_AQ_BP,E6,m163_GvpF_50fmol,Axygen 384,F8,50,Actual concentration: 0.20
384_source_c1,384PP_Plus_AQ_BP,E6,m163_GvpF_50fmol,Axygen 384,F10,200,Actual concentration: 0.82
384_source_c1,384PP_Plus_AQ_BP,E6,m163_GvpF_50fmol,Axygen 384,F12,50,Actual concentration: 0.20
384_source_c1,384PP_Plus_AQ_BP,E6,m163_GvpF_50fmol,Axygen 384,F14,200,Actual concentration: 0.82
384_source_c1,384PP_Plus_AQ_BP,E6,m163_GvpF_50fmol,Axygen 384,F18,50,Actual concentration: 0.20
384_source_c1,384PP_Plus_AQ_BP,E6,m163_GvpF_50fmol,Axygen 384,F20,200,Actual concentration: 0.82
384_source_c1,384PP_Plus_AQ_BP,E6,m163_GvpF_50fmol,Axygen 384,F22,50,Actual concentration: 0.20
384_source_c1,384PP_Plus_AQ_BP,E6,m163_GvpF_50fmol,Axygen 384,F24,50,Actual concentration: 0.20
384_source_c1,384PP_Plus_AQ_BP,E6,m163_GvpF_50fmol,Axygen 384,H2,200,Actual concentration: 0.82
384_source_c1,384PP_Plus_AQ_BP,E6,m163_GvpF_50fmol,Axygen 384,H4,200,Actual concentration: 0.82
384_source_c1,384PP_Plus_AQ_BP,E6,m163_GvpF_50fmol,Axygen 384,H6,200,Actual concentration: 0.82
384_source_c1,384PP_Plus_AQ_BP,E6,m163_GvpF_50fmol,Axygen 384,H8,50,Actual concentration: 0.20
384_source_c1,384PP_Plus_AQ_BP,E6,m163_GvpF_50fmol,Axygen 384,H10,200,Actual concentration: 0.82
384_source_c1,384PP_Plus_AQ_BP,E6,m163_GvpF_50fmol,Axygen 384,H12,50,Actual concentration: 0.20
384_source_c1,384PP_Plus_AQ_BP,E6,m163_GvpF_50fmol,Axygen 384,H14,50,Actual concentration: 0.20
384_source_c1,384PP_Plus_AQ_BP,E6,m163_GvpF_50fmol,Axygen 384,H16,50,Actual concentration: 0.20
384_source_c1,384PP_Plus_AQ_BP,E6,m163_GvpF_50fmol,Axygen 384,H18,200,Actual concentration: 0.82
384_source_c1,384PP_Plus_AQ_BP,E6,m163_GvpF_50fmol,Axygen 384,H20,50,Actual concentration: 0.20
384_source_c1,384PP_Plus_AQ_BP,E6,m163_GvpF_50fmol,Axygen 384,H22,200,Actual concentration: 0.82
384_source_c1,384PP_Plus_AQ_BP,E6,m163_GvpF_50fmol,Axygen 384,H24,200,Actual concentration: 0.82
384_source_c1,384PP_Plus_AQ_BP,E6,m163_GvpF_50fmol,Axygen 384,J2,200,Actual concentration: 0.82
384_source_c1,384PP_Plus_AQ_BP,E6,m163_GvpF_50fmol,Axygen 384,J4,50,Actual concentration: 0.20
384_source_c1,384PP_Plus_AQ_BP,E6,m163_GvpF_50fmol,Axygen 384,J6,200,Actual concentration: 0.82
384_source_c1,384PP_Plus_AQ_BP,E6,m163_GvpF_50fmol,Axygen 384,J10,400,Actual concentration: 1.63
384_source_c1,384PP_Plus_AQ_BP,E6,m163_GvpF_50fmol,Axygen 384,J16,250,Actual concentration: 1.02
384_source_c1,384PP_Plus_AQ_BP,F6,m163_GvpF_50fmol,Axygen 384,J16,50,Actual concentration: 0.20
384_source_c1,384PP_Plus_AQ_BP,F6,m163_GvpF_50fmol,Axygen 384,J18,50,Actual concentration: 0.20
384_source_c1,384PP_Plus_AQ_BP,F6,m163_GvpF_50fmol,Axygen 384,J20,200,Actual concentration: 0.82
384_source_c1,384PP_Plus_AQ_BP,F6,m163_GvpF_50fmol,Axygen 384,J22,200,Actual concentration: 0.82
384_source_c1,384PP_Plus_AQ_BP,F6,m163_GvpF_50fmol,Axygen 384,J24,200,Actual concentration: 0.82
384_source_c1,384PP_Plus_AQ_BP,F6,m163_GvpF_50fmol,Axygen 384,L2,200,Actual concentration: 0.82
384_source_c1,384PP_Plus_AQ_BP,F6,m163_GvpF_50fmol,Axygen 384,L4,200,Actual concentration: 0.82
384_source_c1,384PP_Plus_AQ_BP,F6,m163_GvpF_50fmol,Axygen 384,L6,200,Actual concentration: 0.82
384_source_c1,384PP_Plus_AQ_BP,F6,m163_GvpF_50fmol,Axygen 384,L8,200,Actual concentration: 0.82
384_source_c1,384PP_Plus_AQ_BP,F6,m163_GvpF_50fmol,Axygen 384,L10,50,Actual concentration: 0.20
384_source_c1,384PP_Plus_AQ_BP,F6,m163_GvpF_50fmol,Axygen 384,L12,200,Actual concentration: 0.82
384_source_c1,384PP_Plus_AQ_BP,F6,m163_GvpF_50fmol,Axygen 384,L14,200,Actual concentration: 0.82
384_source_c1,384PP_Plus_AQ_BP,F6,m163_GvpF_50fmol,Axygen 384,L16,200,Actual concentration: 0.82
384_source_c1,384PP_Plus_AQ_BP,F6,m163_GvpF_50fmol,Axygen 384,L18,50,Actual concentration: 0.20
384_source_c1,384PP_Plus_AQ_BP,F6,m163_GvpF_50fmol,Axygen 384,L20,200,Actual concentration: 0.82
384_source_c1,384PP_Plus_AQ_BP,F6,m163_GvpF_50fmol,Axygen 384,L22,50,Actual concentration: 0.20
384_source_c1,384PP_Plus_AQ_BP,F6,m163_GvpF_50fmol,Axygen 384,N2,50,Actual concentration: 0.20
384_source_c1,384PP_Plus_AQ_BP,F6,m163_GvpF_50fmol,Axygen 384,N4,50,Actual concentration: 0.20
384_source_c1,384PP_Plus_AQ_BP,F6,m163_GvpF_50fmol,Axygen 384,N6,400,Actual concentration: 1.63
384_source_c1,384PP_Plus_AQ_BP,F6,m163_GvpF_50fmol,Axygen 384,N8,200,Actual concentration: 0.82
384_source_c1,384PP_Plus_AQ_BP,F6,m163_GvpF_50fmol,Axygen 384,N10,50,Actual concentration: 0.20
384_source_c1,384PP_Plus_AQ_BP,F6,m163_GvpF_50fmol,Axygen 384,N12,50,Actual concentration: 0.20
384_source_c1,384PP_Plus_AQ_BP,F6,m163_GvpF_50fmol,Axygen 384,N14,300,Actual concentration: 1.22
384_source_c1,384PP_Plus_AQ_BP,F6,m163_GvpF_50fmol,Axygen 384,N16,200,Actual concentration: 0.82
384_source_c1,384PP_Plus_AQ_BP,F6,m163_GvpF_50fmol,Axygen 384,N18,200,Actual concentration: 0.82
384_source_c1,384PP_Plus_AQ_BP,F6,m163_GvpF_50fmol,Axygen 384,N20,200,Actual concentration: 0.82
384_source_c1,384PP_Plus_AQ_BP,F6,m163_GvpF_50fmol,Axygen 384,N22,200,Actual concentration: 0.82
384_source_c1,384PP_Plus_AQ_BP,F6,m163_GvpF_50fmol,Axygen 384,P2,50,Actual concentration: 0.20
384_source_c1,384PP_Plus_AQ_BP,F6,m163_GvpF_50fmol,Axygen 384,P4,300,Actual concentration: 1.22
384_source_c1,384PP_Plus_AQ_BP,F6,m163_GvpF_50fmol,Axygen 384,P6,200,Actual concentration: 0.82
384_source_c1,384PP_Plus_AQ_BP,F6,m163_GvpF_50fmol,Axygen 384,P8,300,Actual concentration: 1.22
384_source_c1,384PP_Plus_AQ_BP,F6,m163_GvpF_50fmol,Axygen 384,P10,200,Actual concentration: 0.82
384_source_c1,384PP_Plus_AQ_BP,F6,m163_GvpF_50fmol,Axygen 384,P12,50,Actual concentration: 0.20
384_source_c1,384PP_Plus_AQ_BP,F6,m163_GvpF_50fmol,Axygen 384,P14,50,Actual concentration: 0.20
384_source_c1,384PP_Plus_AQ_BP,F6,m163_GvpF_50fmol,Axygen 384,P16,200,Actual concentration: 0.82
384_source_c1,384PP_Plus_AQ_BP,F6,m163_GvpF_50fmol,Axygen 384,P18,50,Actual concentration: 0.20
384_source_c1,384PP_Plus_AQ_BP,F6,m163_GvpF_50fmol,Axygen 384,P20,200,Actual concentration: 0.82
384_source_c1,384PP_Plus_AQ_BP,F6,m163_GvpF_50fmol,Axygen 384,P22,50,Actual concentration: 0.20
384_source_c1,384PP_Plus_AQ_BP,F6,m163_GvpF_50fmol,Axygen 384,P24,200,Actual concentration: 0.82
384_source_c1,384PP_Plus_AQ_BP,B8,m164_GvpG_50fmol,Axygen 384,A1,50,Actual concentration: 0.22
384_source_c1,384PP_Plus_AQ_BP,B8,m164_GvpG_50fmol,Axygen 384,A3,200,Actual concentration: 0.87
384_source_c1,384PP_Plus_AQ_BP,B8,m164_GvpG_50fmol,Axygen 384,A5,50,Actual concentration: 0.22
384_source_c1,384PP_Plus_AQ_BP,B8,m164_GvpG_50fmol,Axygen 384,A7,50,Actual concentration: 0.22
384_source_c1,384PP_Plus_AQ_BP,B8,m164_GvpG_50fmol,Axygen 384,A9,50,Actual concentration: 0.22
384_source_c1,384PP_Plus_AQ_BP,B8,m164_GvpG_50fmol,Axygen 384,A11,200,Actual concentration: 0.87
384_source_c1,384PP_Plus_AQ_BP,B8,m164_GvpG_50fmol,Axygen 384,A13,50,Actual concentration: 0.22
384_source_c1,384PP_Plus_AQ_BP,B8,m164_GvpG_50fmol,Axygen 384,A15,50,Actual concentration: 0.22
384_source_c1,384PP_Plus_AQ_BP,B8,m164_GvpG_50fmol,Axygen 384,A17,50,Actual concentration: 0.22
384_source_c1,384PP_Plus_AQ_BP,B8,m164_GvpG_50fmol,Axygen 384,A19,50,Actual concentration: 0.22
384_source_c1,384PP_Plus_AQ_BP,B8,m164_GvpG_50fmol,Axygen 384,A21,50,Actual concentration: 0.22
384_source_c1,384PP_Plus_AQ_BP,B8,m164_GvpG_50fmol,Axygen 384,A23,50,Actual concentration: 0.22
384_source_c1,384PP_Plus_AQ_BP,B8,m164_GvpG_50fmol,Axygen 384,C1,50,Actual concentration: 0.22
384_source_c1,384PP_Plus_AQ_BP,B8,m164_GvpG_50fmol,Axygen 384,C3,50,Actual concentration: 0.22
384_source_c1,384PP_Plus_AQ_BP,B8,m164_GvpG_50fmol,Axygen 384,C5,50,Actual concentration: 0.22
384_source_c1,384PP_Plus_AQ_BP,B8,m164_GvpG_50fmol,Axygen 384,C7,50,Actual concentration: 0.22
384_source_c1,384PP_Plus_AQ_BP,B8,m164_GvpG_50fmol,Axygen 384,C9,50,Actual concentration: 0.22
384_source_c1,384PP_Plus_AQ_BP,B8,m164_GvpG_50fmol,Axygen 384,C11,200,Actual concentration: 0.87
384_source_c1,384PP_Plus_AQ_BP,B8,m164_GvpG_50fmol,Axygen 384,C13,375,Actual concentration: 1.63
384_source_c1,384PP_Plus_AQ_BP,B8,m164_GvpG_50fmol,Axygen 384,C15,200,Actual concentration: 0.87
384_source_c1,384PP_Plus_AQ_BP,B8,m164_GvpG_50fmol,Axygen 384,C17,50,Actual concentration: 0.22
384_source_c1,384PP_Plus_AQ_BP,B8,m164_GvpG_50fmol,Axygen 384,C19,50,Actual concentration: 0.22
384_source_c1,384PP_Plus_AQ_BP,B8,m164_GvpG_50fmol,Axygen 384,C21,50,Actual concentration: 0.22
384_source_c1,384PP_Plus_AQ_BP,B8,m164_GvpG_50fmol,Axygen 384,C23,200,Actual concentration: 0.87
384_source_c1,384PP_Plus_AQ_BP,B8,m164_GvpG_50fmol,Axygen 384,E1,200,Actual concentration: 0.87
384_source_c1,384PP_Plus_AQ_BP,B8,m164_GvpG_50fmol,Axygen 384,E3,50,Actual concentration: 0.22
384_source_c1,384PP_Plus_AQ_BP,B8,m164_GvpG_50fmol,Axygen 384,E5,50,Actual concentration: 0.22
384_source_c1,384PP_Plus_AQ_BP,B8,m164_GvpG_50fmol,Axygen 384,E7,50,Actual concentration: 0.22
384_source_c1,384PP_Plus_AQ_BP,B8,m164_GvpG_50fmol,Axygen 384,E9,200,Actual concentration: 0.87
384_source_c1,384PP_Plus_AQ_BP,B8,m164_GvpG_50fmol,Axygen 384,E11,200,Actual concentration: 0.87
384_source_c1,384PP_Plus_AQ_BP,B8,m164_GvpG_50fmol,Axygen 384,E13,50,Actual concentration: 0.22
384_source_c1,384PP_Plus_AQ_BP,B8,m164_GvpG_50fmol,Axygen 384,E17,50,Actual concentration: 0.22
384_source_c1,384PP_Plus_AQ_BP,B8,m164_GvpG_50fmol,Axygen 384,E19,50,Actual concentration: 0.22
384_source_c1,384PP_Plus_AQ_BP,B8,m164_GvpG_50fmol,Axygen 384,E21,200,Actual concentration: 0.87
384_source_c1,384PP_Plus_AQ_BP,B8,m164_GvpG_50fmol,Axygen 384,E23,50,Actual concentration: 0.22
384_source_c1,384PP_Plus_AQ_BP,B8,m164_GvpG_50fmol,Axygen 384,G1,200,Actual concentration: 0.87
384_source_c1,384PP_Plus_AQ_BP,B8,m164_GvpG_50fmol,Axygen 384,G3,50,Actual concentration: 0.22
384_source_c1,384PP_Plus_AQ_BP,B8,m164_GvpG_50fmol,Axygen 384,G5,50,Actual concentration: 0.22
384_source_c1,384PP_Plus_AQ_BP,B8,m164_GvpG_50fmol,Axygen 384,G7,200,Actual concentration: 0.87
384_source_c1,384PP_Plus_AQ_BP,B8,m164_GvpG_50fmol,Axygen 384,G9,50,Actual concentration: 0.22
384_source_c1,384PP_Plus_AQ_BP,B8,m164_GvpG_50fmol,Axygen 384,G11,50,Actual concentration: 0.22
384_source_c1,384PP_Plus_AQ_BP,B8,m164_GvpG_50fmol,Axygen 384,G13,200,Actual concentration: 0.87
384_source_c1,384PP_Plus_AQ_BP,B8,m164_GvpG_50fmol,Axygen 384,G15,50,Actual concentration: 0.22
384_source_c1,384PP_Plus_AQ_BP,B8,m164_GvpG_50fmol,Axygen 384,G17,50,Actual concentration: 0.22
384_source_c1,384PP_Plus_AQ_BP,B8,m164_GvpG_50fmol,Axygen 384,G19,200,Actual concentration: 0.87
384_source_c1,384PP_Plus_AQ_BP,B8,m164_GvpG_50fmol,Axygen 384,G21,50,Actual concentration: 0.22
384_source_c1,384PP_Plus_AQ_BP,B8,m164_GvpG_50fmol,Axygen 384,G23,50,Actual concentration: 0.22
384_source_c1,384PP_Plus_AQ_BP,B8,m164_GvpG_50fmol,Axygen 384,I1,200,Actual concentration: 0.87
384_source_c1,384PP_Plus_AQ_BP,B8,m164_GvpG_50fmol,Axygen 384,I3,50,Actual concentration: 0.22
384_source_c1,384PP_Plus_AQ_BP,B8,m164_GvpG_50fmol,Axygen 384,I5,50,Actual concentration: 0.22
384_source_c1,384PP_Plus_AQ_BP,B8,m164_GvpG_50fmol,Axygen 384,I7,375,Actual concentration: 1.63
384_source_c1,384PP_Plus_AQ_BP,B8,m164_GvpG_50fmol,Axygen 384,I9,50,Actual concentration: 0.22
384_source_c1,384PP_Plus_AQ_BP,B8,m164_GvpG_50fmol,Axygen 384,I11,50,Actual concentration: 0.22
384_source_c1,384PP_Plus_AQ_BP,B8,m164_GvpG_50fmol,Axygen 384,I13,50,Actual concentration: 0.22
384_source_c1,384PP_Plus_AQ_BP,B8,m164_GvpG_50fmol,Axygen 384,I15,200,Actual concentration: 0.87
384_source_c1,384PP_Plus_AQ_BP,B8,m164_GvpG_50fmol,Axygen 384,I17,375,Actual concentration: 1.63
384_source_c1,384PP_Plus_AQ_BP,B8,m164_GvpG_50fmol,Axygen 384,I19,50,Actual concentration: 0.22
384_source_c1,384PP_Plus_AQ_BP,B8,m164_GvpG_50fmol,Axygen 384,I21,200,Actual concentration: 0.87
384_source_c1,384PP_Plus_AQ_BP,B8,m164_GvpG_50fmol,Axygen 384,K1,50,Actual concentration: 0.22
384_source_c1,384PP_Plus_AQ_BP,B8,m164_GvpG_50fmol,Axygen 384,K3,50,Actual concentration: 0.22
384_source_c1,384PP_Plus_AQ_BP,B8,m164_GvpG_50fmol,Axygen 384,K5,50,Actual concentration: 0.22
384_source_c1,384PP_Plus_AQ_BP,B8,m164_GvpG_50fmol,Axygen 384,K7,200,Actual concentration: 0.87
384_source_c1,384PP_Plus_AQ_BP,B8,m164_GvpG_50fmol,Axygen 384,K9,50,Actual concentration: 0.22
384_source_c1,384PP_Plus_AQ_BP,B8,m164_GvpG_50fmol,Axygen 384,K11,200,Actual concentration: 0.87
384_source_c1,384PP_Plus_AQ_BP,B8,m164_GvpG_50fmol,Axygen 384,K13,200,Actual concentration: 0.87
384_source_c1,384PP_Plus_AQ_BP,B8,m164_GvpG_50fmol,Axygen 384,K15,50,Actual concentration: 0.22
384_source_c1,384PP_Plus_AQ_BP,B8,m164_GvpG_50fmol,Axygen 384,K17,50,Actual concentration: 0.22
384_source_c1,384PP_Plus_AQ_BP,B8,m164_GvpG_50fmol,Axygen 384,K19,50,Actual concentration: 0.22
384_source_c1,384PP_Plus_AQ_BP,B8,m164_GvpG_50fmol,Axygen 384,K21,200,Actual concentration: 0.87
384_source_c1,384PP_Plus_AQ_BP,B8,m164_GvpG_50fmol,Axygen 384,K23,50,Actual concentration: 0.22
384_source_c1,384PP_Plus_AQ_BP,B8,m164_GvpG_50fmol,Axygen 384,M1,200,Actual concentration: 0.87
384_source_c1,384PP_Plus_AQ_BP,B8,m164_GvpG_50fmol,Axygen 384,M3,200,Actual concentration: 0.87
384_source_c1,384PP_Plus_AQ_BP,B8,m164_GvpG_50fmol,Axygen 384,M5,200,Actual concentration: 0.87
384_source_c1,384PP_Plus_AQ_BP,B8,m164_GvpG_50fmol,Axygen 384,M7,200,Actual concentration: 0.87
384_source_c1,384PP_Plus_AQ_BP,B8,m164_GvpG_50fmol,Axygen 384,M9,200,Actual concentration: 0.87
384_source_c1,384PP_Plus_AQ_BP,B8,m164_GvpG_50fmol,Axygen 384,M11,200,Actual concentration: 0.87
384_source_c1,384PP_Plus_AQ_BP,B8,m164_GvpG_50fmol,Axygen 384,M13,50,Actual concentration: 0.22
384_source_c1,384PP_Plus_AQ_BP,B8,m164_GvpG_50fmol,Axygen 384,M15,375,Actual concentration: 1.63
384_source_c1,384PP_Plus_AQ_BP,B8,m164_GvpG_50fmol,Axygen 384,M17,200,Actual concentration: 0.87
384_source_c1,384PP_Plus_AQ_BP,B8,m164_GvpG_50fmol,Axygen 384,M19,50,Actual concentration: 0.22
384_source_c1,384PP_Plus_AQ_BP,B8,m164_GvpG_50fmol,Axygen 384,M21,50,Actual concentration: 0.22
384_source_c1,384PP_Plus_AQ_BP,B8,m164_GvpG_50fmol,Axygen 384,M23,200,Actual concentration: 0.87
384_source_c1,384PP_Plus_AQ_BP,B8,m164_GvpG_50fmol,Axygen 384,O1,50,Actual concentration: 0.22
384_source_c1,384PP_Plus_AQ_BP,B8,m164_GvpG_50fmol,Axygen 384,O3,200,Actual concentration: 0.87
384_source_c1,384PP_Plus_AQ_BP,B8,m164_GvpG_50fmol,Axygen 384,O5,50,Actual concentration: 0.22
384_source_c1,384PP_Plus_AQ_BP,B8,m164_GvpG_50fmol,Axygen 384,O7,50,Actual concentration: 0.22
384_source_c1,384PP_Plus_AQ_BP,B8,m164_GvpG_50fmol,Axygen 384,O9,50,Actual concentration: 0.22
384_source_c1,384PP_Plus_AQ_BP,C8,m164_GvpG_50fmol,Axygen 384,O11,50,Actual concentration: 0.22
384_source_c1,384PP_Plus_AQ_BP,C8,m164_GvpG_50fmol,Axygen 384,O13,200,Actual concentration: 0.87
384_source_c1,384PP_Plus_AQ_BP,C8,m164_GvpG_50fmol,Axygen 384,O15,200,Actual concentration: 0.87
384_source_c1,384PP_Plus_AQ_BP,C8,m164_GvpG_50fmol,Axygen 384,O17,50,Actual concentration: 0.22
384_source_c1,384PP_Plus_AQ_BP,C8,m164_GvpG_50fmol,Axygen 384,O19,50,Actual concentration: 0.22
384_source_c1,384PP_Plus_AQ_BP,C8,m164_GvpG_50fmol,Axygen 384,O21,50,Actual concentration: 0.22
384_source_c1,384PP_Plus_AQ_BP,C8,m164_GvpG_50fmol,Axygen 384,O23,50,Actual concentration: 0.22
384_source_c1,384PP_Plus_AQ_BP,C8,m164_GvpG_50fmol,Axygen 384,A2,50,Actual concentration: 0.22
384_source_c1,384PP_Plus_AQ_BP,C8,m164_GvpG_50fmol,Axygen 384,A4,200,Actual concentration: 0.87
384_source_c1,384PP_Plus_AQ_BP,C8,m164_GvpG_50fmol,Axygen 384,A6,50,Actual concentration: 0.22
384_source_c1,384PP_Plus_AQ_BP,C8,m164_GvpG_50fmol,Axygen 384,A8,50,Actual concentration: 0.22
384_source_c1,384PP_Plus_AQ_BP,C8,m164_GvpG_50fmol,Axygen 384,A10,200,Actual concentration: 0.87
384_source_c1,384PP_Plus_AQ_BP,C8,m164_GvpG_50fmol,Axygen 384,A12,200,Actual concentration: 0.87
384_source_c1,384PP_Plus_AQ_BP,C8,m164_GvpG_50fmol,Axygen 384,A14,50,Actual concentration: 0.22
384_source_c1,384PP_Plus_AQ_BP,C8,m164_GvpG_50fmol,Axygen 384,A16,50,Actual concentration: 0.22
384_source_c1,384PP_Plus_AQ_BP,C8,m164_GvpG_50fmol,Axygen 384,A18,200,Actual concentration: 0.87
384_source_c1,384PP_Plus_AQ_BP,C8,m164_GvpG_50fmol,Axygen 384,A20,50,Actual concentration: 0.22
384_source_c1,384PP_Plus_AQ_BP,C8,m164_GvpG_50fmol,Axygen 384,A22,200,Actual concentration: 0.87
384_source_c1,384PP_Plus_AQ_BP,C8,m164_GvpG_50fmol,Axygen 384,A24,50,Actual concentration: 0.22
384_source_c1,384PP_Plus_AQ_BP,C8,m164_GvpG_50fmol,Axygen 384,C2,50,Actual concentration: 0.22
384_source_c1,384PP_Plus_AQ_BP,C8,m164_GvpG_50fmol,Axygen 384,C4,200,Actual concentration: 0.87
384_source_c1,384PP_Plus_AQ_BP,C8,m164_GvpG_50fmol,Axygen 384,C6,50,Actual concentration: 0.22
384_source_c1,384PP_Plus_AQ_BP,C8,m164_GvpG_50fmol,Axygen 384,C8,50,Actual concentration: 0.22
384_source_c1,384PP_Plus_AQ_BP,C8,m164_GvpG_50fmol,Axygen 384,C10,200,Actual concentration: 0.87
384_source_c1,384PP_Plus_AQ_BP,C8,m164_GvpG_50fmol,Axygen 384,C12,200,Actual concentration: 0.87
384_source_c1,384PP_Plus_AQ_BP,C8,m164_GvpG_50fmol,Axygen 384,C14,200,Actual concentration: 0.87
384_source_c1,384PP_Plus_AQ_BP,C8,m164_GvpG_50fmol,Axygen 384,C16,50,Actual concentration: 0.22
384_source_c1,384PP_Plus_AQ_BP,C8,m164_GvpG_50fmol,Axygen 384,C18,50,Actual concentration: 0.22
384_source_c1,384PP_Plus_AQ_BP,C8,m164_GvpG_50fmol,Axygen 384,C20,50,Actual concentration: 0.22
384_source_c1,384PP_Plus_AQ_BP,C8,m164_GvpG_50fmol,Axygen 384,C22,200,Actual concentration: 0.87
384_source_c1,384PP_Plus_AQ_BP,C8,m164_GvpG_50fmol,Axygen 384,C24,200,Actual concentration: 0.87
384_source_c1,384PP_Plus_AQ_BP,C8,m164_GvpG_50fmol,Axygen 384,E2,50,Actual concentration: 0.22
384_source_c1,384PP_Plus_AQ_BP,C8,m164_GvpG_50fmol,Axygen 384,E4,50,Actual concentration: 0.22
384_source_c1,384PP_Plus_AQ_BP,C8,m164_GvpG_50fmol,Axygen 384,E6,50,Actual concentration: 0.22
384_source_c1,384PP_Plus_AQ_BP,C8,m164_GvpG_50fmol,Axygen 384,E8,200,Actual concentration: 0.87
384_source_c1,384PP_Plus_AQ_BP,C8,m164_GvpG_50fmol,Axygen 384,E10,50,Actual concentration: 0.22
384_source_c1,384PP_Plus_AQ_BP,C8,m164_GvpG_50fmol,Axygen 384,E12,50,Actual concentration: 0.22
384_source_c1,384PP_Plus_AQ_BP,C8,m164_GvpG_50fmol,Axygen 384,E14,200,Actual concentration: 0.87
384_source_c1,384PP_Plus_AQ_BP,C8,m164_GvpG_50fmol,Axygen 384,E18,50,Actual concentration: 0.22
384_source_c1,384PP_Plus_AQ_BP,C8,m164_GvpG_50fmol,Axygen 384,E20,50,Actual concentration: 0.22
384_source_c1,384PP_Plus_AQ_BP,C8,m164_GvpG_50fmol,Axygen 384,E22,50,Actual concentration: 0.22
384_source_c1,384PP_Plus_AQ_BP,C8,m164_GvpG_50fmol,Axygen 384,E24,50,Actual concentration: 0.22
384_source_c1,384PP_Plus_AQ_BP,C8,m164_GvpG_50fmol,Axygen 384,G2,200,Actual concentration: 0.87
384_source_c1,384PP_Plus_AQ_BP,C8,m164_GvpG_50fmol,Axygen 384,G4,200,Actual concentration: 0.87
384_source_c1,384PP_Plus_AQ_BP,C8,m164_GvpG_50fmol,Axygen 384,G6,50,Actual concentration: 0.22
384_source_c1,384PP_Plus_AQ_BP,C8,m164_GvpG_50fmol,Axygen 384,G8,200,Actual concentration: 0.87
384_source_c1,384PP_Plus_AQ_BP,C8,m164_GvpG_50fmol,Axygen 384,G10,200,Actual concentration: 0.87
384_source_c1,384PP_Plus_AQ_BP,C8,m164_GvpG_50fmol,Axygen 384,G12,50,Actual concentration: 0.22
384_source_c1,384PP_Plus_AQ_BP,C8,m164_GvpG_50fmol,Axygen 384,G14,50,Actual concentration: 0.22
384_source_c1,384PP_Plus_AQ_BP,C8,m164_GvpG_50fmol,Axygen 384,G16,50,Actual concentration: 0.22
384_source_c1,384PP_Plus_AQ_BP,C8,m164_GvpG_50fmol,Axygen 384,G18,50,Actual concentration: 0.22
384_source_c1,384PP_Plus_AQ_BP,C8,m164_GvpG_50fmol,Axygen 384,G20,50,Actual concentration: 0.22
384_source_c1,384PP_Plus_AQ_BP,C8,m164_GvpG_50fmol,Axygen 384,G22,50,Actual concentration: 0.22
384_source_c1,384PP_Plus_AQ_BP,C8,m164_GvpG_50fmol,Axygen 384,G24,50,Actual concentration: 0.22
384_source_c1,384PP_Plus_AQ_BP,C8,m164_GvpG_50fmol,Axygen 384,I2,50,Actual concentration: 0.22
384_source_c1,384PP_Plus_AQ_BP,C8,m164_GvpG_50fmol,Axygen 384,I4,200,Actual concentration: 0.87
384_source_c1,384PP_Plus_AQ_BP,C8,m164_GvpG_50fmol,Axygen 384,I6,200,Actual concentration: 0.87
384_source_c1,384PP_Plus_AQ_BP,C8,m164_GvpG_50fmol,Axygen 384,I8,50,Actual concentration: 0.22
384_source_c1,384PP_Plus_AQ_BP,C8,m164_GvpG_50fmol,Axygen 384,I12,50,Actual concentration: 0.22
384_source_c1,384PP_Plus_AQ_BP,C8,m164_GvpG_50fmol,Axygen 384,I14,200,Actual concentration: 0.87
384_source_c1,384PP_Plus_AQ_BP,C8,m164_GvpG_50fmol,Axygen 384,I16,50,Actual concentration: 0.22
384_source_c1,384PP_Plus_AQ_BP,C8,m164_GvpG_50fmol,Axygen 384,I18,50,Actual concentration: 0.22
384_source_c1,384PP_Plus_AQ_BP,C8,m164_GvpG_50fmol,Axygen 384,I20,200,Actual concentration: 0.87
384_source_c1,384PP_Plus_AQ_BP,C8,m164_GvpG_50fmol,Axygen 384,I22,50,Actual concentration: 0.22
384_source_c1,384PP_Plus_AQ_BP,C8,m164_GvpG_50fmol,Axygen 384,I24,50,Actual concentration: 0.22
384_source_c1,384PP_Plus_AQ_BP,C8,m164_GvpG_50fmol,Axygen 384,K2,50,Actual concentration: 0.22
384_source_c1,384PP_Plus_AQ_BP,C8,m164_GvpG_50fmol,Axygen 384,K4,200,Actual concentration: 0.87
384_source_c1,384PP_Plus_AQ_BP,C8,m164_GvpG_50fmol,Axygen 384,K6,200,Actual concentration: 0.87
384_source_c1,384PP_Plus_AQ_BP,C8,m164_GvpG_50fmol,Axygen 384,K8,200,Actual concentration: 0.87
384_source_c1,384PP_Plus_AQ_BP,C8,m164_GvpG_50fmol,Axygen 384,K10,50,Actual concentration: 0.22
384_source_c1,384PP_Plus_AQ_BP,C8,m164_GvpG_50fmol,Axygen 384,K12,200,Actual concentration: 0.87
384_source_c1,384PP_Plus_AQ_BP,C8,m164_GvpG_50fmol,Axygen 384,K14,50,Actual concentration: 0.22
384_source_c1,384PP_Plus_AQ_BP,C8,m164_GvpG_50fmol,Axygen 384,K16,200,Actual concentration: 0.87
384_source_c1,384PP_Plus_AQ_BP,C8,m164_GvpG_50fmol,Axygen 384,K18,50,Actual concentration: 0.22
384_source_c1,384PP_Plus_AQ_BP,C8,m164_GvpG_50fmol,Axygen 384,K20,200,Actual concentration: 0.87
384_source_c1,384PP_Plus_AQ_BP,C8,m164_GvpG_50fmol,Axygen 384,K22,200,Actual concentration: 0.87
384_source_c1,384PP_Plus_AQ_BP,C8,m164_GvpG_50fmol,Axygen 384,K24,50,Actual concentration: 0.22
384_source_c1,384PP_Plus_AQ_BP,C8,m164_GvpG_50fmol,Axygen 384,M2,50,Actual concentration: 0.22
384_source_c1,384PP_Plus_AQ_BP,C8,m164_GvpG_50fmol,Axygen 384,M4,50,Actual concentration: 0.22
384_source_c1,384PP_Plus_AQ_BP,C8,m164_GvpG_50fmol,Axygen 384,M6,50,Actual concentration: 0.22
384_source_c1,384PP_Plus_AQ_BP,C8,m164_GvpG_50fmol,Axygen 384,M8,50,Actual concentration: 0.22
384_source_c1,384PP_Plus_AQ_BP,C8,m164_GvpG_50fmol,Axygen 384,M10,200,Actual concentration: 0.87
384_source_c1,384PP_Plus_AQ_BP,C8,m164_GvpG_50fmol,Axygen 384,M12,50,Actual concentration: 0.22
384_source_c1,384PP_Plus_AQ_BP,C8,m164_GvpG_50fmol,Axygen 384,M14,50,Actual concentration: 0.22
384_source_c1,384PP_Plus_AQ_BP,C8,m164_GvpG_50fmol,Axygen 384,M16,50,Actual concentration: 0.22
384_source_c1,384PP_Plus_AQ_BP,C8,m164_GvpG_50fmol,Axygen 384,M18,50,Actual concentration: 0.22
384_source_c1,384PP_Plus_AQ_BP,C8,m164_GvpG_50fmol,Axygen 384,M20,200,Actual concentration: 0.87
384_source_c1,384PP_Plus_AQ_BP,C8,m164_GvpG_50fmol,Axygen 384,M22,200,Actual concentration: 0.87
384_source_c1,384PP_Plus_AQ_BP,C8,m164_GvpG_50fmol,Axygen 384,M24,50,Actual concentration: 0.22
384_source_c1,384PP_Plus_AQ_BP,C8,m164_GvpG_50fmol,Axygen 384,O2,50,Actual concentration: 0.22
384_source_c1,384PP_Plus_AQ_BP,C8,m164_GvpG_50fmol,Axygen 384,O4,50,Actual concentration: 0.22
384_source_c1,384PP_Plus_AQ_BP,C8,m164_GvpG_50fmol,Axygen 384,O6,50,Actual concentration: 0.22
384_source_c1,384PP_Plus_AQ_BP,C8,m164_GvpG_50fmol,Axygen 384,O8,200,Actual concentration: 0.87
384_source_c1,384PP_Plus_AQ_BP,C8,m164_GvpG_50fmol,Axygen 384,O10,50,Actual concentration: 0.22
384_source_c1,384PP_Plus_AQ_BP,C8,m164_GvpG_50fmol,Axygen 384,O12,200,Actual concentration: 0.87
384_source_c1,384PP_Plus_AQ_BP,D8,m164_GvpG_50fmol,Axygen 384,O14,50,Actual concentration: 0.22
384_source_c1,384PP_Plus_AQ_BP,D8,m164_GvpG_50fmol,Axygen 384,O16,200,Actual concentration: 0.87
384_source_c1,384PP_Plus_AQ_BP,D8,m164_GvpG_50fmol,Axygen 384,O18,50,Actual concentration: 0.22
384_source_c1,384PP_Plus_AQ_BP,D8,m164_GvpG_50fmol,Axygen 384,O20,200,Actual concentration: 0.87
384_source_c1,384PP_Plus_AQ_BP,D8,m164_GvpG_50fmol,Axygen 384,O22,50,Actual concentration: 0.22
384_source_c1,384PP_Plus_AQ_BP,D8,m164_GvpG_50fmol,Axygen 384,O24,50,Actual concentration: 0.22
384_source_c1,384PP_Plus_AQ_BP,D8,m164_GvpG_50fmol,Axygen 384,B1,200,Actual concentration: 0.87
384_source_c1,384PP_Plus_AQ_BP,D8,m164_GvpG_50fmol,Axygen 384,B3,50,Actual concentration: 0.22
384_source_c1,384PP_Plus_AQ_BP,D8,m164_GvpG_50fmol,Axygen 384,B5,50,Actual concentration: 0.22
384_source_c1,384PP_Plus_AQ_BP,D8,m164_GvpG_50fmol,Axygen 384,B7,200,Actual concentration: 0.87
384_source_c1,384PP_Plus_AQ_BP,D8,m164_GvpG_50fmol,Axygen 384,B9,50,Actual concentration: 0.22
384_source_c1,384PP_Plus_AQ_BP,D8,m164_GvpG_50fmol,Axygen 384,B11,200,Actual concentration: 0.87
384_source_c1,384PP_Plus_AQ_BP,D8,m164_GvpG_50fmol,Axygen 384,B13,50,Actual concentration: 0.22
384_source_c1,384PP_Plus_AQ_BP,D8,m164_GvpG_50fmol,Axygen 384,B15,50,Actual concentration: 0.22
384_source_c1,384PP_Plus_AQ_BP,D8,m164_GvpG_50fmol,Axygen 384,B17,50,Actual concentration: 0.22
384_source_c1,384PP_Plus_AQ_BP,D8,m164_GvpG_50fmol,Axygen 384,B19,50,Actual concentration: 0.22
384_source_c1,384PP_Plus_AQ_BP,D8,m164_GvpG_50fmol,Axygen 384,B21,200,Actual concentration: 0.87
384_source_c1,384PP_Plus_AQ_BP,D8,m164_GvpG_50fmol,Axygen 384,B23,50,Actual concentration: 0.22
384_source_c1,384PP_Plus_AQ_BP,D8,m164_GvpG_50fmol,Axygen 384,D1,50,Actual concentration: 0.22
384_source_c1,384PP_Plus_AQ_BP,D8,m164_GvpG_50fmol,Axygen 384,D3,375,Actual concentration: 1.63
384_source_c1,384PP_Plus_AQ_BP,D8,m164_GvpG_50fmol,Axygen 384,D5,275,Actual concentration: 1.20
384_source_c1,384PP_Plus_AQ_BP,D8,m164_GvpG_50fmol,Axygen 384,D9,200,Actual concentration: 0.87
384_source_c1,384PP_Plus_AQ_BP,D8,m164_GvpG_50fmol,Axygen 384,D11,50,Actual concentration: 0.22
384_source_c1,384PP_Plus_AQ_BP,D8,m164_GvpG_50fmol,Axygen 384,D13,50,Actual concentration: 0.22
384_source_c1,384PP_Plus_AQ_BP,D8,m164_GvpG_50fmol,Axygen 384,D15,50,Actual concentration: 0.22
384_source_c1,384PP_Plus_AQ_BP,D8,m164_GvpG_50fmol,Axygen 384,D17,50,Actual concentration: 0.22
384_source_c1,384PP_Plus_AQ_BP,D8,m164_GvpG_50fmol,Axygen 384,D19,50,Actual concentration: 0.22
384_source_c1,384PP_Plus_AQ_BP,D8,m164_GvpG_50fmol,Axygen 384,D21,50,Actual concentration: 0.22
384_source_c1,384PP_Plus_AQ_BP,D8,m164_GvpG_50fmol,Axygen 384,D23,375,Actual concentration: 1.63
384_source_c1,384PP_Plus_AQ_BP,D8,m164_GvpG_50fmol,Axygen 384,F1,200,Actual concentration: 0.87
384_source_c1,384PP_Plus_AQ_BP,D8,m164_GvpG_50fmol,Axygen 384,F3,200,Actual concentration: 0.87
384_source_c1,384PP_Plus_AQ_BP,D8,m164_GvpG_50fmol,Axygen 384,F5,375,Actual concentration: 1.63
384_source_c1,384PP_Plus_AQ_BP,D8,m164_GvpG_50fmol,Axygen 384,F7,200,Actual concentration: 0.87
384_source_c1,384PP_Plus_AQ_BP,D8,m164_GvpG_50fmol,Axygen 384,F9,50,Actual concentration: 0.22
384_source_c1,384PP_Plus_AQ_BP,D8,m164_GvpG_50fmol,Axygen 384,F11,50,Actual concentration: 0.22
384_source_c1,384PP_Plus_AQ_BP,D8,m164_GvpG_50fmol,Axygen 384,F13,50,Actual concentration: 0.22
384_source_c1,384PP_Plus_AQ_BP,D8,m164_GvpG_50fmol,Axygen 384,F17,50,Actual concentration: 0.22
384_source_c1,384PP_Plus_AQ_BP,D8,m164_GvpG_50fmol,Axygen 384,F19,50,Actual concentration: 0.22
384_source_c1,384PP_Plus_AQ_BP,D8,m164_GvpG_50fmol,Axygen 384,F21,50,Actual concentration: 0.22
384_source_c1,384PP_Plus_AQ_BP,D8,m164_GvpG_50fmol,Axygen 384,F23,200,Actual concentration: 0.87
384_source_c1,384PP_Plus_AQ_BP,D8,m164_GvpG_50fmol,Axygen 384,H1,200,Actual concentration: 0.87
384_source_c1,384PP_Plus_AQ_BP,D8,m164_GvpG_50fmol,Axygen 384,H3,50,Actual concentration: 0.22
384_source_c1,384PP_Plus_AQ_BP,D8,m164_GvpG_50fmol,Axygen 384,H5,50,Actual concentration: 0.22
384_source_c1,384PP_Plus_AQ_BP,D8,m164_GvpG_50fmol,Axygen 384,H7,50,Actual concentration: 0.22
384_source_c1,384PP_Plus_AQ_BP,D8,m164_GvpG_50fmol,Axygen 384,H9,50,Actual concentration: 0.22
384_source_c1,384PP_Plus_AQ_BP,D8,m164_GvpG_50fmol,Axygen 384,H11,50,Actual concentration: 0.22
384_source_c1,384PP_Plus_AQ_BP,D8,m164_GvpG_50fmol,Axygen 384,H13,200,Actual concentration: 0.87
384_source_c1,384PP_Plus_AQ_BP,D8,m164_GvpG_50fmol,Axygen 384,H15,50,Actual concentration: 0.22
384_source_c1,384PP_Plus_AQ_BP,D8,m164_GvpG_50fmol,Axygen 384,H17,50,Actual concentration: 0.22
384_source_c1,384PP_Plus_AQ_BP,D8,m164_GvpG_50fmol,Axygen 384,H19,200,Actual concentration: 0.87
384_source_c1,384PP_Plus_AQ_BP,D8,m164_GvpG_50fmol,Axygen 384,H21,275,Actual concentration: 1.20
384_source_c1,384PP_Plus_AQ_BP,D8,m164_GvpG_50fmol,Axygen 384,H23,50,Actual concentration: 0.22
384_source_c1,384PP_Plus_AQ_BP,D8,m164_GvpG_50fmol,Axygen 384,J1,200,Actual concentration: 0.87
384_source_c1,384PP_Plus_AQ_BP,D8,m164_GvpG_50fmol,Axygen 384,J3,200,Actual concentration: 0.87
384_source_c1,384PP_Plus_AQ_BP,D8,m164_GvpG_50fmol,Axygen 384,J5,50,Actual concentration: 0.22
384_source_c1,384PP_Plus_AQ_BP,D8,m164_GvpG_50fmol,Axygen 384,J7,200,Actual concentration: 0.87
384_source_c1,384PP_Plus_AQ_BP,D8,m164_GvpG_50fmol,Axygen 384,J9,50,Actual concentration: 0.22
384_source_c1,384PP_Plus_AQ_BP,D8,m164_GvpG_50fmol,Axygen 384,J11,200,Actual concentration: 0.87
384_source_c1,384PP_Plus_AQ_BP,D8,m164_GvpG_50fmol,Axygen 384,J13,50,Actual concentration: 0.22
384_source_c1,384PP_Plus_AQ_BP,D8,m164_GvpG_50fmol,Axygen 384,J15,50,Actual concentration: 0.22
384_source_c1,384PP_Plus_AQ_BP,D8,m164_GvpG_50fmol,Axygen 384,J17,200,Actual concentration: 0.87
384_source_c1,384PP_Plus_AQ_BP,D8,m164_GvpG_50fmol,Axygen 384,J19,200,Actual concentration: 0.87
384_source_c1,384PP_Plus_AQ_BP,D8,m164_GvpG_50fmol,Axygen 384,J21,200,Actual concentration: 0.87
384_source_c1,384PP_Plus_AQ_BP,D8,m164_GvpG_50fmol,Axygen 384,J23,50,Actual concentration: 0.22
384_source_c1,384PP_Plus_AQ_BP,D8,m164_GvpG_50fmol,Axygen 384,L1,200,Actual concentration: 0.87
384_source_c1,384PP_Plus_AQ_BP,D8,m164_GvpG_50fmol,Axygen 384,L3,200,Actual concentration: 0.87
384_source_c1,384PP_Plus_AQ_BP,D8,m164_GvpG_50fmol,Axygen 384,L5,50,Actual concentration: 0.22
384_source_c1,384PP_Plus_AQ_BP,D8,m164_GvpG_50fmol,Axygen 384,L7,200,Actual concentration: 0.87
384_source_c1,384PP_Plus_AQ_BP,D8,m164_GvpG_50fmol,Axygen 384,L9,200,Actual concentration: 0.87
384_source_c1,384PP_Plus_AQ_BP,D8,m164_GvpG_50fmol,Axygen 384,L11,50,Actual concentration: 0.22
384_source_c1,384PP_Plus_AQ_BP,D8,m164_GvpG_50fmol,Axygen 384,L13,50,Actual concentration: 0.22
384_source_c1,384PP_Plus_AQ_BP,D8,m164_GvpG_50fmol,Axygen 384,L15,50,Actual concentration: 0.22
384_source_c1,384PP_Plus_AQ_BP,D8,m164_GvpG_50fmol,Axygen 384,L17,50,Actual concentration: 0.22
384_source_c1,384PP_Plus_AQ_BP,D8,m164_GvpG_50fmol,Axygen 384,L19,50,Actual concentration: 0.22
384_source_c1,384PP_Plus_AQ_BP,D8,m164_GvpG_50fmol,Axygen 384,L21,200,Actual concentration: 0.87
384_source_c1,384PP_Plus_AQ_BP,D8,m164_GvpG_50fmol,Axygen 384,L23,200,Actual concentration: 0.87
384_source_c1,384PP_Plus_AQ_BP,D8,m164_GvpG_50fmol,Axygen 384,N1,275,Actual concentration: 1.20
384_source_c1,384PP_Plus_AQ_BP,D8,m164_GvpG_50fmol,Axygen 384,N3,50,Actual concentration: 0.22
384_source_c1,384PP_Plus_AQ_BP,D8,m164_GvpG_50fmol,Axygen 384,N5,50,Actual concentration: 0.22
384_source_c1,384PP_Plus_AQ_BP,D8,m164_GvpG_50fmol,Axygen 384,N7,275,Actual concentration: 1.20
384_source_c1,384PP_Plus_AQ_BP,D8,m164_GvpG_50fmol,Axygen 384,N9,50,Actual concentration: 0.22
384_source_c1,384PP_Plus_AQ_BP,D8,m164_GvpG_50fmol,Axygen 384,N11,25,Actual concentration: 0.11
384_source_c1,384PP_Plus_AQ_BP,E8,m164_GvpG_50fmol,Axygen 384,N11,25,Actual concentration: 0.11
384_source_c1,384PP_Plus_AQ_BP,E8,m164_GvpG_50fmol,Axygen 384,N13,50,Actual concentration: 0.22
384_source_c1,384PP_Plus_AQ_BP,E8,m164_GvpG_50fmol,Axygen 384,N15,50,Actual concentration: 0.22
384_source_c1,384PP_Plus_AQ_BP,E8,m164_GvpG_50fmol,Axygen 384,N17,50,Actual concentration: 0.22
384_source_c1,384PP_Plus_AQ_BP,E8,m164_GvpG_50fmol,Axygen 384,N19,200,Actual concentration: 0.87
384_source_c1,384PP_Plus_AQ_BP,E8,m164_GvpG_50fmol,Axygen 384,N21,50,Actual concentration: 0.22
384_source_c1,384PP_Plus_AQ_BP,E8,m164_GvpG_50fmol,Axygen 384,N23,200,Actual concentration: 0.87
384_source_c1,384PP_Plus_AQ_BP,E8,m164_GvpG_50fmol,Axygen 384,P1,375,Actual concentration: 1.63
384_source_c1,384PP_Plus_AQ_BP,E8,m164_GvpG_50fmol,Axygen 384,P3,200,Actual concentration: 0.87
384_source_c1,384PP_Plus_AQ_BP,E8,m164_GvpG_50fmol,Axygen 384,P5,200,Actual concentration: 0.87
384_source_c1,384PP_Plus_AQ_BP,E8,m164_GvpG_50fmol,Axygen 384,P7,50,Actual concentration: 0.22
384_source_c1,384PP_Plus_AQ_BP,E8,m164_GvpG_50fmol,Axygen 384,P9,200,Actual concentration: 0.87
384_source_c1,384PP_Plus_AQ_BP,E8,m164_GvpG_50fmol,Axygen 384,P11,200,Actual concentration: 0.87
384_source_c1,384PP_Plus_AQ_BP,E8,m164_GvpG_50fmol,Axygen 384,P13,200,Actual concentration: 0.87
384_source_c1,384PP_Plus_AQ_BP,E8,m164_GvpG_50fmol,Axygen 384,P15,200,Actual concentration: 0.87
384_source_c1,384PP_Plus_AQ_BP,E8,m164_GvpG_50fmol,Axygen 384,P17,50,Actual concentration: 0.22
384_source_c1,384PP_Plus_AQ_BP,E8,m164_GvpG_50fmol,Axygen 384,P19,200,Actual concentration: 0.87
384_source_c1,384PP_Plus_AQ_BP,E8,m164_GvpG_50fmol,Axygen 384,P21,50,Actual concentration: 0.22
384_source_c1,384PP_Plus_AQ_BP,E8,m164_GvpG_50fmol,Axygen 384,P23,200,Actual concentration: 0.87
384_source_c1,384PP_Plus_AQ_BP,E8,m164_GvpG_50fmol,Axygen 384,B2,50,Actual concentration: 0.22
384_source_c1,384PP_Plus_AQ_BP,E8,m164_GvpG_50fmol,Axygen 384,B4,50,Actual concentration: 0.22
384_source_c1,384PP_Plus_AQ_BP,E8,m164_GvpG_50fmol,Axygen 384,B6,200,Actual concentration: 0.87
384_source_c1,384PP_Plus_AQ_BP,E8,m164_GvpG_50fmol,Axygen 384,B8,200,Actual concentration: 0.87
384_source_c1,384PP_Plus_AQ_BP,E8,m164_GvpG_50fmol,Axygen 384,B10,200,Actual concentration: 0.87
384_source_c1,384PP_Plus_AQ_BP,E8,m164_GvpG_50fmol,Axygen 384,B12,200,Actual concentration: 0.87
384_source_c1,384PP_Plus_AQ_BP,E8,m164_GvpG_50fmol,Axygen 384,B14,200,Actual concentration: 0.87
384_source_c1,384PP_Plus_AQ_BP,E8,m164_GvpG_50fmol,Axygen 384,B16,50,Actual concentration: 0.22
384_source_c1,384PP_Plus_AQ_BP,E8,m164_GvpG_50fmol,Axygen 384,B18,50,Actual concentration: 0.22
384_source_c1,384PP_Plus_AQ_BP,E8,m164_GvpG_50fmol,Axygen 384,B20,200,Actual concentration: 0.87
384_source_c1,384PP_Plus_AQ_BP,E8,m164_GvpG_50fmol,Axygen 384,B22,200,Actual concentration: 0.87
384_source_c1,384PP_Plus_AQ_BP,E8,m164_GvpG_50fmol,Axygen 384,B24,200,Actual concentration: 0.87
384_source_c1,384PP_Plus_AQ_BP,E8,m164_GvpG_50fmol,Axygen 384,D4,200,Actual concentration: 0.87
384_source_c1,384PP_Plus_AQ_BP,E8,m164_GvpG_50fmol,Axygen 384,D6,50,Actual concentration: 0.22
384_source_c1,384PP_Plus_AQ_BP,E8,m164_GvpG_50fmol,Axygen 384,D8,50,Actual concentration: 0.22
384_source_c1,384PP_Plus_AQ_BP,E8,m164_GvpG_50fmol,Axygen 384,D10,200,Actual concentration: 0.87
384_source_c1,384PP_Plus_AQ_BP,E8,m164_GvpG_50fmol,Axygen 384,D12,200,Actual concentration: 0.87
384_source_c1,384PP_Plus_AQ_BP,E8,m164_GvpG_50fmol,Axygen 384,D14,200,Actual concentration: 0.87
384_source_c1,384PP_Plus_AQ_BP,E8,m164_GvpG_50fmol,Axygen 384,D16,50,Actual concentration: 0.22
384_source_c1,384PP_Plus_AQ_BP,E8,m164_GvpG_50fmol,Axygen 384,D18,200,Actual concentration: 0.87
384_source_c1,384PP_Plus_AQ_BP,E8,m164_GvpG_50fmol,Axygen 384,D20,50,Actual concentration: 0.22
384_source_c1,384PP_Plus_AQ_BP,E8,m164_GvpG_50fmol,Axygen 384,D22,375,Actual concentration: 1.63
384_source_c1,384PP_Plus_AQ_BP,E8,m164_GvpG_50fmol,Axygen 384,D24,200,Actual concentration: 0.87
384_source_c1,384PP_Plus_AQ_BP,E8,m164_GvpG_50fmol,Axygen 384,F2,375,Actual concentration: 1.63
384_source_c1,384PP_Plus_AQ_BP,E8,m164_GvpG_50fmol,Axygen 384,F4,50,Actual concentration: 0.22
384_source_c1,384PP_Plus_AQ_BP,E8,m164_GvpG_50fmol,Axygen 384,F6,50,Actual concentration: 0.22
384_source_c1,384PP_Plus_AQ_BP,E8,m164_GvpG_50fmol,Axygen 384,F8,50,Actual concentration: 0.22
384_source_c1,384PP_Plus_AQ_BP,E8,m164_GvpG_50fmol,Axygen 384,F10,50,Actual concentration: 0.22
384_source_c1,384PP_Plus_AQ_BP,E8,m164_GvpG_50fmol,Axygen 384,F12,50,Actual concentration: 0.22
384_source_c1,384PP_Plus_AQ_BP,E8,m164_GvpG_50fmol,Axygen 384,F14,50,Actual concentration: 0.22
384_source_c1,384PP_Plus_AQ_BP,E8,m164_GvpG_50fmol,Axygen 384,F18,200,Actual concentration: 0.87
384_source_c1,384PP_Plus_AQ_BP,E8,m164_GvpG_50fmol,Axygen 384,F20,200,Actual concentration: 0.87
384_source_c1,384PP_Plus_AQ_BP,E8,m164_GvpG_50fmol,Axygen 384,F22,50,Actual concentration: 0.22
384_source_c1,384PP_Plus_AQ_BP,E8,m164_GvpG_50fmol,Axygen 384,F24,50,Actual concentration: 0.22
384_source_c1,384PP_Plus_AQ_BP,E8,m164_GvpG_50fmol,Axygen 384,H2,200,Actual concentration: 0.87
384_source_c1,384PP_Plus_AQ_BP,E8,m164_GvpG_50fmol,Axygen 384,H4,50,Actual concentration: 0.22
384_source_c1,384PP_Plus_AQ_BP,E8,m164_GvpG_50fmol,Axygen 384,H8,200,Actual concentration: 0.87
384_source_c1,384PP_Plus_AQ_BP,E8,m164_GvpG_50fmol,Axygen 384,H10,200,Actual concentration: 0.87
384_source_c1,384PP_Plus_AQ_BP,E8,m164_GvpG_50fmol,Axygen 384,H12,50,Actual concentration: 0.22
384_source_c1,384PP_Plus_AQ_BP,E8,m164_GvpG_50fmol,Axygen 384,H14,50,Actual concentration: 0.22
384_source_c1,384PP_Plus_AQ_BP,E8,m164_GvpG_50fmol,Axygen 384,H16,50,Actual concentration: 0.22
384_source_c1,384PP_Plus_AQ_BP,E8,m164_GvpG_50fmol,Axygen 384,H18,50,Actual concentration: 0.22
384_source_c1,384PP_Plus_AQ_BP,E8,m164_GvpG_50fmol,Axygen 384,H20,50,Actual concentration: 0.22
384_source_c1,384PP_Plus_AQ_BP,E8,m164_GvpG_50fmol,Axygen 384,H22,200,Actual concentration: 0.87
384_source_c1,384PP_Plus_AQ_BP,E8,m164_GvpG_50fmol,Axygen 384,J2,200,Actual concentration: 0.87
384_source_c1,384PP_Plus_AQ_BP,E8,m164_GvpG_50fmol,Axygen 384,J4,50,Actual concentration: 0.22
384_source_c1,384PP_Plus_AQ_BP,E8,m164_GvpG_50fmol,Axygen 384,J6,200,Actual concentration: 0.87
384_source_c1,384PP_Plus_AQ_BP,E8,m164_GvpG_50fmol,Axygen 384,J10,375,Actual concentration: 1.63
384_source_c1,384PP_Plus_AQ_BP,E8,m164_GvpG_50fmol,Axygen 384,J12,200,Actual concentration: 0.87
384_source_c1,384PP_Plus_AQ_BP,E8,m164_GvpG_50fmol,Axygen 384,J14,200,Actual concentration: 0.87
384_source_c1,384PP_Plus_AQ_BP,E8,m164_GvpG_50fmol,Axygen 384,J16,175,Actual concentration: 0.76
384_source_c1,384PP_Plus_AQ_BP,F8,m164_GvpG_50fmol,Axygen 384,J16,100,Actual concentration: 0.44
384_source_c1,384PP_Plus_AQ_BP,F8,m164_GvpG_50fmol,Axygen 384,J18,50,Actual concentration: 0.22
384_source_c1,384PP_Plus_AQ_BP,F8,m164_GvpG_50fmol,Axygen 384,J20,200,Actual concentration: 0.87
384_source_c1,384PP_Plus_AQ_BP,F8,m164_GvpG_50fmol,Axygen 384,J22,200,Actual concentration: 0.87
384_source_c1,384PP_Plus_AQ_BP,F8,m164_GvpG_50fmol,Axygen 384,J24,200,Actual concentration: 0.87
384_source_c1,384PP_Plus_AQ_BP,F8,m164_GvpG_50fmol,Axygen 384,L2,200,Actual concentration: 0.87
384_source_c1,384PP_Plus_AQ_BP,F8,m164_GvpG_50fmol,Axygen 384,L4,200,Actual concentration: 0.87
384_source_c1,384PP_Plus_AQ_BP,F8,m164_GvpG_50fmol,Axygen 384,L6,200,Actual concentration: 0.87
384_source_c1,384PP_Plus_AQ_BP,F8,m164_GvpG_50fmol,Axygen 384,L8,200,Actual concentration: 0.87
384_source_c1,384PP_Plus_AQ_BP,F8,m164_GvpG_50fmol,Axygen 384,L10,50,Actual concentration: 0.22
384_source_c1,384PP_Plus_AQ_BP,F8,m164_GvpG_50fmol,Axygen 384,L12,200,Actual concentration: 0.87
384_source_c1,384PP_Plus_AQ_BP,F8,m164_GvpG_50fmol,Axygen 384,L14,200,Actual concentration: 0.87
384_source_c1,384PP_Plus_AQ_BP,F8,m164_GvpG_50fmol,Axygen 384,L16,200,Actual concentration: 0.87
384_source_c1,384PP_Plus_AQ_BP,F8,m164_GvpG_50fmol,Axygen 384,L18,50,Actual concentration: 0.22
384_source_c1,384PP_Plus_AQ_BP,F8,m164_GvpG_50fmol,Axygen 384,L20,50,Actual concentration: 0.22
384_source_c1,384PP_Plus_AQ_BP,F8,m164_GvpG_50fmol,Axygen 384,L22,50,Actual concentration: 0.22
384_source_c1,384PP_Plus_AQ_BP,F8,m164_GvpG_50fmol,Axygen 384,L24,200,Actual concentration: 0.87
384_source_c1,384PP_Plus_AQ_BP,F8,m164_GvpG_50fmol,Axygen 384,N2,50,Actual concentration: 0.22
384_source_c1,384PP_Plus_AQ_BP,F8,m164_GvpG_50fmol,Axygen 384,N4,50,Actual concentration: 0.22
384_source_c1,384PP_Plus_AQ_BP,F8,m164_GvpG_50fmol,Axygen 384,N6,375,Actual concentration: 1.63
384_source_c1,384PP_Plus_AQ_BP,F8,m164_GvpG_50fmol,Axygen 384,N8,200,Actual concentration: 0.87
384_source_c1,384PP_Plus_AQ_BP,F8,m164_GvpG_50fmol,Axygen 384,N10,50,Actual concentration: 0.22
384_source_c1,384PP_Plus_AQ_BP,F8,m164_GvpG_50fmol,Axygen 384,N12,200,Actual concentration: 0.87
384_source_c1,384PP_Plus_AQ_BP,F8,m164_GvpG_50fmol,Axygen 384,N14,275,Actual concentration: 1.20
384_source_c1,384PP_Plus_AQ_BP,F8,m164_GvpG_50fmol,Axygen 384,N16,200,Actual concentration: 0.87
384_source_c1,384PP_Plus_AQ_BP,F8,m164_GvpG_50fmol,Axygen 384,N18,200,Actual concentration: 0.87
384_source_c1,384PP_Plus_AQ_BP,F8,m164_GvpG_50fmol,Axygen 384,N20,200,Actual concentration: 0.87
384_source_c1,384PP_Plus_AQ_BP,F8,m164_GvpG_50fmol,Axygen 384,N22,200,Actual concentration: 0.87
384_source_c1,384PP_Plus_AQ_BP,F8,m164_GvpG_50fmol,Axygen 384,N24,200,Actual concentration: 0.87
384_source_c1,384PP_Plus_AQ_BP,F8,m164_GvpG_50fmol,Axygen 384,P2,200,Actual concentration: 0.87
384_source_c1,384PP_Plus_AQ_BP,F8,m164_GvpG_50fmol,Axygen 384,P4,275,Actual concentration: 1.20
384_source_c1,384PP_Plus_AQ_BP,F8,m164_GvpG_50fmol,Axygen 384,P8,275,Actual concentration: 1.20
384_source_c1,384PP_Plus_AQ_BP,F8,m164_GvpG_50fmol,Axygen 384,P10,200,Actual concentration: 0.87
384_source_c1,384PP_Plus_AQ_BP,F8,m164_GvpG_50fmol,Axygen 384,P12,200,Actual concentration: 0.87
384_source_c1,384PP_Plus_AQ_BP,F8,m164_GvpG_50fmol,Axygen 384,P14,50,Actual concentration: 0.22
384_source_c1,384PP_Plus_AQ_BP,F8,m164_GvpG_50fmol,Axygen 384,P16,50,Actual concentration: 0.22
384_source_c1,384PP_Plus_AQ_BP,F8,m164_GvpG_50fmol,Axygen 384,P18,200,Actual concentration: 0.87
384_source_c1,384PP_Plus_AQ_BP,F8,m164_GvpG_50fmol,Axygen 384,P20,50,Actual concentration: 0.22
384_source_c1,384PP_Plus_AQ_BP,F8,m164_GvpG_50fmol,Axygen 384,P22,50,Actual concentration: 0.22
384_source_c1,384PP_Plus_AQ_BP,F8,m164_GvpG_50fmol,Axygen 384,P24,200,Actual concentration: 0.87
384_source_c1,384PP_Plus_AQ_BP,B10,m165_GvpJ_50fmol,Axygen 384,A1,50,Actual concentration: 0.20
384_source_c1,384PP_Plus_AQ_BP,B10,m165_GvpJ_50fmol,Axygen 384,A3,50,Actual concentration: 0.20
384_source_c1,384PP_Plus_AQ_BP,B10,m165_GvpJ_50fmol,Axygen 384,A5,50,Actual concentration: 0.20
384_source_c1,384PP_Plus_AQ_BP,B10,m165_GvpJ_50fmol,Axygen 384,A7,50,Actual concentration: 0.20
384_source_c1,384PP_Plus_AQ_BP,B10,m165_GvpJ_50fmol,Axygen 384,A9,50,Actual concentration: 0.20
384_source_c1,384PP_Plus_AQ_BP,B10,m165_GvpJ_50fmol,Axygen 384,A11,50,Actual concentration: 0.20
384_source_c1,384PP_Plus_AQ_BP,B10,m165_GvpJ_50fmol,Axygen 384,A13,50,Actual concentration: 0.20
384_source_c1,384PP_Plus_AQ_BP,B10,m165_GvpJ_50fmol,Axygen 384,A15,50,Actual concentration: 0.20
384_source_c1,384PP_Plus_AQ_BP,B10,m165_GvpJ_50fmol,Axygen 384,A17,50,Actual concentration: 0.20
384_source_c1,384PP_Plus_AQ_BP,B10,m165_GvpJ_50fmol,Axygen 384,A19,50,Actual concentration: 0.20
384_source_c1,384PP_Plus_AQ_BP,B10,m165_GvpJ_50fmol,Axygen 384,A21,50,Actual concentration: 0.20
384_source_c1,384PP_Plus_AQ_BP,B10,m165_GvpJ_50fmol,Axygen 384,A23,50,Actual concentration: 0.20
384_source_c1,384PP_Plus_AQ_BP,B10,m165_GvpJ_50fmol,Axygen 384,C1,50,Actual concentration: 0.20
384_source_c1,384PP_Plus_AQ_BP,B10,m165_GvpJ_50fmol,Axygen 384,C3,50,Actual concentration: 0.20
384_source_c1,384PP_Plus_AQ_BP,B10,m165_GvpJ_50fmol,Axygen 384,C5,50,Actual concentration: 0.20
384_source_c1,384PP_Plus_AQ_BP,B10,m165_GvpJ_50fmol,Axygen 384,C7,50,Actual concentration: 0.20
384_source_c1,384PP_Plus_AQ_BP,B10,m165_GvpJ_50fmol,Axygen 384,C9,50,Actual concentration: 0.20
384_source_c1,384PP_Plus_AQ_BP,B10,m165_GvpJ_50fmol,Axygen 384,C11,50,Actual concentration: 0.20
384_source_c1,384PP_Plus_AQ_BP,B10,m165_GvpJ_50fmol,Axygen 384,C13,50,Actual concentration: 0.20
384_source_c1,384PP_Plus_AQ_BP,B10,m165_GvpJ_50fmol,Axygen 384,C15,50,Actual concentration: 0.20
384_source_c1,384PP_Plus_AQ_BP,B10,m165_GvpJ_50fmol,Axygen 384,C17,50,Actual concentration: 0.20
384_source_c1,384PP_Plus_AQ_BP,B10,m165_GvpJ_50fmol,Axygen 384,C19,50,Actual concentration: 0.20
384_source_c1,384PP_Plus_AQ_BP,B10,m165_GvpJ_50fmol,Axygen 384,C21,50,Actual concentration: 0.20
384_source_c1,384PP_Plus_AQ_BP,B10,m165_GvpJ_50fmol,Axygen 384,C23,50,Actual concentration: 0.20
384_source_c1,384PP_Plus_AQ_BP,B10,m165_GvpJ_50fmol,Axygen 384,E1,50,Actual concentration: 0.20
384_source_c1,384PP_Plus_AQ_BP,B10,m165_GvpJ_50fmol,Axygen 384,E3,50,Actual concentration: 0.20
384_source_c1,384PP_Plus_AQ_BP,B10,m165_GvpJ_50fmol,Axygen 384,E5,50,Actual concentration: 0.20
384_source_c1,384PP_Plus_AQ_BP,B10,m165_GvpJ_50fmol,Axygen 384,E7,50,Actual concentration: 0.20
384_source_c1,384PP_Plus_AQ_BP,B10,m165_GvpJ_50fmol,Axygen 384,E9,50,Actual concentration: 0.20
384_source_c1,384PP_Plus_AQ_BP,B10,m165_GvpJ_50fmol,Axygen 384,E11,50,Actual concentration: 0.20
384_source_c1,384PP_Plus_AQ_BP,B10,m165_GvpJ_50fmol,Axygen 384,E13,50,Actual concentration: 0.20
384_source_c1,384PP_Plus_AQ_BP,B10,m165_GvpJ_50fmol,Axygen 384,E17,50,Actual concentration: 0.20
384_source_c1,384PP_Plus_AQ_BP,B10,m165_GvpJ_50fmol,Axygen 384,E19,50,Actual concentration: 0.20
384_source_c1,384PP_Plus_AQ_BP,B10,m165_GvpJ_50fmol,Axygen 384,E21,200,Actual concentration: 0.81
384_source_c1,384PP_Plus_AQ_BP,B10,m165_GvpJ_50fmol,Axygen 384,E23,50,Actual concentration: 0.20
384_source_c1,384PP_Plus_AQ_BP,B10,m165_GvpJ_50fmol,Axygen 384,G1,50,Actual concentration: 0.20
384_source_c1,384PP_Plus_AQ_BP,B10,m165_GvpJ_50fmol,Axygen 384,G3,50,Actual concentration: 0.20
384_source_c1,384PP_Plus_AQ_BP,B10,m165_GvpJ_50fmol,Axygen 384,G5,50,Actual concentration: 0.20
384_source_c1,384PP_Plus_AQ_BP,B10,m165_GvpJ_50fmol,Axygen 384,G7,50,Actual concentration: 0.20
384_source_c1,384PP_Plus_AQ_BP,B10,m165_GvpJ_50fmol,Axygen 384,G9,50,Actual concentration: 0.20
384_source_c1,384PP_Plus_AQ_BP,B10,m165_GvpJ_50fmol,Axygen 384,G11,50,Actual concentration: 0.20
384_source_c1,384PP_Plus_AQ_BP,B10,m165_GvpJ_50fmol,Axygen 384,G13,50,Actual concentration: 0.20
384_source_c1,384PP_Plus_AQ_BP,B10,m165_GvpJ_50fmol,Axygen 384,G15,50,Actual concentration: 0.20
384_source_c1,384PP_Plus_AQ_BP,B10,m165_GvpJ_50fmol,Axygen 384,G17,50,Actual concentration: 0.20
384_source_c1,384PP_Plus_AQ_BP,B10,m165_GvpJ_50fmol,Axygen 384,G19,50,Actual concentration: 0.20
384_source_c1,384PP_Plus_AQ_BP,B10,m165_GvpJ_50fmol,Axygen 384,G21,50,Actual concentration: 0.20
384_source_c1,384PP_Plus_AQ_BP,B10,m165_GvpJ_50fmol,Axygen 384,G23,50,Actual concentration: 0.20
384_source_c1,384PP_Plus_AQ_BP,B10,m165_GvpJ_50fmol,Axygen 384,I1,50,Actual concentration: 0.20
384_source_c1,384PP_Plus_AQ_BP,B10,m165_GvpJ_50fmol,Axygen 384,I3,50,Actual concentration: 0.20
384_source_c1,384PP_Plus_AQ_BP,B10,m165_GvpJ_50fmol,Axygen 384,I5,50,Actual concentration: 0.20
384_source_c1,384PP_Plus_AQ_BP,B10,m165_GvpJ_50fmol,Axygen 384,I7,50,Actual concentration: 0.20
384_source_c1,384PP_Plus_AQ_BP,B10,m165_GvpJ_50fmol,Axygen 384,I9,50,Actual concentration: 0.20
384_source_c1,384PP_Plus_AQ_BP,B10,m165_GvpJ_50fmol,Axygen 384,I11,50,Actual concentration: 0.20
384_source_c1,384PP_Plus_AQ_BP,B10,m165_GvpJ_50fmol,Axygen 384,I13,50,Actual concentration: 0.20
384_source_c1,384PP_Plus_AQ_BP,B10,m165_GvpJ_50fmol,Axygen 384,I15,50,Actual concentration: 0.20
384_source_c1,384PP_Plus_AQ_BP,B10,m165_GvpJ_50fmol,Axygen 384,I17,50,Actual concentration: 0.20
384_source_c1,384PP_Plus_AQ_BP,B10,m165_GvpJ_50fmol,Axygen 384,I19,50,Actual concentration: 0.20
384_source_c1,384PP_Plus_AQ_BP,B10,m165_GvpJ_50fmol,Axygen 384,I21,50,Actual concentration: 0.20
384_source_c1,384PP_Plus_AQ_BP,B10,m165_GvpJ_50fmol,Axygen 384,K1,50,Actual concentration: 0.20
384_source_c1,384PP_Plus_AQ_BP,B10,m165_GvpJ_50fmol,Axygen 384,K3,50,Actual concentration: 0.20
384_source_c1,384PP_Plus_AQ_BP,B10,m165_GvpJ_50fmol,Axygen 384,K5,50,Actual concentration: 0.20
384_source_c1,384PP_Plus_AQ_BP,B10,m165_GvpJ_50fmol,Axygen 384,K7,50,Actual concentration: 0.20
384_source_c1,384PP_Plus_AQ_BP,B10,m165_GvpJ_50fmol,Axygen 384,K9,50,Actual concentration: 0.20
384_source_c1,384PP_Plus_AQ_BP,B10,m165_GvpJ_50fmol,Axygen 384,K11,50,Actual concentration: 0.20
384_source_c1,384PP_Plus_AQ_BP,B10,m165_GvpJ_50fmol,Axygen 384,K13,50,Actual concentration: 0.20
384_source_c1,384PP_Plus_AQ_BP,B10,m165_GvpJ_50fmol,Axygen 384,K15,50,Actual concentration: 0.20
384_source_c1,384PP_Plus_AQ_BP,B10,m165_GvpJ_50fmol,Axygen 384,K17,50,Actual concentration: 0.20
384_source_c1,384PP_Plus_AQ_BP,B10,m165_GvpJ_50fmol,Axygen 384,K19,50,Actual concentration: 0.20
384_source_c1,384PP_Plus_AQ_BP,B10,m165_GvpJ_50fmol,Axygen 384,K21,50,Actual concentration: 0.20
384_source_c1,384PP_Plus_AQ_BP,B10,m165_GvpJ_50fmol,Axygen 384,K23,50,Actual concentration: 0.20
384_source_c1,384PP_Plus_AQ_BP,B10,m165_GvpJ_50fmol,Axygen 384,M1,200,Actual concentration: 0.81
384_source_c1,384PP_Plus_AQ_BP,B10,m165_GvpJ_50fmol,Axygen 384,M3,50,Actual concentration: 0.20
384_source_c1,384PP_Plus_AQ_BP,B10,m165_GvpJ_50fmol,Axygen 384,M5,50,Actual concentration: 0.20
384_source_c1,384PP_Plus_AQ_BP,B10,m165_GvpJ_50fmol,Axygen 384,M7,200,Actual concentration: 0.81
384_source_c1,384PP_Plus_AQ_BP,B10,m165_GvpJ_50fmol,Axygen 384,M9,50,Actual concentration: 0.20
384_source_c1,384PP_Plus_AQ_BP,B10,m165_GvpJ_50fmol,Axygen 384,M11,50,Actual concentration: 0.20
384_source_c1,384PP_Plus_AQ_BP,B10,m165_GvpJ_50fmol,Axygen 384,M13,50,Actual concentration: 0.20
384_source_c1,384PP_Plus_AQ_BP,B10,m165_GvpJ_50fmol,Axygen 384,M15,50,Actual concentration: 0.20
384_source_c1,384PP_Plus_AQ_BP,B10,m165_GvpJ_50fmol,Axygen 384,M17,50,Actual concentration: 0.20
384_source_c1,384PP_Plus_AQ_BP,B10,m165_GvpJ_50fmol,Axygen 384,M19,50,Actual concentration: 0.20
384_source_c1,384PP_Plus_AQ_BP,B10,m165_GvpJ_50fmol,Axygen 384,M21,50,Actual concentration: 0.20
384_source_c1,384PP_Plus_AQ_BP,B10,m165_GvpJ_50fmol,Axygen 384,M23,50,Actual concentration: 0.20
384_source_c1,384PP_Plus_AQ_BP,B10,m165_GvpJ_50fmol,Axygen 384,O1,50,Actual concentration: 0.20
384_source_c1,384PP_Plus_AQ_BP,B10,m165_GvpJ_50fmol,Axygen 384,O3,50,Actual concentration: 0.20
384_source_c1,384PP_Plus_AQ_BP,B10,m165_GvpJ_50fmol,Axygen 384,O5,50,Actual concentration: 0.20
384_source_c1,384PP_Plus_AQ_BP,B10,m165_GvpJ_50fmol,Axygen 384,O7,50,Actual concentration: 0.20
384_source_c1,384PP_Plus_AQ_BP,B10,m165_GvpJ_50fmol,Axygen 384,O9,50,Actual concentration: 0.20
384_source_c1,384PP_Plus_AQ_BP,B10,m165_GvpJ_50fmol,Axygen 384,O11,50,Actual concentration: 0.20
384_source_c1,384PP_Plus_AQ_BP,B10,m165_GvpJ_50fmol,Axygen 384,O13,50,Actual concentration: 0.20
384_source_c1,384PP_Plus_AQ_BP,B10,m165_GvpJ_50fmol,Axygen 384,O15,50,Actual concentration: 0.20
384_source_c1,384PP_Plus_AQ_BP,B10,m165_GvpJ_50fmol,Axygen 384,O17,50,Actual concentration: 0.20
384_source_c1,384PP_Plus_AQ_BP,B10,m165_GvpJ_50fmol,Axygen 384,O19,50,Actual concentration: 0.20
384_source_c1,384PP_Plus_AQ_BP,B10,m165_GvpJ_50fmol,Axygen 384,O21,50,Actual concentration: 0.20
384_source_c1,384PP_Plus_AQ_BP,B10,m165_GvpJ_50fmol,Axygen 384,O23,50,Actual concentration: 0.20
384_source_c1,384PP_Plus_AQ_BP,B10,m165_GvpJ_50fmol,Axygen 384,A2,50,Actual concentration: 0.20
384_source_c1,384PP_Plus_AQ_BP,B10,m165_GvpJ_50fmol,Axygen 384,A4,50,Actual concentration: 0.20
384_source_c1,384PP_Plus_AQ_BP,B10,m165_GvpJ_50fmol,Axygen 384,A6,50,Actual concentration: 0.20
384_source_c1,384PP_Plus_AQ_BP,B10,m165_GvpJ_50fmol,Axygen 384,A8,50,Actual concentration: 0.20
384_source_c1,384PP_Plus_AQ_BP,B10,m165_GvpJ_50fmol,Axygen 384,A10,200,Actual concentration: 0.81
384_source_c1,384PP_Plus_AQ_BP,B10,m165_GvpJ_50fmol,Axygen 384,A12,200,Actual concentration: 0.81
384_source_c1,384PP_Plus_AQ_BP,B10,m165_GvpJ_50fmol,Axygen 384,A14,200,Actual concentration: 0.81
384_source_c1,384PP_Plus_AQ_BP,B10,m165_GvpJ_50fmol,Axygen 384,A16,200,Actual concentration: 0.81
384_source_c1,384PP_Plus_AQ_BP,B10,m165_GvpJ_50fmol,Axygen 384,A18,50,Actual concentration: 0.20
384_source_c1,384PP_Plus_AQ_BP,B10,m165_GvpJ_50fmol,Axygen 384,A20,200,Actual concentration: 0.81
384_source_c1,384PP_Plus_AQ_BP,B10,m165_GvpJ_50fmol,Axygen 384,A22,50,Actual concentration: 0.20
384_source_c1,384PP_Plus_AQ_BP,B10,m165_GvpJ_50fmol,Axygen 384,A24,200,Actual concentration: 0.81
384_source_c1,384PP_Plus_AQ_BP,B10,m165_GvpJ_50fmol,Axygen 384,C2,200,Actual concentration: 0.81
384_source_c1,384PP_Plus_AQ_BP,B10,m165_GvpJ_50fmol,Axygen 384,C4,50,Actual concentration: 0.20
384_source_c1,384PP_Plus_AQ_BP,B10,m165_GvpJ_50fmol,Axygen 384,C6,200,Actual concentration: 0.81
384_source_c1,384PP_Plus_AQ_BP,B10,m165_GvpJ_50fmol,Axygen 384,C8,50,Actual concentration: 0.20
384_source_c1,384PP_Plus_AQ_BP,B10,m165_GvpJ_50fmol,Axygen 384,C10,50,Actual concentration: 0.20
384_source_c1,384PP_Plus_AQ_BP,B10,m165_GvpJ_50fmol,Axygen 384,C12,50,Actual concentration: 0.20
384_source_c1,384PP_Plus_AQ_BP,B10,m165_GvpJ_50fmol,Axygen 384,C14,200,Actual concentration: 0.81
384_source_c1,384PP_Plus_AQ_BP,B10,m165_GvpJ_50fmol,Axygen 384,C16,200,Actual concentration: 0.81
384_source_c1,384PP_Plus_AQ_BP,B10,m165_GvpJ_50fmol,Axygen 384,C18,200,Actual concentration: 0.81
384_source_c1,384PP_Plus_AQ_BP,B10,m165_GvpJ_50fmol,Axygen 384,C20,50,Actual concentration: 0.20
384_source_c1,384PP_Plus_AQ_BP,B10,m165_GvpJ_50fmol,Axygen 384,C22,200,Actual concentration: 0.81
384_source_c1,384PP_Plus_AQ_BP,B10,m165_GvpJ_50fmol,Axygen 384,C24,200,Actual concentration: 0.81
384_source_c1,384PP_Plus_AQ_BP,B10,m165_GvpJ_50fmol,Axygen 384,E2,200,Actual concentration: 0.81
384_source_c1,384PP_Plus_AQ_BP,B10,m165_GvpJ_50fmol,Axygen 384,E4,200,Actual concentration: 0.81
384_source_c1,384PP_Plus_AQ_BP,B10,m165_GvpJ_50fmol,Axygen 384,E6,50,Actual concentration: 0.20
384_source_c1,384PP_Plus_AQ_BP,B10,m165_GvpJ_50fmol,Axygen 384,E8,200,Actual concentration: 0.81
384_source_c1,384PP_Plus_AQ_BP,B10,m165_GvpJ_50fmol,Axygen 384,E10,200,Actual concentration: 0.81
384_source_c1,384PP_Plus_AQ_BP,B10,m165_GvpJ_50fmol,Axygen 384,E12,200,Actual concentration: 0.81
384_source_c1,384PP_Plus_AQ_BP,B10,m165_GvpJ_50fmol,Axygen 384,E14,50,Actual concentration: 0.20
384_source_c1,384PP_Plus_AQ_BP,B10,m165_GvpJ_50fmol,Axygen 384,E18,200,Actual concentration: 0.81
384_source_c1,384PP_Plus_AQ_BP,B10,m165_GvpJ_50fmol,Axygen 384,E20,200,Actual concentration: 0.81
384_source_c1,384PP_Plus_AQ_BP,B10,m165_GvpJ_50fmol,Axygen 384,E22,50,Actual concentration: 0.20
384_source_c1,384PP_Plus_AQ_BP,B10,m165_GvpJ_50fmol,Axygen 384,E24,50,Actual concentration: 0.20
384_source_c1,384PP_Plus_AQ_BP,B10,m165_GvpJ_50fmol,Axygen 384,G2,100,Actual concentration: 0.41
384_source_c1,384PP_Plus_AQ_BP,C10,m165_GvpJ_50fmol,Axygen 384,G2,100,Actual concentration: 0.41
384_source_c1,384PP_Plus_AQ_BP,C10,m165_GvpJ_50fmol,Axygen 384,G4,200,Actual concentration: 0.81
384_source_c1,384PP_Plus_AQ_BP,C10,m165_GvpJ_50fmol,Axygen 384,G6,200,Actual concentration: 0.81
384_source_c1,384PP_Plus_AQ_BP,C10,m165_GvpJ_50fmol,Axygen 384,G8,50,Actual concentration: 0.20
384_source_c1,384PP_Plus_AQ_BP,C10,m165_GvpJ_50fmol,Axygen 384,G10,50,Actual concentration: 0.20
384_source_c1,384PP_Plus_AQ_BP,C10,m165_GvpJ_50fmol,Axygen 384,G12,200,Actual concentration: 0.81
384_source_c1,384PP_Plus_AQ_BP,C10,m165_GvpJ_50fmol,Axygen 384,G14,50,Actual concentration: 0.20
384_source_c1,384PP_Plus_AQ_BP,C10,m165_GvpJ_50fmol,Axygen 384,G16,50,Actual concentration: 0.20
384_source_c1,384PP_Plus_AQ_BP,C10,m165_GvpJ_50fmol,Axygen 384,G18,200,Actual concentration: 0.81
384_source_c1,384PP_Plus_AQ_BP,C10,m165_GvpJ_50fmol,Axygen 384,G20,200,Actual concentration: 0.81
384_source_c1,384PP_Plus_AQ_BP,C10,m165_GvpJ_50fmol,Axygen 384,G22,200,Actual concentration: 0.81
384_source_c1,384PP_Plus_AQ_BP,C10,m165_GvpJ_50fmol,Axygen 384,G24,50,Actual concentration: 0.20
384_source_c1,384PP_Plus_AQ_BP,C10,m165_GvpJ_50fmol,Axygen 384,I2,200,Actual concentration: 0.81
384_source_c1,384PP_Plus_AQ_BP,C10,m165_GvpJ_50fmol,Axygen 384,I4,50,Actual concentration: 0.20
384_source_c1,384PP_Plus_AQ_BP,C10,m165_GvpJ_50fmol,Axygen 384,I6,50,Actual concentration: 0.20
384_source_c1,384PP_Plus_AQ_BP,C10,m165_GvpJ_50fmol,Axygen 384,I8,200,Actual concentration: 0.81
384_source_c1,384PP_Plus_AQ_BP,C10,m165_GvpJ_50fmol,Axygen 384,I12,50,Actual concentration: 0.20
384_source_c1,384PP_Plus_AQ_BP,C10,m165_GvpJ_50fmol,Axygen 384,I14,50,Actual concentration: 0.20
384_source_c1,384PP_Plus_AQ_BP,C10,m165_GvpJ_50fmol,Axygen 384,I16,200,Actual concentration: 0.81
384_source_c1,384PP_Plus_AQ_BP,C10,m165_GvpJ_50fmol,Axygen 384,I18,50,Actual concentration: 0.20
384_source_c1,384PP_Plus_AQ_BP,C10,m165_GvpJ_50fmol,Axygen 384,I20,50,Actual concentration: 0.20
384_source_c1,384PP_Plus_AQ_BP,C10,m165_GvpJ_50fmol,Axygen 384,I22,200,Actual concentration: 0.81
384_source_c1,384PP_Plus_AQ_BP,C10,m165_GvpJ_50fmol,Axygen 384,I24,200,Actual concentration: 0.81
384_source_c1,384PP_Plus_AQ_BP,C10,m165_GvpJ_50fmol,Axygen 384,K2,200,Actual concentration: 0.81
384_source_c1,384PP_Plus_AQ_BP,C10,m165_GvpJ_50fmol,Axygen 384,K4,50,Actual concentration: 0.20
384_source_c1,384PP_Plus_AQ_BP,C10,m165_GvpJ_50fmol,Axygen 384,K6,200,Actual concentration: 0.81
384_source_c1,384PP_Plus_AQ_BP,C10,m165_GvpJ_50fmol,Axygen 384,K8,200,Actual concentration: 0.81
384_source_c1,384PP_Plus_AQ_BP,C10,m165_GvpJ_50fmol,Axygen 384,K10,200,Actual concentration: 0.81
384_source_c1,384PP_Plus_AQ_BP,C10,m165_GvpJ_50fmol,Axygen 384,K12,200,Actual concentration: 0.81
384_source_c1,384PP_Plus_AQ_BP,C10,m165_GvpJ_50fmol,Axygen 384,K14,200,Actual concentration: 0.81
384_source_c1,384PP_Plus_AQ_BP,C10,m165_GvpJ_50fmol,Axygen 384,K16,50,Actual concentration: 0.20
384_source_c1,384PP_Plus_AQ_BP,C10,m165_GvpJ_50fmol,Axygen 384,K18,50,Actual concentration: 0.20
384_source_c1,384PP_Plus_AQ_BP,C10,m165_GvpJ_50fmol,Axygen 384,K20,200,Actual concentration: 0.81
384_source_c1,384PP_Plus_AQ_BP,C10,m165_GvpJ_50fmol,Axygen 384,K22,200,Actual concentration: 0.81
384_source_c1,384PP_Plus_AQ_BP,C10,m165_GvpJ_50fmol,Axygen 384,K24,200,Actual concentration: 0.81
384_source_c1,384PP_Plus_AQ_BP,C10,m165_GvpJ_50fmol,Axygen 384,M2,200,Actual concentration: 0.81
384_source_c1,384PP_Plus_AQ_BP,C10,m165_GvpJ_50fmol,Axygen 384,M4,200,Actual concentration: 0.81
384_source_c1,384PP_Plus_AQ_BP,C10,m165_GvpJ_50fmol,Axygen 384,M6,200,Actual concentration: 0.81
384_source_c1,384PP_Plus_AQ_BP,C10,m165_GvpJ_50fmol,Axygen 384,M8,200,Actual concentration: 0.81
384_source_c1,384PP_Plus_AQ_BP,C10,m165_GvpJ_50fmol,Axygen 384,M10,50,Actual concentration: 0.20
384_source_c1,384PP_Plus_AQ_BP,C10,m165_GvpJ_50fmol,Axygen 384,M12,200,Actual concentration: 0.81
384_source_c1,384PP_Plus_AQ_BP,C10,m165_GvpJ_50fmol,Axygen 384,M14,200,Actual concentration: 0.81
384_source_c1,384PP_Plus_AQ_BP,C10,m165_GvpJ_50fmol,Axygen 384,M16,200,Actual concentration: 0.81
384_source_c1,384PP_Plus_AQ_BP,C10,m165_GvpJ_50fmol,Axygen 384,M18,200,Actual concentration: 0.81
384_source_c1,384PP_Plus_AQ_BP,C10,m165_GvpJ_50fmol,Axygen 384,M20,200,Actual concentration: 0.81
384_source_c1,384PP_Plus_AQ_BP,C10,m165_GvpJ_50fmol,Axygen 384,M22,200,Actual concentration: 0.81
384_source_c1,384PP_Plus_AQ_BP,C10,m165_GvpJ_50fmol,Axygen 384,M24,200,Actual concentration: 0.81
384_source_c1,384PP_Plus_AQ_BP,C10,m165_GvpJ_50fmol,Axygen 384,O2,50,Actual concentration: 0.20
384_source_c1,384PP_Plus_AQ_BP,C10,m165_GvpJ_50fmol,Axygen 384,O4,50,Actual concentration: 0.20
384_source_c1,384PP_Plus_AQ_BP,C10,m165_GvpJ_50fmol,Axygen 384,O6,200,Actual concentration: 0.81
384_source_c1,384PP_Plus_AQ_BP,C10,m165_GvpJ_50fmol,Axygen 384,O8,200,Actual concentration: 0.81
384_source_c1,384PP_Plus_AQ_BP,C10,m165_GvpJ_50fmol,Axygen 384,O10,50,Actual concentration: 0.20
384_source_c1,384PP_Plus_AQ_BP,C10,m165_GvpJ_50fmol,Axygen 384,O12,200,Actual concentration: 0.81
384_source_c1,384PP_Plus_AQ_BP,C10,m165_GvpJ_50fmol,Axygen 384,O14,50,Actual concentration: 0.20
384_source_c1,384PP_Plus_AQ_BP,C10,m165_GvpJ_50fmol,Axygen 384,O16,200,Actual concentration: 0.81
384_source_c1,384PP_Plus_AQ_BP,C10,m165_GvpJ_50fmol,Axygen 384,O18,50,Actual concentration: 0.20
384_source_c1,384PP_Plus_AQ_BP,C10,m165_GvpJ_50fmol,Axygen 384,O20,200,Actual concentration: 0.81
384_source_c1,384PP_Plus_AQ_BP,C10,m165_GvpJ_50fmol,Axygen 384,O22,200,Actual concentration: 0.81
384_source_c1,384PP_Plus_AQ_BP,C10,m165_GvpJ_50fmol,Axygen 384,O24,200,Actual concentration: 0.81
384_source_c1,384PP_Plus_AQ_BP,C10,m165_GvpJ_50fmol,Axygen 384,B1,50,Actual concentration: 0.20
384_source_c1,384PP_Plus_AQ_BP,C10,m165_GvpJ_50fmol,Axygen 384,B3,50,Actual concentration: 0.20
384_source_c1,384PP_Plus_AQ_BP,C10,m165_GvpJ_50fmol,Axygen 384,B5,50,Actual concentration: 0.20
384_source_c1,384PP_Plus_AQ_BP,C10,m165_GvpJ_50fmol,Axygen 384,B7,200,Actual concentration: 0.81
384_source_c1,384PP_Plus_AQ_BP,C10,m165_GvpJ_50fmol,Axygen 384,B9,50,Actual concentration: 0.20
384_source_c1,384PP_Plus_AQ_BP,C10,m165_GvpJ_50fmol,Axygen 384,B11,50,Actual concentration: 0.20
384_source_c1,384PP_Plus_AQ_BP,C10,m165_GvpJ_50fmol,Axygen 384,B13,200,Actual concentration: 0.81
384_source_c1,384PP_Plus_AQ_BP,C10,m165_GvpJ_50fmol,Axygen 384,B15,50,Actual concentration: 0.20
384_source_c1,384PP_Plus_AQ_BP,C10,m165_GvpJ_50fmol,Axygen 384,B17,50,Actual concentration: 0.20
384_source_c1,384PP_Plus_AQ_BP,C10,m165_GvpJ_50fmol,Axygen 384,B19,50,Actual concentration: 0.20
384_source_c1,384PP_Plus_AQ_BP,C10,m165_GvpJ_50fmol,Axygen 384,B21,50,Actual concentration: 0.20
384_source_c1,384PP_Plus_AQ_BP,C10,m165_GvpJ_50fmol,Axygen 384,B23,50,Actual concentration: 0.20
384_source_c1,384PP_Plus_AQ_BP,C10,m165_GvpJ_50fmol,Axygen 384,D1,50,Actual concentration: 0.20
384_source_c1,384PP_Plus_AQ_BP,C10,m165_GvpJ_50fmol,Axygen 384,D3,50,Actual concentration: 0.20
384_source_c1,384PP_Plus_AQ_BP,C10,m165_GvpJ_50fmol,Axygen 384,D5,300,Actual concentration: 1.22
384_source_c1,384PP_Plus_AQ_BP,D10,m165_GvpJ_50fmol,Axygen 384,D9,50,Actual concentration: 0.20
384_source_c1,384PP_Plus_AQ_BP,D10,m165_GvpJ_50fmol,Axygen 384,D11,50,Actual concentration: 0.20
384_source_c1,384PP_Plus_AQ_BP,D10,m165_GvpJ_50fmol,Axygen 384,D13,50,Actual concentration: 0.20
384_source_c1,384PP_Plus_AQ_BP,D10,m165_GvpJ_50fmol,Axygen 384,D15,50,Actual concentration: 0.20
384_source_c1,384PP_Plus_AQ_BP,D10,m165_GvpJ_50fmol,Axygen 384,D17,50,Actual concentration: 0.20
384_source_c1,384PP_Plus_AQ_BP,D10,m165_GvpJ_50fmol,Axygen 384,D19,50,Actual concentration: 0.20
384_source_c1,384PP_Plus_AQ_BP,D10,m165_GvpJ_50fmol,Axygen 384,D21,200,Actual concentration: 0.81
384_source_c1,384PP_Plus_AQ_BP,D10,m165_GvpJ_50fmol,Axygen 384,D23,50,Actual concentration: 0.20
384_source_c1,384PP_Plus_AQ_BP,D10,m165_GvpJ_50fmol,Axygen 384,F1,50,Actual concentration: 0.20
384_source_c1,384PP_Plus_AQ_BP,D10,m165_GvpJ_50fmol,Axygen 384,F3,50,Actual concentration: 0.20
384_source_c1,384PP_Plus_AQ_BP,D10,m165_GvpJ_50fmol,Axygen 384,F5,50,Actual concentration: 0.20
384_source_c1,384PP_Plus_AQ_BP,D10,m165_GvpJ_50fmol,Axygen 384,F7,50,Actual concentration: 0.20
384_source_c1,384PP_Plus_AQ_BP,D10,m165_GvpJ_50fmol,Axygen 384,F9,50,Actual concentration: 0.20
384_source_c1,384PP_Plus_AQ_BP,D10,m165_GvpJ_50fmol,Axygen 384,F11,50,Actual concentration: 0.20
384_source_c1,384PP_Plus_AQ_BP,D10,m165_GvpJ_50fmol,Axygen 384,F13,50,Actual concentration: 0.20
384_source_c1,384PP_Plus_AQ_BP,D10,m165_GvpJ_50fmol,Axygen 384,F17,200,Actual concentration: 0.81
384_source_c1,384PP_Plus_AQ_BP,D10,m165_GvpJ_50fmol,Axygen 384,F19,50,Actual concentration: 0.20
384_source_c1,384PP_Plus_AQ_BP,D10,m165_GvpJ_50fmol,Axygen 384,F21,50,Actual concentration: 0.20
384_source_c1,384PP_Plus_AQ_BP,D10,m165_GvpJ_50fmol,Axygen 384,F23,200,Actual concentration: 0.81
384_source_c1,384PP_Plus_AQ_BP,D10,m165_GvpJ_50fmol,Axygen 384,H1,50,Actual concentration: 0.20
384_source_c1,384PP_Plus_AQ_BP,D10,m165_GvpJ_50fmol,Axygen 384,H3,50,Actual concentration: 0.20
384_source_c1,384PP_Plus_AQ_BP,D10,m165_GvpJ_50fmol,Axygen 384,H5,50,Actual concentration: 0.20
384_source_c1,384PP_Plus_AQ_BP,D10,m165_GvpJ_50fmol,Axygen 384,H7,50,Actual concentration: 0.20
384_source_c1,384PP_Plus_AQ_BP,D10,m165_GvpJ_50fmol,Axygen 384,H9,50,Actual concentration: 0.20
384_source_c1,384PP_Plus_AQ_BP,D10,m165_GvpJ_50fmol,Axygen 384,H11,50,Actual concentration: 0.20
384_source_c1,384PP_Plus_AQ_BP,D10,m165_GvpJ_50fmol,Axygen 384,H13,50,Actual concentration: 0.20
384_source_c1,384PP_Plus_AQ_BP,D10,m165_GvpJ_50fmol,Axygen 384,H15,50,Actual concentration: 0.20
384_source_c1,384PP_Plus_AQ_BP,D10,m165_GvpJ_50fmol,Axygen 384,H17,400,Actual concentration: 1.63
384_source_c1,384PP_Plus_AQ_BP,D10,m165_GvpJ_50fmol,Axygen 384,H19,50,Actual concentration: 0.20
384_source_c1,384PP_Plus_AQ_BP,D10,m165_GvpJ_50fmol,Axygen 384,H21,300,Actual concentration: 1.22
384_source_c1,384PP_Plus_AQ_BP,D10,m165_GvpJ_50fmol,Axygen 384,H23,400,Actual concentration: 1.63
384_source_c1,384PP_Plus_AQ_BP,D10,m165_GvpJ_50fmol,Axygen 384,J1,50,Actual concentration: 0.20
384_source_c1,384PP_Plus_AQ_BP,D10,m165_GvpJ_50fmol,Axygen 384,J3,200,Actual concentration: 0.81
384_source_c1,384PP_Plus_AQ_BP,D10,m165_GvpJ_50fmol,Axygen 384,J5,50,Actual concentration: 0.20
384_source_c1,384PP_Plus_AQ_BP,D10,m165_GvpJ_50fmol,Axygen 384,J7,50,Actual concentration: 0.20
384_source_c1,384PP_Plus_AQ_BP,D10,m165_GvpJ_50fmol,Axygen 384,J9,200,Actual concentration: 0.81
384_source_c1,384PP_Plus_AQ_BP,D10,m165_GvpJ_50fmol,Axygen 384,J11,200,Actual concentration: 0.81
384_source_c1,384PP_Plus_AQ_BP,D10,m165_GvpJ_50fmol,Axygen 384,J13,50,Actual concentration: 0.20
384_source_c1,384PP_Plus_AQ_BP,D10,m165_GvpJ_50fmol,Axygen 384,J15,50,Actual concentration: 0.20
384_source_c1,384PP_Plus_AQ_BP,D10,m165_GvpJ_50fmol,Axygen 384,J17,50,Actual concentration: 0.20
384_source_c1,384PP_Plus_AQ_BP,D10,m165_GvpJ_50fmol,Axygen 384,J19,200,Actual concentration: 0.81
384_source_c1,384PP_Plus_AQ_BP,D10,m165_GvpJ_50fmol,Axygen 384,J21,50,Actual concentration: 0.20
384_source_c1,384PP_Plus_AQ_BP,D10,m165_GvpJ_50fmol,Axygen 384,J23,50,Actual concentration: 0.20
384_source_c1,384PP_Plus_AQ_BP,D10,m165_GvpJ_50fmol,Axygen 384,L1,200,Actual concentration: 0.81
384_source_c1,384PP_Plus_AQ_BP,D10,m165_GvpJ_50fmol,Axygen 384,L3,50,Actual concentration: 0.20
384_source_c1,384PP_Plus_AQ_BP,D10,m165_GvpJ_50fmol,Axygen 384,L5,50,Actual concentration: 0.20
384_source_c1,384PP_Plus_AQ_BP,D10,m165_GvpJ_50fmol,Axygen 384,L7,200,Actual concentration: 0.81
384_source_c1,384PP_Plus_AQ_BP,D10,m165_GvpJ_50fmol,Axygen 384,L9,200,Actual concentration: 0.81
384_source_c1,384PP_Plus_AQ_BP,D10,m165_GvpJ_50fmol,Axygen 384,L11,400,Actual concentration: 1.63
384_source_c1,384PP_Plus_AQ_BP,D10,m165_GvpJ_50fmol,Axygen 384,L13,50,Actual concentration: 0.20
384_source_c1,384PP_Plus_AQ_BP,D10,m165_GvpJ_50fmol,Axygen 384,L15,50,Actual concentration: 0.20
384_source_c1,384PP_Plus_AQ_BP,D10,m165_GvpJ_50fmol,Axygen 384,L17,50,Actual concentration: 0.20
384_source_c1,384PP_Plus_AQ_BP,D10,m165_GvpJ_50fmol,Axygen 384,L19,50,Actual concentration: 0.20
384_source_c1,384PP_Plus_AQ_BP,D10,m165_GvpJ_50fmol,Axygen 384,L21,50,Actual concentration: 0.20
384_source_c1,384PP_Plus_AQ_BP,D10,m165_GvpJ_50fmol,Axygen 384,L23,50,Actual concentration: 0.20
384_source_c1,384PP_Plus_AQ_BP,D10,m165_GvpJ_50fmol,Axygen 384,N1,300,Actual concentration: 1.22
384_source_c1,384PP_Plus_AQ_BP,D10,m165_GvpJ_50fmol,Axygen 384,N3,50,Actual concentration: 0.20
384_source_c1,384PP_Plus_AQ_BP,D10,m165_GvpJ_50fmol,Axygen 384,N5,50,Actual concentration: 0.20
384_source_c1,384PP_Plus_AQ_BP,D10,m165_GvpJ_50fmol,Axygen 384,N7,300,Actual concentration: 1.22
384_source_c1,384PP_Plus_AQ_BP,D10,m165_GvpJ_50fmol,Axygen 384,N9,50,Actual concentration: 0.20
384_source_c1,384PP_Plus_AQ_BP,D10,m165_GvpJ_50fmol,Axygen 384,N11,50,Actual concentration: 0.20
384_source_c1,384PP_Plus_AQ_BP,D10,m165_GvpJ_50fmol,Axygen 384,N13,50,Actual concentration: 0.20
384_source_c1,384PP_Plus_AQ_BP,D10,m165_GvpJ_50fmol,Axygen 384,N15,50,Actual concentration: 0.20
384_source_c1,384PP_Plus_AQ_BP,D10,m165_GvpJ_50fmol,Axygen 384,N17,400,Actual concentration: 1.63
384_source_c1,384PP_Plus_AQ_BP,D10,m165_GvpJ_50fmol,Axygen 384,N19,200,Actual concentration: 0.81
384_source_c1,384PP_Plus_AQ_BP,D10,m165_GvpJ_50fmol,Axygen 384,N21,50,Actual concentration: 0.20
384_source_c1,384PP_Plus_AQ_BP,D10,m165_GvpJ_50fmol,Axygen 384,N23,200,Actual concentration: 0.81
384_source_c1,384PP_Plus_AQ_BP,D10,m165_GvpJ_50fmol,Axygen 384,P1,50,Actual concentration: 0.20
384_source_c1,384PP_Plus_AQ_BP,D10,m165_GvpJ_50fmol,Axygen 384,P3,50,Actual concentration: 0.20
384_source_c1,384PP_Plus_AQ_BP,D10,m165_GvpJ_50fmol,Axygen 384,P5,200,Actual concentration: 0.81
384_source_c1,384PP_Plus_AQ_BP,D10,m165_GvpJ_50fmol,Axygen 384,P7,50,Actual concentration: 0.20
384_source_c1,384PP_Plus_AQ_BP,D10,m165_GvpJ_50fmol,Axygen 384,P9,200,Actual concentration: 0.81
384_source_c1,384PP_Plus_AQ_BP,D10,m165_GvpJ_50fmol,Axygen 384,P11,200,Actual concentration: 0.81
384_source_c1,384PP_Plus_AQ_BP,D10,m165_GvpJ_50fmol,Axygen 384,P13,50,Actual concentration: 0.20
384_source_c1,384PP_Plus_AQ_BP,D10,m165_GvpJ_50fmol,Axygen 384,P15,200,Actual concentration: 0.81
384_source_c1,384PP_Plus_AQ_BP,D10,m165_GvpJ_50fmol,Axygen 384,P17,50,Actual concentration: 0.20
384_source_c1,384PP_Plus_AQ_BP,D10,m165_GvpJ_50fmol,Axygen 384,P19,50,Actual concentration: 0.20
384_source_c1,384PP_Plus_AQ_BP,D10,m165_GvpJ_50fmol,Axygen 384,P21,50,Actual concentration: 0.20
384_source_c1,384PP_Plus_AQ_BP,D10,m165_GvpJ_50fmol,Axygen 384,P23,200,Actual concentration: 0.81
384_source_c1,384PP_Plus_AQ_BP,D10,m165_GvpJ_50fmol,Axygen 384,B2,50,Actual concentration: 0.20
384_source_c1,384PP_Plus_AQ_BP,D10,m165_GvpJ_50fmol,Axygen 384,B4,50,Actual concentration: 0.20
384_source_c1,384PP_Plus_AQ_BP,D10,m165_GvpJ_50fmol,Axygen 384,B6,200,Actual concentration: 0.81
384_source_c1,384PP_Plus_AQ_BP,D10,m165_GvpJ_50fmol,Axygen 384,B8,200,Actual concentration: 0.81
384_source_c1,384PP_Plus_AQ_BP,D10,m165_GvpJ_50fmol,Axygen 384,B10,200,Actual concentration: 0.81
384_source_c1,384PP_Plus_AQ_BP,D10,m165_GvpJ_50fmol,Axygen 384,B12,200,Actual concentration: 0.81
384_source_c1,384PP_Plus_AQ_BP,D10,m165_GvpJ_50fmol,Axygen 384,B14,200,Actual concentration: 0.81
384_source_c1,384PP_Plus_AQ_BP,D10,m165_GvpJ_50fmol,Axygen 384,B16,50,Actual concentration: 0.20
384_source_c1,384PP_Plus_AQ_BP,D10,m165_GvpJ_50fmol,Axygen 384,B18,200,Actual concentration: 0.81
384_source_c1,384PP_Plus_AQ_BP,E10,m165_GvpJ_50fmol,Axygen 384,B20,200,Actual concentration: 0.81
384_source_c1,384PP_Plus_AQ_BP,E10,m165_GvpJ_50fmol,Axygen 384,B22,200,Actual concentration: 0.81
384_source_c1,384PP_Plus_AQ_BP,E10,m165_GvpJ_50fmol,Axygen 384,B24,200,Actual concentration: 0.81
384_source_c1,384PP_Plus_AQ_BP,E10,m165_GvpJ_50fmol,Axygen 384,D2,200,Actual concentration: 0.81
384_source_c1,384PP_Plus_AQ_BP,E10,m165_GvpJ_50fmol,Axygen 384,D4,50,Actual concentration: 0.20
384_source_c1,384PP_Plus_AQ_BP,E10,m165_GvpJ_50fmol,Axygen 384,D6,200,Actual concentration: 0.81
384_source_c1,384PP_Plus_AQ_BP,E10,m165_GvpJ_50fmol,Axygen 384,D8,200,Actual concentration: 0.81
384_source_c1,384PP_Plus_AQ_BP,E10,m165_GvpJ_50fmol,Axygen 384,D10,50,Actual concentration: 0.20
384_source_c1,384PP_Plus_AQ_BP,E10,m165_GvpJ_50fmol,Axygen 384,D14,200,Actual concentration: 0.81
384_source_c1,384PP_Plus_AQ_BP,E10,m165_GvpJ_50fmol,Axygen 384,D16,200,Actual concentration: 0.81
384_source_c1,384PP_Plus_AQ_BP,E10,m165_GvpJ_50fmol,Axygen 384,D20,200,Actual concentration: 0.81
384_source_c1,384PP_Plus_AQ_BP,E10,m165_GvpJ_50fmol,Axygen 384,D22,200,Actual concentration: 0.81
384_source_c1,384PP_Plus_AQ_BP,E10,m165_GvpJ_50fmol,Axygen 384,D24,200,Actual concentration: 0.81
384_source_c1,384PP_Plus_AQ_BP,E10,m165_GvpJ_50fmol,Axygen 384,F2,200,Actual concentration: 0.81
384_source_c1,384PP_Plus_AQ_BP,E10,m165_GvpJ_50fmol,Axygen 384,F4,200,Actual concentration: 0.81
384_source_c1,384PP_Plus_AQ_BP,E10,m165_GvpJ_50fmol,Axygen 384,F6,200,Actual concentration: 0.81
384_source_c1,384PP_Plus_AQ_BP,E10,m165_GvpJ_50fmol,Axygen 384,F8,50,Actual concentration: 0.20
384_source_c1,384PP_Plus_AQ_BP,E10,m165_GvpJ_50fmol,Axygen 384,F10,200,Actual concentration: 0.81
384_source_c1,384PP_Plus_AQ_BP,E10,m165_GvpJ_50fmol,Axygen 384,F12,200,Actual concentration: 0.81
384_source_c1,384PP_Plus_AQ_BP,E10,m165_GvpJ_50fmol,Axygen 384,F14,200,Actual concentration: 0.81
384_source_c1,384PP_Plus_AQ_BP,E10,m165_GvpJ_50fmol,Axygen 384,F18,200,Actual concentration: 0.81
384_source_c1,384PP_Plus_AQ_BP,E10,m165_GvpJ_50fmol,Axygen 384,F20,50,Actual concentration: 0.20
384_source_c1,384PP_Plus_AQ_BP,E10,m165_GvpJ_50fmol,Axygen 384,F22,200,Actual concentration: 0.81
384_source_c1,384PP_Plus_AQ_BP,E10,m165_GvpJ_50fmol,Axygen 384,F24,200,Actual concentration: 0.81
384_source_c1,384PP_Plus_AQ_BP,E10,m165_GvpJ_50fmol,Axygen 384,H2,200,Actual concentration: 0.81
384_source_c1,384PP_Plus_AQ_BP,E10,m165_GvpJ_50fmol,Axygen 384,H4,200,Actual concentration: 0.81
384_source_c1,384PP_Plus_AQ_BP,E10,m165_GvpJ_50fmol,Axygen 384,H6,200,Actual concentration: 0.81
384_source_c1,384PP_Plus_AQ_BP,E10,m165_GvpJ_50fmol,Axygen 384,H8,200,Actual concentration: 0.81
384_source_c1,384PP_Plus_AQ_BP,E10,m165_GvpJ_50fmol,Axygen 384,H10,200,Actual concentration: 0.81
384_source_c1,384PP_Plus_AQ_BP,E10,m165_GvpJ_50fmol,Axygen 384,H12,200,Actual concentration: 0.81
384_source_c1,384PP_Plus_AQ_BP,E10,m165_GvpJ_50fmol,Axygen 384,H14,50,Actual concentration: 0.20
384_source_c1,384PP_Plus_AQ_BP,E10,m165_GvpJ_50fmol,Axygen 384,H16,200,Actual concentration: 0.81
384_source_c1,384PP_Plus_AQ_BP,E10,m165_GvpJ_50fmol,Axygen 384,H18,200,Actual concentration: 0.81
384_source_c1,384PP_Plus_AQ_BP,E10,m165_GvpJ_50fmol,Axygen 384,H20,200,Actual concentration: 0.81
384_source_c1,384PP_Plus_AQ_BP,E10,m165_GvpJ_50fmol,Axygen 384,H22,200,Actual concentration: 0.81
384_source_c1,384PP_Plus_AQ_BP,E10,m165_GvpJ_50fmol,Axygen 384,H24,200,Actual concentration: 0.81
384_source_c1,384PP_Plus_AQ_BP,E10,m165_GvpJ_50fmol,Axygen 384,J2,200,Actual concentration: 0.81
384_source_c1,384PP_Plus_AQ_BP,E10,m165_GvpJ_50fmol,Axygen 384,J4,200,Actual concentration: 0.81
384_source_c1,384PP_Plus_AQ_BP,E10,m165_GvpJ_50fmol,Axygen 384,J6,200,Actual concentration: 0.81
384_source_c1,384PP_Plus_AQ_BP,E10,m165_GvpJ_50fmol,Axygen 384,J10,200,Actual concentration: 0.81
384_source_c1,384PP_Plus_AQ_BP,E10,m165_GvpJ_50fmol,Axygen 384,J12,200,Actual concentration: 0.81
384_source_c1,384PP_Plus_AQ_BP,E10,m165_GvpJ_50fmol,Axygen 384,J14,200,Actual concentration: 0.81
384_source_c1,384PP_Plus_AQ_BP,E10,m165_GvpJ_50fmol,Axygen 384,J16,300,Actual concentration: 1.22
384_source_c1,384PP_Plus_AQ_BP,E10,m165_GvpJ_50fmol,Axygen 384,J18,200,Actual concentration: 0.81
384_source_c1,384PP_Plus_AQ_BP,E10,m165_GvpJ_50fmol,Axygen 384,J20,200,Actual concentration: 0.81
384_source_c1,384PP_Plus_AQ_BP,E10,m165_GvpJ_50fmol,Axygen 384,J22,200,Actual concentration: 0.81
384_source_c1,384PP_Plus_AQ_BP,E10,m165_GvpJ_50fmol,Axygen 384,L2,200,Actual concentration: 0.81
384_source_c1,384PP_Plus_AQ_BP,E10,m165_GvpJ_50fmol,Axygen 384,L4,200,Actual concentration: 0.81
384_source_c1,384PP_Plus_AQ_BP,E10,m165_GvpJ_50fmol,Axygen 384,L6,50,Actual concentration: 0.20
384_source_c1,384PP_Plus_AQ_BP,E10,m165_GvpJ_50fmol,Axygen 384,L8,200,Actual concentration: 0.81
384_source_c1,384PP_Plus_AQ_BP,E10,m165_GvpJ_50fmol,Axygen 384,L10,50,Actual concentration: 0.20
384_source_c1,384PP_Plus_AQ_BP,E10,m165_GvpJ_50fmol,Axygen 384,L12,200,Actual concentration: 0.81
384_source_c1,384PP_Plus_AQ_BP,E10,m165_GvpJ_50fmol,Axygen 384,L14,200,Actual concentration: 0.81
384_source_c1,384PP_Plus_AQ_BP,E10,m165_GvpJ_50fmol,Axygen 384,L16,200,Actual concentration: 0.81
384_source_c1,384PP_Plus_AQ_BP,E10,m165_GvpJ_50fmol,Axygen 384,L18,150,Actual concentration: 0.61
384_source_c1,384PP_Plus_AQ_BP,F10,m165_GvpJ_50fmol,Axygen 384,L18,50,Actual concentration: 0.20
384_source_c1,384PP_Plus_AQ_BP,F10,m165_GvpJ_50fmol,Axygen 384,L20,200,Actual concentration: 0.81
384_source_c1,384PP_Plus_AQ_BP,F10,m165_GvpJ_50fmol,Axygen 384,L22,50,Actual concentration: 0.20
384_source_c1,384PP_Plus_AQ_BP,F10,m165_GvpJ_50fmol,Axygen 384,L24,200,Actual concentration: 0.81
384_source_c1,384PP_Plus_AQ_BP,F10,m165_GvpJ_50fmol,Axygen 384,N2,50,Actual concentration: 0.20
384_source_c1,384PP_Plus_AQ_BP,F10,m165_GvpJ_50fmol,Axygen 384,N4,50,Actual concentration: 0.20
384_source_c1,384PP_Plus_AQ_BP,F10,m165_GvpJ_50fmol,Axygen 384,N6,200,Actual concentration: 0.81
384_source_c1,384PP_Plus_AQ_BP,F10,m165_GvpJ_50fmol,Axygen 384,N8,200,Actual concentration: 0.81
384_source_c1,384PP_Plus_AQ_BP,F10,m165_GvpJ_50fmol,Axygen 384,N10,200,Actual concentration: 0.81
384_source_c1,384PP_Plus_AQ_BP,F10,m165_GvpJ_50fmol,Axygen 384,N12,200,Actual concentration: 0.81
384_source_c1,384PP_Plus_AQ_BP,F10,m165_GvpJ_50fmol,Axygen 384,N14,300,Actual concentration: 1.22
384_source_c1,384PP_Plus_AQ_BP,F10,m165_GvpJ_50fmol,Axygen 384,N16,200,Actual concentration: 0.81
384_source_c1,384PP_Plus_AQ_BP,F10,m165_GvpJ_50fmol,Axygen 384,N20,200,Actual concentration: 0.81
384_source_c1,384PP_Plus_AQ_BP,F10,m165_GvpJ_50fmol,Axygen 384,N22,200,Actual concentration: 0.81
384_source_c1,384PP_Plus_AQ_BP,F10,m165_GvpJ_50fmol,Axygen 384,N24,200,Actual concentration: 0.81
384_source_c1,384PP_Plus_AQ_BP,F10,m165_GvpJ_50fmol,Axygen 384,P2,200,Actual concentration: 0.81
384_source_c1,384PP_Plus_AQ_BP,F10,m165_GvpJ_50fmol,Axygen 384,P4,300,Actual concentration: 1.22
384_source_c1,384PP_Plus_AQ_BP,F10,m165_GvpJ_50fmol,Axygen 384,P6,200,Actual concentration: 0.81
384_source_c1,384PP_Plus_AQ_BP,F10,m165_GvpJ_50fmol,Axygen 384,P8,300,Actual concentration: 1.22
384_source_c1,384PP_Plus_AQ_BP,F10,m165_GvpJ_50fmol,Axygen 384,P10,200,Actual concentration: 0.81
384_source_c1,384PP_Plus_AQ_BP,F10,m165_GvpJ_50fmol,Axygen 384,P12,200,Actual concentration: 0.81
384_source_c1,384PP_Plus_AQ_BP,F10,m165_GvpJ_50fmol,Axygen 384,P14,50,Actual concentration: 0.20
384_source_c1,384PP_Plus_AQ_BP,F10,m165_GvpJ_50fmol,Axygen 384,P16,200,Actual concentration: 0.81
384_source_c1,384PP_Plus_AQ_BP,F10,m165_GvpJ_50fmol,Axygen 384,P18,200,Actual concentration: 0.81
384_source_c1,384PP_Plus_AQ_BP,F10,m165_GvpJ_50fmol,Axygen 384,P20,50,Actual concentration: 0.20
384_source_c1,384PP_Plus_AQ_BP,F10,m165_GvpJ_50fmol,Axygen 384,P22,200,Actual concentration: 0.81
384_source_c1,384PP_Plus_AQ_BP,F10,m165_GvpJ_50fmol,Axygen 384,P24,200,Actual concentration: 0.81
384_source_c1,384PP_Plus_AQ_BP,B12,m166_GvpK_50fmol,Axygen 384,A1,50,Actual concentration: 0.21
384_source_c1,384PP_Plus_AQ_BP,B12,m166_GvpK_50fmol,Axygen 384,A3,50,Actual concentration: 0.21
384_source_c1,384PP_Plus_AQ_BP,B12,m166_GvpK_50fmol,Axygen 384,A5,200,Actual concentration: 0.85
384_source_c1,384PP_Plus_AQ_BP,B12,m166_GvpK_50fmol,Axygen 384,A7,200,Actual concentration: 0.85
384_source_c1,384PP_Plus_AQ_BP,B12,m166_GvpK_50fmol,Axygen 384,A9,50,Actual concentration: 0.21
384_source_c1,384PP_Plus_AQ_BP,B12,m166_GvpK_50fmol,Axygen 384,A11,50,Actual concentration: 0.21
384_source_c1,384PP_Plus_AQ_BP,B12,m166_GvpK_50fmol,Axygen 384,A13,50,Actual concentration: 0.21
384_source_c1,384PP_Plus_AQ_BP,B12,m166_GvpK_50fmol,Axygen 384,A15,50,Actual concentration: 0.21
384_source_c1,384PP_Plus_AQ_BP,B12,m166_GvpK_50fmol,Axygen 384,A17,50,Actual concentration: 0.21
384_source_c1,384PP_Plus_AQ_BP,B12,m166_GvpK_50fmol,Axygen 384,A19,50,Actual concentration: 0.21
384_source_c1,384PP_Plus_AQ_BP,B12,m166_GvpK_50fmol,Axygen 384,A21,200,Actual concentration: 0.85
384_source_c1,384PP_Plus_AQ_BP,B12,m166_GvpK_50fmol,Axygen 384,A23,50,Actual concentration: 0.21
384_source_c1,384PP_Plus_AQ_BP,B12,m166_GvpK_50fmol,Axygen 384,C1,200,Actual concentration: 0.85
384_source_c1,384PP_Plus_AQ_BP,B12,m166_GvpK_50fmol,Axygen 384,C3,50,Actual concentration: 0.21
384_source_c1,384PP_Plus_AQ_BP,B12,m166_GvpK_50fmol,Axygen 384,C5,50,Actual concentration: 0.21
384_source_c1,384PP_Plus_AQ_BP,B12,m166_GvpK_50fmol,Axygen 384,C7,50,Actual concentration: 0.21
384_source_c1,384PP_Plus_AQ_BP,B12,m166_GvpK_50fmol,Axygen 384,C9,50,Actual concentration: 0.21
384_source_c1,384PP_Plus_AQ_BP,B12,m166_GvpK_50fmol,Axygen 384,C11,50,Actual concentration: 0.21
384_source_c1,384PP_Plus_AQ_BP,B12,m166_GvpK_50fmol,Axygen 384,C13,50,Actual concentration: 0.21
384_source_c1,384PP_Plus_AQ_BP,B12,m166_GvpK_50fmol,Axygen 384,C15,50,Actual concentration: 0.21
384_source_c1,384PP_Plus_AQ_BP,B12,m166_GvpK_50fmol,Axygen 384,C17,50,Actual concentration: 0.21
384_source_c1,384PP_Plus_AQ_BP,B12,m166_GvpK_50fmol,Axygen 384,C19,200,Actual concentration: 0.85
384_source_c1,384PP_Plus_AQ_BP,B12,m166_GvpK_50fmol,Axygen 384,C21,200,Actual concentration: 0.85
384_source_c1,384PP_Plus_AQ_BP,B12,m166_GvpK_50fmol,Axygen 384,C23,50,Actual concentration: 0.21
384_source_c1,384PP_Plus_AQ_BP,B12,m166_GvpK_50fmol,Axygen 384,E1,50,Actual concentration: 0.21
384_source_c1,384PP_Plus_AQ_BP,B12,m166_GvpK_50fmol,Axygen 384,E3,50,Actual concentration: 0.21
384_source_c1,384PP_Plus_AQ_BP,B12,m166_GvpK_50fmol,Axygen 384,E5,50,Actual concentration: 0.21
384_source_c1,384PP_Plus_AQ_BP,B12,m166_GvpK_50fmol,Axygen 384,E7,50,Actual concentration: 0.21
384_source_c1,384PP_Plus_AQ_BP,B12,m166_GvpK_50fmol,Axygen 384,E9,50,Actual concentration: 0.21
384_source_c1,384PP_Plus_AQ_BP,B12,m166_GvpK_50fmol,Axygen 384,E11,50,Actual concentration: 0.21
384_source_c1,384PP_Plus_AQ_BP,B12,m166_GvpK_50fmol,Axygen 384,E13,50,Actual concentration: 0.21
384_source_c1,384PP_Plus_AQ_BP,B12,m166_GvpK_50fmol,Axygen 384,E17,50,Actual concentration: 0.21
384_source_c1,384PP_Plus_AQ_BP,B12,m166_GvpK_50fmol,Axygen 384,E19,50,Actual concentration: 0.21
384_source_c1,384PP_Plus_AQ_BP,B12,m166_GvpK_50fmol,Axygen 384,E21,200,Actual concentration: 0.85
384_source_c1,384PP_Plus_AQ_BP,B12,m166_GvpK_50fmol,Axygen 384,E23,50,Actual concentration: 0.21
384_source_c1,384PP_Plus_AQ_BP,B12,m166_GvpK_50fmol,Axygen 384,G1,50,Actual concentration: 0.21
384_source_c1,384PP_Plus_AQ_BP,B12,m166_GvpK_50fmol,Axygen 384,G3,50,Actual concentration: 0.21
384_source_c1,384PP_Plus_AQ_BP,B12,m166_GvpK_50fmol,Axygen 384,G5,200,Actual concentration: 0.85
384_source_c1,384PP_Plus_AQ_BP,B12,m166_GvpK_50fmol,Axygen 384,G7,50,Actual concentration: 0.21
384_source_c1,384PP_Plus_AQ_BP,B12,m166_GvpK_50fmol,Axygen 384,G9,50,Actual concentration: 0.21
384_source_c1,384PP_Plus_AQ_BP,B12,m166_GvpK_50fmol,Axygen 384,G11,50,Actual concentration: 0.21
384_source_c1,384PP_Plus_AQ_BP,B12,m166_GvpK_50fmol,Axygen 384,G13,50,Actual concentration: 0.21
384_source_c1,384PP_Plus_AQ_BP,B12,m166_GvpK_50fmol,Axygen 384,G15,50,Actual concentration: 0.21
384_source_c1,384PP_Plus_AQ_BP,B12,m166_GvpK_50fmol,Axygen 384,G17,200,Actual concentration: 0.85
384_source_c1,384PP_Plus_AQ_BP,B12,m166_GvpK_50fmol,Axygen 384,G19,50,Actual concentration: 0.21
384_source_c1,384PP_Plus_AQ_BP,B12,m166_GvpK_50fmol,Axygen 384,G21,50,Actual concentration: 0.21
384_source_c1,384PP_Plus_AQ_BP,B12,m166_GvpK_50fmol,Axygen 384,G23,50,Actual concentration: 0.21
384_source_c1,384PP_Plus_AQ_BP,B12,m166_GvpK_50fmol,Axygen 384,I1,50,Actual concentration: 0.21
384_source_c1,384PP_Plus_AQ_BP,B12,m166_GvpK_50fmol,Axygen 384,I3,50,Actual concentration: 0.21
384_source_c1,384PP_Plus_AQ_BP,B12,m166_GvpK_50fmol,Axygen 384,I5,50,Actual concentration: 0.21
384_source_c1,384PP_Plus_AQ_BP,B12,m166_GvpK_50fmol,Axygen 384,I7,50,Actual concentration: 0.21
384_source_c1,384PP_Plus_AQ_BP,B12,m166_GvpK_50fmol,Axygen 384,I9,50,Actual concentration: 0.21
384_source_c1,384PP_Plus_AQ_BP,B12,m166_GvpK_50fmol,Axygen 384,I11,200,Actual concentration: 0.85
384_source_c1,384PP_Plus_AQ_BP,B12,m166_GvpK_50fmol,Axygen 384,I13,50,Actual concentration: 0.21
384_source_c1,384PP_Plus_AQ_BP,B12,m166_GvpK_50fmol,Axygen 384,I15,50,Actual concentration: 0.21
384_source_c1,384PP_Plus_AQ_BP,B12,m166_GvpK_50fmol,Axygen 384,I17,50,Actual concentration: 0.21
384_source_c1,384PP_Plus_AQ_BP,B12,m166_GvpK_50fmol,Axygen 384,I19,200,Actual concentration: 0.85
384_source_c1,384PP_Plus_AQ_BP,B12,m166_GvpK_50fmol,Axygen 384,I21,50,Actual concentration: 0.21
384_source_c1,384PP_Plus_AQ_BP,B12,m166_GvpK_50fmol,Axygen 384,K1,50,Actual concentration: 0.21
384_source_c1,384PP_Plus_AQ_BP,B12,m166_GvpK_50fmol,Axygen 384,K3,50,Actual concentration: 0.21
384_source_c1,384PP_Plus_AQ_BP,B12,m166_GvpK_50fmol,Axygen 384,K5,50,Actual concentration: 0.21
384_source_c1,384PP_Plus_AQ_BP,B12,m166_GvpK_50fmol,Axygen 384,K7,50,Actual concentration: 0.21
384_source_c1,384PP_Plus_AQ_BP,B12,m166_GvpK_50fmol,Axygen 384,K9,50,Actual concentration: 0.21
384_source_c1,384PP_Plus_AQ_BP,B12,m166_GvpK_50fmol,Axygen 384,K11,50,Actual concentration: 0.21
384_source_c1,384PP_Plus_AQ_BP,B12,m166_GvpK_50fmol,Axygen 384,K13,50,Actual concentration: 0.21
384_source_c1,384PP_Plus_AQ_BP,B12,m166_GvpK_50fmol,Axygen 384,K15,50,Actual concentration: 0.21
384_source_c1,384PP_Plus_AQ_BP,B12,m166_GvpK_50fmol,Axygen 384,K17,200,Actual concentration: 0.85
384_source_c1,384PP_Plus_AQ_BP,B12,m166_GvpK_50fmol,Axygen 384,K19,50,Actual concentration: 0.21
384_source_c1,384PP_Plus_AQ_BP,B12,m166_GvpK_50fmol,Axygen 384,K21,50,Actual concentration: 0.21
384_source_c1,384PP_Plus_AQ_BP,B12,m166_GvpK_50fmol,Axygen 384,K23,50,Actual concentration: 0.21
384_source_c1,384PP_Plus_AQ_BP,B12,m166_GvpK_50fmol,Axygen 384,M1,200,Actual concentration: 0.85
384_source_c1,384PP_Plus_AQ_BP,B12,m166_GvpK_50fmol,Axygen 384,M3,50,Actual concentration: 0.21
384_source_c1,384PP_Plus_AQ_BP,B12,m166_GvpK_50fmol,Axygen 384,M5,50,Actual concentration: 0.21
384_source_c1,384PP_Plus_AQ_BP,B12,m166_GvpK_50fmol,Axygen 384,M7,200,Actual concentration: 0.85
384_source_c1,384PP_Plus_AQ_BP,B12,m166_GvpK_50fmol,Axygen 384,M9,50,Actual concentration: 0.21
384_source_c1,384PP_Plus_AQ_BP,B12,m166_GvpK_50fmol,Axygen 384,M11,50,Actual concentration: 0.21
384_source_c1,384PP_Plus_AQ_BP,B12,m166_GvpK_50fmol,Axygen 384,M13,200,Actual concentration: 0.85
384_source_c1,384PP_Plus_AQ_BP,B12,m166_GvpK_50fmol,Axygen 384,M15,50,Actual concentration: 0.21
384_source_c1,384PP_Plus_AQ_BP,B12,m166_GvpK_50fmol,Axygen 384,M17,50,Actual concentration: 0.21
384_source_c1,384PP_Plus_AQ_BP,B12,m166_GvpK_50fmol,Axygen 384,M19,50,Actual concentration: 0.21
384_source_c1,384PP_Plus_AQ_BP,B12,m166_GvpK_50fmol,Axygen 384,M21,50,Actual concentration: 0.21
384_source_c1,384PP_Plus_AQ_BP,B12,m166_GvpK_50fmol,Axygen 384,M23,50,Actual concentration: 0.21
384_source_c1,384PP_Plus_AQ_BP,B12,m166_GvpK_50fmol,Axygen 384,O1,50,Actual concentration: 0.21
384_source_c1,384PP_Plus_AQ_BP,B12,m166_GvpK_50fmol,Axygen 384,O3,50,Actual concentration: 0.21
384_source_c1,384PP_Plus_AQ_BP,B12,m166_GvpK_50fmol,Axygen 384,O5,200,Actual concentration: 0.85
384_source_c1,384PP_Plus_AQ_BP,B12,m166_GvpK_50fmol,Axygen 384,O7,200,Actual concentration: 0.85
384_source_c1,384PP_Plus_AQ_BP,B12,m166_GvpK_50fmol,Axygen 384,O9,200,Actual concentration: 0.85
384_source_c1,384PP_Plus_AQ_BP,B12,m166_GvpK_50fmol,Axygen 384,O11,200,Actual concentration: 0.85
384_source_c1,384PP_Plus_AQ_BP,B12,m166_GvpK_50fmol,Axygen 384,O13,50,Actual concentration: 0.21
384_source_c1,384PP_Plus_AQ_BP,B12,m166_GvpK_50fmol,Axygen 384,O15,50,Actual concentration: 0.21
384_source_c1,384PP_Plus_AQ_BP,B12,m166_GvpK_50fmol,Axygen 384,O17,50,Actual concentration: 0.21
384_source_c1,384PP_Plus_AQ_BP,B12,m166_GvpK_50fmol,Axygen 384,O19,50,Actual concentration: 0.21
384_source_c1,384PP_Plus_AQ_BP,B12,m166_GvpK_50fmol,Axygen 384,O21,50,Actual concentration: 0.21
384_source_c1,384PP_Plus_AQ_BP,B12,m166_GvpK_50fmol,Axygen 384,O23,50,Actual concentration: 0.21
384_source_c1,384PP_Plus_AQ_BP,B12,m166_GvpK_50fmol,Axygen 384,A2,200,Actual concentration: 0.85
384_source_c1,384PP_Plus_AQ_BP,B12,m166_GvpK_50fmol,Axygen 384,A4,200,Actual concentration: 0.85
384_source_c1,384PP_Plus_AQ_BP,B12,m166_GvpK_50fmol,Axygen 384,A6,200,Actual concentration: 0.85
384_source_c1,384PP_Plus_AQ_BP,B12,m166_GvpK_50fmol,Axygen 384,A8,200,Actual concentration: 0.85
384_source_c1,384PP_Plus_AQ_BP,B12,m166_GvpK_50fmol,Axygen 384,A10,50,Actual concentration: 0.21
384_source_c1,384PP_Plus_AQ_BP,B12,m166_GvpK_50fmol,Axygen 384,A12,50,Actual concentration: 0.21
384_source_c1,384PP_Plus_AQ_BP,B12,m166_GvpK_50fmol,Axygen 384,A14,50,Actual concentration: 0.21
384_source_c1,384PP_Plus_AQ_BP,B12,m166_GvpK_50fmol,Axygen 384,A16,50,Actual concentration: 0.21
384_source_c1,384PP_Plus_AQ_BP,B12,m166_GvpK_50fmol,Axygen 384,A18,200,Actual concentration: 0.85
384_source_c1,384PP_Plus_AQ_BP,B12,m166_GvpK_50fmol,Axygen 384,A20,200,Actual concentration: 0.85
384_source_c1,384PP_Plus_AQ_BP,B12,m166_GvpK_50fmol,Axygen 384,A22,200,Actual concentration: 0.85
384_source_c1,384PP_Plus_AQ_BP,B12,m166_GvpK_50fmol,Axygen 384,A24,50,Actual concentration: 0.21
384_source_c1,384PP_Plus_AQ_BP,B12,m166_GvpK_50fmol,Axygen 384,C2,200,Actual concentration: 0.85
384_source_c1,384PP_Plus_AQ_BP,B12,m166_GvpK_50fmol,Axygen 384,C4,200,Actual concentration: 0.85
384_source_c1,384PP_Plus_AQ_BP,B12,m166_GvpK_50fmol,Axygen 384,C6,200,Actual concentration: 0.85
384_source_c1,384PP_Plus_AQ_BP,B12,m166_GvpK_50fmol,Axygen 384,C8,200,Actual concentration: 0.85
384_source_c1,384PP_Plus_AQ_BP,C12,m166_GvpK_50fmol,Axygen 384,C10,200,Actual concentration: 0.85
384_source_c1,384PP_Plus_AQ_BP,C12,m166_GvpK_50fmol,Axygen 384,C12,200,Actual concentration: 0.85
384_source_c1,384PP_Plus_AQ_BP,C12,m166_GvpK_50fmol,Axygen 384,C14,50,Actual concentration: 0.21
384_source_c1,384PP_Plus_AQ_BP,C12,m166_GvpK_50fmol,Axygen 384,C16,200,Actual concentration: 0.85
384_source_c1,384PP_Plus_AQ_BP,C12,m166_GvpK_50fmol,Axygen 384,C18,50,Actual concentration: 0.21
384_source_c1,384PP_Plus_AQ_BP,C12,m166_GvpK_50fmol,Axygen 384,C20,200,Actual concentration: 0.85
384_source_c1,384PP_Plus_AQ_BP,C12,m166_GvpK_50fmol,Axygen 384,C22,50,Actual concentration: 0.21
384_source_c1,384PP_Plus_AQ_BP,C12,m166_GvpK_50fmol,Axygen 384,C24,200,Actual concentration: 0.85
384_source_c1,384PP_Plus_AQ_BP,C12,m166_GvpK_50fmol,Axygen 384,E2,50,Actual concentration: 0.21
384_source_c1,384PP_Plus_AQ_BP,C12,m166_GvpK_50fmol,Axygen 384,E4,200,Actual concentration: 0.85
384_source_c1,384PP_Plus_AQ_BP,C12,m166_GvpK_50fmol,Axygen 384,E6,50,Actual concentration: 0.21
384_source_c1,384PP_Plus_AQ_BP,C12,m166_GvpK_50fmol,Axygen 384,E8,50,Actual concentration: 0.21
384_source_c1,384PP_Plus_AQ_BP,C12,m166_GvpK_50fmol,Axygen 384,E10,200,Actual concentration: 0.85
384_source_c1,384PP_Plus_AQ_BP,C12,m166_GvpK_50fmol,Axygen 384,E12,50,Actual concentration: 0.21
384_source_c1,384PP_Plus_AQ_BP,C12,m166_GvpK_50fmol,Axygen 384,E14,200,Actual concentration: 0.85
384_source_c1,384PP_Plus_AQ_BP,C12,m166_GvpK_50fmol,Axygen 384,E18,50,Actual concentration: 0.21
384_source_c1,384PP_Plus_AQ_BP,C12,m166_GvpK_50fmol,Axygen 384,E20,50,Actual concentration: 0.21
384_source_c1,384PP_Plus_AQ_BP,C12,m166_GvpK_50fmol,Axygen 384,E22,200,Actual concentration: 0.85
384_source_c1,384PP_Plus_AQ_BP,C12,m166_GvpK_50fmol,Axygen 384,E24,200,Actual concentration: 0.85
384_source_c1,384PP_Plus_AQ_BP,C12,m166_GvpK_50fmol,Axygen 384,G2,200,Actual concentration: 0.85
384_source_c1,384PP_Plus_AQ_BP,C12,m166_GvpK_50fmol,Axygen 384,G4,200,Actual concentration: 0.85
384_source_c1,384PP_Plus_AQ_BP,C12,m166_GvpK_50fmol,Axygen 384,G6,50,Actual concentration: 0.21
384_source_c1,384PP_Plus_AQ_BP,C12,m166_GvpK_50fmol,Axygen 384,G8,200,Actual concentration: 0.85
384_source_c1,384PP_Plus_AQ_BP,C12,m166_GvpK_50fmol,Axygen 384,G10,200,Actual concentration: 0.85
384_source_c1,384PP_Plus_AQ_BP,C12,m166_GvpK_50fmol,Axygen 384,G12,50,Actual concentration: 0.21
384_source_c1,384PP_Plus_AQ_BP,C12,m166_GvpK_50fmol,Axygen 384,G14,200,Actual concentration: 0.85
384_source_c1,384PP_Plus_AQ_BP,C12,m166_GvpK_50fmol,Axygen 384,G16,200,Actual concentration: 0.85
384_source_c1,384PP_Plus_AQ_BP,C12,m166_GvpK_50fmol,Axygen 384,G18,50,Actual concentration: 0.21
384_source_c1,384PP_Plus_AQ_BP,C12,m166_GvpK_50fmol,Axygen 384,G20,200,Actual concentration: 0.85
384_source_c1,384PP_Plus_AQ_BP,C12,m166_GvpK_50fmol,Axygen 384,G22,200,Actual concentration: 0.85
384_source_c1,384PP_Plus_AQ_BP,C12,m166_GvpK_50fmol,Axygen 384,G24,400,Actual concentration: 1.71
384_source_c1,384PP_Plus_AQ_BP,C12,m166_GvpK_50fmol,Axygen 384,I2,200,Actual concentration: 0.85
384_source_c1,384PP_Plus_AQ_BP,C12,m166_GvpK_50fmol,Axygen 384,I4,200,Actual concentration: 0.85
384_source_c1,384PP_Plus_AQ_BP,C12,m166_GvpK_50fmol,Axygen 384,I6,200,Actual concentration: 0.85
384_source_c1,384PP_Plus_AQ_BP,C12,m166_GvpK_50fmol,Axygen 384,I8,50,Actual concentration: 0.21
384_source_c1,384PP_Plus_AQ_BP,C12,m166_GvpK_50fmol,Axygen 384,I12,50,Actual concentration: 0.21
384_source_c1,384PP_Plus_AQ_BP,C12,m166_GvpK_50fmol,Axygen 384,I14,200,Actual concentration: 0.85
384_source_c1,384PP_Plus_AQ_BP,C12,m166_GvpK_50fmol,Axygen 384,I16,50,Actual concentration: 0.21
384_source_c1,384PP_Plus_AQ_BP,C12,m166_GvpK_50fmol,Axygen 384,I18,400,Actual concentration: 1.71
384_source_c1,384PP_Plus_AQ_BP,C12,m166_GvpK_50fmol,Axygen 384,I20,200,Actual concentration: 0.85
384_source_c1,384PP_Plus_AQ_BP,C12,m166_GvpK_50fmol,Axygen 384,I22,50,Actual concentration: 0.21
384_source_c1,384PP_Plus_AQ_BP,C12,m166_GvpK_50fmol,Axygen 384,I24,50,Actual concentration: 0.21
384_source_c1,384PP_Plus_AQ_BP,C12,m166_GvpK_50fmol,Axygen 384,K2,50,Actual concentration: 0.21
384_source_c1,384PP_Plus_AQ_BP,C12,m166_GvpK_50fmol,Axygen 384,K4,200,Actual concentration: 0.85
384_source_c1,384PP_Plus_AQ_BP,C12,m166_GvpK_50fmol,Axygen 384,K6,50,Actual concentration: 0.21
384_source_c1,384PP_Plus_AQ_BP,C12,m166_GvpK_50fmol,Axygen 384,K8,50,Actual concentration: 0.21
384_source_c1,384PP_Plus_AQ_BP,C12,m166_GvpK_50fmol,Axygen 384,K10,50,Actual concentration: 0.21
384_source_c1,384PP_Plus_AQ_BP,C12,m166_GvpK_50fmol,Axygen 384,K12,50,Actual concentration: 0.21
384_source_c1,384PP_Plus_AQ_BP,C12,m166_GvpK_50fmol,Axygen 384,K14,50,Actual concentration: 0.21
384_source_c1,384PP_Plus_AQ_BP,C12,m166_GvpK_50fmol,Axygen 384,K16,200,Actual concentration: 0.85
384_source_c1,384PP_Plus_AQ_BP,C12,m166_GvpK_50fmol,Axygen 384,K18,400,Actual concentration: 1.71
384_source_c1,384PP_Plus_AQ_BP,C12,m166_GvpK_50fmol,Axygen 384,K20,50,Actual concentration: 0.21
384_source_c1,384PP_Plus_AQ_BP,C12,m166_GvpK_50fmol,Axygen 384,K22,50,Actual concentration: 0.21
384_source_c1,384PP_Plus_AQ_BP,C12,m166_GvpK_50fmol,Axygen 384,K24,200,Actual concentration: 0.85
384_source_c1,384PP_Plus_AQ_BP,C12,m166_GvpK_50fmol,Axygen 384,M2,50,Actual concentration: 0.21
384_source_c1,384PP_Plus_AQ_BP,C12,m166_GvpK_50fmol,Axygen 384,M4,50,Actual concentration: 0.21
384_source_c1,384PP_Plus_AQ_BP,C12,m166_GvpK_50fmol,Axygen 384,M6,50,Actual concentration: 0.21
384_source_c1,384PP_Plus_AQ_BP,C12,m166_GvpK_50fmol,Axygen 384,M8,50,Actual concentration: 0.21
384_source_c1,384PP_Plus_AQ_BP,C12,m166_GvpK_50fmol,Axygen 384,M10,200,Actual concentration: 0.85
384_source_c1,384PP_Plus_AQ_BP,C12,m166_GvpK_50fmol,Axygen 384,M12,200,Actual concentration: 0.85
384_source_c1,384PP_Plus_AQ_BP,C12,m166_GvpK_50fmol,Axygen 384,M14,200,Actual concentration: 0.85
384_source_c1,384PP_Plus_AQ_BP,C12,m166_GvpK_50fmol,Axygen 384,M16,50,Actual concentration: 0.21
384_source_c1,384PP_Plus_AQ_BP,C12,m166_GvpK_50fmol,Axygen 384,M18,50,Actual concentration: 0.21
384_source_c1,384PP_Plus_AQ_BP,C12,m166_GvpK_50fmol,Axygen 384,M20,50,Actual concentration: 0.21
384_source_c1,384PP_Plus_AQ_BP,C12,m166_GvpK_50fmol,Axygen 384,M22,50,Actual concentration: 0.21
384_source_c1,384PP_Plus_AQ_BP,C12,m166_GvpK_50fmol,Axygen 384,M24,50,Actual concentration: 0.21
384_source_c1,384PP_Plus_AQ_BP,C12,m166_GvpK_50fmol,Axygen 384,O2,50,Actual concentration: 0.21
384_source_c1,384PP_Plus_AQ_BP,C12,m166_GvpK_50fmol,Axygen 384,O4,400,Actual concentration: 1.71
384_source_c1,384PP_Plus_AQ_BP,C12,m166_GvpK_50fmol,Axygen 384,O6,50,Actual concentration: 0.21
384_source_c1,384PP_Plus_AQ_BP,C12,m166_GvpK_50fmol,Axygen 384,O8,50,Actual concentration: 0.21
384_source_c1,384PP_Plus_AQ_BP,C12,m166_GvpK_50fmol,Axygen 384,O10,200,Actual concentration: 0.85
384_source_c1,384PP_Plus_AQ_BP,C12,m166_GvpK_50fmol,Axygen 384,O12,50,Actual concentration: 0.21
384_source_c1,384PP_Plus_AQ_BP,C12,m166_GvpK_50fmol,Axygen 384,O14,200,Actual concentration: 0.85
384_source_c1,384PP_Plus_AQ_BP,C12,m166_GvpK_50fmol,Axygen 384,O16,50,Actual concentration: 0.21
384_source_c1,384PP_Plus_AQ_BP,C12,m166_GvpK_50fmol,Axygen 384,O18,200,Actual concentration: 0.85
384_source_c1,384PP_Plus_AQ_BP,C12,m166_GvpK_50fmol,Axygen 384,O20,50,Actual concentration: 0.21
384_source_c1,384PP_Plus_AQ_BP,D12,m166_GvpK_50fmol,Axygen 384,O22,50,Actual concentration: 0.21
384_source_c1,384PP_Plus_AQ_BP,D12,m166_GvpK_50fmol,Axygen 384,O24,50,Actual concentration: 0.21
384_source_c1,384PP_Plus_AQ_BP,D12,m166_GvpK_50fmol,Axygen 384,B1,50,Actual concentration: 0.21
384_source_c1,384PP_Plus_AQ_BP,D12,m166_GvpK_50fmol,Axygen 384,B3,50,Actual concentration: 0.21
384_source_c1,384PP_Plus_AQ_BP,D12,m166_GvpK_50fmol,Axygen 384,B5,50,Actual concentration: 0.21
384_source_c1,384PP_Plus_AQ_BP,D12,m166_GvpK_50fmol,Axygen 384,B7,200,Actual concentration: 0.85
384_source_c1,384PP_Plus_AQ_BP,D12,m166_GvpK_50fmol,Axygen 384,B9,50,Actual concentration: 0.21
384_source_c1,384PP_Plus_AQ_BP,D12,m166_GvpK_50fmol,Axygen 384,B11,50,Actual concentration: 0.21
384_source_c1,384PP_Plus_AQ_BP,D12,m166_GvpK_50fmol,Axygen 384,B13,200,Actual concentration: 0.85
384_source_c1,384PP_Plus_AQ_BP,D12,m166_GvpK_50fmol,Axygen 384,B15,50,Actual concentration: 0.21
384_source_c1,384PP_Plus_AQ_BP,D12,m166_GvpK_50fmol,Axygen 384,B17,50,Actual concentration: 0.21
384_source_c1,384PP_Plus_AQ_BP,D12,m166_GvpK_50fmol,Axygen 384,B19,50,Actual concentration: 0.21
384_source_c1,384PP_Plus_AQ_BP,D12,m166_GvpK_50fmol,Axygen 384,B21,50,Actual concentration: 0.21
384_source_c1,384PP_Plus_AQ_BP,D12,m166_GvpK_50fmol,Axygen 384,B23,50,Actual concentration: 0.21
384_source_c1,384PP_Plus_AQ_BP,D12,m166_GvpK_50fmol,Axygen 384,D1,50,Actual concentration: 0.21
384_source_c1,384PP_Plus_AQ_BP,D12,m166_GvpK_50fmol,Axygen 384,D3,50,Actual concentration: 0.21
384_source_c1,384PP_Plus_AQ_BP,D12,m166_GvpK_50fmol,Axygen 384,D5,25,Actual concentration: 0.11
384_source_c1,384PP_Plus_AQ_BP,D12,m166_GvpK_50fmol,Axygen 384,D9,200,Actual concentration: 0.85
384_source_c1,384PP_Plus_AQ_BP,D12,m166_GvpK_50fmol,Axygen 384,D11,50,Actual concentration: 0.21
384_source_c1,384PP_Plus_AQ_BP,D12,m166_GvpK_50fmol,Axygen 384,D13,50,Actual concentration: 0.21
384_source_c1,384PP_Plus_AQ_BP,D12,m166_GvpK_50fmol,Axygen 384,D15,200,Actual concentration: 0.85
384_source_c1,384PP_Plus_AQ_BP,D12,m166_GvpK_50fmol,Axygen 384,D17,200,Actual concentration: 0.85
384_source_c1,384PP_Plus_AQ_BP,D12,m166_GvpK_50fmol,Axygen 384,D19,50,Actual concentration: 0.21
384_source_c1,384PP_Plus_AQ_BP,D12,m166_GvpK_50fmol,Axygen 384,D21,200,Actual concentration: 0.85
384_source_c1,384PP_Plus_AQ_BP,D12,m166_GvpK_50fmol,Axygen 384,D23,50,Actual concentration: 0.21
384_source_c1,384PP_Plus_AQ_BP,D12,m166_GvpK_50fmol,Axygen 384,F1,50,Actual concentration: 0.21
384_source_c1,384PP_Plus_AQ_BP,D12,m166_GvpK_50fmol,Axygen 384,F3,200,Actual concentration: 0.85
384_source_c1,384PP_Plus_AQ_BP,D12,m166_GvpK_50fmol,Axygen 384,F5,50,Actual concentration: 0.21
384_source_c1,384PP_Plus_AQ_BP,D12,m166_GvpK_50fmol,Axygen 384,F7,200,Actual concentration: 0.85
384_source_c1,384PP_Plus_AQ_BP,D12,m166_GvpK_50fmol,Axygen 384,F9,50,Actual concentration: 0.21
384_source_c1,384PP_Plus_AQ_BP,D12,m166_GvpK_50fmol,Axygen 384,F11,50,Actual concentration: 0.21
384_source_c1,384PP_Plus_AQ_BP,D12,m166_GvpK_50fmol,Axygen 384,F13,200,Actual concentration: 0.85
384_source_c1,384PP_Plus_AQ_BP,D12,m166_GvpK_50fmol,Axygen 384,F17,200,Actual concentration: 0.85
384_source_c1,384PP_Plus_AQ_BP,D12,m166_GvpK_50fmol,Axygen 384,F19,200,Actual concentration: 0.85
384_source_c1,384PP_Plus_AQ_BP,D12,m166_GvpK_50fmol,Axygen 384,F21,50,Actual concentration: 0.21
384_source_c1,384PP_Plus_AQ_BP,D12,m166_GvpK_50fmol,Axygen 384,F23,200,Actual concentration: 0.85
384_source_c1,384PP_Plus_AQ_BP,D12,m166_GvpK_50fmol,Axygen 384,H1,50,Actual concentration: 0.21
384_source_c1,384PP_Plus_AQ_BP,D12,m166_GvpK_50fmol,Axygen 384,H3,50,Actual concentration: 0.21
384_source_c1,384PP_Plus_AQ_BP,D12,m166_GvpK_50fmol,Axygen 384,H5,50,Actual concentration: 0.21
384_source_c1,384PP_Plus_AQ_BP,D12,m166_GvpK_50fmol,Axygen 384,H7,50,Actual concentration: 0.21
384_source_c1,384PP_Plus_AQ_BP,D12,m166_GvpK_50fmol,Axygen 384,H9,50,Actual concentration: 0.21
384_source_c1,384PP_Plus_AQ_BP,D12,m166_GvpK_50fmol,Axygen 384,H11,200,Actual concentration: 0.85
384_source_c1,384PP_Plus_AQ_BP,D12,m166_GvpK_50fmol,Axygen 384,H13,50,Actual concentration: 0.21
384_source_c1,384PP_Plus_AQ_BP,D12,m166_GvpK_50fmol,Axygen 384,H15,50,Actual concentration: 0.21
384_source_c1,384PP_Plus_AQ_BP,D12,m166_GvpK_50fmol,Axygen 384,H17,50,Actual concentration: 0.21
384_source_c1,384PP_Plus_AQ_BP,D12,m166_GvpK_50fmol,Axygen 384,H19,50,Actual concentration: 0.21
384_source_c1,384PP_Plus_AQ_BP,D12,m166_GvpK_50fmol,Axygen 384,H21,25,Actual concentration: 0.11
384_source_c1,384PP_Plus_AQ_BP,D12,m166_GvpK_50fmol,Axygen 384,H23,50,Actual concentration: 0.21
384_source_c1,384PP_Plus_AQ_BP,D12,m166_GvpK_50fmol,Axygen 384,J1,50,Actual concentration: 0.21
384_source_c1,384PP_Plus_AQ_BP,D12,m166_GvpK_50fmol,Axygen 384,J3,200,Actual concentration: 0.85
384_source_c1,384PP_Plus_AQ_BP,D12,m166_GvpK_50fmol,Axygen 384,J5,200,Actual concentration: 0.85
384_source_c1,384PP_Plus_AQ_BP,D12,m166_GvpK_50fmol,Axygen 384,J7,50,Actual concentration: 0.21
384_source_c1,384PP_Plus_AQ_BP,D12,m166_GvpK_50fmol,Axygen 384,J9,200,Actual concentration: 0.85
384_source_c1,384PP_Plus_AQ_BP,D12,m166_GvpK_50fmol,Axygen 384,J11,200,Actual concentration: 0.85
384_source_c1,384PP_Plus_AQ_BP,D12,m166_GvpK_50fmol,Axygen 384,J13,50,Actual concentration: 0.21
384_source_c1,384PP_Plus_AQ_BP,D12,m166_GvpK_50fmol,Axygen 384,J15,200,Actual concentration: 0.85
384_source_c1,384PP_Plus_AQ_BP,D12,m166_GvpK_50fmol,Axygen 384,J17,50,Actual concentration: 0.21
384_source_c1,384PP_Plus_AQ_BP,D12,m166_GvpK_50fmol,Axygen 384,J19,200,Actual concentration: 0.85
384_source_c1,384PP_Plus_AQ_BP,D12,m166_GvpK_50fmol,Axygen 384,J21,50,Actual concentration: 0.21
384_source_c1,384PP_Plus_AQ_BP,D12,m166_GvpK_50fmol,Axygen 384,J23,50,Actual concentration: 0.21
384_source_c1,384PP_Plus_AQ_BP,D12,m166_GvpK_50fmol,Axygen 384,L1,200,Actual concentration: 0.85
384_source_c1,384PP_Plus_AQ_BP,D12,m166_GvpK_50fmol,Axygen 384,L3,50,Actual concentration: 0.21
384_source_c1,384PP_Plus_AQ_BP,D12,m166_GvpK_50fmol,Axygen 384,L5,50,Actual concentration: 0.21
384_source_c1,384PP_Plus_AQ_BP,D12,m166_GvpK_50fmol,Axygen 384,L7,200,Actual concentration: 0.85
384_source_c1,384PP_Plus_AQ_BP,D12,m166_GvpK_50fmol,Axygen 384,L9,200,Actual concentration: 0.85
384_source_c1,384PP_Plus_AQ_BP,D12,m166_GvpK_50fmol,Axygen 384,L11,50,Actual concentration: 0.21
384_source_c1,384PP_Plus_AQ_BP,D12,m166_GvpK_50fmol,Axygen 384,L13,50,Actual concentration: 0.21
384_source_c1,384PP_Plus_AQ_BP,D12,m166_GvpK_50fmol,Axygen 384,L15,200,Actual concentration: 0.85
384_source_c1,384PP_Plus_AQ_BP,D12,m166_GvpK_50fmol,Axygen 384,L17,50,Actual concentration: 0.21
384_source_c1,384PP_Plus_AQ_BP,D12,m166_GvpK_50fmol,Axygen 384,L19,200,Actual concentration: 0.85
384_source_c1,384PP_Plus_AQ_BP,D12,m166_GvpK_50fmol,Axygen 384,L21,50,Actual concentration: 0.21
384_source_c1,384PP_Plus_AQ_BP,D12,m166_GvpK_50fmol,Axygen 384,L23,50,Actual concentration: 0.21
384_source_c1,384PP_Plus_AQ_BP,D12,m166_GvpK_50fmol,Axygen 384,N1,25,Actual concentration: 0.11
384_source_c1,384PP_Plus_AQ_BP,D12,m166_GvpK_50fmol,Axygen 384,N3,50,Actual concentration: 0.21
384_source_c1,384PP_Plus_AQ_BP,D12,m166_GvpK_50fmol,Axygen 384,N5,200,Actual concentration: 0.85
384_source_c1,384PP_Plus_AQ_BP,D12,m166_GvpK_50fmol,Axygen 384,N7,25,Actual concentration: 0.11
384_source_c1,384PP_Plus_AQ_BP,D12,m166_GvpK_50fmol,Axygen 384,N9,50,Actual concentration: 0.21
384_source_c1,384PP_Plus_AQ_BP,D12,m166_GvpK_50fmol,Axygen 384,N11,200,Actual concentration: 0.85
384_source_c1,384PP_Plus_AQ_BP,D12,m166_GvpK_50fmol,Axygen 384,N13,200,Actual concentration: 0.85
384_source_c1,384PP_Plus_AQ_BP,D12,m166_GvpK_50fmol,Axygen 384,N15,50,Actual concentration: 0.21
384_source_c1,384PP_Plus_AQ_BP,D12,m166_GvpK_50fmol,Axygen 384,N17,50,Actual concentration: 0.21
384_source_c1,384PP_Plus_AQ_BP,D12,m166_GvpK_50fmol,Axygen 384,N19,200,Actual concentration: 0.85
384_source_c1,384PP_Plus_AQ_BP,D12,m166_GvpK_50fmol,Axygen 384,N21,50,Actual concentration: 0.21
384_source_c1,384PP_Plus_AQ_BP,D12,m166_GvpK_50fmol,Axygen 384,N23,200,Actual concentration: 0.85
384_source_c1,384PP_Plus_AQ_BP,D12,m166_GvpK_50fmol,Axygen 384,P1,50,Actual concentration: 0.21
384_source_c1,384PP_Plus_AQ_BP,D12,m166_GvpK_50fmol,Axygen 384,P3,50,Actual concentration: 0.21
384_source_c1,384PP_Plus_AQ_BP,D12,m166_GvpK_50fmol,Axygen 384,P5,200,Actual concentration: 0.85
384_source_c1,384PP_Plus_AQ_BP,D12,m166_GvpK_50fmol,Axygen 384,P7,50,Actual concentration: 0.21
384_source_c1,384PP_Plus_AQ_BP,D12,m166_GvpK_50fmol,Axygen 384,P9,200,Actual concentration: 0.85
384_source_c1,384PP_Plus_AQ_BP,D12,m166_GvpK_50fmol,Axygen 384,P11,200,Actual concentration: 0.85
384_source_c1,384PP_Plus_AQ_BP,D12,m166_GvpK_50fmol,Axygen 384,P13,200,Actual concentration: 0.85
384_source_c1,384PP_Plus_AQ_BP,D12,m166_GvpK_50fmol,Axygen 384,P15,200,Actual concentration: 0.85
384_source_c1,384PP_Plus_AQ_BP,D12,m166_GvpK_50fmol,Axygen 384,P17,50,Actual concentration: 0.21
384_source_c1,384PP_Plus_AQ_BP,D12,m166_GvpK_50fmol,Axygen 384,P19,50,Actual concentration: 0.21
384_source_c1,384PP_Plus_AQ_BP,D12,m166_GvpK_50fmol,Axygen 384,P21,50,Actual concentration: 0.21
384_source_c1,384PP_Plus_AQ_BP,D12,m166_GvpK_50fmol,Axygen 384,P23,200,Actual concentration: 0.85
384_source_c1,384PP_Plus_AQ_BP,D12,m166_GvpK_50fmol,Axygen 384,B2,50,Actual concentration: 0.21
384_source_c1,384PP_Plus_AQ_BP,E12,m166_GvpK_50fmol,Axygen 384,B2,150,Actual concentration: 0.64
384_source_c1,384PP_Plus_AQ_BP,E12,m166_GvpK_50fmol,Axygen 384,B4,200,Actual concentration: 0.85
384_source_c1,384PP_Plus_AQ_BP,E12,m166_GvpK_50fmol,Axygen 384,B6,200,Actual concentration: 0.85
384_source_c1,384PP_Plus_AQ_BP,E12,m166_GvpK_50fmol,Axygen 384,B8,200,Actual concentration: 0.85
384_source_c1,384PP_Plus_AQ_BP,E12,m166_GvpK_50fmol,Axygen 384,B10,200,Actual concentration: 0.85
384_source_c1,384PP_Plus_AQ_BP,E12,m166_GvpK_50fmol,Axygen 384,B12,200,Actual concentration: 0.85
384_source_c1,384PP_Plus_AQ_BP,E12,m166_GvpK_50fmol,Axygen 384,B14,200,Actual concentration: 0.85
384_source_c1,384PP_Plus_AQ_BP,E12,m166_GvpK_50fmol,Axygen 384,B16,200,Actual concentration: 0.85
384_source_c1,384PP_Plus_AQ_BP,E12,m166_GvpK_50fmol,Axygen 384,B18,50,Actual concentration: 0.21
384_source_c1,384PP_Plus_AQ_BP,E12,m166_GvpK_50fmol,Axygen 384,B20,50,Actual concentration: 0.21
384_source_c1,384PP_Plus_AQ_BP,E12,m166_GvpK_50fmol,Axygen 384,B24,200,Actual concentration: 0.85
384_source_c1,384PP_Plus_AQ_BP,E12,m166_GvpK_50fmol,Axygen 384,D2,200,Actual concentration: 0.85
384_source_c1,384PP_Plus_AQ_BP,E12,m166_GvpK_50fmol,Axygen 384,D4,200,Actual concentration: 0.85
384_source_c1,384PP_Plus_AQ_BP,E12,m166_GvpK_50fmol,Axygen 384,D6,50,Actual concentration: 0.21
384_source_c1,384PP_Plus_AQ_BP,E12,m166_GvpK_50fmol,Axygen 384,D8,200,Actual concentration: 0.85
384_source_c1,384PP_Plus_AQ_BP,E12,m166_GvpK_50fmol,Axygen 384,D10,200,Actual concentration: 0.85
384_source_c1,384PP_Plus_AQ_BP,E12,m166_GvpK_50fmol,Axygen 384,D12,200,Actual concentration: 0.85
384_source_c1,384PP_Plus_AQ_BP,E12,m166_GvpK_50fmol,Axygen 384,D14,50,Actual concentration: 0.21
384_source_c1,384PP_Plus_AQ_BP,E12,m166_GvpK_50fmol,Axygen 384,D16,50,Actual concentration: 0.21
384_source_c1,384PP_Plus_AQ_BP,E12,m166_GvpK_50fmol,Axygen 384,D18,200,Actual concentration: 0.85
384_source_c1,384PP_Plus_AQ_BP,E12,m166_GvpK_50fmol,Axygen 384,D20,50,Actual concentration: 0.21
384_source_c1,384PP_Plus_AQ_BP,E12,m166_GvpK_50fmol,Axygen 384,D22,25,Actual concentration: 0.11
384_source_c1,384PP_Plus_AQ_BP,E12,m166_GvpK_50fmol,Axygen 384,D24,200,Actual concentration: 0.85
384_source_c1,384PP_Plus_AQ_BP,E12,m166_GvpK_50fmol,Axygen 384,F2,25,Actual concentration: 0.11
384_source_c1,384PP_Plus_AQ_BP,E12,m166_GvpK_50fmol,Axygen 384,F4,50,Actual concentration: 0.21
384_source_c1,384PP_Plus_AQ_BP,E12,m166_GvpK_50fmol,Axygen 384,F6,50,Actual concentration: 0.21
384_source_c1,384PP_Plus_AQ_BP,E12,m166_GvpK_50fmol,Axygen 384,F8,50,Actual concentration: 0.21
384_source_c1,384PP_Plus_AQ_BP,E12,m166_GvpK_50fmol,Axygen 384,F10,200,Actual concentration: 0.85
384_source_c1,384PP_Plus_AQ_BP,E12,m166_GvpK_50fmol,Axygen 384,F12,50,Actual concentration: 0.21
384_source_c1,384PP_Plus_AQ_BP,E12,m166_GvpK_50fmol,Axygen 384,F14,200,Actual concentration: 0.85
384_source_c1,384PP_Plus_AQ_BP,E12,m166_GvpK_50fmol,Axygen 384,F18,200,Actual concentration: 0.85
384_source_c1,384PP_Plus_AQ_BP,E12,m166_GvpK_50fmol,Axygen 384,F20,200,Actual concentration: 0.85
384_source_c1,384PP_Plus_AQ_BP,E12,m166_GvpK_50fmol,Axygen 384,F22,200,Actual concentration: 0.85
384_source_c1,384PP_Plus_AQ_BP,E12,m166_GvpK_50fmol,Axygen 384,F24,50,Actual concentration: 0.21
384_source_c1,384PP_Plus_AQ_BP,E12,m166_GvpK_50fmol,Axygen 384,H2,200,Actual concentration: 0.85
384_source_c1,384PP_Plus_AQ_BP,E12,m166_GvpK_50fmol,Axygen 384,H4,50,Actual concentration: 0.21
384_source_c1,384PP_Plus_AQ_BP,E12,m166_GvpK_50fmol,Axygen 384,H6,200,Actual concentration: 0.85
384_source_c1,384PP_Plus_AQ_BP,E12,m166_GvpK_50fmol,Axygen 384,H8,200,Actual concentration: 0.85
384_source_c1,384PP_Plus_AQ_BP,E12,m166_GvpK_50fmol,Axygen 384,H10,200,Actual concentration: 0.85
384_source_c1,384PP_Plus_AQ_BP,E12,m166_GvpK_50fmol,Axygen 384,H12,200,Actual concentration: 0.85
384_source_c1,384PP_Plus_AQ_BP,E12,m166_GvpK_50fmol,Axygen 384,H14,50,Actual concentration: 0.21
384_source_c1,384PP_Plus_AQ_BP,E12,m166_GvpK_50fmol,Axygen 384,H16,50,Actual concentration: 0.21
384_source_c1,384PP_Plus_AQ_BP,E12,m166_GvpK_50fmol,Axygen 384,H18,50,Actual concentration: 0.21
384_source_c1,384PP_Plus_AQ_BP,E12,m166_GvpK_50fmol,Axygen 384,H20,50,Actual concentration: 0.21
384_source_c1,384PP_Plus_AQ_BP,E12,m166_GvpK_50fmol,Axygen 384,H22,200,Actual concentration: 0.85
384_source_c1,384PP_Plus_AQ_BP,E12,m166_GvpK_50fmol,Axygen 384,H24,200,Actual concentration: 0.85
384_source_c1,384PP_Plus_AQ_BP,E12,m166_GvpK_50fmol,Axygen 384,J2,50,Actual concentration: 0.21
384_source_c1,384PP_Plus_AQ_BP,E12,m166_GvpK_50fmol,Axygen 384,J4,200,Actual concentration: 0.85
384_source_c1,384PP_Plus_AQ_BP,E12,m166_GvpK_50fmol,Axygen 384,J10,25,Actual concentration: 0.11
384_source_c1,384PP_Plus_AQ_BP,E12,m166_GvpK_50fmol,Axygen 384,J12,200,Actual concentration: 0.85
384_source_c1,384PP_Plus_AQ_BP,E12,m166_GvpK_50fmol,Axygen 384,J14,200,Actual concentration: 0.85
384_source_c1,384PP_Plus_AQ_BP,E12,m166_GvpK_50fmol,Axygen 384,J16,25,Actual concentration: 0.11
384_source_c1,384PP_Plus_AQ_BP,E12,m166_GvpK_50fmol,Axygen 384,J18,200,Actual concentration: 0.85
384_source_c1,384PP_Plus_AQ_BP,E12,m166_GvpK_50fmol,Axygen 384,J20,200,Actual concentration: 0.85
384_source_c1,384PP_Plus_AQ_BP,E12,m166_GvpK_50fmol,Axygen 384,J22,50,Actual concentration: 0.21
384_source_c1,384PP_Plus_AQ_BP,E12,m166_GvpK_50fmol,Axygen 384,J24,200,Actual concentration: 0.85
384_source_c1,384PP_Plus_AQ_BP,E12,m166_GvpK_50fmol,Axygen 384,L2,50,Actual concentration: 0.21
384_source_c1,384PP_Plus_AQ_BP,E12,m166_GvpK_50fmol,Axygen 384,L6,200,Actual concentration: 0.85
384_source_c1,384PP_Plus_AQ_BP,E12,m166_GvpK_50fmol,Axygen 384,L8,200,Actual concentration: 0.85
384_source_c1,384PP_Plus_AQ_BP,E12,m166_GvpK_50fmol,Axygen 384,L10,50,Actual concentration: 0.21
384_source_c1,384PP_Plus_AQ_BP,E12,m166_GvpK_50fmol,Axygen 384,L12,200,Actual concentration: 0.85
384_source_c1,384PP_Plus_AQ_BP,E12,m166_GvpK_50fmol,Axygen 384,L14,200,Actual concentration: 0.85
384_source_c1,384PP_Plus_AQ_BP,E12,m166_GvpK_50fmol,Axygen 384,L16,200,Actual concentration: 0.85
384_source_c1,384PP_Plus_AQ_BP,E12,m166_GvpK_50fmol,Axygen 384,L18,50,Actual concentration: 0.21
384_source_c1,384PP_Plus_AQ_BP,E12,m166_GvpK_50fmol,Axygen 384,L20,50,Actual concentration: 0.21
384_source_c1,384PP_Plus_AQ_BP,E12,m166_GvpK_50fmol,Axygen 384,L22,50,Actual concentration: 0.21
384_source_c1,384PP_Plus_AQ_BP,E12,m166_GvpK_50fmol,Axygen 384,L24,200,Actual concentration: 0.85
384_source_c1,384PP_Plus_AQ_BP,E12,m166_GvpK_50fmol,Axygen 384,N2,50,Actual concentration: 0.21
384_source_c1,384PP_Plus_AQ_BP,E12,m166_GvpK_50fmol,Axygen 384,N4,50,Actual concentration: 0.21
384_source_c1,384PP_Plus_AQ_BP,E12,m166_GvpK_50fmol,Axygen 384,N6,25,Actual concentration: 0.11
384_source_c1,384PP_Plus_AQ_BP,E12,m166_GvpK_50fmol,Axygen 384,N8,200,Actual concentration: 0.85
384_source_c1,384PP_Plus_AQ_BP,E12,m166_GvpK_50fmol,Axygen 384,N10,50,Actual concentration: 0.21
384_source_c1,384PP_Plus_AQ_BP,E12,m166_GvpK_50fmol,Axygen 384,N12,50,Actual concentration: 0.21
384_source_c1,384PP_Plus_AQ_BP,E12,m166_GvpK_50fmol,Axygen 384,N14,25,Actual concentration: 0.11
384_source_c1,384PP_Plus_AQ_BP,E12,m166_GvpK_50fmol,Axygen 384,N16,200,Actual concentration: 0.85
384_source_c1,384PP_Plus_AQ_BP,E12,m166_GvpK_50fmol,Axygen 384,N18,150,Actual concentration: 0.64
384_source_c1,384PP_Plus_AQ_BP,F12,m166_GvpK_50fmol,Axygen 384,N18,50,Actual concentration: 0.21
384_source_c1,384PP_Plus_AQ_BP,F12,m166_GvpK_50fmol,Axygen 384,N22,200,Actual concentration: 0.85
384_source_c1,384PP_Plus_AQ_BP,F12,m166_GvpK_50fmol,Axygen 384,N24,200,Actual concentration: 0.85
384_source_c1,384PP_Plus_AQ_BP,F12,m166_GvpK_50fmol,Axygen 384,P2,200,Actual concentration: 0.85
384_source_c1,384PP_Plus_AQ_BP,F12,m166_GvpK_50fmol,Axygen 384,P4,25,Actual concentration: 0.11
384_source_c1,384PP_Plus_AQ_BP,F12,m166_GvpK_50fmol,Axygen 384,P6,200,Actual concentration: 0.85
384_source_c1,384PP_Plus_AQ_BP,F12,m166_GvpK_50fmol,Axygen 384,P8,25,Actual concentration: 0.11
384_source_c1,384PP_Plus_AQ_BP,F12,m166_GvpK_50fmol,Axygen 384,P10,200,Actual concentration: 0.85
384_source_c1,384PP_Plus_AQ_BP,F12,m166_GvpK_50fmol,Axygen 384,P12,50,Actual concentration: 0.21
384_source_c1,384PP_Plus_AQ_BP,F12,m166_GvpK_50fmol,Axygen 384,P14,50,Actual concentration: 0.21
384_source_c1,384PP_Plus_AQ_BP,F12,m166_GvpK_50fmol,Axygen 384,P16,200,Actual concentration: 0.85
384_source_c1,384PP_Plus_AQ_BP,F12,m166_GvpK_50fmol,Axygen 384,P18,50,Actual concentration: 0.21
384_source_c1,384PP_Plus_AQ_BP,F12,m166_GvpK_50fmol,Axygen 384,P20,200,Actual concentration: 0.85
384_source_c1,384PP_Plus_AQ_BP,F12,m166_GvpK_50fmol,Axygen 384,P22,50,Actual concentration: 0.21
384_source_c1,384PP_Plus_AQ_BP,F12,m166_GvpK_50fmol,Axygen 384,P24,200,Actual concentration: 0.85
384_source_c1,384PP_Plus_AQ_BP,B14,m167_GvpN_50fmol,Axygen 384,A1,50,Actual concentration: 0.19
384_source_c1,384PP_Plus_AQ_BP,B14,m167_GvpN_50fmol,Axygen 384,A3,50,Actual concentration: 0.19
384_source_c1,384PP_Plus_AQ_BP,B14,m167_GvpN_50fmol,Axygen 384,A5,50,Actual concentration: 0.19
384_source_c1,384PP_Plus_AQ_BP,B14,m167_GvpN_50fmol,Axygen 384,A7,50,Actual concentration: 0.19
384_source_c1,384PP_Plus_AQ_BP,B14,m167_GvpN_50fmol,Axygen 384,A9,50,Actual concentration: 0.19
384_source_c1,384PP_Plus_AQ_BP,B14,m167_GvpN_50fmol,Axygen 384,A11,50,Actual concentration: 0.19
384_source_c1,384PP_Plus_AQ_BP,B14,m167_GvpN_50fmol,Axygen 384,A13,50,Actual concentration: 0.19
384_source_c1,384PP_Plus_AQ_BP,B14,m167_GvpN_50fmol,Axygen 384,A15,50,Actual concentration: 0.19
384_source_c1,384PP_Plus_AQ_BP,B14,m167_GvpN_50fmol,Axygen 384,A17,50,Actual concentration: 0.19
384_source_c1,384PP_Plus_AQ_BP,B14,m167_GvpN_50fmol,Axygen 384,A19,50,Actual concentration: 0.19
384_source_c1,384PP_Plus_AQ_BP,B14,m167_GvpN_50fmol,Axygen 384,A21,50,Actual concentration: 0.19
384_source_c1,384PP_Plus_AQ_BP,B14,m167_GvpN_50fmol,Axygen 384,A23,50,Actual concentration: 0.19
384_source_c1,384PP_Plus_AQ_BP,B14,m167_GvpN_50fmol,Axygen 384,C1,50,Actual concentration: 0.19
384_source_c1,384PP_Plus_AQ_BP,B14,m167_GvpN_50fmol,Axygen 384,C3,50,Actual concentration: 0.19
384_source_c1,384PP_Plus_AQ_BP,B14,m167_GvpN_50fmol,Axygen 384,C5,50,Actual concentration: 0.19
384_source_c1,384PP_Plus_AQ_BP,B14,m167_GvpN_50fmol,Axygen 384,C7,50,Actual concentration: 0.19
384_source_c1,384PP_Plus_AQ_BP,B14,m167_GvpN_50fmol,Axygen 384,C9,50,Actual concentration: 0.19
384_source_c1,384PP_Plus_AQ_BP,B14,m167_GvpN_50fmol,Axygen 384,C11,50,Actual concentration: 0.19
384_source_c1,384PP_Plus_AQ_BP,B14,m167_GvpN_50fmol,Axygen 384,C13,50,Actual concentration: 0.19
384_source_c1,384PP_Plus_AQ_BP,B14,m167_GvpN_50fmol,Axygen 384,C15,50,Actual concentration: 0.19
384_source_c1,384PP_Plus_AQ_BP,B14,m167_GvpN_50fmol,Axygen 384,C17,50,Actual concentration: 0.19
384_source_c1,384PP_Plus_AQ_BP,B14,m167_GvpN_50fmol,Axygen 384,C19,50,Actual concentration: 0.19
384_source_c1,384PP_Plus_AQ_BP,B14,m167_GvpN_50fmol,Axygen 384,C21,50,Actual concentration: 0.19
384_source_c1,384PP_Plus_AQ_BP,B14,m167_GvpN_50fmol,Axygen 384,C23,50,Actual concentration: 0.19
384_source_c1,384PP_Plus_AQ_BP,B14,m167_GvpN_50fmol,Axygen 384,E1,50,Actual concentration: 0.19
384_source_c1,384PP_Plus_AQ_BP,B14,m167_GvpN_50fmol,Axygen 384,E3,50,Actual concentration: 0.19
384_source_c1,384PP_Plus_AQ_BP,B14,m167_GvpN_50fmol,Axygen 384,E5,50,Actual concentration: 0.19
384_source_c1,384PP_Plus_AQ_BP,B14,m167_GvpN_50fmol,Axygen 384,E7,50,Actual concentration: 0.19
384_source_c1,384PP_Plus_AQ_BP,B14,m167_GvpN_50fmol,Axygen 384,E9,50,Actual concentration: 0.19
384_source_c1,384PP_Plus_AQ_BP,B14,m167_GvpN_50fmol,Axygen 384,E11,50,Actual concentration: 0.19
384_source_c1,384PP_Plus_AQ_BP,B14,m167_GvpN_50fmol,Axygen 384,E13,50,Actual concentration: 0.19
384_source_c1,384PP_Plus_AQ_BP,B14,m167_GvpN_50fmol,Axygen 384,E17,50,Actual concentration: 0.19
384_source_c1,384PP_Plus_AQ_BP,B14,m167_GvpN_50fmol,Axygen 384,E19,50,Actual concentration: 0.19
384_source_c1,384PP_Plus_AQ_BP,B14,m167_GvpN_50fmol,Axygen 384,E21,225,Actual concentration: 0.86
384_source_c1,384PP_Plus_AQ_BP,B14,m167_GvpN_50fmol,Axygen 384,E23,50,Actual concentration: 0.19
384_source_c1,384PP_Plus_AQ_BP,B14,m167_GvpN_50fmol,Axygen 384,G1,50,Actual concentration: 0.19
384_source_c1,384PP_Plus_AQ_BP,B14,m167_GvpN_50fmol,Axygen 384,G3,50,Actual concentration: 0.19
384_source_c1,384PP_Plus_AQ_BP,B14,m167_GvpN_50fmol,Axygen 384,G5,50,Actual concentration: 0.19
384_source_c1,384PP_Plus_AQ_BP,B14,m167_GvpN_50fmol,Axygen 384,G7,50,Actual concentration: 0.19
384_source_c1,384PP_Plus_AQ_BP,B14,m167_GvpN_50fmol,Axygen 384,G9,50,Actual concentration: 0.19
384_source_c1,384PP_Plus_AQ_BP,B14,m167_GvpN_50fmol,Axygen 384,G11,50,Actual concentration: 0.19
384_source_c1,384PP_Plus_AQ_BP,B14,m167_GvpN_50fmol,Axygen 384,G13,50,Actual concentration: 0.19
384_source_c1,384PP_Plus_AQ_BP,B14,m167_GvpN_50fmol,Axygen 384,G15,50,Actual concentration: 0.19
384_source_c1,384PP_Plus_AQ_BP,B14,m167_GvpN_50fmol,Axygen 384,G17,50,Actual concentration: 0.19
384_source_c1,384PP_Plus_AQ_BP,B14,m167_GvpN_50fmol,Axygen 384,G19,50,Actual concentration: 0.19
384_source_c1,384PP_Plus_AQ_BP,B14,m167_GvpN_50fmol,Axygen 384,G21,50,Actual concentration: 0.19
384_source_c1,384PP_Plus_AQ_BP,B14,m167_GvpN_50fmol,Axygen 384,G23,50,Actual concentration: 0.19
384_source_c1,384PP_Plus_AQ_BP,B14,m167_GvpN_50fmol,Axygen 384,I1,50,Actual concentration: 0.19
384_source_c1,384PP_Plus_AQ_BP,B14,m167_GvpN_50fmol,Axygen 384,I3,50,Actual concentration: 0.19
384_source_c1,384PP_Plus_AQ_BP,B14,m167_GvpN_50fmol,Axygen 384,I5,50,Actual concentration: 0.19
384_source_c1,384PP_Plus_AQ_BP,B14,m167_GvpN_50fmol,Axygen 384,I7,50,Actual concentration: 0.19
384_source_c1,384PP_Plus_AQ_BP,B14,m167_GvpN_50fmol,Axygen 384,I9,50,Actual concentration: 0.19
384_source_c1,384PP_Plus_AQ_BP,B14,m167_GvpN_50fmol,Axygen 384,I11,50,Actual concentration: 0.19
384_source_c1,384PP_Plus_AQ_BP,B14,m167_GvpN_50fmol,Axygen 384,I13,50,Actual concentration: 0.19
384_source_c1,384PP_Plus_AQ_BP,B14,m167_GvpN_50fmol,Axygen 384,I15,50,Actual concentration: 0.19
384_source_c1,384PP_Plus_AQ_BP,B14,m167_GvpN_50fmol,Axygen 384,I17,50,Actual concentration: 0.19
384_source_c1,384PP_Plus_AQ_BP,B14,m167_GvpN_50fmol,Axygen 384,I19,50,Actual concentration: 0.19
384_source_c1,384PP_Plus_AQ_BP,B14,m167_GvpN_50fmol,Axygen 384,I21,50,Actual concentration: 0.19
384_source_c1,384PP_Plus_AQ_BP,B14,m167_GvpN_50fmol,Axygen 384,K1,50,Actual concentration: 0.19
384_source_c1,384PP_Plus_AQ_BP,B14,m167_GvpN_50fmol,Axygen 384,K3,50,Actual concentration: 0.19
384_source_c1,384PP_Plus_AQ_BP,B14,m167_GvpN_50fmol,Axygen 384,K5,50,Actual concentration: 0.19
384_source_c1,384PP_Plus_AQ_BP,B14,m167_GvpN_50fmol,Axygen 384,K7,50,Actual concentration: 0.19
384_source_c1,384PP_Plus_AQ_BP,B14,m167_GvpN_50fmol,Axygen 384,K9,50,Actual concentration: 0.19
384_source_c1,384PP_Plus_AQ_BP,B14,m167_GvpN_50fmol,Axygen 384,K11,50,Actual concentration: 0.19
384_source_c1,384PP_Plus_AQ_BP,B14,m167_GvpN_50fmol,Axygen 384,K13,50,Actual concentration: 0.19
384_source_c1,384PP_Plus_AQ_BP,B14,m167_GvpN_50fmol,Axygen 384,K15,50,Actual concentration: 0.19
384_source_c1,384PP_Plus_AQ_BP,B14,m167_GvpN_50fmol,Axygen 384,K17,50,Actual concentration: 0.19
384_source_c1,384PP_Plus_AQ_BP,B14,m167_GvpN_50fmol,Axygen 384,K19,50,Actual concentration: 0.19
384_source_c1,384PP_Plus_AQ_BP,B14,m167_GvpN_50fmol,Axygen 384,K21,50,Actual concentration: 0.19
384_source_c1,384PP_Plus_AQ_BP,B14,m167_GvpN_50fmol,Axygen 384,K23,50,Actual concentration: 0.19
384_source_c1,384PP_Plus_AQ_BP,B14,m167_GvpN_50fmol,Axygen 384,M1,225,Actual concentration: 0.86
384_source_c1,384PP_Plus_AQ_BP,B14,m167_GvpN_50fmol,Axygen 384,M3,50,Actual concentration: 0.19
384_source_c1,384PP_Plus_AQ_BP,B14,m167_GvpN_50fmol,Axygen 384,M5,50,Actual concentration: 0.19
384_source_c1,384PP_Plus_AQ_BP,B14,m167_GvpN_50fmol,Axygen 384,M7,225,Actual concentration: 0.86
384_source_c1,384PP_Plus_AQ_BP,B14,m167_GvpN_50fmol,Axygen 384,M9,50,Actual concentration: 0.19
384_source_c1,384PP_Plus_AQ_BP,B14,m167_GvpN_50fmol,Axygen 384,M11,50,Actual concentration: 0.19
384_source_c1,384PP_Plus_AQ_BP,B14,m167_GvpN_50fmol,Axygen 384,M13,50,Actual concentration: 0.19
384_source_c1,384PP_Plus_AQ_BP,B14,m167_GvpN_50fmol,Axygen 384,M15,50,Actual concentration: 0.19
384_source_c1,384PP_Plus_AQ_BP,B14,m167_GvpN_50fmol,Axygen 384,M17,50,Actual concentration: 0.19
384_source_c1,384PP_Plus_AQ_BP,B14,m167_GvpN_50fmol,Axygen 384,M19,50,Actual concentration: 0.19
384_source_c1,384PP_Plus_AQ_BP,B14,m167_GvpN_50fmol,Axygen 384,M21,50,Actual concentration: 0.19
384_source_c1,384PP_Plus_AQ_BP,B14,m167_GvpN_50fmol,Axygen 384,M23,50,Actual concentration: 0.19
384_source_c1,384PP_Plus_AQ_BP,B14,m167_GvpN_50fmol,Axygen 384,O1,50,Actual concentration: 0.19
384_source_c1,384PP_Plus_AQ_BP,B14,m167_GvpN_50fmol,Axygen 384,O3,50,Actual concentration: 0.19
384_source_c1,384PP_Plus_AQ_BP,B14,m167_GvpN_50fmol,Axygen 384,O5,50,Actual concentration: 0.19
384_source_c1,384PP_Plus_AQ_BP,B14,m167_GvpN_50fmol,Axygen 384,O7,50,Actual concentration: 0.19
384_source_c1,384PP_Plus_AQ_BP,B14,m167_GvpN_50fmol,Axygen 384,O9,50,Actual concentration: 0.19
384_source_c1,384PP_Plus_AQ_BP,B14,m167_GvpN_50fmol,Axygen 384,O11,50,Actual concentration: 0.19
384_source_c1,384PP_Plus_AQ_BP,B14,m167_GvpN_50fmol,Axygen 384,O13,50,Actual concentration: 0.19
384_source_c1,384PP_Plus_AQ_BP,B14,m167_GvpN_50fmol,Axygen 384,O15,50,Actual concentration: 0.19
384_source_c1,384PP_Plus_AQ_BP,B14,m167_GvpN_50fmol,Axygen 384,O17,50,Actual concentration: 0.19
384_source_c1,384PP_Plus_AQ_BP,B14,m167_GvpN_50fmol,Axygen 384,O19,50,Actual concentration: 0.19
384_source_c1,384PP_Plus_AQ_BP,B14,m167_GvpN_50fmol,Axygen 384,O21,50,Actual concentration: 0.19
384_source_c1,384PP_Plus_AQ_BP,B14,m167_GvpN_50fmol,Axygen 384,O23,50,Actual concentration: 0.19
384_source_c1,384PP_Plus_AQ_BP,B14,m167_GvpN_50fmol,Axygen 384,A2,50,Actual concentration: 0.19
384_source_c1,384PP_Plus_AQ_BP,B14,m167_GvpN_50fmol,Axygen 384,A4,50,Actual concentration: 0.19
384_source_c1,384PP_Plus_AQ_BP,B14,m167_GvpN_50fmol,Axygen 384,A6,50,Actual concentration: 0.19
384_source_c1,384PP_Plus_AQ_BP,B14,m167_GvpN_50fmol,Axygen 384,A8,50,Actual concentration: 0.19
384_source_c1,384PP_Plus_AQ_BP,B14,m167_GvpN_50fmol,Axygen 384,A10,50,Actual concentration: 0.19
384_source_c1,384PP_Plus_AQ_BP,B14,m167_GvpN_50fmol,Axygen 384,A12,50,Actual concentration: 0.19
384_source_c1,384PP_Plus_AQ_BP,B14,m167_GvpN_50fmol,Axygen 384,A14,50,Actual concentration: 0.19
384_source_c1,384PP_Plus_AQ_BP,B14,m167_GvpN_50fmol,Axygen 384,A16,50,Actual concentration: 0.19
384_source_c1,384PP_Plus_AQ_BP,B14,m167_GvpN_50fmol,Axygen 384,A18,50,Actual concentration: 0.19
384_source_c1,384PP_Plus_AQ_BP,B14,m167_GvpN_50fmol,Axygen 384,A20,50,Actual concentration: 0.19
384_source_c1,384PP_Plus_AQ_BP,B14,m167_GvpN_50fmol,Axygen 384,A22,50,Actual concentration: 0.19
384_source_c1,384PP_Plus_AQ_BP,B14,m167_GvpN_50fmol,Axygen 384,A24,50,Actual concentration: 0.19
384_source_c1,384PP_Plus_AQ_BP,B14,m167_GvpN_50fmol,Axygen 384,C2,50,Actual concentration: 0.19
384_source_c1,384PP_Plus_AQ_BP,B14,m167_GvpN_50fmol,Axygen 384,C4,50,Actual concentration: 0.19
384_source_c1,384PP_Plus_AQ_BP,B14,m167_GvpN_50fmol,Axygen 384,C6,50,Actual concentration: 0.19
384_source_c1,384PP_Plus_AQ_BP,B14,m167_GvpN_50fmol,Axygen 384,C8,50,Actual concentration: 0.19
384_source_c1,384PP_Plus_AQ_BP,B14,m167_GvpN_50fmol,Axygen 384,C10,50,Actual concentration: 0.19
384_source_c1,384PP_Plus_AQ_BP,B14,m167_GvpN_50fmol,Axygen 384,C12,50,Actual concentration: 0.19
384_source_c1,384PP_Plus_AQ_BP,B14,m167_GvpN_50fmol,Axygen 384,C14,50,Actual concentration: 0.19
384_source_c1,384PP_Plus_AQ_BP,B14,m167_GvpN_50fmol,Axygen 384,C16,50,Actual concentration: 0.19
384_source_c1,384PP_Plus_AQ_BP,B14,m167_GvpN_50fmol,Axygen 384,C18,50,Actual concentration: 0.19
384_source_c1,384PP_Plus_AQ_BP,B14,m167_GvpN_50fmol,Axygen 384,C20,50,Actual concentration: 0.19
384_source_c1,384PP_Plus_AQ_BP,B14,m167_GvpN_50fmol,Axygen 384,C22,50,Actual concentration: 0.19
384_source_c1,384PP_Plus_AQ_BP,B14,m167_GvpN_50fmol,Axygen 384,C24,225,Actual concentration: 0.86
384_source_c1,384PP_Plus_AQ_BP,B14,m167_GvpN_50fmol,Axygen 384,E2,50,Actual concentration: 0.19
384_source_c1,384PP_Plus_AQ_BP,B14,m167_GvpN_50fmol,Axygen 384,E4,50,Actual concentration: 0.19
384_source_c1,384PP_Plus_AQ_BP,B14,m167_GvpN_50fmol,Axygen 384,E6,50,Actual concentration: 0.19
384_source_c1,384PP_Plus_AQ_BP,B14,m167_GvpN_50fmol,Axygen 384,E8,50,Actual concentration: 0.19
384_source_c1,384PP_Plus_AQ_BP,B14,m167_GvpN_50fmol,Axygen 384,E10,50,Actual concentration: 0.19
384_source_c1,384PP_Plus_AQ_BP,B14,m167_GvpN_50fmol,Axygen 384,E12,50,Actual concentration: 0.19
384_source_c1,384PP_Plus_AQ_BP,B14,m167_GvpN_50fmol,Axygen 384,E14,50,Actual concentration: 0.19
384_source_c1,384PP_Plus_AQ_BP,B14,m167_GvpN_50fmol,Axygen 384,E18,50,Actual concentration: 0.19
384_source_c1,384PP_Plus_AQ_BP,B14,m167_GvpN_50fmol,Axygen 384,E20,50,Actual concentration: 0.19
384_source_c1,384PP_Plus_AQ_BP,B14,m167_GvpN_50fmol,Axygen 384,E22,50,Actual concentration: 0.19
384_source_c1,384PP_Plus_AQ_BP,B14,m167_GvpN_50fmol,Axygen 384,E24,50,Actual concentration: 0.19
384_source_c1,384PP_Plus_AQ_BP,B14,m167_GvpN_50fmol,Axygen 384,G2,225,Actual concentration: 0.86
384_source_c1,384PP_Plus_AQ_BP,B14,m167_GvpN_50fmol,Axygen 384,G4,225,Actual concentration: 0.86
384_source_c1,384PP_Plus_AQ_BP,B14,m167_GvpN_50fmol,Axygen 384,G6,50,Actual concentration: 0.19
384_source_c1,384PP_Plus_AQ_BP,B14,m167_GvpN_50fmol,Axygen 384,G8,50,Actual concentration: 0.19
384_source_c1,384PP_Plus_AQ_BP,B14,m167_GvpN_50fmol,Axygen 384,G10,50,Actual concentration: 0.19
384_source_c1,384PP_Plus_AQ_BP,B14,m167_GvpN_50fmol,Axygen 384,G12,50,Actual concentration: 0.19
384_source_c1,384PP_Plus_AQ_BP,B14,m167_GvpN_50fmol,Axygen 384,G14,50,Actual concentration: 0.19
384_source_c1,384PP_Plus_AQ_BP,B14,m167_GvpN_50fmol,Axygen 384,G16,50,Actual concentration: 0.19
384_source_c1,384PP_Plus_AQ_BP,B14,m167_GvpN_50fmol,Axygen 384,G18,50,Actual concentration: 0.19
384_source_c1,384PP_Plus_AQ_BP,B14,m167_GvpN_50fmol,Axygen 384,G20,50,Actual concentration: 0.19
384_source_c1,384PP_Plus_AQ_BP,B14,m167_GvpN_50fmol,Axygen 384,G22,50,Actual concentration: 0.19
384_source_c1,384PP_Plus_AQ_BP,B14,m167_GvpN_50fmol,Axygen 384,G24,50,Actual concentration: 0.19
384_source_c1,384PP_Plus_AQ_BP,B14,m167_GvpN_50fmol,Axygen 384,I2,50,Actual concentration: 0.19
384_source_c1,384PP_Plus_AQ_BP,B14,m167_GvpN_50fmol,Axygen 384,I4,50,Actual concentration: 0.19
384_source_c1,384PP_Plus_AQ_BP,B14,m167_GvpN_50fmol,Axygen 384,I6,50,Actual concentration: 0.19
384_source_c1,384PP_Plus_AQ_BP,B14,m167_GvpN_50fmol,Axygen 384,I8,50,Actual concentration: 0.19
384_source_c1,384PP_Plus_AQ_BP,B14,m167_GvpN_50fmol,Axygen 384,I12,50,Actual concentration: 0.19
384_source_c1,384PP_Plus_AQ_BP,B14,m167_GvpN_50fmol,Axygen 384,I14,50,Actual concentration: 0.19
384_source_c1,384PP_Plus_AQ_BP,B14,m167_GvpN_50fmol,Axygen 384,I16,50,Actual concentration: 0.19
384_source_c1,384PP_Plus_AQ_BP,B14,m167_GvpN_50fmol,Axygen 384,I18,50,Actual concentration: 0.19
384_source_c1,384PP_Plus_AQ_BP,B14,m167_GvpN_50fmol,Axygen 384,I20,50,Actual concentration: 0.19
384_source_c1,384PP_Plus_AQ_BP,B14,m167_GvpN_50fmol,Axygen 384,I22,50,Actual concentration: 0.19
384_source_c1,384PP_Plus_AQ_BP,B14,m167_GvpN_50fmol,Axygen 384,I24,50,Actual concentration: 0.19
384_source_c1,384PP_Plus_AQ_BP,B14,m167_GvpN_50fmol,Axygen 384,K2,50,Actual concentration: 0.19
384_source_c1,384PP_Plus_AQ_BP,B14,m167_GvpN_50fmol,Axygen 384,K4,50,Actual concentration: 0.19
384_source_c1,384PP_Plus_AQ_BP,B14,m167_GvpN_50fmol,Axygen 384,K6,50,Actual concentration: 0.19
384_source_c1,384PP_Plus_AQ_BP,B14,m167_GvpN_50fmol,Axygen 384,K8,50,Actual concentration: 0.19
384_source_c1,384PP_Plus_AQ_BP,B14,m167_GvpN_50fmol,Axygen 384,K10,50,Actual concentration: 0.19
384_source_c1,384PP_Plus_AQ_BP,B14,m167_GvpN_50fmol,Axygen 384,K12,50,Actual concentration: 0.19
384_source_c1,384PP_Plus_AQ_BP,B14,m167_GvpN_50fmol,Axygen 384,K14,50,Actual concentration: 0.19
384_source_c1,384PP_Plus_AQ_BP,B14,m167_GvpN_50fmol,Axygen 384,K16,50,Actual concentration: 0.19
384_source_c1,384PP_Plus_AQ_BP,B14,m167_GvpN_50fmol,Axygen 384,K18,50,Actual concentration: 0.19
384_source_c1,384PP_Plus_AQ_BP,B14,m167_GvpN_50fmol,Axygen 384,K20,50,Actual concentration: 0.19
384_source_c1,384PP_Plus_AQ_BP,B14,m167_GvpN_50fmol,Axygen 384,K22,50,Actual concentration: 0.19
384_source_c1,384PP_Plus_AQ_BP,B14,m167_GvpN_50fmol,Axygen 384,K24,50,Actual concentration: 0.19
384_source_c1,384PP_Plus_AQ_BP,B14,m167_GvpN_50fmol,Axygen 384,M2,50,Actual concentration: 0.19
384_source_c1,384PP_Plus_AQ_BP,B14,m167_GvpN_50fmol,Axygen 384,M4,50,Actual concentration: 0.19
384_source_c1,384PP_Plus_AQ_BP,B14,m167_GvpN_50fmol,Axygen 384,M6,50,Actual concentration: 0.19
384_source_c1,384PP_Plus_AQ_BP,B14,m167_GvpN_50fmol,Axygen 384,M8,50,Actual concentration: 0.19
384_source_c1,384PP_Plus_AQ_BP,B14,m167_GvpN_50fmol,Axygen 384,M10,50,Actual concentration: 0.19
384_source_c1,384PP_Plus_AQ_BP,B14,m167_GvpN_50fmol,Axygen 384,M12,50,Actual concentration: 0.19
384_source_c1,384PP_Plus_AQ_BP,B14,m167_GvpN_50fmol,Axygen 384,M14,50,Actual concentration: 0.19
384_source_c1,384PP_Plus_AQ_BP,B14,m167_GvpN_50fmol,Axygen 384,M16,50,Actual concentration: 0.19
384_source_c1,384PP_Plus_AQ_BP,B14,m167_GvpN_50fmol,Axygen 384,M18,50,Actual concentration: 0.19
384_source_c1,384PP_Plus_AQ_BP,B14,m167_GvpN_50fmol,Axygen 384,M20,50,Actual concentration: 0.19
384_source_c1,384PP_Plus_AQ_BP,B14,m167_GvpN_50fmol,Axygen 384,M22,50,Actual concentration: 0.19
384_source_c1,384PP_Plus_AQ_BP,B14,m167_GvpN_50fmol,Axygen 384,M24,50,Actual concentration: 0.19
384_source_c1,384PP_Plus_AQ_BP,B14,m167_GvpN_50fmol,Axygen 384,O2,50,Actual concentration: 0.19
384_source_c1,384PP_Plus_AQ_BP,B14,m167_GvpN_50fmol,Axygen 384,O4,50,Actual concentration: 0.19
384_source_c1,384PP_Plus_AQ_BP,B14,m167_GvpN_50fmol,Axygen 384,O6,50,Actual concentration: 0.19
384_source_c1,384PP_Plus_AQ_BP,C14,m167_GvpN_50fmol,Axygen 384,O8,50,Actual concentration: 0.19
384_source_c1,384PP_Plus_AQ_BP,C14,m167_GvpN_50fmol,Axygen 384,O10,50,Actual concentration: 0.19
384_source_c1,384PP_Plus_AQ_BP,C14,m167_GvpN_50fmol,Axygen 384,O12,50,Actual concentration: 0.19
384_source_c1,384PP_Plus_AQ_BP,C14,m167_GvpN_50fmol,Axygen 384,O14,50,Actual concentration: 0.19
384_source_c1,384PP_Plus_AQ_BP,C14,m167_GvpN_50fmol,Axygen 384,O16,50,Actual concentration: 0.19
384_source_c1,384PP_Plus_AQ_BP,C14,m167_GvpN_50fmol,Axygen 384,O18,50,Actual concentration: 0.19
384_source_c1,384PP_Plus_AQ_BP,C14,m167_GvpN_50fmol,Axygen 384,O20,50,Actual concentration: 0.19
384_source_c1,384PP_Plus_AQ_BP,C14,m167_GvpN_50fmol,Axygen 384,O22,50,Actual concentration: 0.19
384_source_c1,384PP_Plus_AQ_BP,C14,m167_GvpN_50fmol,Axygen 384,O24,50,Actual concentration: 0.19
384_source_c1,384PP_Plus_AQ_BP,C14,m167_GvpN_50fmol,Axygen 384,B1,225,Actual concentration: 0.86
384_source_c1,384PP_Plus_AQ_BP,C14,m167_GvpN_50fmol,Axygen 384,B3,225,Actual concentration: 0.86
384_source_c1,384PP_Plus_AQ_BP,C14,m167_GvpN_50fmol,Axygen 384,B5,225,Actual concentration: 0.86
384_source_c1,384PP_Plus_AQ_BP,C14,m167_GvpN_50fmol,Axygen 384,B7,225,Actual concentration: 0.86
384_source_c1,384PP_Plus_AQ_BP,C14,m167_GvpN_50fmol,Axygen 384,B9,225,Actual concentration: 0.86
384_source_c1,384PP_Plus_AQ_BP,C14,m167_GvpN_50fmol,Axygen 384,B11,225,Actual concentration: 0.86
384_source_c1,384PP_Plus_AQ_BP,C14,m167_GvpN_50fmol,Axygen 384,B13,50,Actual concentration: 0.19
384_source_c1,384PP_Plus_AQ_BP,C14,m167_GvpN_50fmol,Axygen 384,B15,225,Actual concentration: 0.86
384_source_c1,384PP_Plus_AQ_BP,C14,m167_GvpN_50fmol,Axygen 384,B17,225,Actual concentration: 0.86
384_source_c1,384PP_Plus_AQ_BP,C14,m167_GvpN_50fmol,Axygen 384,B19,50,Actual concentration: 0.19
384_source_c1,384PP_Plus_AQ_BP,C14,m167_GvpN_50fmol,Axygen 384,B21,225,Actual concentration: 0.86
384_source_c1,384PP_Plus_AQ_BP,C14,m167_GvpN_50fmol,Axygen 384,B23,225,Actual concentration: 0.86
384_source_c1,384PP_Plus_AQ_BP,C14,m167_GvpN_50fmol,Axygen 384,D1,225,Actual concentration: 0.86
384_source_c1,384PP_Plus_AQ_BP,C14,m167_GvpN_50fmol,Axygen 384,D3,225,Actual concentration: 0.86
384_source_c1,384PP_Plus_AQ_BP,C14,m167_GvpN_50fmol,Axygen 384,D5,100,Actual concentration: 0.38
384_source_c1,384PP_Plus_AQ_BP,C14,m167_GvpN_50fmol,Axygen 384,D9,225,Actual concentration: 0.86
384_source_c1,384PP_Plus_AQ_BP,C14,m167_GvpN_50fmol,Axygen 384,D11,225,Actual concentration: 0.86
384_source_c1,384PP_Plus_AQ_BP,C14,m167_GvpN_50fmol,Axygen 384,D13,225,Actual concentration: 0.86
384_source_c1,384PP_Plus_AQ_BP,C14,m167_GvpN_50fmol,Axygen 384,D15,225,Actual concentration: 0.86
384_source_c1,384PP_Plus_AQ_BP,C14,m167_GvpN_50fmol,Axygen 384,D17,225,Actual concentration: 0.86
384_source_c1,384PP_Plus_AQ_BP,C14,m167_GvpN_50fmol,Axygen 384,D19,225,Actual concentration: 0.86
384_source_c1,384PP_Plus_AQ_BP,C14,m167_GvpN_50fmol,Axygen 384,D21,50,Actual concentration: 0.19
384_source_c1,384PP_Plus_AQ_BP,C14,m167_GvpN_50fmol,Axygen 384,D23,225,Actual concentration: 0.86
384_source_c1,384PP_Plus_AQ_BP,C14,m167_GvpN_50fmol,Axygen 384,F1,225,Actual concentration: 0.86
384_source_c1,384PP_Plus_AQ_BP,C14,m167_GvpN_50fmol,Axygen 384,F3,225,Actual concentration: 0.86
384_source_c1,384PP_Plus_AQ_BP,C14,m167_GvpN_50fmol,Axygen 384,F5,225,Actual concentration: 0.86
384_source_c1,384PP_Plus_AQ_BP,C14,m167_GvpN_50fmol,Axygen 384,F7,225,Actual concentration: 0.86
384_source_c1,384PP_Plus_AQ_BP,C14,m167_GvpN_50fmol,Axygen 384,F9,225,Actual concentration: 0.86
384_source_c1,384PP_Plus_AQ_BP,C14,m167_GvpN_50fmol,Axygen 384,F11,225,Actual concentration: 0.86
384_source_c1,384PP_Plus_AQ_BP,C14,m167_GvpN_50fmol,Axygen 384,F13,225,Actual concentration: 0.86
384_source_c1,384PP_Plus_AQ_BP,C14,m167_GvpN_50fmol,Axygen 384,F17,50,Actual concentration: 0.19
384_source_c1,384PP_Plus_AQ_BP,C14,m167_GvpN_50fmol,Axygen 384,F19,225,Actual concentration: 0.86
384_source_c1,384PP_Plus_AQ_BP,C14,m167_GvpN_50fmol,Axygen 384,F21,225,Actual concentration: 0.86
384_source_c1,384PP_Plus_AQ_BP,C14,m167_GvpN_50fmol,Axygen 384,F23,50,Actual concentration: 0.19
384_source_c1,384PP_Plus_AQ_BP,C14,m167_GvpN_50fmol,Axygen 384,H1,225,Actual concentration: 0.86
384_source_c1,384PP_Plus_AQ_BP,C14,m167_GvpN_50fmol,Axygen 384,H3,225,Actual concentration: 0.86
384_source_c1,384PP_Plus_AQ_BP,C14,m167_GvpN_50fmol,Axygen 384,H5,50,Actual concentration: 0.19
384_source_c1,384PP_Plus_AQ_BP,C14,m167_GvpN_50fmol,Axygen 384,H7,225,Actual concentration: 0.86
384_source_c1,384PP_Plus_AQ_BP,C14,m167_GvpN_50fmol,Axygen 384,H9,225,Actual concentration: 0.86
384_source_c1,384PP_Plus_AQ_BP,C14,m167_GvpN_50fmol,Axygen 384,H11,225,Actual concentration: 0.86
384_source_c1,384PP_Plus_AQ_BP,C14,m167_GvpN_50fmol,Axygen 384,H13,225,Actual concentration: 0.86
384_source_c1,384PP_Plus_AQ_BP,C14,m167_GvpN_50fmol,Axygen 384,H15,225,Actual concentration: 0.86
384_source_c1,384PP_Plus_AQ_BP,C14,m167_GvpN_50fmol,Axygen 384,H17,50,Actual concentration: 0.19
384_source_c1,384PP_Plus_AQ_BP,C14,m167_GvpN_50fmol,Axygen 384,H19,225,Actual concentration: 0.86
384_source_c1,384PP_Plus_AQ_BP,C14,m167_GvpN_50fmol,Axygen 384,H21,100,Actual concentration: 0.38
384_source_c1,384PP_Plus_AQ_BP,C14,m167_GvpN_50fmol,Axygen 384,H23,50,Actual concentration: 0.19
384_source_c1,384PP_Plus_AQ_BP,C14,m167_GvpN_50fmol,Axygen 384,J1,225,Actual concentration: 0.86
384_source_c1,384PP_Plus_AQ_BP,C14,m167_GvpN_50fmol,Axygen 384,J5,225,Actual concentration: 0.86
384_source_c1,384PP_Plus_AQ_BP,C14,m167_GvpN_50fmol,Axygen 384,J7,225,Actual concentration: 0.86
384_source_c1,384PP_Plus_AQ_BP,C14,m167_GvpN_50fmol,Axygen 384,J9,50,Actual concentration: 0.19
384_source_c1,384PP_Plus_AQ_BP,C14,m167_GvpN_50fmol,Axygen 384,J11,50,Actual concentration: 0.19
384_source_c1,384PP_Plus_AQ_BP,C14,m167_GvpN_50fmol,Axygen 384,J13,75,Actual concentration: 0.29
384_source_c1,384PP_Plus_AQ_BP,D14,m167_GvpN_50fmol,Axygen 384,J13,150,Actual concentration: 0.57
384_source_c1,384PP_Plus_AQ_BP,D14,m167_GvpN_50fmol,Axygen 384,J15,225,Actual concentration: 0.86
384_source_c1,384PP_Plus_AQ_BP,D14,m167_GvpN_50fmol,Axygen 384,J17,225,Actual concentration: 0.86
384_source_c1,384PP_Plus_AQ_BP,D14,m167_GvpN_50fmol,Axygen 384,J19,50,Actual concentration: 0.19
384_source_c1,384PP_Plus_AQ_BP,D14,m167_GvpN_50fmol,Axygen 384,J21,225,Actual concentration: 0.86
384_source_c1,384PP_Plus_AQ_BP,D14,m167_GvpN_50fmol,Axygen 384,J23,225,Actual concentration: 0.86
384_source_c1,384PP_Plus_AQ_BP,D14,m167_GvpN_50fmol,Axygen 384,L1,50,Actual concentration: 0.19
384_source_c1,384PP_Plus_AQ_BP,D14,m167_GvpN_50fmol,Axygen 384,L3,225,Actual concentration: 0.86
384_source_c1,384PP_Plus_AQ_BP,D14,m167_GvpN_50fmol,Axygen 384,L5,50,Actual concentration: 0.19
384_source_c1,384PP_Plus_AQ_BP,D14,m167_GvpN_50fmol,Axygen 384,L7,50,Actual concentration: 0.19
384_source_c1,384PP_Plus_AQ_BP,D14,m167_GvpN_50fmol,Axygen 384,L9,50,Actual concentration: 0.19
384_source_c1,384PP_Plus_AQ_BP,D14,m167_GvpN_50fmol,Axygen 384,L11,50,Actual concentration: 0.19
384_source_c1,384PP_Plus_AQ_BP,D14,m167_GvpN_50fmol,Axygen 384,L13,225,Actual concentration: 0.86
384_source_c1,384PP_Plus_AQ_BP,D14,m167_GvpN_50fmol,Axygen 384,L15,225,Actual concentration: 0.86
384_source_c1,384PP_Plus_AQ_BP,D14,m167_GvpN_50fmol,Axygen 384,L17,225,Actual concentration: 0.86
384_source_c1,384PP_Plus_AQ_BP,D14,m167_GvpN_50fmol,Axygen 384,L19,225,Actual concentration: 0.86
384_source_c1,384PP_Plus_AQ_BP,D14,m167_GvpN_50fmol,Axygen 384,L21,225,Actual concentration: 0.86
384_source_c1,384PP_Plus_AQ_BP,D14,m167_GvpN_50fmol,Axygen 384,L23,225,Actual concentration: 0.86
384_source_c1,384PP_Plus_AQ_BP,D14,m167_GvpN_50fmol,Axygen 384,N1,100,Actual concentration: 0.38
384_source_c1,384PP_Plus_AQ_BP,D14,m167_GvpN_50fmol,Axygen 384,N3,225,Actual concentration: 0.86
384_source_c1,384PP_Plus_AQ_BP,D14,m167_GvpN_50fmol,Axygen 384,N5,225,Actual concentration: 0.86
384_source_c1,384PP_Plus_AQ_BP,D14,m167_GvpN_50fmol,Axygen 384,N7,100,Actual concentration: 0.38
384_source_c1,384PP_Plus_AQ_BP,D14,m167_GvpN_50fmol,Axygen 384,N9,225,Actual concentration: 0.86
384_source_c1,384PP_Plus_AQ_BP,D14,m167_GvpN_50fmol,Axygen 384,N11,225,Actual concentration: 0.86
384_source_c1,384PP_Plus_AQ_BP,D14,m167_GvpN_50fmol,Axygen 384,N13,225,Actual concentration: 0.86
384_source_c1,384PP_Plus_AQ_BP,D14,m167_GvpN_50fmol,Axygen 384,N15,225,Actual concentration: 0.86
384_source_c1,384PP_Plus_AQ_BP,D14,m167_GvpN_50fmol,Axygen 384,N17,50,Actual concentration: 0.19
384_source_c1,384PP_Plus_AQ_BP,D14,m167_GvpN_50fmol,Axygen 384,N19,50,Actual concentration: 0.19
384_source_c1,384PP_Plus_AQ_BP,D14,m167_GvpN_50fmol,Axygen 384,N21,225,Actual concentration: 0.86
384_source_c1,384PP_Plus_AQ_BP,D14,m167_GvpN_50fmol,Axygen 384,N23,225,Actual concentration: 0.86
384_source_c1,384PP_Plus_AQ_BP,D14,m167_GvpN_50fmol,Axygen 384,P1,225,Actual concentration: 0.86
384_source_c1,384PP_Plus_AQ_BP,D14,m167_GvpN_50fmol,Axygen 384,P3,225,Actual concentration: 0.86
384_source_c1,384PP_Plus_AQ_BP,D14,m167_GvpN_50fmol,Axygen 384,P7,225,Actual concentration: 0.86
384_source_c1,384PP_Plus_AQ_BP,D14,m167_GvpN_50fmol,Axygen 384,P11,225,Actual concentration: 0.86
384_source_c1,384PP_Plus_AQ_BP,D14,m167_GvpN_50fmol,Axygen 384,P13,225,Actual concentration: 0.86
384_source_c1,384PP_Plus_AQ_BP,D14,m167_GvpN_50fmol,Axygen 384,P15,50,Actual concentration: 0.19
384_source_c1,384PP_Plus_AQ_BP,D14,m167_GvpN_50fmol,Axygen 384,P17,225,Actual concentration: 0.86
384_source_c1,384PP_Plus_AQ_BP,D14,m167_GvpN_50fmol,Axygen 384,P19,225,Actual concentration: 0.86
384_source_c1,384PP_Plus_AQ_BP,D14,m167_GvpN_50fmol,Axygen 384,P21,225,Actual concentration: 0.86
384_source_c1,384PP_Plus_AQ_BP,D14,m167_GvpN_50fmol,Axygen 384,B2,225,Actual concentration: 0.86
384_source_c1,384PP_Plus_AQ_BP,D14,m167_GvpN_50fmol,Axygen 384,B4,225,Actual concentration: 0.86
384_source_c1,384PP_Plus_AQ_BP,D14,m167_GvpN_50fmol,Axygen 384,B6,225,Actual concentration: 0.86
384_source_c1,384PP_Plus_AQ_BP,D14,m167_GvpN_50fmol,Axygen 384,B8,225,Actual concentration: 0.86
384_source_c1,384PP_Plus_AQ_BP,D14,m167_GvpN_50fmol,Axygen 384,B10,225,Actual concentration: 0.86
384_source_c1,384PP_Plus_AQ_BP,D14,m167_GvpN_50fmol,Axygen 384,B12,225,Actual concentration: 0.86
384_source_c1,384PP_Plus_AQ_BP,D14,m167_GvpN_50fmol,Axygen 384,B14,225,Actual concentration: 0.86
384_source_c1,384PP_Plus_AQ_BP,D14,m167_GvpN_50fmol,Axygen 384,B16,225,Actual concentration: 0.86
384_source_c1,384PP_Plus_AQ_BP,D14,m167_GvpN_50fmol,Axygen 384,B18,225,Actual concentration: 0.86
384_source_c1,384PP_Plus_AQ_BP,D14,m167_GvpN_50fmol,Axygen 384,B20,225,Actual concentration: 0.86
384_source_c1,384PP_Plus_AQ_BP,D14,m167_GvpN_50fmol,Axygen 384,B22,225,Actual concentration: 0.86
384_source_c1,384PP_Plus_AQ_BP,D14,m167_GvpN_50fmol,Axygen 384,B24,225,Actual concentration: 0.86
384_source_c1,384PP_Plus_AQ_BP,D14,m167_GvpN_50fmol,Axygen 384,D2,225,Actual concentration: 0.86
384_source_c1,384PP_Plus_AQ_BP,D14,m167_GvpN_50fmol,Axygen 384,D4,200,Actual concentration: 0.77
384_source_c1,384PP_Plus_AQ_BP,E14,m167_GvpN_50fmol,Axygen 384,D4,25,Actual concentration: 0.10
384_source_c1,384PP_Plus_AQ_BP,E14,m167_GvpN_50fmol,Axygen 384,D6,225,Actual concentration: 0.86
384_source_c1,384PP_Plus_AQ_BP,E14,m167_GvpN_50fmol,Axygen 384,D8,225,Actual concentration: 0.86
384_source_c1,384PP_Plus_AQ_BP,E14,m167_GvpN_50fmol,Axygen 384,D10,225,Actual concentration: 0.86
384_source_c1,384PP_Plus_AQ_BP,E14,m167_GvpN_50fmol,Axygen 384,D12,225,Actual concentration: 0.86
384_source_c1,384PP_Plus_AQ_BP,E14,m167_GvpN_50fmol,Axygen 384,D14,225,Actual concentration: 0.86
384_source_c1,384PP_Plus_AQ_BP,E14,m167_GvpN_50fmol,Axygen 384,D16,225,Actual concentration: 0.86
384_source_c1,384PP_Plus_AQ_BP,E14,m167_GvpN_50fmol,Axygen 384,D18,225,Actual concentration: 0.86
384_source_c1,384PP_Plus_AQ_BP,E14,m167_GvpN_50fmol,Axygen 384,D20,225,Actual concentration: 0.86
384_source_c1,384PP_Plus_AQ_BP,E14,m167_GvpN_50fmol,Axygen 384,D22,225,Actual concentration: 0.86
384_source_c1,384PP_Plus_AQ_BP,E14,m167_GvpN_50fmol,Axygen 384,D24,225,Actual concentration: 0.86
384_source_c1,384PP_Plus_AQ_BP,E14,m167_GvpN_50fmol,Axygen 384,F2,225,Actual concentration: 0.86
384_source_c1,384PP_Plus_AQ_BP,E14,m167_GvpN_50fmol,Axygen 384,F4,225,Actual concentration: 0.86
384_source_c1,384PP_Plus_AQ_BP,E14,m167_GvpN_50fmol,Axygen 384,F6,225,Actual concentration: 0.86
384_source_c1,384PP_Plus_AQ_BP,E14,m167_GvpN_50fmol,Axygen 384,F8,50,Actual concentration: 0.19
384_source_c1,384PP_Plus_AQ_BP,E14,m167_GvpN_50fmol,Axygen 384,F10,225,Actual concentration: 0.86
384_source_c1,384PP_Plus_AQ_BP,E14,m167_GvpN_50fmol,Axygen 384,F12,225,Actual concentration: 0.86
384_source_c1,384PP_Plus_AQ_BP,E14,m167_GvpN_50fmol,Axygen 384,F14,225,Actual concentration: 0.86
384_source_c1,384PP_Plus_AQ_BP,E14,m167_GvpN_50fmol,Axygen 384,F18,225,Actual concentration: 0.86
384_source_c1,384PP_Plus_AQ_BP,E14,m167_GvpN_50fmol,Axygen 384,F20,225,Actual concentration: 0.86
384_source_c1,384PP_Plus_AQ_BP,E14,m167_GvpN_50fmol,Axygen 384,F22,225,Actual concentration: 0.86
384_source_c1,384PP_Plus_AQ_BP,E14,m167_GvpN_50fmol,Axygen 384,F24,225,Actual concentration: 0.86
384_source_c1,384PP_Plus_AQ_BP,E14,m167_GvpN_50fmol,Axygen 384,H2,225,Actual concentration: 0.86
384_source_c1,384PP_Plus_AQ_BP,E14,m167_GvpN_50fmol,Axygen 384,H4,225,Actual concentration: 0.86
384_source_c1,384PP_Plus_AQ_BP,E14,m167_GvpN_50fmol,Axygen 384,H6,225,Actual concentration: 0.86
384_source_c1,384PP_Plus_AQ_BP,E14,m167_GvpN_50fmol,Axygen 384,H8,225,Actual concentration: 0.86
384_source_c1,384PP_Plus_AQ_BP,E14,m167_GvpN_50fmol,Axygen 384,H10,225,Actual concentration: 0.86
384_source_c1,384PP_Plus_AQ_BP,E14,m167_GvpN_50fmol,Axygen 384,H12,225,Actual concentration: 0.86
384_source_c1,384PP_Plus_AQ_BP,E14,m167_GvpN_50fmol,Axygen 384,H14,50,Actual concentration: 0.19
384_source_c1,384PP_Plus_AQ_BP,E14,m167_GvpN_50fmol,Axygen 384,H16,225,Actual concentration: 0.86
384_source_c1,384PP_Plus_AQ_BP,E14,m167_GvpN_50fmol,Axygen 384,H18,225,Actual concentration: 0.86
384_source_c1,384PP_Plus_AQ_BP,E14,m167_GvpN_50fmol,Axygen 384,H20,225,Actual concentration: 0.86
384_source_c1,384PP_Plus_AQ_BP,E14,m167_GvpN_50fmol,Axygen 384,H22,225,Actual concentration: 0.86
384_source_c1,384PP_Plus_AQ_BP,E14,m167_GvpN_50fmol,Axygen 384,H24,225,Actual concentration: 0.86
384_source_c1,384PP_Plus_AQ_BP,E14,m167_GvpN_50fmol,Axygen 384,J2,225,Actual concentration: 0.86
384_source_c1,384PP_Plus_AQ_BP,E14,m167_GvpN_50fmol,Axygen 384,J4,225,Actual concentration: 0.86
384_source_c1,384PP_Plus_AQ_BP,E14,m167_GvpN_50fmol,Axygen 384,J6,225,Actual concentration: 0.86
384_source_c1,384PP_Plus_AQ_BP,E14,m167_GvpN_50fmol,Axygen 384,J10,225,Actual concentration: 0.86
384_source_c1,384PP_Plus_AQ_BP,E14,m167_GvpN_50fmol,Axygen 384,J12,225,Actual concentration: 0.86
384_source_c1,384PP_Plus_AQ_BP,E14,m167_GvpN_50fmol,Axygen 384,J14,225,Actual concentration: 0.86
384_source_c1,384PP_Plus_AQ_BP,E14,m167_GvpN_50fmol,Axygen 384,J16,225,Actual concentration: 0.86
384_source_c1,384PP_Plus_AQ_BP,E14,m167_GvpN_50fmol,Axygen 384,J18,225,Actual concentration: 0.86
384_source_c1,384PP_Plus_AQ_BP,E14,m167_GvpN_50fmol,Axygen 384,J20,225,Actual concentration: 0.86
384_source_c1,384PP_Plus_AQ_BP,E14,m167_GvpN_50fmol,Axygen 384,J22,225,Actual concentration: 0.86
384_source_c1,384PP_Plus_AQ_BP,E14,m167_GvpN_50fmol,Axygen 384,J24,225,Actual concentration: 0.86
384_source_c1,384PP_Plus_AQ_BP,E14,m167_GvpN_50fmol,Axygen 384,L2,225,Actual concentration: 0.86
384_source_c1,384PP_Plus_AQ_BP,E14,m167_GvpN_50fmol,Axygen 384,L4,200,Actual concentration: 0.77
384_source_c1,384PP_Plus_AQ_BP,F14,m167_GvpN_50fmol,Axygen 384,L4,25,Actual concentration: 0.10
384_source_c1,384PP_Plus_AQ_BP,F14,m167_GvpN_50fmol,Axygen 384,L6,225,Actual concentration: 0.86
384_source_c1,384PP_Plus_AQ_BP,F14,m167_GvpN_50fmol,Axygen 384,L8,225,Actual concentration: 0.86
384_source_c1,384PP_Plus_AQ_BP,F14,m167_GvpN_50fmol,Axygen 384,L10,425,Actual concentration: 1.63
384_source_c1,384PP_Plus_AQ_BP,F14,m167_GvpN_50fmol,Axygen 384,L12,225,Actual concentration: 0.86
384_source_c1,384PP_Plus_AQ_BP,F14,m167_GvpN_50fmol,Axygen 384,L14,225,Actual concentration: 0.86
384_source_c1,384PP_Plus_AQ_BP,F14,m167_GvpN_50fmol,Axygen 384,L16,225,Actual concentration: 0.86
384_source_c1,384PP_Plus_AQ_BP,F14,m167_GvpN_50fmol,Axygen 384,L18,225,Actual concentration: 0.86
384_source_c1,384PP_Plus_AQ_BP,F14,m167_GvpN_50fmol,Axygen 384,L20,225,Actual concentration: 0.86
384_source_c1,384PP_Plus_AQ_BP,F14,m167_GvpN_50fmol,Axygen 384,L22,425,Actual concentration: 1.63
384_source_c1,384PP_Plus_AQ_BP,F14,m167_GvpN_50fmol,Axygen 384,L24,225,Actual concentration: 0.86
384_source_c1,384PP_Plus_AQ_BP,F14,m167_GvpN_50fmol,Axygen 384,N2,50,Actual concentration: 0.19
384_source_c1,384PP_Plus_AQ_BP,F14,m167_GvpN_50fmol,Axygen 384,N4,425,Actual concentration: 1.63
384_source_c1,384PP_Plus_AQ_BP,F14,m167_GvpN_50fmol,Axygen 384,N6,225,Actual concentration: 0.86
384_source_c1,384PP_Plus_AQ_BP,F14,m167_GvpN_50fmol,Axygen 384,N8,225,Actual concentration: 0.86
384_source_c1,384PP_Plus_AQ_BP,F14,m167_GvpN_50fmol,Axygen 384,N10,225,Actual concentration: 0.86
384_source_c1,384PP_Plus_AQ_BP,F14,m167_GvpN_50fmol,Axygen 384,N12,225,Actual concentration: 0.86
384_source_c1,384PP_Plus_AQ_BP,F14,m167_GvpN_50fmol,Axygen 384,N14,225,Actual concentration: 0.86
384_source_c1,384PP_Plus_AQ_BP,F14,m167_GvpN_50fmol,Axygen 384,N16,225,Actual concentration: 0.86
384_source_c1,384PP_Plus_AQ_BP,F14,m167_GvpN_50fmol,Axygen 384,N18,225,Actual concentration: 0.86
384_source_c1,384PP_Plus_AQ_BP,F14,m167_GvpN_50fmol,Axygen 384,N20,225,Actual concentration: 0.86
384_source_c1,384PP_Plus_AQ_BP,F14,m167_GvpN_50fmol,Axygen 384,N22,225,Actual concentration: 0.86
384_source_c1,384PP_Plus_AQ_BP,F14,m167_GvpN_50fmol,Axygen 384,N24,225,Actual concentration: 0.86
384_source_c1,384PP_Plus_AQ_BP,F14,m167_GvpN_50fmol,Axygen 384,P2,225,Actual concentration: 0.86
384_source_c1,384PP_Plus_AQ_BP,F14,m167_GvpN_50fmol,Axygen 384,P4,225,Actual concentration: 0.86
384_source_c1,384PP_Plus_AQ_BP,F14,m167_GvpN_50fmol,Axygen 384,P6,225,Actual concentration: 0.86
384_source_c1,384PP_Plus_AQ_BP,F14,m167_GvpN_50fmol,Axygen 384,P8,225,Actual concentration: 0.86
384_source_c1,384PP_Plus_AQ_BP,F14,m167_GvpN_50fmol,Axygen 384,P10,225,Actual concentration: 0.86
384_source_c1,384PP_Plus_AQ_BP,F14,m167_GvpN_50fmol,Axygen 384,P12,225,Actual concentration: 0.86
384_source_c1,384PP_Plus_AQ_BP,F14,m167_GvpN_50fmol,Axygen 384,P14,425,Actual concentration: 1.63
384_source_c1,384PP_Plus_AQ_BP,F14,m167_GvpN_50fmol,Axygen 384,P16,225,Actual concentration: 0.86
384_source_c1,384PP_Plus_AQ_BP,F14,m167_GvpN_50fmol,Axygen 384,P18,225,Actual concentration: 0.86
384_source_c1,384PP_Plus_AQ_BP,F14,m167_GvpN_50fmol,Axygen 384,P20,225,Actual concentration: 0.86
384_source_c1,384PP_Plus_AQ_BP,F14,m167_GvpN_50fmol,Axygen 384,P22,225,Actual concentration: 0.86
384_source_c1,384PP_Plus_AQ_BP,F14,m167_GvpN_50fmol,Axygen 384,P24,225,Actual concentration: 0.86
384_source_c1,384PP_Plus_AQ_BP,B16,m168_GvpV_50fmol,Axygen 384,A1,50,Actual concentration: 0.22
384_source_c1,384PP_Plus_AQ_BP,B16,m168_GvpV_50fmol,Axygen 384,A3,50,Actual concentration: 0.22
384_source_c1,384PP_Plus_AQ_BP,B16,m168_GvpV_50fmol,Axygen 384,A5,50,Actual concentration: 0.22
384_source_c1,384PP_Plus_AQ_BP,B16,m168_GvpV_50fmol,Axygen 384,A7,50,Actual concentration: 0.22
384_source_c1,384PP_Plus_AQ_BP,B16,m168_GvpV_50fmol,Axygen 384,A9,50,Actual concentration: 0.22
384_source_c1,384PP_Plus_AQ_BP,B16,m168_GvpV_50fmol,Axygen 384,A11,50,Actual concentration: 0.22
384_source_c1,384PP_Plus_AQ_BP,B16,m168_GvpV_50fmol,Axygen 384,A13,50,Actual concentration: 0.22
384_source_c1,384PP_Plus_AQ_BP,B16,m168_GvpV_50fmol,Axygen 384,A15,50,Actual concentration: 0.22
384_source_c1,384PP_Plus_AQ_BP,B16,m168_GvpV_50fmol,Axygen 384,A17,175,Actual concentration: 0.78
384_source_c1,384PP_Plus_AQ_BP,B16,m168_GvpV_50fmol,Axygen 384,A19,50,Actual concentration: 0.22
384_source_c1,384PP_Plus_AQ_BP,B16,m168_GvpV_50fmol,Axygen 384,A21,175,Actual concentration: 0.78
384_source_c1,384PP_Plus_AQ_BP,B16,m168_GvpV_50fmol,Axygen 384,A23,175,Actual concentration: 0.78
384_source_c1,384PP_Plus_AQ_BP,B16,m168_GvpV_50fmol,Axygen 384,C1,175,Actual concentration: 0.78
384_source_c1,384PP_Plus_AQ_BP,B16,m168_GvpV_50fmol,Axygen 384,C3,50,Actual concentration: 0.22
384_source_c1,384PP_Plus_AQ_BP,B16,m168_GvpV_50fmol,Axygen 384,C5,175,Actual concentration: 0.78
384_source_c1,384PP_Plus_AQ_BP,B16,m168_GvpV_50fmol,Axygen 384,C7,50,Actual concentration: 0.22
384_source_c1,384PP_Plus_AQ_BP,B16,m168_GvpV_50fmol,Axygen 384,C9,375,Actual concentration: 1.68
384_source_c1,384PP_Plus_AQ_BP,B16,m168_GvpV_50fmol,Axygen 384,C11,175,Actual concentration: 0.78
384_source_c1,384PP_Plus_AQ_BP,B16,m168_GvpV_50fmol,Axygen 384,C13,50,Actual concentration: 0.22
384_source_c1,384PP_Plus_AQ_BP,B16,m168_GvpV_50fmol,Axygen 384,C15,175,Actual concentration: 0.78
384_source_c1,384PP_Plus_AQ_BP,B16,m168_GvpV_50fmol,Axygen 384,C17,175,Actual concentration: 0.78
384_source_c1,384PP_Plus_AQ_BP,B16,m168_GvpV_50fmol,Axygen 384,C19,50,Actual concentration: 0.22
384_source_c1,384PP_Plus_AQ_BP,B16,m168_GvpV_50fmol,Axygen 384,C21,50,Actual concentration: 0.22
384_source_c1,384PP_Plus_AQ_BP,B16,m168_GvpV_50fmol,Axygen 384,C23,175,Actual concentration: 0.78
384_source_c1,384PP_Plus_AQ_BP,B16,m168_GvpV_50fmol,Axygen 384,E1,175,Actual concentration: 0.78
384_source_c1,384PP_Plus_AQ_BP,B16,m168_GvpV_50fmol,Axygen 384,E3,175,Actual concentration: 0.78
384_source_c1,384PP_Plus_AQ_BP,B16,m168_GvpV_50fmol,Axygen 384,E5,50,Actual concentration: 0.22
384_source_c1,384PP_Plus_AQ_BP,B16,m168_GvpV_50fmol,Axygen 384,E7,175,Actual concentration: 0.78
384_source_c1,384PP_Plus_AQ_BP,B16,m168_GvpV_50fmol,Axygen 384,E9,175,Actual concentration: 0.78
384_source_c1,384PP_Plus_AQ_BP,B16,m168_GvpV_50fmol,Axygen 384,E11,175,Actual concentration: 0.78
384_source_c1,384PP_Plus_AQ_BP,B16,m168_GvpV_50fmol,Axygen 384,E13,175,Actual concentration: 0.78
384_source_c1,384PP_Plus_AQ_BP,B16,m168_GvpV_50fmol,Axygen 384,E17,50,Actual concentration: 0.22
384_source_c1,384PP_Plus_AQ_BP,B16,m168_GvpV_50fmol,Axygen 384,E19,50,Actual concentration: 0.22
384_source_c1,384PP_Plus_AQ_BP,B16,m168_GvpV_50fmol,Axygen 384,E21,175,Actual concentration: 0.78
384_source_c1,384PP_Plus_AQ_BP,B16,m168_GvpV_50fmol,Axygen 384,E23,50,Actual concentration: 0.22
384_source_c1,384PP_Plus_AQ_BP,B16,m168_GvpV_50fmol,Axygen 384,G1,175,Actual concentration: 0.78
384_source_c1,384PP_Plus_AQ_BP,B16,m168_GvpV_50fmol,Axygen 384,G3,375,Actual concentration: 1.68
384_source_c1,384PP_Plus_AQ_BP,B16,m168_GvpV_50fmol,Axygen 384,G5,50,Actual concentration: 0.22
384_source_c1,384PP_Plus_AQ_BP,B16,m168_GvpV_50fmol,Axygen 384,G7,175,Actual concentration: 0.78
384_source_c1,384PP_Plus_AQ_BP,B16,m168_GvpV_50fmol,Axygen 384,G9,50,Actual concentration: 0.22
384_source_c1,384PP_Plus_AQ_BP,B16,m168_GvpV_50fmol,Axygen 384,G11,175,Actual concentration: 0.78
384_source_c1,384PP_Plus_AQ_BP,B16,m168_GvpV_50fmol,Axygen 384,G13,50,Actual concentration: 0.22
384_source_c1,384PP_Plus_AQ_BP,B16,m168_GvpV_50fmol,Axygen 384,G15,375,Actual concentration: 1.68
384_source_c1,384PP_Plus_AQ_BP,B16,m168_GvpV_50fmol,Axygen 384,G17,50,Actual concentration: 0.22
384_source_c1,384PP_Plus_AQ_BP,B16,m168_GvpV_50fmol,Axygen 384,G19,50,Actual concentration: 0.22
384_source_c1,384PP_Plus_AQ_BP,B16,m168_GvpV_50fmol,Axygen 384,G21,50,Actual concentration: 0.22
384_source_c1,384PP_Plus_AQ_BP,B16,m168_GvpV_50fmol,Axygen 384,G23,175,Actual concentration: 0.78
384_source_c1,384PP_Plus_AQ_BP,B16,m168_GvpV_50fmol,Axygen 384,I1,50,Actual concentration: 0.22
384_source_c1,384PP_Plus_AQ_BP,B16,m168_GvpV_50fmol,Axygen 384,I3,50,Actual concentration: 0.22
384_source_c1,384PP_Plus_AQ_BP,B16,m168_GvpV_50fmol,Axygen 384,I5,375,Actual concentration: 1.68
384_source_c1,384PP_Plus_AQ_BP,B16,m168_GvpV_50fmol,Axygen 384,I7,50,Actual concentration: 0.22
384_source_c1,384PP_Plus_AQ_BP,B16,m168_GvpV_50fmol,Axygen 384,I9,175,Actual concentration: 0.78
384_source_c1,384PP_Plus_AQ_BP,B16,m168_GvpV_50fmol,Axygen 384,I11,175,Actual concentration: 0.78
384_source_c1,384PP_Plus_AQ_BP,B16,m168_GvpV_50fmol,Axygen 384,I13,50,Actual concentration: 0.22
384_source_c1,384PP_Plus_AQ_BP,B16,m168_GvpV_50fmol,Axygen 384,I15,50,Actual concentration: 0.22
384_source_c1,384PP_Plus_AQ_BP,B16,m168_GvpV_50fmol,Axygen 384,I17,50,Actual concentration: 0.22
384_source_c1,384PP_Plus_AQ_BP,B16,m168_GvpV_50fmol,Axygen 384,I19,175,Actual concentration: 0.78
384_source_c1,384PP_Plus_AQ_BP,B16,m168_GvpV_50fmol,Axygen 384,I21,50,Actual concentration: 0.22
384_source_c1,384PP_Plus_AQ_BP,B16,m168_GvpV_50fmol,Axygen 384,K1,175,Actual concentration: 0.78
384_source_c1,384PP_Plus_AQ_BP,B16,m168_GvpV_50fmol,Axygen 384,K3,50,Actual concentration: 0.22
384_source_c1,384PP_Plus_AQ_BP,B16,m168_GvpV_50fmol,Axygen 384,K5,175,Actual concentration: 0.78
384_source_c1,384PP_Plus_AQ_BP,B16,m168_GvpV_50fmol,Axygen 384,K7,175,Actual concentration: 0.78
384_source_c1,384PP_Plus_AQ_BP,B16,m168_GvpV_50fmol,Axygen 384,K9,50,Actual concentration: 0.22
384_source_c1,384PP_Plus_AQ_BP,B16,m168_GvpV_50fmol,Axygen 384,K11,175,Actual concentration: 0.78
384_source_c1,384PP_Plus_AQ_BP,B16,m168_GvpV_50fmol,Axygen 384,K13,50,Actual concentration: 0.22
384_source_c1,384PP_Plus_AQ_BP,B16,m168_GvpV_50fmol,Axygen 384,K15,50,Actual concentration: 0.22
384_source_c1,384PP_Plus_AQ_BP,B16,m168_GvpV_50fmol,Axygen 384,K17,50,Actual concentration: 0.22
384_source_c1,384PP_Plus_AQ_BP,B16,m168_GvpV_50fmol,Axygen 384,K19,50,Actual concentration: 0.22
384_source_c1,384PP_Plus_AQ_BP,B16,m168_GvpV_50fmol,Axygen 384,K21,50,Actual concentration: 0.22
384_source_c1,384PP_Plus_AQ_BP,B16,m168_GvpV_50fmol,Axygen 384,K23,175,Actual concentration: 0.78
384_source_c1,384PP_Plus_AQ_BP,B16,m168_GvpV_50fmol,Axygen 384,M1,175,Actual concentration: 0.78
384_source_c1,384PP_Plus_AQ_BP,B16,m168_GvpV_50fmol,Axygen 384,M3,50,Actual concentration: 0.22
384_source_c1,384PP_Plus_AQ_BP,B16,m168_GvpV_50fmol,Axygen 384,M5,175,Actual concentration: 0.78
384_source_c1,384PP_Plus_AQ_BP,B16,m168_GvpV_50fmol,Axygen 384,M7,175,Actual concentration: 0.78
384_source_c1,384PP_Plus_AQ_BP,B16,m168_GvpV_50fmol,Axygen 384,M9,50,Actual concentration: 0.22
384_source_c1,384PP_Plus_AQ_BP,B16,m168_GvpV_50fmol,Axygen 384,M11,50,Actual concentration: 0.22
384_source_c1,384PP_Plus_AQ_BP,B16,m168_GvpV_50fmol,Axygen 384,M13,175,Actual concentration: 0.78
384_source_c1,384PP_Plus_AQ_BP,B16,m168_GvpV_50fmol,Axygen 384,M15,50,Actual concentration: 0.22
384_source_c1,384PP_Plus_AQ_BP,B16,m168_GvpV_50fmol,Axygen 384,M17,175,Actual concentration: 0.78
384_source_c1,384PP_Plus_AQ_BP,B16,m168_GvpV_50fmol,Axygen 384,M19,50,Actual concentration: 0.22
384_source_c1,384PP_Plus_AQ_BP,B16,m168_GvpV_50fmol,Axygen 384,M21,175,Actual concentration: 0.78
384_source_c1,384PP_Plus_AQ_BP,B16,m168_GvpV_50fmol,Axygen 384,M23,50,Actual concentration: 0.22
384_source_c1,384PP_Plus_AQ_BP,B16,m168_GvpV_50fmol,Axygen 384,O1,50,Actual concentration: 0.22
384_source_c1,384PP_Plus_AQ_BP,B16,m168_GvpV_50fmol,Axygen 384,O3,50,Actual concentration: 0.22
384_source_c1,384PP_Plus_AQ_BP,B16,m168_GvpV_50fmol,Axygen 384,O5,175,Actual concentration: 0.78
384_source_c1,384PP_Plus_AQ_BP,B16,m168_GvpV_50fmol,Axygen 384,O7,50,Actual concentration: 0.22
384_source_c1,384PP_Plus_AQ_BP,B16,m168_GvpV_50fmol,Axygen 384,O9,25,Actual concentration: 0.11
384_source_c1,384PP_Plus_AQ_BP,C16,m168_GvpV_50fmol,Axygen 384,O9,150,Actual concentration: 0.67
384_source_c1,384PP_Plus_AQ_BP,C16,m168_GvpV_50fmol,Axygen 384,O11,175,Actual concentration: 0.78
384_source_c1,384PP_Plus_AQ_BP,C16,m168_GvpV_50fmol,Axygen 384,O13,50,Actual concentration: 0.22
384_source_c1,384PP_Plus_AQ_BP,C16,m168_GvpV_50fmol,Axygen 384,O15,50,Actual concentration: 0.22
384_source_c1,384PP_Plus_AQ_BP,C16,m168_GvpV_50fmol,Axygen 384,O17,50,Actual concentration: 0.22
384_source_c1,384PP_Plus_AQ_BP,C16,m168_GvpV_50fmol,Axygen 384,O19,175,Actual concentration: 0.78
384_source_c1,384PP_Plus_AQ_BP,C16,m168_GvpV_50fmol,Axygen 384,O21,50,Actual concentration: 0.22
384_source_c1,384PP_Plus_AQ_BP,C16,m168_GvpV_50fmol,Axygen 384,O23,175,Actual concentration: 0.78
384_source_c1,384PP_Plus_AQ_BP,C16,m168_GvpV_50fmol,Axygen 384,A2,175,Actual concentration: 0.78
384_source_c1,384PP_Plus_AQ_BP,C16,m168_GvpV_50fmol,Axygen 384,A4,50,Actual concentration: 0.22
384_source_c1,384PP_Plus_AQ_BP,C16,m168_GvpV_50fmol,Axygen 384,A6,50,Actual concentration: 0.22
384_source_c1,384PP_Plus_AQ_BP,C16,m168_GvpV_50fmol,Axygen 384,A8,175,Actual concentration: 0.78
384_source_c1,384PP_Plus_AQ_BP,C16,m168_GvpV_50fmol,Axygen 384,A10,50,Actual concentration: 0.22
384_source_c1,384PP_Plus_AQ_BP,C16,m168_GvpV_50fmol,Axygen 384,A12,175,Actual concentration: 0.78
384_source_c1,384PP_Plus_AQ_BP,C16,m168_GvpV_50fmol,Axygen 384,A14,50,Actual concentration: 0.22
384_source_c1,384PP_Plus_AQ_BP,C16,m168_GvpV_50fmol,Axygen 384,A16,50,Actual concentration: 0.22
384_source_c1,384PP_Plus_AQ_BP,C16,m168_GvpV_50fmol,Axygen 384,A18,175,Actual concentration: 0.78
384_source_c1,384PP_Plus_AQ_BP,C16,m168_GvpV_50fmol,Axygen 384,A20,50,Actual concentration: 0.22
384_source_c1,384PP_Plus_AQ_BP,C16,m168_GvpV_50fmol,Axygen 384,A22,175,Actual concentration: 0.78
384_source_c1,384PP_Plus_AQ_BP,C16,m168_GvpV_50fmol,Axygen 384,A24,50,Actual concentration: 0.22
384_source_c1,384PP_Plus_AQ_BP,C16,m168_GvpV_50fmol,Axygen 384,C2,50,Actual concentration: 0.22
384_source_c1,384PP_Plus_AQ_BP,C16,m168_GvpV_50fmol,Axygen 384,C4,50,Actual concentration: 0.22
384_source_c1,384PP_Plus_AQ_BP,C16,m168_GvpV_50fmol,Axygen 384,C6,175,Actual concentration: 0.78
384_source_c1,384PP_Plus_AQ_BP,C16,m168_GvpV_50fmol,Axygen 384,C8,50,Actual concentration: 0.22
384_source_c1,384PP_Plus_AQ_BP,C16,m168_GvpV_50fmol,Axygen 384,C10,50,Actual concentration: 0.22
384_source_c1,384PP_Plus_AQ_BP,C16,m168_GvpV_50fmol,Axygen 384,C12,50,Actual concentration: 0.22
384_source_c1,384PP_Plus_AQ_BP,C16,m168_GvpV_50fmol,Axygen 384,C14,175,Actual concentration: 0.78
384_source_c1,384PP_Plus_AQ_BP,C16,m168_GvpV_50fmol,Axygen 384,C16,50,Actual concentration: 0.22
384_source_c1,384PP_Plus_AQ_BP,C16,m168_GvpV_50fmol,Axygen 384,C18,175,Actual concentration: 0.78
384_source_c1,384PP_Plus_AQ_BP,C16,m168_GvpV_50fmol,Axygen 384,C20,50,Actual concentration: 0.22
384_source_c1,384PP_Plus_AQ_BP,C16,m168_GvpV_50fmol,Axygen 384,C22,50,Actual concentration: 0.22
384_source_c1,384PP_Plus_AQ_BP,C16,m168_GvpV_50fmol,Axygen 384,C24,175,Actual concentration: 0.78
384_source_c1,384PP_Plus_AQ_BP,C16,m168_GvpV_50fmol,Axygen 384,E2,50,Actual concentration: 0.22
384_source_c1,384PP_Plus_AQ_BP,C16,m168_GvpV_50fmol,Axygen 384,E4,175,Actual concentration: 0.78
384_source_c1,384PP_Plus_AQ_BP,C16,m168_GvpV_50fmol,Axygen 384,E6,50,Actual concentration: 0.22
384_source_c1,384PP_Plus_AQ_BP,C16,m168_GvpV_50fmol,Axygen 384,E8,50,Actual concentration: 0.22
384_source_c1,384PP_Plus_AQ_BP,C16,m168_GvpV_50fmol,Axygen 384,E10,50,Actual concentration: 0.22
384_source_c1,384PP_Plus_AQ_BP,C16,m168_GvpV_50fmol,Axygen 384,E12,175,Actual concentration: 0.78
384_source_c1,384PP_Plus_AQ_BP,C16,m168_GvpV_50fmol,Axygen 384,E14,175,Actual concentration: 0.78
384_source_c1,384PP_Plus_AQ_BP,C16,m168_GvpV_50fmol,Axygen 384,E18,50,Actual concentration: 0.22
384_source_c1,384PP_Plus_AQ_BP,C16,m168_GvpV_50fmol,Axygen 384,E20,175,Actual concentration: 0.78
384_source_c1,384PP_Plus_AQ_BP,C16,m168_GvpV_50fmol,Axygen 384,E22,50,Actual concentration: 0.22
384_source_c1,384PP_Plus_AQ_BP,C16,m168_GvpV_50fmol,Axygen 384,E24,50,Actual concentration: 0.22
384_source_c1,384PP_Plus_AQ_BP,C16,m168_GvpV_50fmol,Axygen 384,G2,175,Actual concentration: 0.78
384_source_c1,384PP_Plus_AQ_BP,C16,m168_GvpV_50fmol,Axygen 384,G4,175,Actual concentration: 0.78
384_source_c1,384PP_Plus_AQ_BP,C16,m168_GvpV_50fmol,Axygen 384,G6,50,Actual concentration: 0.22
384_source_c1,384PP_Plus_AQ_BP,C16,m168_GvpV_50fmol,Axygen 384,G8,50,Actual concentration: 0.22
384_source_c1,384PP_Plus_AQ_BP,C16,m168_GvpV_50fmol,Axygen 384,G10,50,Actual concentration: 0.22
384_source_c1,384PP_Plus_AQ_BP,C16,m168_GvpV_50fmol,Axygen 384,G12,175,Actual concentration: 0.78
384_source_c1,384PP_Plus_AQ_BP,C16,m168_GvpV_50fmol,Axygen 384,G14,175,Actual concentration: 0.78
384_source_c1,384PP_Plus_AQ_BP,C16,m168_GvpV_50fmol,Axygen 384,G16,50,Actual concentration: 0.22
384_source_c1,384PP_Plus_AQ_BP,C16,m168_GvpV_50fmol,Axygen 384,G18,175,Actual concentration: 0.78
384_source_c1,384PP_Plus_AQ_BP,C16,m168_GvpV_50fmol,Axygen 384,G20,175,Actual concentration: 0.78
384_source_c1,384PP_Plus_AQ_BP,C16,m168_GvpV_50fmol,Axygen 384,G22,50,Actual concentration: 0.22
384_source_c1,384PP_Plus_AQ_BP,C16,m168_GvpV_50fmol,Axygen 384,G24,50,Actual concentration: 0.22
384_source_c1,384PP_Plus_AQ_BP,C16,m168_GvpV_50fmol,Axygen 384,I2,50,Actual concentration: 0.22
384_source_c1,384PP_Plus_AQ_BP,C16,m168_GvpV_50fmol,Axygen 384,I4,50,Actual concentration: 0.22
384_source_c1,384PP_Plus_AQ_BP,C16,m168_GvpV_50fmol,Axygen 384,I6,175,Actual concentration: 0.78
384_source_c1,384PP_Plus_AQ_BP,C16,m168_GvpV_50fmol,Axygen 384,I8,50,Actual concentration: 0.22
384_source_c1,384PP_Plus_AQ_BP,C16,m168_GvpV_50fmol,Axygen 384,I12,50,Actual concentration: 0.22
384_source_c1,384PP_Plus_AQ_BP,C16,m168_GvpV_50fmol,Axygen 384,I14,50,Actual concentration: 0.22
384_source_c1,384PP_Plus_AQ_BP,C16,m168_GvpV_50fmol,Axygen 384,I16,175,Actual concentration: 0.78
384_source_c1,384PP_Plus_AQ_BP,C16,m168_GvpV_50fmol,Axygen 384,I18,50,Actual concentration: 0.22
384_source_c1,384PP_Plus_AQ_BP,C16,m168_GvpV_50fmol,Axygen 384,I20,50,Actual concentration: 0.22
384_source_c1,384PP_Plus_AQ_BP,C16,m168_GvpV_50fmol,Axygen 384,I22,175,Actual concentration: 0.78
384_source_c1,384PP_Plus_AQ_BP,C16,m168_GvpV_50fmol,Axygen 384,I24,175,Actual concentration: 0.78
384_source_c1,384PP_Plus_AQ_BP,C16,m168_GvpV_50fmol,Axygen 384,K2,175,Actual concentration: 0.78
384_source_c1,384PP_Plus_AQ_BP,C16,m168_GvpV_50fmol,Axygen 384,K4,50,Actual concentration: 0.22
384_source_c1,384PP_Plus_AQ_BP,C16,m168_GvpV_50fmol,Axygen 384,K6,50,Actual concentration: 0.22
384_source_c1,384PP_Plus_AQ_BP,C16,m168_GvpV_50fmol,Axygen 384,K8,50,Actual concentration: 0.22
384_source_c1,384PP_Plus_AQ_BP,C16,m168_GvpV_50fmol,Axygen 384,K10,175,Actual concentration: 0.78
384_source_c1,384PP_Plus_AQ_BP,C16,m168_GvpV_50fmol,Axygen 384,K12,50,Actual concentration: 0.22
384_source_c1,384PP_Plus_AQ_BP,C16,m168_GvpV_50fmol,Axygen 384,K14,50,Actual concentration: 0.22
384_source_c1,384PP_Plus_AQ_BP,C16,m168_GvpV_50fmol,Axygen 384,K16,50,Actual concentration: 0.22
384_source_c1,384PP_Plus_AQ_BP,C16,m168_GvpV_50fmol,Axygen 384,K18,50,Actual concentration: 0.22
384_source_c1,384PP_Plus_AQ_BP,C16,m168_GvpV_50fmol,Axygen 384,K20,50,Actual concentration: 0.22
384_source_c1,384PP_Plus_AQ_BP,C16,m168_GvpV_50fmol,Axygen 384,K22,50,Actual concentration: 0.22
384_source_c1,384PP_Plus_AQ_BP,C16,m168_GvpV_50fmol,Axygen 384,K24,50,Actual concentration: 0.22
384_source_c1,384PP_Plus_AQ_BP,C16,m168_GvpV_50fmol,Axygen 384,M2,50,Actual concentration: 0.22
384_source_c1,384PP_Plus_AQ_BP,C16,m168_GvpV_50fmol,Axygen 384,M4,50,Actual concentration: 0.22
384_source_c1,384PP_Plus_AQ_BP,C16,m168_GvpV_50fmol,Axygen 384,M6,175,Actual concentration: 0.78
384_source_c1,384PP_Plus_AQ_BP,C16,m168_GvpV_50fmol,Axygen 384,M8,50,Actual concentration: 0.22
384_source_c1,384PP_Plus_AQ_BP,C16,m168_GvpV_50fmol,Axygen 384,M10,50,Actual concentration: 0.22
384_source_c1,384PP_Plus_AQ_BP,C16,m168_GvpV_50fmol,Axygen 384,M12,175,Actual concentration: 0.78
384_source_c1,384PP_Plus_AQ_BP,C16,m168_GvpV_50fmol,Axygen 384,M14,50,Actual concentration: 0.22
384_source_c1,384PP_Plus_AQ_BP,C16,m168_GvpV_50fmol,Axygen 384,M16,50,Actual concentration: 0.22
384_source_c1,384PP_Plus_AQ_BP,C16,m168_GvpV_50fmol,Axygen 384,M18,50,Actual concentration: 0.22
384_source_c1,384PP_Plus_AQ_BP,C16,m168_GvpV_50fmol,Axygen 384,M20,50,Actual concentration: 0.22
384_source_c1,384PP_Plus_AQ_BP,C16,m168_GvpV_50fmol,Axygen 384,M22,50,Actual concentration: 0.22
384_source_c1,384PP_Plus_AQ_BP,C16,m168_GvpV_50fmol,Axygen 384,M24,50,Actual concentration: 0.22
384_source_c1,384PP_Plus_AQ_BP,C16,m168_GvpV_50fmol,Axygen 384,O2,50,Actual concentration: 0.22
384_source_c1,384PP_Plus_AQ_BP,C16,m168_GvpV_50fmol,Axygen 384,O4,50,Actual concentration: 0.22
384_source_c1,384PP_Plus_AQ_BP,C16,m168_GvpV_50fmol,Axygen 384,O6,50,Actual concentration: 0.22
384_source_c1,384PP_Plus_AQ_BP,C16,m168_GvpV_50fmol,Axygen 384,O8,175,Actual concentration: 0.78
384_source_c1,384PP_Plus_AQ_BP,C16,m168_GvpV_50fmol,Axygen 384,O10,50,Actual concentration: 0.22
384_source_c1,384PP_Plus_AQ_BP,C16,m168_GvpV_50fmol,Axygen 384,O12,50,Actual concentration: 0.22
384_source_c1,384PP_Plus_AQ_BP,C16,m168_GvpV_50fmol,Axygen 384,O14,50,Actual concentration: 0.22
384_source_c1,384PP_Plus_AQ_BP,C16,m168_GvpV_50fmol,Axygen 384,O16,175,Actual concentration: 0.78
384_source_c1,384PP_Plus_AQ_BP,C16,m168_GvpV_50fmol,Axygen 384,O18,175,Actual concentration: 0.78
384_source_c1,384PP_Plus_AQ_BP,C16,m168_GvpV_50fmol,Axygen 384,O20,50,Actual concentration: 0.22
384_source_c1,384PP_Plus_AQ_BP,C16,m168_GvpV_50fmol,Axygen 384,O22,50,Actual concentration: 0.22
384_source_c1,384PP_Plus_AQ_BP,C16,m168_GvpV_50fmol,Axygen 384,O24,175,Actual concentration: 0.78
384_source_c1,384PP_Plus_AQ_BP,C16,m168_GvpV_50fmol,Axygen 384,B1,50,Actual concentration: 0.22
384_source_c1,384PP_Plus_AQ_BP,C16,m168_GvpV_50fmol,Axygen 384,B3,50,Actual concentration: 0.22
384_source_c1,384PP_Plus_AQ_BP,C16,m168_GvpV_50fmol,Axygen 384,B5,50,Actual concentration: 0.22
384_source_c1,384PP_Plus_AQ_BP,C16,m168_GvpV_50fmol,Axygen 384,B7,175,Actual concentration: 0.78
384_source_c1,384PP_Plus_AQ_BP,C16,m168_GvpV_50fmol,Axygen 384,B9,175,Actual concentration: 0.78
384_source_c1,384PP_Plus_AQ_BP,C16,m168_GvpV_50fmol,Axygen 384,B11,50,Actual concentration: 0.22
384_source_c1,384PP_Plus_AQ_BP,D16,m168_GvpV_50fmol,Axygen 384,B13,50,Actual concentration: 0.22
384_source_c1,384PP_Plus_AQ_BP,D16,m168_GvpV_50fmol,Axygen 384,B15,50,Actual concentration: 0.22
384_source_c1,384PP_Plus_AQ_BP,D16,m168_GvpV_50fmol,Axygen 384,B17,50,Actual concentration: 0.22
384_source_c1,384PP_Plus_AQ_BP,D16,m168_GvpV_50fmol,Axygen 384,B19,50,Actual concentration: 0.22
384_source_c1,384PP_Plus_AQ_BP,D16,m168_GvpV_50fmol,Axygen 384,B21,50,Actual concentration: 0.22
384_source_c1,384PP_Plus_AQ_BP,D16,m168_GvpV_50fmol,Axygen 384,B23,50,Actual concentration: 0.22
384_source_c1,384PP_Plus_AQ_BP,D16,m168_GvpV_50fmol,Axygen 384,D1,175,Actual concentration: 0.78
384_source_c1,384PP_Plus_AQ_BP,D16,m168_GvpV_50fmol,Axygen 384,D9,50,Actual concentration: 0.22
384_source_c1,384PP_Plus_AQ_BP,D16,m168_GvpV_50fmol,Axygen 384,D11,175,Actual concentration: 0.78
384_source_c1,384PP_Plus_AQ_BP,D16,m168_GvpV_50fmol,Axygen 384,D13,175,Actual concentration: 0.78
384_source_c1,384PP_Plus_AQ_BP,D16,m168_GvpV_50fmol,Axygen 384,D15,175,Actual concentration: 0.78
384_source_c1,384PP_Plus_AQ_BP,D16,m168_GvpV_50fmol,Axygen 384,D17,50,Actual concentration: 0.22
384_source_c1,384PP_Plus_AQ_BP,D16,m168_GvpV_50fmol,Axygen 384,D19,175,Actual concentration: 0.78
384_source_c1,384PP_Plus_AQ_BP,D16,m168_GvpV_50fmol,Axygen 384,D21,50,Actual concentration: 0.22
384_source_c1,384PP_Plus_AQ_BP,D16,m168_GvpV_50fmol,Axygen 384,F1,50,Actual concentration: 0.22
384_source_c1,384PP_Plus_AQ_BP,D16,m168_GvpV_50fmol,Axygen 384,F3,50,Actual concentration: 0.22
384_source_c1,384PP_Plus_AQ_BP,D16,m168_GvpV_50fmol,Axygen 384,F7,50,Actual concentration: 0.22
384_source_c1,384PP_Plus_AQ_BP,D16,m168_GvpV_50fmol,Axygen 384,F9,50,Actual concentration: 0.22
384_source_c1,384PP_Plus_AQ_BP,D16,m168_GvpV_50fmol,Axygen 384,F11,175,Actual concentration: 0.78
384_source_c1,384PP_Plus_AQ_BP,D16,m168_GvpV_50fmol,Axygen 384,F13,50,Actual concentration: 0.22
384_source_c1,384PP_Plus_AQ_BP,D16,m168_GvpV_50fmol,Axygen 384,F17,50,Actual concentration: 0.22
384_source_c1,384PP_Plus_AQ_BP,D16,m168_GvpV_50fmol,Axygen 384,F19,175,Actual concentration: 0.78
384_source_c1,384PP_Plus_AQ_BP,D16,m168_GvpV_50fmol,Axygen 384,F21,50,Actual concentration: 0.22
384_source_c1,384PP_Plus_AQ_BP,D16,m168_GvpV_50fmol,Axygen 384,F23,50,Actual concentration: 0.22
384_source_c1,384PP_Plus_AQ_BP,D16,m168_GvpV_50fmol,Axygen 384,H1,175,Actual concentration: 0.78
384_source_c1,384PP_Plus_AQ_BP,D16,m168_GvpV_50fmol,Axygen 384,H3,50,Actual concentration: 0.22
384_source_c1,384PP_Plus_AQ_BP,D16,m168_GvpV_50fmol,Axygen 384,H5,50,Actual concentration: 0.22
384_source_c1,384PP_Plus_AQ_BP,D16,m168_GvpV_50fmol,Axygen 384,H7,175,Actual concentration: 0.78
384_source_c1,384PP_Plus_AQ_BP,D16,m168_GvpV_50fmol,Axygen 384,H9,50,Actual concentration: 0.22
384_source_c1,384PP_Plus_AQ_BP,D16,m168_GvpV_50fmol,Axygen 384,H11,175,Actual concentration: 0.78
384_source_c1,384PP_Plus_AQ_BP,D16,m168_GvpV_50fmol,Axygen 384,H13,50,Actual concentration: 0.22
384_source_c1,384PP_Plus_AQ_BP,D16,m168_GvpV_50fmol,Axygen 384,H15,50,Actual concentration: 0.22
384_source_c1,384PP_Plus_AQ_BP,D16,m168_GvpV_50fmol,Axygen 384,H17,50,Actual concentration: 0.22
384_source_c1,384PP_Plus_AQ_BP,D16,m168_GvpV_50fmol,Axygen 384,H19,50,Actual concentration: 0.22
384_source_c1,384PP_Plus_AQ_BP,D16,m168_GvpV_50fmol,Axygen 384,H23,50,Actual concentration: 0.22
384_source_c1,384PP_Plus_AQ_BP,D16,m168_GvpV_50fmol,Axygen 384,J1,50,Actual concentration: 0.22
384_source_c1,384PP_Plus_AQ_BP,D16,m168_GvpV_50fmol,Axygen 384,J3,175,Actual concentration: 0.78
384_source_c1,384PP_Plus_AQ_BP,D16,m168_GvpV_50fmol,Axygen 384,J5,50,Actual concentration: 0.22
384_source_c1,384PP_Plus_AQ_BP,D16,m168_GvpV_50fmol,Axygen 384,J7,50,Actual concentration: 0.22
384_source_c1,384PP_Plus_AQ_BP,D16,m168_GvpV_50fmol,Axygen 384,J9,50,Actual concentration: 0.22
384_source_c1,384PP_Plus_AQ_BP,D16,m168_GvpV_50fmol,Axygen 384,J11,175,Actual concentration: 0.78
384_source_c1,384PP_Plus_AQ_BP,D16,m168_GvpV_50fmol,Axygen 384,J13,175,Actual concentration: 0.78
384_source_c1,384PP_Plus_AQ_BP,D16,m168_GvpV_50fmol,Axygen 384,J15,50,Actual concentration: 0.22
384_source_c1,384PP_Plus_AQ_BP,D16,m168_GvpV_50fmol,Axygen 384,J17,50,Actual concentration: 0.22
384_source_c1,384PP_Plus_AQ_BP,D16,m168_GvpV_50fmol,Axygen 384,J19,175,Actual concentration: 0.78
384_source_c1,384PP_Plus_AQ_BP,D16,m168_GvpV_50fmol,Axygen 384,J21,175,Actual concentration: 0.78
384_source_c1,384PP_Plus_AQ_BP,D16,m168_GvpV_50fmol,Axygen 384,J23,50,Actual concentration: 0.22
384_source_c1,384PP_Plus_AQ_BP,D16,m168_GvpV_50fmol,Axygen 384,L1,175,Actual concentration: 0.78
384_source_c1,384PP_Plus_AQ_BP,D16,m168_GvpV_50fmol,Axygen 384,L3,50,Actual concentration: 0.22
384_source_c1,384PP_Plus_AQ_BP,D16,m168_GvpV_50fmol,Axygen 384,L5,50,Actual concentration: 0.22
384_source_c1,384PP_Plus_AQ_BP,D16,m168_GvpV_50fmol,Axygen 384,L7,175,Actual concentration: 0.78
384_source_c1,384PP_Plus_AQ_BP,D16,m168_GvpV_50fmol,Axygen 384,L9,50,Actual concentration: 0.22
384_source_c1,384PP_Plus_AQ_BP,D16,m168_GvpV_50fmol,Axygen 384,L11,50,Actual concentration: 0.22
384_source_c1,384PP_Plus_AQ_BP,D16,m168_GvpV_50fmol,Axygen 384,L13,175,Actual concentration: 0.78
384_source_c1,384PP_Plus_AQ_BP,D16,m168_GvpV_50fmol,Axygen 384,L15,175,Actual concentration: 0.78
384_source_c1,384PP_Plus_AQ_BP,D16,m168_GvpV_50fmol,Axygen 384,L17,50,Actual concentration: 0.22
384_source_c1,384PP_Plus_AQ_BP,D16,m168_GvpV_50fmol,Axygen 384,L19,50,Actual concentration: 0.22
384_source_c1,384PP_Plus_AQ_BP,D16,m168_GvpV_50fmol,Axygen 384,L21,175,Actual concentration: 0.78
384_source_c1,384PP_Plus_AQ_BP,D16,m168_GvpV_50fmol,Axygen 384,L23,175,Actual concentration: 0.78
384_source_c1,384PP_Plus_AQ_BP,D16,m168_GvpV_50fmol,Axygen 384,N3,175,Actual concentration: 0.78
384_source_c1,384PP_Plus_AQ_BP,D16,m168_GvpV_50fmol,Axygen 384,N5,50,Actual concentration: 0.22
384_source_c1,384PP_Plus_AQ_BP,D16,m168_GvpV_50fmol,Axygen 384,N9,50,Actual concentration: 0.22
384_source_c1,384PP_Plus_AQ_BP,D16,m168_GvpV_50fmol,Axygen 384,N11,50,Actual concentration: 0.22
384_source_c1,384PP_Plus_AQ_BP,D16,m168_GvpV_50fmol,Axygen 384,N13,50,Actual concentration: 0.22
384_source_c1,384PP_Plus_AQ_BP,D16,m168_GvpV_50fmol,Axygen 384,N15,175,Actual concentration: 0.78
384_source_c1,384PP_Plus_AQ_BP,D16,m168_GvpV_50fmol,Axygen 384,N17,50,Actual concentration: 0.22
384_source_c1,384PP_Plus_AQ_BP,D16,m168_GvpV_50fmol,Axygen 384,N19,50,Actual concentration: 0.22
384_source_c1,384PP_Plus_AQ_BP,D16,m168_GvpV_50fmol,Axygen 384,N21,50,Actual concentration: 0.22
384_source_c1,384PP_Plus_AQ_BP,D16,m168_GvpV_50fmol,Axygen 384,N23,175,Actual concentration: 0.78
384_source_c1,384PP_Plus_AQ_BP,D16,m168_GvpV_50fmol,Axygen 384,P3,50,Actual concentration: 0.22
384_source_c1,384PP_Plus_AQ_BP,D16,m168_GvpV_50fmol,Axygen 384,P5,175,Actual concentration: 0.78
384_source_c1,384PP_Plus_AQ_BP,D16,m168_GvpV_50fmol,Axygen 384,P7,50,Actual concentration: 0.22
384_source_c1,384PP_Plus_AQ_BP,D16,m168_GvpV_50fmol,Axygen 384,P9,175,Actual concentration: 0.78
384_source_c1,384PP_Plus_AQ_BP,D16,m168_GvpV_50fmol,Axygen 384,P11,175,Actual concentration: 0.78
384_source_c1,384PP_Plus_AQ_BP,D16,m168_GvpV_50fmol,Axygen 384,P13,50,Actual concentration: 0.22
384_source_c1,384PP_Plus_AQ_BP,D16,m168_GvpV_50fmol,Axygen 384,P15,50,Actual concentration: 0.22
384_source_c1,384PP_Plus_AQ_BP,D16,m168_GvpV_50fmol,Axygen 384,P17,50,Actual concentration: 0.22
384_source_c1,384PP_Plus_AQ_BP,D16,m168_GvpV_50fmol,Axygen 384,P19,50,Actual concentration: 0.22
384_source_c1,384PP_Plus_AQ_BP,D16,m168_GvpV_50fmol,Axygen 384,P21,175,Actual concentration: 0.78
384_source_c1,384PP_Plus_AQ_BP,D16,m168_GvpV_50fmol,Axygen 384,P23,175,Actual concentration: 0.78
384_source_c1,384PP_Plus_AQ_BP,D16,m168_GvpV_50fmol,Axygen 384,B2,50,Actual concentration: 0.22
384_source_c1,384PP_Plus_AQ_BP,D16,m168_GvpV_50fmol,Axygen 384,B4,50,Actual concentration: 0.22
384_source_c1,384PP_Plus_AQ_BP,D16,m168_GvpV_50fmol,Axygen 384,B6,50,Actual concentration: 0.22
384_source_c1,384PP_Plus_AQ_BP,D16,m168_GvpV_50fmol,Axygen 384,B8,175,Actual concentration: 0.78
384_source_c1,384PP_Plus_AQ_BP,D16,m168_GvpV_50fmol,Axygen 384,B12,175,Actual concentration: 0.78
384_source_c1,384PP_Plus_AQ_BP,D16,m168_GvpV_50fmol,Axygen 384,B14,50,Actual concentration: 0.22
384_source_c1,384PP_Plus_AQ_BP,D16,m168_GvpV_50fmol,Axygen 384,B16,50,Actual concentration: 0.22
384_source_c1,384PP_Plus_AQ_BP,D16,m168_GvpV_50fmol,Axygen 384,B18,50,Actual concentration: 0.22
384_source_c1,384PP_Plus_AQ_BP,D16,m168_GvpV_50fmol,Axygen 384,B20,175,Actual concentration: 0.78
384_source_c1,384PP_Plus_AQ_BP,D16,m168_GvpV_50fmol,Axygen 384,B22,175,Actual concentration: 0.78
384_source_c1,384PP_Plus_AQ_BP,D16,m168_GvpV_50fmol,Axygen 384,B24,175,Actual concentration: 0.78
384_source_c1,384PP_Plus_AQ_BP,D16,m168_GvpV_50fmol,Axygen 384,D2,175,Actual concentration: 0.78
384_source_c1,384PP_Plus_AQ_BP,D16,m168_GvpV_50fmol,Axygen 384,D4,175,Actual concentration: 0.78
384_source_c1,384PP_Plus_AQ_BP,D16,m168_GvpV_50fmol,Axygen 384,D6,50,Actual concentration: 0.22
384_source_c1,384PP_Plus_AQ_BP,D16,m168_GvpV_50fmol,Axygen 384,D8,175,Actual concentration: 0.78
384_source_c1,384PP_Plus_AQ_BP,D16,m168_GvpV_50fmol,Axygen 384,D10,175,Actual concentration: 0.78
384_source_c1,384PP_Plus_AQ_BP,D16,m168_GvpV_50fmol,Axygen 384,D12,175,Actual concentration: 0.78
384_source_c1,384PP_Plus_AQ_BP,D16,m168_GvpV_50fmol,Axygen 384,D14,50,Actual concentration: 0.22
384_source_c1,384PP_Plus_AQ_BP,D16,m168_GvpV_50fmol,Axygen 384,D16,50,Actual concentration: 0.22
384_source_c1,384PP_Plus_AQ_BP,D16,m168_GvpV_50fmol,Axygen 384,D18,175,Actual concentration: 0.78
384_source_c1,384PP_Plus_AQ_BP,E16,m168_GvpV_50fmol,Axygen 384,D20,50,Actual concentration: 0.22
384_source_c1,384PP_Plus_AQ_BP,E16,m168_GvpV_50fmol,Axygen 384,D24,50,Actual concentration: 0.22
384_source_c1,384PP_Plus_AQ_BP,E16,m168_GvpV_50fmol,Axygen 384,F4,50,Actual concentration: 0.22
384_source_c1,384PP_Plus_AQ_BP,E16,m168_GvpV_50fmol,Axygen 384,F6,50,Actual concentration: 0.22
384_source_c1,384PP_Plus_AQ_BP,E16,m168_GvpV_50fmol,Axygen 384,F8,50,Actual concentration: 0.22
384_source_c1,384PP_Plus_AQ_BP,E16,m168_GvpV_50fmol,Axygen 384,F10,175,Actual concentration: 0.78
384_source_c1,384PP_Plus_AQ_BP,E16,m168_GvpV_50fmol,Axygen 384,F12,175,Actual concentration: 0.78
384_source_c1,384PP_Plus_AQ_BP,E16,m168_GvpV_50fmol,Axygen 384,F14,175,Actual concentration: 0.78
384_source_c1,384PP_Plus_AQ_BP,E16,m168_GvpV_50fmol,Axygen 384,F18,175,Actual concentration: 0.78
384_source_c1,384PP_Plus_AQ_BP,E16,m168_GvpV_50fmol,Axygen 384,F20,175,Actual concentration: 0.78
384_source_c1,384PP_Plus_AQ_BP,E16,m168_GvpV_50fmol,Axygen 384,F22,50,Actual concentration: 0.22
384_source_c1,384PP_Plus_AQ_BP,E16,m168_GvpV_50fmol,Axygen 384,F24,175,Actual concentration: 0.78
384_source_c1,384PP_Plus_AQ_BP,E16,m168_GvpV_50fmol,Axygen 384,H2,175,Actual concentration: 0.78
384_source_c1,384PP_Plus_AQ_BP,E16,m168_GvpV_50fmol,Axygen 384,H4,50,Actual concentration: 0.22
384_source_c1,384PP_Plus_AQ_BP,E16,m168_GvpV_50fmol,Axygen 384,H6,175,Actual concentration: 0.78
384_source_c1,384PP_Plus_AQ_BP,E16,m168_GvpV_50fmol,Axygen 384,H8,175,Actual concentration: 0.78
384_source_c1,384PP_Plus_AQ_BP,E16,m168_GvpV_50fmol,Axygen 384,H10,175,Actual concentration: 0.78
384_source_c1,384PP_Plus_AQ_BP,E16,m168_GvpV_50fmol,Axygen 384,H12,50,Actual concentration: 0.22
384_source_c1,384PP_Plus_AQ_BP,E16,m168_GvpV_50fmol,Axygen 384,H14,50,Actual concentration: 0.22
384_source_c1,384PP_Plus_AQ_BP,E16,m168_GvpV_50fmol,Axygen 384,H16,50,Actual concentration: 0.22
384_source_c1,384PP_Plus_AQ_BP,E16,m168_GvpV_50fmol,Axygen 384,H18,50,Actual concentration: 0.22
384_source_c1,384PP_Plus_AQ_BP,E16,m168_GvpV_50fmol,Axygen 384,H20,50,Actual concentration: 0.22
384_source_c1,384PP_Plus_AQ_BP,E16,m168_GvpV_50fmol,Axygen 384,H22,175,Actual concentration: 0.78
384_source_c1,384PP_Plus_AQ_BP,E16,m168_GvpV_50fmol,Axygen 384,H24,175,Actual concentration: 0.78
384_source_c1,384PP_Plus_AQ_BP,E16,m168_GvpV_50fmol,Axygen 384,J2,175,Actual concentration: 0.78
384_source_c1,384PP_Plus_AQ_BP,E16,m168_GvpV_50fmol,Axygen 384,J4,50,Actual concentration: 0.22
384_source_c1,384PP_Plus_AQ_BP,E16,m168_GvpV_50fmol,Axygen 384,J6,175,Actual concentration: 0.78
384_source_c1,384PP_Plus_AQ_BP,E16,m168_GvpV_50fmol,Axygen 384,J12,175,Actual concentration: 0.78
384_source_c1,384PP_Plus_AQ_BP,E16,m168_GvpV_50fmol,Axygen 384,J14,175,Actual concentration: 0.78
384_source_c1,384PP_Plus_AQ_BP,E16,m168_GvpV_50fmol,Axygen 384,J18,50,Actual concentration: 0.22
384_source_c1,384PP_Plus_AQ_BP,E16,m168_GvpV_50fmol,Axygen 384,J20,175,Actual concentration: 0.78
384_source_c1,384PP_Plus_AQ_BP,E16,m168_GvpV_50fmol,Axygen 384,J22,175,Actual concentration: 0.78
384_source_c1,384PP_Plus_AQ_BP,E16,m168_GvpV_50fmol,Axygen 384,J24,175,Actual concentration: 0.78
384_source_c1,384PP_Plus_AQ_BP,E16,m168_GvpV_50fmol,Axygen 384,L2,175,Actual concentration: 0.78
384_source_c1,384PP_Plus_AQ_BP,E16,m168_GvpV_50fmol,Axygen 384,L4,175,Actual concentration: 0.78
384_source_c1,384PP_Plus_AQ_BP,E16,m168_GvpV_50fmol,Axygen 384,L6,175,Actual concentration: 0.78
384_source_c1,384PP_Plus_AQ_BP,E16,m168_GvpV_50fmol,Axygen 384,L10,50,Actual concentration: 0.22
384_source_c1,384PP_Plus_AQ_BP,E16,m168_GvpV_50fmol,Axygen 384,L12,175,Actual concentration: 0.78
384_source_c1,384PP_Plus_AQ_BP,E16,m168_GvpV_50fmol,Axygen 384,L14,175,Actual concentration: 0.78
384_source_c1,384PP_Plus_AQ_BP,E16,m168_GvpV_50fmol,Axygen 384,L16,175,Actual concentration: 0.78
384_source_c1,384PP_Plus_AQ_BP,E16,m168_GvpV_50fmol,Axygen 384,L18,175,Actual concentration: 0.78
384_source_c1,384PP_Plus_AQ_BP,E16,m168_GvpV_50fmol,Axygen 384,L20,50,Actual concentration: 0.22
384_source_c1,384PP_Plus_AQ_BP,E16,m168_GvpV_50fmol,Axygen 384,L22,50,Actual concentration: 0.22
384_source_c1,384PP_Plus_AQ_BP,E16,m168_GvpV_50fmol,Axygen 384,L24,175,Actual concentration: 0.78
384_source_c1,384PP_Plus_AQ_BP,E16,m168_GvpV_50fmol,Axygen 384,N2,50,Actual concentration: 0.22
384_source_c1,384PP_Plus_AQ_BP,E16,m168_GvpV_50fmol,Axygen 384,N4,50,Actual concentration: 0.22
384_source_c1,384PP_Plus_AQ_BP,E16,m168_GvpV_50fmol,Axygen 384,N8,175,Actual concentration: 0.78
384_source_c1,384PP_Plus_AQ_BP,E16,m168_GvpV_50fmol,Axygen 384,N10,50,Actual concentration: 0.22
384_source_c1,384PP_Plus_AQ_BP,E16,m168_GvpV_50fmol,Axygen 384,N12,50,Actual concentration: 0.22
384_source_c1,384PP_Plus_AQ_BP,E16,m168_GvpV_50fmol,Axygen 384,N16,175,Actual concentration: 0.78
384_source_c1,384PP_Plus_AQ_BP,E16,m168_GvpV_50fmol,Axygen 384,N18,175,Actual concentration: 0.78
384_source_c1,384PP_Plus_AQ_BP,E16,m168_GvpV_50fmol,Axygen 384,N20,175,Actual concentration: 0.78
384_source_c1,384PP_Plus_AQ_BP,E16,m168_GvpV_50fmol,Axygen 384,N24,175,Actual concentration: 0.78
384_source_c1,384PP_Plus_AQ_BP,E16,m168_GvpV_50fmol,Axygen 384,P2,175,Actual concentration: 0.78
384_source_c1,384PP_Plus_AQ_BP,E16,m168_GvpV_50fmol,Axygen 384,P6,175,Actual concentration: 0.78
384_source_c1,384PP_Plus_AQ_BP,E16,m168_GvpV_50fmol,Axygen 384,P10,50,Actual concentration: 0.22
384_source_c1,384PP_Plus_AQ_BP,E16,m168_GvpV_50fmol,Axygen 384,P12,50,Actual concentration: 0.22
384_source_c1,384PP_Plus_AQ_BP,E16,m168_GvpV_50fmol,Axygen 384,P14,50,Actual concentration: 0.22
384_source_c1,384PP_Plus_AQ_BP,E16,m168_GvpV_50fmol,Axygen 384,P16,175,Actual concentration: 0.78
384_source_c1,384PP_Plus_AQ_BP,E16,m168_GvpV_50fmol,Axygen 384,P18,50,Actual concentration: 0.22
384_source_c1,384PP_Plus_AQ_BP,E16,m168_GvpV_50fmol,Axygen 384,P20,50,Actual concentration: 0.22
384_source_c1,384PP_Plus_AQ_BP,E16,m168_GvpV_50fmol,Axygen 384,P22,175,Actual concentration: 0.78
384_source_c1,384PP_Plus_AQ_BP,B18,m169_GvpW_50fmol,Axygen 384,A1,50,Actual concentration: 0.20
384_source_c1,384PP_Plus_AQ_BP,B18,m169_GvpW_50fmol,Axygen 384,A3,50,Actual concentration: 0.20
384_source_c1,384PP_Plus_AQ_BP,B18,m169_GvpW_50fmol,Axygen 384,A5,50,Actual concentration: 0.20
384_source_c1,384PP_Plus_AQ_BP,B18,m169_GvpW_50fmol,Axygen 384,A7,50,Actual concentration: 0.20
384_source_c1,384PP_Plus_AQ_BP,B18,m169_GvpW_50fmol,Axygen 384,A9,200,Actual concentration: 0.81
384_source_c1,384PP_Plus_AQ_BP,B18,m169_GvpW_50fmol,Axygen 384,A11,200,Actual concentration: 0.81
384_source_c1,384PP_Plus_AQ_BP,B18,m169_GvpW_50fmol,Axygen 384,A13,50,Actual concentration: 0.20
384_source_c1,384PP_Plus_AQ_BP,B18,m169_GvpW_50fmol,Axygen 384,A15,50,Actual concentration: 0.20
384_source_c1,384PP_Plus_AQ_BP,B18,m169_GvpW_50fmol,Axygen 384,A17,50,Actual concentration: 0.20
384_source_c1,384PP_Plus_AQ_BP,B18,m169_GvpW_50fmol,Axygen 384,A19,200,Actual concentration: 0.81
384_source_c1,384PP_Plus_AQ_BP,B18,m169_GvpW_50fmol,Axygen 384,A21,200,Actual concentration: 0.81
384_source_c1,384PP_Plus_AQ_BP,B18,m169_GvpW_50fmol,Axygen 384,A23,200,Actual concentration: 0.81
384_source_c1,384PP_Plus_AQ_BP,B18,m169_GvpW_50fmol,Axygen 384,C1,50,Actual concentration: 0.20
384_source_c1,384PP_Plus_AQ_BP,B18,m169_GvpW_50fmol,Axygen 384,C3,200,Actual concentration: 0.81
384_source_c1,384PP_Plus_AQ_BP,B18,m169_GvpW_50fmol,Axygen 384,C5,200,Actual concentration: 0.81
384_source_c1,384PP_Plus_AQ_BP,B18,m169_GvpW_50fmol,Axygen 384,C7,400,Actual concentration: 1.62
384_source_c1,384PP_Plus_AQ_BP,B18,m169_GvpW_50fmol,Axygen 384,C9,50,Actual concentration: 0.20
384_source_c1,384PP_Plus_AQ_BP,B18,m169_GvpW_50fmol,Axygen 384,C11,50,Actual concentration: 0.20
384_source_c1,384PP_Plus_AQ_BP,B18,m169_GvpW_50fmol,Axygen 384,C13,50,Actual concentration: 0.20
384_source_c1,384PP_Plus_AQ_BP,B18,m169_GvpW_50fmol,Axygen 384,C15,50,Actual concentration: 0.20
384_source_c1,384PP_Plus_AQ_BP,B18,m169_GvpW_50fmol,Axygen 384,C17,200,Actual concentration: 0.81
384_source_c1,384PP_Plus_AQ_BP,B18,m169_GvpW_50fmol,Axygen 384,C19,200,Actual concentration: 0.81
384_source_c1,384PP_Plus_AQ_BP,B18,m169_GvpW_50fmol,Axygen 384,C21,200,Actual concentration: 0.81
384_source_c1,384PP_Plus_AQ_BP,B18,m169_GvpW_50fmol,Axygen 384,C23,50,Actual concentration: 0.20
384_source_c1,384PP_Plus_AQ_BP,B18,m169_GvpW_50fmol,Axygen 384,E1,200,Actual concentration: 0.81
384_source_c1,384PP_Plus_AQ_BP,B18,m169_GvpW_50fmol,Axygen 384,E3,50,Actual concentration: 0.20
384_source_c1,384PP_Plus_AQ_BP,B18,m169_GvpW_50fmol,Axygen 384,E5,200,Actual concentration: 0.81
384_source_c1,384PP_Plus_AQ_BP,B18,m169_GvpW_50fmol,Axygen 384,E7,50,Actual concentration: 0.20
384_source_c1,384PP_Plus_AQ_BP,B18,m169_GvpW_50fmol,Axygen 384,E9,50,Actual concentration: 0.20
384_source_c1,384PP_Plus_AQ_BP,B18,m169_GvpW_50fmol,Axygen 384,E11,50,Actual concentration: 0.20
384_source_c1,384PP_Plus_AQ_BP,B18,m169_GvpW_50fmol,Axygen 384,E13,50,Actual concentration: 0.20
384_source_c1,384PP_Plus_AQ_BP,B18,m169_GvpW_50fmol,Axygen 384,E17,50,Actual concentration: 0.20
384_source_c1,384PP_Plus_AQ_BP,B18,m169_GvpW_50fmol,Axygen 384,E19,400,Actual concentration: 1.62
384_source_c1,384PP_Plus_AQ_BP,B18,m169_GvpW_50fmol,Axygen 384,E21,200,Actual concentration: 0.81
384_source_c1,384PP_Plus_AQ_BP,B18,m169_GvpW_50fmol,Axygen 384,E23,50,Actual concentration: 0.20
384_source_c1,384PP_Plus_AQ_BP,B18,m169_GvpW_50fmol,Axygen 384,G1,200,Actual concentration: 0.81
384_source_c1,384PP_Plus_AQ_BP,B18,m169_GvpW_50fmol,Axygen 384,G3,50,Actual concentration: 0.20
384_source_c1,384PP_Plus_AQ_BP,B18,m169_GvpW_50fmol,Axygen 384,G5,200,Actual concentration: 0.81
384_source_c1,384PP_Plus_AQ_BP,B18,m169_GvpW_50fmol,Axygen 384,G7,200,Actual concentration: 0.81
384_source_c1,384PP_Plus_AQ_BP,B18,m169_GvpW_50fmol,Axygen 384,G9,400,Actual concentration: 1.62
384_source_c1,384PP_Plus_AQ_BP,B18,m169_GvpW_50fmol,Axygen 384,G11,200,Actual concentration: 0.81
384_source_c1,384PP_Plus_AQ_BP,B18,m169_GvpW_50fmol,Axygen 384,G13,200,Actual concentration: 0.81
384_source_c1,384PP_Plus_AQ_BP,B18,m169_GvpW_50fmol,Axygen 384,G15,50,Actual concentration: 0.20
384_source_c1,384PP_Plus_AQ_BP,B18,m169_GvpW_50fmol,Axygen 384,G17,200,Actual concentration: 0.81
384_source_c1,384PP_Plus_AQ_BP,B18,m169_GvpW_50fmol,Axygen 384,G19,200,Actual concentration: 0.81
384_source_c1,384PP_Plus_AQ_BP,B18,m169_GvpW_50fmol,Axygen 384,G21,50,Actual concentration: 0.20
384_source_c1,384PP_Plus_AQ_BP,B18,m169_GvpW_50fmol,Axygen 384,G23,200,Actual concentration: 0.81
384_source_c1,384PP_Plus_AQ_BP,B18,m169_GvpW_50fmol,Axygen 384,I1,200,Actual concentration: 0.81
384_source_c1,384PP_Plus_AQ_BP,B18,m169_GvpW_50fmol,Axygen 384,I3,200,Actual concentration: 0.81
384_source_c1,384PP_Plus_AQ_BP,B18,m169_GvpW_50fmol,Axygen 384,I5,50,Actual concentration: 0.20
384_source_c1,384PP_Plus_AQ_BP,B18,m169_GvpW_50fmol,Axygen 384,I7,50,Actual concentration: 0.20
384_source_c1,384PP_Plus_AQ_BP,B18,m169_GvpW_50fmol,Axygen 384,I9,50,Actual concentration: 0.20
384_source_c1,384PP_Plus_AQ_BP,B18,m169_GvpW_50fmol,Axygen 384,I11,200,Actual concentration: 0.81
384_source_c1,384PP_Plus_AQ_BP,B18,m169_GvpW_50fmol,Axygen 384,I13,400,Actual concentration: 1.62
384_source_c1,384PP_Plus_AQ_BP,B18,m169_GvpW_50fmol,Axygen 384,I15,200,Actual concentration: 0.81
384_source_c1,384PP_Plus_AQ_BP,B18,m169_GvpW_50fmol,Axygen 384,I17,50,Actual concentration: 0.20
384_source_c1,384PP_Plus_AQ_BP,B18,m169_GvpW_50fmol,Axygen 384,I19,50,Actual concentration: 0.20
384_source_c1,384PP_Plus_AQ_BP,B18,m169_GvpW_50fmol,Axygen 384,I21,50,Actual concentration: 0.20
384_source_c1,384PP_Plus_AQ_BP,B18,m169_GvpW_50fmol,Axygen 384,K1,200,Actual concentration: 0.81
384_source_c1,384PP_Plus_AQ_BP,B18,m169_GvpW_50fmol,Axygen 384,K3,50,Actual concentration: 0.20
384_source_c1,384PP_Plus_AQ_BP,B18,m169_GvpW_50fmol,Axygen 384,K5,50,Actual concentration: 0.20
384_source_c1,384PP_Plus_AQ_BP,B18,m169_GvpW_50fmol,Axygen 384,K7,50,Actual concentration: 0.20
384_source_c1,384PP_Plus_AQ_BP,B18,m169_GvpW_50fmol,Axygen 384,K9,200,Actual concentration: 0.81
384_source_c1,384PP_Plus_AQ_BP,B18,m169_GvpW_50fmol,Axygen 384,K11,50,Actual concentration: 0.20
384_source_c1,384PP_Plus_AQ_BP,B18,m169_GvpW_50fmol,Axygen 384,K13,200,Actual concentration: 0.81
384_source_c1,384PP_Plus_AQ_BP,B18,m169_GvpW_50fmol,Axygen 384,K15,50,Actual concentration: 0.20
384_source_c1,384PP_Plus_AQ_BP,B18,m169_GvpW_50fmol,Axygen 384,K17,50,Actual concentration: 0.20
384_source_c1,384PP_Plus_AQ_BP,B18,m169_GvpW_50fmol,Axygen 384,K19,50,Actual concentration: 0.20
384_source_c1,384PP_Plus_AQ_BP,B18,m169_GvpW_50fmol,Axygen 384,K21,50,Actual concentration: 0.20
384_source_c1,384PP_Plus_AQ_BP,B18,m169_GvpW_50fmol,Axygen 384,K23,50,Actual concentration: 0.20
384_source_c1,384PP_Plus_AQ_BP,B18,m169_GvpW_50fmol,Axygen 384,M1,200,Actual concentration: 0.81
384_source_c1,384PP_Plus_AQ_BP,B18,m169_GvpW_50fmol,Axygen 384,M3,50,Actual concentration: 0.20
384_source_c1,384PP_Plus_AQ_BP,B18,m169_GvpW_50fmol,Axygen 384,M5,200,Actual concentration: 0.81
384_source_c1,384PP_Plus_AQ_BP,B18,m169_GvpW_50fmol,Axygen 384,M7,200,Actual concentration: 0.81
384_source_c1,384PP_Plus_AQ_BP,B18,m169_GvpW_50fmol,Axygen 384,M9,50,Actual concentration: 0.20
384_source_c1,384PP_Plus_AQ_BP,B18,m169_GvpW_50fmol,Axygen 384,M11,200,Actual concentration: 0.81
384_source_c1,384PP_Plus_AQ_BP,C18,m169_GvpW_50fmol,Axygen 384,M13,50,Actual concentration: 0.20
384_source_c1,384PP_Plus_AQ_BP,C18,m169_GvpW_50fmol,Axygen 384,M15,50,Actual concentration: 0.20
384_source_c1,384PP_Plus_AQ_BP,C18,m169_GvpW_50fmol,Axygen 384,M17,50,Actual concentration: 0.20
384_source_c1,384PP_Plus_AQ_BP,C18,m169_GvpW_50fmol,Axygen 384,M19,200,Actual concentration: 0.81
384_source_c1,384PP_Plus_AQ_BP,C18,m169_GvpW_50fmol,Axygen 384,M21,200,Actual concentration: 0.81
384_source_c1,384PP_Plus_AQ_BP,C18,m169_GvpW_50fmol,Axygen 384,M23,50,Actual concentration: 0.20
384_source_c1,384PP_Plus_AQ_BP,C18,m169_GvpW_50fmol,Axygen 384,O1,200,Actual concentration: 0.81
384_source_c1,384PP_Plus_AQ_BP,C18,m169_GvpW_50fmol,Axygen 384,O3,50,Actual concentration: 0.20
384_source_c1,384PP_Plus_AQ_BP,C18,m169_GvpW_50fmol,Axygen 384,O5,200,Actual concentration: 0.81
384_source_c1,384PP_Plus_AQ_BP,C18,m169_GvpW_50fmol,Axygen 384,O7,50,Actual concentration: 0.20
384_source_c1,384PP_Plus_AQ_BP,C18,m169_GvpW_50fmol,Axygen 384,O9,200,Actual concentration: 0.81
384_source_c1,384PP_Plus_AQ_BP,C18,m169_GvpW_50fmol,Axygen 384,O11,50,Actual concentration: 0.20
384_source_c1,384PP_Plus_AQ_BP,C18,m169_GvpW_50fmol,Axygen 384,O13,50,Actual concentration: 0.20
384_source_c1,384PP_Plus_AQ_BP,C18,m169_GvpW_50fmol,Axygen 384,O15,200,Actual concentration: 0.81
384_source_c1,384PP_Plus_AQ_BP,C18,m169_GvpW_50fmol,Axygen 384,O17,50,Actual concentration: 0.20
384_source_c1,384PP_Plus_AQ_BP,C18,m169_GvpW_50fmol,Axygen 384,O19,200,Actual concentration: 0.81
384_source_c1,384PP_Plus_AQ_BP,C18,m169_GvpW_50fmol,Axygen 384,O21,50,Actual concentration: 0.20
384_source_c1,384PP_Plus_AQ_BP,C18,m169_GvpW_50fmol,Axygen 384,O23,50,Actual concentration: 0.20
384_source_c1,384PP_Plus_AQ_BP,C18,m169_GvpW_50fmol,Axygen 384,A2,50,Actual concentration: 0.20
384_source_c1,384PP_Plus_AQ_BP,C18,m169_GvpW_50fmol,Axygen 384,A4,50,Actual concentration: 0.20
384_source_c1,384PP_Plus_AQ_BP,C18,m169_GvpW_50fmol,Axygen 384,A6,50,Actual concentration: 0.20
384_source_c1,384PP_Plus_AQ_BP,C18,m169_GvpW_50fmol,Axygen 384,A8,50,Actual concentration: 0.20
384_source_c1,384PP_Plus_AQ_BP,C18,m169_GvpW_50fmol,Axygen 384,A10,200,Actual concentration: 0.81
384_source_c1,384PP_Plus_AQ_BP,C18,m169_GvpW_50fmol,Axygen 384,A12,50,Actual concentration: 0.20
384_source_c1,384PP_Plus_AQ_BP,C18,m169_GvpW_50fmol,Axygen 384,A14,200,Actual concentration: 0.81
384_source_c1,384PP_Plus_AQ_BP,C18,m169_GvpW_50fmol,Axygen 384,A16,50,Actual concentration: 0.20
384_source_c1,384PP_Plus_AQ_BP,C18,m169_GvpW_50fmol,Axygen 384,A18,50,Actual concentration: 0.20
384_source_c1,384PP_Plus_AQ_BP,C18,m169_GvpW_50fmol,Axygen 384,A20,50,Actual concentration: 0.20
384_source_c1,384PP_Plus_AQ_BP,C18,m169_GvpW_50fmol,Axygen 384,A22,50,Actual concentration: 0.20
384_source_c1,384PP_Plus_AQ_BP,C18,m169_GvpW_50fmol,Axygen 384,A24,200,Actual concentration: 0.81
384_source_c1,384PP_Plus_AQ_BP,C18,m169_GvpW_50fmol,Axygen 384,C2,200,Actual concentration: 0.81
384_source_c1,384PP_Plus_AQ_BP,C18,m169_GvpW_50fmol,Axygen 384,C4,50,Actual concentration: 0.20
384_source_c1,384PP_Plus_AQ_BP,C18,m169_GvpW_50fmol,Axygen 384,C6,50,Actual concentration: 0.20
384_source_c1,384PP_Plus_AQ_BP,C18,m169_GvpW_50fmol,Axygen 384,C8,50,Actual concentration: 0.20
384_source_c1,384PP_Plus_AQ_BP,C18,m169_GvpW_50fmol,Axygen 384,C10,200,Actual concentration: 0.81
384_source_c1,384PP_Plus_AQ_BP,C18,m169_GvpW_50fmol,Axygen 384,C12,50,Actual concentration: 0.20
384_source_c1,384PP_Plus_AQ_BP,C18,m169_GvpW_50fmol,Axygen 384,C14,50,Actual concentration: 0.20
384_source_c1,384PP_Plus_AQ_BP,C18,m169_GvpW_50fmol,Axygen 384,C16,200,Actual concentration: 0.81
384_source_c1,384PP_Plus_AQ_BP,C18,m169_GvpW_50fmol,Axygen 384,C18,200,Actual concentration: 0.81
384_source_c1,384PP_Plus_AQ_BP,C18,m169_GvpW_50fmol,Axygen 384,C20,50,Actual concentration: 0.20
384_source_c1,384PP_Plus_AQ_BP,C18,m169_GvpW_50fmol,Axygen 384,C22,50,Actual concentration: 0.20
384_source_c1,384PP_Plus_AQ_BP,C18,m169_GvpW_50fmol,Axygen 384,C24,200,Actual concentration: 0.81
384_source_c1,384PP_Plus_AQ_BP,C18,m169_GvpW_50fmol,Axygen 384,E2,200,Actual concentration: 0.81
384_source_c1,384PP_Plus_AQ_BP,C18,m169_GvpW_50fmol,Axygen 384,E4,50,Actual concentration: 0.20
384_source_c1,384PP_Plus_AQ_BP,C18,m169_GvpW_50fmol,Axygen 384,E6,50,Actual concentration: 0.20
384_source_c1,384PP_Plus_AQ_BP,C18,m169_GvpW_50fmol,Axygen 384,E8,200,Actual concentration: 0.81
384_source_c1,384PP_Plus_AQ_BP,C18,m169_GvpW_50fmol,Axygen 384,E10,50,Actual concentration: 0.20
384_source_c1,384PP_Plus_AQ_BP,C18,m169_GvpW_50fmol,Axygen 384,E12,200,Actual concentration: 0.81
384_source_c1,384PP_Plus_AQ_BP,C18,m169_GvpW_50fmol,Axygen 384,E14,50,Actual concentration: 0.20
384_source_c1,384PP_Plus_AQ_BP,C18,m169_GvpW_50fmol,Axygen 384,E18,50,Actual concentration: 0.20
384_source_c1,384PP_Plus_AQ_BP,C18,m169_GvpW_50fmol,Axygen 384,E20,200,Actual concentration: 0.81
384_source_c1,384PP_Plus_AQ_BP,C18,m169_GvpW_50fmol,Axygen 384,E22,200,Actual concentration: 0.81
384_source_c1,384PP_Plus_AQ_BP,C18,m169_GvpW_50fmol,Axygen 384,E24,50,Actual concentration: 0.20
384_source_c1,384PP_Plus_AQ_BP,C18,m169_GvpW_50fmol,Axygen 384,G2,200,Actual concentration: 0.81
384_source_c1,384PP_Plus_AQ_BP,C18,m169_GvpW_50fmol,Axygen 384,G4,200,Actual concentration: 0.81
384_source_c1,384PP_Plus_AQ_BP,C18,m169_GvpW_50fmol,Axygen 384,G6,200,Actual concentration: 0.81
384_source_c1,384PP_Plus_AQ_BP,C18,m169_GvpW_50fmol,Axygen 384,G8,50,Actual concentration: 0.20
384_source_c1,384PP_Plus_AQ_BP,C18,m169_GvpW_50fmol,Axygen 384,G10,200,Actual concentration: 0.81
384_source_c1,384PP_Plus_AQ_BP,C18,m169_GvpW_50fmol,Axygen 384,G12,50,Actual concentration: 0.20
384_source_c1,384PP_Plus_AQ_BP,C18,m169_GvpW_50fmol,Axygen 384,G14,50,Actual concentration: 0.20
384_source_c1,384PP_Plus_AQ_BP,C18,m169_GvpW_50fmol,Axygen 384,G16,200,Actual concentration: 0.81
384_source_c1,384PP_Plus_AQ_BP,C18,m169_GvpW_50fmol,Axygen 384,G18,50,Actual concentration: 0.20
384_source_c1,384PP_Plus_AQ_BP,C18,m169_GvpW_50fmol,Axygen 384,G20,50,Actual concentration: 0.20
384_source_c1,384PP_Plus_AQ_BP,C18,m169_GvpW_50fmol,Axygen 384,G22,200,Actual concentration: 0.81
384_source_c1,384PP_Plus_AQ_BP,C18,m169_GvpW_50fmol,Axygen 384,G24,50,Actual concentration: 0.20
384_source_c1,384PP_Plus_AQ_BP,C18,m169_GvpW_50fmol,Axygen 384,I2,50,Actual concentration: 0.20
384_source_c1,384PP_Plus_AQ_BP,C18,m169_GvpW_50fmol,Axygen 384,I4,50,Actual concentration: 0.20
384_source_c1,384PP_Plus_AQ_BP,C18,m169_GvpW_50fmol,Axygen 384,I6,50,Actual concentration: 0.20
384_source_c1,384PP_Plus_AQ_BP,C18,m169_GvpW_50fmol,Axygen 384,I8,50,Actual concentration: 0.20
384_source_c1,384PP_Plus_AQ_BP,C18,m169_GvpW_50fmol,Axygen 384,I12,50,Actual concentration: 0.20
384_source_c1,384PP_Plus_AQ_BP,C18,m169_GvpW_50fmol,Axygen 384,I14,50,Actual concentration: 0.20
384_source_c1,384PP_Plus_AQ_BP,C18,m169_GvpW_50fmol,Axygen 384,I16,50,Actual concentration: 0.20
384_source_c1,384PP_Plus_AQ_BP,C18,m169_GvpW_50fmol,Axygen 384,I18,50,Actual concentration: 0.20
384_source_c1,384PP_Plus_AQ_BP,C18,m169_GvpW_50fmol,Axygen 384,I20,50,Actual concentration: 0.20
384_source_c1,384PP_Plus_AQ_BP,C18,m169_GvpW_50fmol,Axygen 384,I22,50,Actual concentration: 0.20
384_source_c1,384PP_Plus_AQ_BP,C18,m169_GvpW_50fmol,Axygen 384,I24,50,Actual concentration: 0.20
384_source_c1,384PP_Plus_AQ_BP,C18,m169_GvpW_50fmol,Axygen 384,K2,50,Actual concentration: 0.20
384_source_c1,384PP_Plus_AQ_BP,C18,m169_GvpW_50fmol,Axygen 384,K4,50,Actual concentration: 0.20
384_source_c1,384PP_Plus_AQ_BP,C18,m169_GvpW_50fmol,Axygen 384,K6,50,Actual concentration: 0.20
384_source_c1,384PP_Plus_AQ_BP,C18,m169_GvpW_50fmol,Axygen 384,K8,200,Actual concentration: 0.81
384_source_c1,384PP_Plus_AQ_BP,C18,m169_GvpW_50fmol,Axygen 384,K10,50,Actual concentration: 0.20
384_source_c1,384PP_Plus_AQ_BP,C18,m169_GvpW_50fmol,Axygen 384,K12,50,Actual concentration: 0.20
384_source_c1,384PP_Plus_AQ_BP,C18,m169_GvpW_50fmol,Axygen 384,K14,50,Actual concentration: 0.20
384_source_c1,384PP_Plus_AQ_BP,C18,m169_GvpW_50fmol,Axygen 384,K16,200,Actual concentration: 0.81
384_source_c1,384PP_Plus_AQ_BP,C18,m169_GvpW_50fmol,Axygen 384,K18,50,Actual concentration: 0.20
384_source_c1,384PP_Plus_AQ_BP,C18,m169_GvpW_50fmol,Axygen 384,K20,200,Actual concentration: 0.81
384_source_c1,384PP_Plus_AQ_BP,C18,m169_GvpW_50fmol,Axygen 384,K22,50,Actual concentration: 0.20
384_source_c1,384PP_Plus_AQ_BP,C18,m169_GvpW_50fmol,Axygen 384,K24,50,Actual concentration: 0.20
384_source_c1,384PP_Plus_AQ_BP,C18,m169_GvpW_50fmol,Axygen 384,M2,50,Actual concentration: 0.20
384_source_c1,384PP_Plus_AQ_BP,C18,m169_GvpW_50fmol,Axygen 384,M4,50,Actual concentration: 0.20
384_source_c1,384PP_Plus_AQ_BP,C18,m169_GvpW_50fmol,Axygen 384,M6,200,Actual concentration: 0.81
384_source_c1,384PP_Plus_AQ_BP,C18,m169_GvpW_50fmol,Axygen 384,M8,200,Actual concentration: 0.81
384_source_c1,384PP_Plus_AQ_BP,C18,m169_GvpW_50fmol,Axygen 384,M10,200,Actual concentration: 0.81
384_source_c1,384PP_Plus_AQ_BP,C18,m169_GvpW_50fmol,Axygen 384,M12,50,Actual concentration: 0.20
384_source_c1,384PP_Plus_AQ_BP,C18,m169_GvpW_50fmol,Axygen 384,M14,200,Actual concentration: 0.81
384_source_c1,384PP_Plus_AQ_BP,C18,m169_GvpW_50fmol,Axygen 384,M16,50,Actual concentration: 0.20
384_source_c1,384PP_Plus_AQ_BP,C18,m169_GvpW_50fmol,Axygen 384,M18,200,Actual concentration: 0.81
384_source_c1,384PP_Plus_AQ_BP,C18,m169_GvpW_50fmol,Axygen 384,M20,50,Actual concentration: 0.20
384_source_c1,384PP_Plus_AQ_BP,D18,m169_GvpW_50fmol,Axygen 384,M22,50,Actual concentration: 0.20
384_source_c1,384PP_Plus_AQ_BP,D18,m169_GvpW_50fmol,Axygen 384,M24,50,Actual concentration: 0.20
384_source_c1,384PP_Plus_AQ_BP,D18,m169_GvpW_50fmol,Axygen 384,O2,50,Actual concentration: 0.20
384_source_c1,384PP_Plus_AQ_BP,D18,m169_GvpW_50fmol,Axygen 384,O4,50,Actual concentration: 0.20
384_source_c1,384PP_Plus_AQ_BP,D18,m169_GvpW_50fmol,Axygen 384,O6,200,Actual concentration: 0.81
384_source_c1,384PP_Plus_AQ_BP,D18,m169_GvpW_50fmol,Axygen 384,O8,50,Actual concentration: 0.20
384_source_c1,384PP_Plus_AQ_BP,D18,m169_GvpW_50fmol,Axygen 384,O10,200,Actual concentration: 0.81
384_source_c1,384PP_Plus_AQ_BP,D18,m169_GvpW_50fmol,Axygen 384,O12,50,Actual concentration: 0.20
384_source_c1,384PP_Plus_AQ_BP,D18,m169_GvpW_50fmol,Axygen 384,O14,200,Actual concentration: 0.81
384_source_c1,384PP_Plus_AQ_BP,D18,m169_GvpW_50fmol,Axygen 384,O16,50,Actual concentration: 0.20
384_source_c1,384PP_Plus_AQ_BP,D18,m169_GvpW_50fmol,Axygen 384,O18,50,Actual concentration: 0.20
384_source_c1,384PP_Plus_AQ_BP,D18,m169_GvpW_50fmol,Axygen 384,O20,50,Actual concentration: 0.20
384_source_c1,384PP_Plus_AQ_BP,D18,m169_GvpW_50fmol,Axygen 384,O22,200,Actual concentration: 0.81
384_source_c1,384PP_Plus_AQ_BP,D18,m169_GvpW_50fmol,Axygen 384,O24,50,Actual concentration: 0.20
384_source_c1,384PP_Plus_AQ_BP,D18,m169_GvpW_50fmol,Axygen 384,B1,50,Actual concentration: 0.20
384_source_c1,384PP_Plus_AQ_BP,D18,m169_GvpW_50fmol,Axygen 384,B3,50,Actual concentration: 0.20
384_source_c1,384PP_Plus_AQ_BP,D18,m169_GvpW_50fmol,Axygen 384,B5,50,Actual concentration: 0.20
384_source_c1,384PP_Plus_AQ_BP,D18,m169_GvpW_50fmol,Axygen 384,B7,200,Actual concentration: 0.81
384_source_c1,384PP_Plus_AQ_BP,D18,m169_GvpW_50fmol,Axygen 384,B9,200,Actual concentration: 0.81
384_source_c1,384PP_Plus_AQ_BP,D18,m169_GvpW_50fmol,Axygen 384,B11,50,Actual concentration: 0.20
384_source_c1,384PP_Plus_AQ_BP,D18,m169_GvpW_50fmol,Axygen 384,B13,50,Actual concentration: 0.20
384_source_c1,384PP_Plus_AQ_BP,D18,m169_GvpW_50fmol,Axygen 384,B15,50,Actual concentration: 0.20
384_source_c1,384PP_Plus_AQ_BP,D18,m169_GvpW_50fmol,Axygen 384,B17,50,Actual concentration: 0.20
384_source_c1,384PP_Plus_AQ_BP,D18,m169_GvpW_50fmol,Axygen 384,B19,50,Actual concentration: 0.20
384_source_c1,384PP_Plus_AQ_BP,D18,m169_GvpW_50fmol,Axygen 384,B21,50,Actual concentration: 0.20
384_source_c1,384PP_Plus_AQ_BP,D18,m169_GvpW_50fmol,Axygen 384,B23,200,Actual concentration: 0.81
384_source_c1,384PP_Plus_AQ_BP,D18,m169_GvpW_50fmol,Axygen 384,D1,200,Actual concentration: 0.81
384_source_c1,384PP_Plus_AQ_BP,D18,m169_GvpW_50fmol,Axygen 384,D3,200,Actual concentration: 0.81
384_source_c1,384PP_Plus_AQ_BP,D18,m169_GvpW_50fmol,Axygen 384,D5,200,Actual concentration: 0.81
384_source_c1,384PP_Plus_AQ_BP,D18,m169_GvpW_50fmol,Axygen 384,D9,50,Actual concentration: 0.20
384_source_c1,384PP_Plus_AQ_BP,D18,m169_GvpW_50fmol,Axygen 384,D11,50,Actual concentration: 0.20
384_source_c1,384PP_Plus_AQ_BP,D18,m169_GvpW_50fmol,Axygen 384,D13,50,Actual concentration: 0.20
384_source_c1,384PP_Plus_AQ_BP,D18,m169_GvpW_50fmol,Axygen 384,D15,50,Actual concentration: 0.20
384_source_c1,384PP_Plus_AQ_BP,D18,m169_GvpW_50fmol,Axygen 384,D17,50,Actual concentration: 0.20
384_source_c1,384PP_Plus_AQ_BP,D18,m169_GvpW_50fmol,Axygen 384,D19,200,Actual concentration: 0.81
384_source_c1,384PP_Plus_AQ_BP,D18,m169_GvpW_50fmol,Axygen 384,D21,50,Actual concentration: 0.20
384_source_c1,384PP_Plus_AQ_BP,D18,m169_GvpW_50fmol,Axygen 384,D23,200,Actual concentration: 0.81
384_source_c1,384PP_Plus_AQ_BP,D18,m169_GvpW_50fmol,Axygen 384,F1,200,Actual concentration: 0.81
384_source_c1,384PP_Plus_AQ_BP,D18,m169_GvpW_50fmol,Axygen 384,F3,50,Actual concentration: 0.20
384_source_c1,384PP_Plus_AQ_BP,D18,m169_GvpW_50fmol,Axygen 384,F5,200,Actual concentration: 0.81
384_source_c1,384PP_Plus_AQ_BP,D18,m169_GvpW_50fmol,Axygen 384,F7,50,Actual concentration: 0.20
384_source_c1,384PP_Plus_AQ_BP,D18,m169_GvpW_50fmol,Axygen 384,F9,50,Actual concentration: 0.20
384_source_c1,384PP_Plus_AQ_BP,D18,m169_GvpW_50fmol,Axygen 384,F11,50,Actual concentration: 0.20
384_source_c1,384PP_Plus_AQ_BP,D18,m169_GvpW_50fmol,Axygen 384,F13,200,Actual concentration: 0.81
384_source_c1,384PP_Plus_AQ_BP,D18,m169_GvpW_50fmol,Axygen 384,F17,50,Actual concentration: 0.20
384_source_c1,384PP_Plus_AQ_BP,D18,m169_GvpW_50fmol,Axygen 384,F19,50,Actual concentration: 0.20
384_source_c1,384PP_Plus_AQ_BP,D18,m169_GvpW_50fmol,Axygen 384,F21,200,Actual concentration: 0.81
384_source_c1,384PP_Plus_AQ_BP,D18,m169_GvpW_50fmol,Axygen 384,F23,50,Actual concentration: 0.20
384_source_c1,384PP_Plus_AQ_BP,D18,m169_GvpW_50fmol,Axygen 384,H1,50,Actual concentration: 0.20
384_source_c1,384PP_Plus_AQ_BP,D18,m169_GvpW_50fmol,Axygen 384,H3,50,Actual concentration: 0.20
384_source_c1,384PP_Plus_AQ_BP,D18,m169_GvpW_50fmol,Axygen 384,H5,50,Actual concentration: 0.20
384_source_c1,384PP_Plus_AQ_BP,D18,m169_GvpW_50fmol,Axygen 384,H7,50,Actual concentration: 0.20
384_source_c1,384PP_Plus_AQ_BP,D18,m169_GvpW_50fmol,Axygen 384,H9,50,Actual concentration: 0.20
384_source_c1,384PP_Plus_AQ_BP,D18,m169_GvpW_50fmol,Axygen 384,H11,50,Actual concentration: 0.20
384_source_c1,384PP_Plus_AQ_BP,D18,m169_GvpW_50fmol,Axygen 384,H13,50,Actual concentration: 0.20
384_source_c1,384PP_Plus_AQ_BP,D18,m169_GvpW_50fmol,Axygen 384,H15,200,Actual concentration: 0.81
384_source_c1,384PP_Plus_AQ_BP,D18,m169_GvpW_50fmol,Axygen 384,H17,50,Actual concentration: 0.20
384_source_c1,384PP_Plus_AQ_BP,D18,m169_GvpW_50fmol,Axygen 384,H19,200,Actual concentration: 0.81
384_source_c1,384PP_Plus_AQ_BP,D18,m169_GvpW_50fmol,Axygen 384,H21,200,Actual concentration: 0.81
384_source_c1,384PP_Plus_AQ_BP,D18,m169_GvpW_50fmol,Axygen 384,H23,50,Actual concentration: 0.20
384_source_c1,384PP_Plus_AQ_BP,D18,m169_GvpW_50fmol,Axygen 384,J1,50,Actual concentration: 0.20
384_source_c1,384PP_Plus_AQ_BP,D18,m169_GvpW_50fmol,Axygen 384,J3,200,Actual concentration: 0.81
384_source_c1,384PP_Plus_AQ_BP,D18,m169_GvpW_50fmol,Axygen 384,J5,50,Actual concentration: 0.20
384_source_c1,384PP_Plus_AQ_BP,D18,m169_GvpW_50fmol,Axygen 384,J7,200,Actual concentration: 0.81
384_source_c1,384PP_Plus_AQ_BP,D18,m169_GvpW_50fmol,Axygen 384,J9,50,Actual concentration: 0.20
384_source_c1,384PP_Plus_AQ_BP,D18,m169_GvpW_50fmol,Axygen 384,J11,200,Actual concentration: 0.81
384_source_c1,384PP_Plus_AQ_BP,D18,m169_GvpW_50fmol,Axygen 384,J13,50,Actual concentration: 0.20
384_source_c1,384PP_Plus_AQ_BP,D18,m169_GvpW_50fmol,Axygen 384,J15,200,Actual concentration: 0.81
384_source_c1,384PP_Plus_AQ_BP,D18,m169_GvpW_50fmol,Axygen 384,J17,50,Actual concentration: 0.20
384_source_c1,384PP_Plus_AQ_BP,D18,m169_GvpW_50fmol,Axygen 384,J19,200,Actual concentration: 0.81
384_source_c1,384PP_Plus_AQ_BP,D18,m169_GvpW_50fmol,Axygen 384,J21,50,Actual concentration: 0.20
384_source_c1,384PP_Plus_AQ_BP,D18,m169_GvpW_50fmol,Axygen 384,J23,200,Actual concentration: 0.81
384_source_c1,384PP_Plus_AQ_BP,D18,m169_GvpW_50fmol,Axygen 384,L1,200,Actual concentration: 0.81
384_source_c1,384PP_Plus_AQ_BP,D18,m169_GvpW_50fmol,Axygen 384,L3,50,Actual concentration: 0.20
384_source_c1,384PP_Plus_AQ_BP,D18,m169_GvpW_50fmol,Axygen 384,L5,50,Actual concentration: 0.20
384_source_c1,384PP_Plus_AQ_BP,D18,m169_GvpW_50fmol,Axygen 384,L7,200,Actual concentration: 0.81
384_source_c1,384PP_Plus_AQ_BP,D18,m169_GvpW_50fmol,Axygen 384,L9,50,Actual concentration: 0.20
384_source_c1,384PP_Plus_AQ_BP,D18,m169_GvpW_50fmol,Axygen 384,L11,50,Actual concentration: 0.20
384_source_c1,384PP_Plus_AQ_BP,D18,m169_GvpW_50fmol,Axygen 384,L13,50,Actual concentration: 0.20
384_source_c1,384PP_Plus_AQ_BP,D18,m169_GvpW_50fmol,Axygen 384,L15,50,Actual concentration: 0.20
384_source_c1,384PP_Plus_AQ_BP,D18,m169_GvpW_50fmol,Axygen 384,L17,200,Actual concentration: 0.81
384_source_c1,384PP_Plus_AQ_BP,D18,m169_GvpW_50fmol,Axygen 384,L19,200,Actual concentration: 0.81
384_source_c1,384PP_Plus_AQ_BP,D18,m169_GvpW_50fmol,Axygen 384,L21,50,Actual concentration: 0.20
384_source_c1,384PP_Plus_AQ_BP,D18,m169_GvpW_50fmol,Axygen 384,L23,50,Actual concentration: 0.20
384_source_c1,384PP_Plus_AQ_BP,D18,m169_GvpW_50fmol,Axygen 384,N1,200,Actual concentration: 0.81
384_source_c1,384PP_Plus_AQ_BP,D18,m169_GvpW_50fmol,Axygen 384,N3,50,Actual concentration: 0.20
384_source_c1,384PP_Plus_AQ_BP,D18,m169_GvpW_50fmol,Axygen 384,N5,50,Actual concentration: 0.20
384_source_c1,384PP_Plus_AQ_BP,D18,m169_GvpW_50fmol,Axygen 384,N7,200,Actual concentration: 0.81
384_source_c1,384PP_Plus_AQ_BP,D18,m169_GvpW_50fmol,Axygen 384,N9,200,Actual concentration: 0.81
384_source_c1,384PP_Plus_AQ_BP,D18,m169_GvpW_50fmol,Axygen 384,N11,200,Actual concentration: 0.81
384_source_c1,384PP_Plus_AQ_BP,D18,m169_GvpW_50fmol,Axygen 384,N13,50,Actual concentration: 0.20
384_source_c1,384PP_Plus_AQ_BP,D18,m169_GvpW_50fmol,Axygen 384,N15,200,Actual concentration: 0.81
384_source_c1,384PP_Plus_AQ_BP,D18,m169_GvpW_50fmol,Axygen 384,N17,50,Actual concentration: 0.20
384_source_c1,384PP_Plus_AQ_BP,D18,m169_GvpW_50fmol,Axygen 384,N19,50,Actual concentration: 0.20
384_source_c1,384PP_Plus_AQ_BP,D18,m169_GvpW_50fmol,Axygen 384,N21,200,Actual concentration: 0.81
384_source_c1,384PP_Plus_AQ_BP,E18,m169_GvpW_50fmol,Axygen 384,N23,200,Actual concentration: 0.81
384_source_c1,384PP_Plus_AQ_BP,E18,m169_GvpW_50fmol,Axygen 384,P1,200,Actual concentration: 0.81
384_source_c1,384PP_Plus_AQ_BP,E18,m169_GvpW_50fmol,Axygen 384,P3,50,Actual concentration: 0.20
384_source_c1,384PP_Plus_AQ_BP,E18,m169_GvpW_50fmol,Axygen 384,P5,200,Actual concentration: 0.81
384_source_c1,384PP_Plus_AQ_BP,E18,m169_GvpW_50fmol,Axygen 384,P7,50,Actual concentration: 0.20
384_source_c1,384PP_Plus_AQ_BP,E18,m169_GvpW_50fmol,Axygen 384,P9,200,Actual concentration: 0.81
384_source_c1,384PP_Plus_AQ_BP,E18,m169_GvpW_50fmol,Axygen 384,P11,200,Actual concentration: 0.81
384_source_c1,384PP_Plus_AQ_BP,E18,m169_GvpW_50fmol,Axygen 384,P13,50,Actual concentration: 0.20
384_source_c1,384PP_Plus_AQ_BP,E18,m169_GvpW_50fmol,Axygen 384,P15,50,Actual concentration: 0.20
384_source_c1,384PP_Plus_AQ_BP,E18,m169_GvpW_50fmol,Axygen 384,P17,200,Actual concentration: 0.81
384_source_c1,384PP_Plus_AQ_BP,E18,m169_GvpW_50fmol,Axygen 384,P19,200,Actual concentration: 0.81
384_source_c1,384PP_Plus_AQ_BP,E18,m169_GvpW_50fmol,Axygen 384,P21,50,Actual concentration: 0.20
384_source_c1,384PP_Plus_AQ_BP,E18,m169_GvpW_50fmol,Axygen 384,P23,200,Actual concentration: 0.81
384_source_c1,384PP_Plus_AQ_BP,E18,m169_GvpW_50fmol,Axygen 384,B2,50,Actual concentration: 0.20
384_source_c1,384PP_Plus_AQ_BP,E18,m169_GvpW_50fmol,Axygen 384,B4,50,Actual concentration: 0.20
384_source_c1,384PP_Plus_AQ_BP,E18,m169_GvpW_50fmol,Axygen 384,B6,200,Actual concentration: 0.81
384_source_c1,384PP_Plus_AQ_BP,E18,m169_GvpW_50fmol,Axygen 384,B8,200,Actual concentration: 0.81
384_source_c1,384PP_Plus_AQ_BP,E18,m169_GvpW_50fmol,Axygen 384,B10,200,Actual concentration: 0.81
384_source_c1,384PP_Plus_AQ_BP,E18,m169_GvpW_50fmol,Axygen 384,B14,200,Actual concentration: 0.81
384_source_c1,384PP_Plus_AQ_BP,E18,m169_GvpW_50fmol,Axygen 384,B16,50,Actual concentration: 0.20
384_source_c1,384PP_Plus_AQ_BP,E18,m169_GvpW_50fmol,Axygen 384,B18,50,Actual concentration: 0.20
384_source_c1,384PP_Plus_AQ_BP,E18,m169_GvpW_50fmol,Axygen 384,B20,200,Actual concentration: 0.81
384_source_c1,384PP_Plus_AQ_BP,E18,m169_GvpW_50fmol,Axygen 384,B22,200,Actual concentration: 0.81
384_source_c1,384PP_Plus_AQ_BP,E18,m169_GvpW_50fmol,Axygen 384,B24,200,Actual concentration: 0.81
384_source_c1,384PP_Plus_AQ_BP,E18,m169_GvpW_50fmol,Axygen 384,D2,200,Actual concentration: 0.81
384_source_c1,384PP_Plus_AQ_BP,E18,m169_GvpW_50fmol,Axygen 384,D4,200,Actual concentration: 0.81
384_source_c1,384PP_Plus_AQ_BP,E18,m169_GvpW_50fmol,Axygen 384,D6,200,Actual concentration: 0.81
384_source_c1,384PP_Plus_AQ_BP,E18,m169_GvpW_50fmol,Axygen 384,D8,200,Actual concentration: 0.81
384_source_c1,384PP_Plus_AQ_BP,E18,m169_GvpW_50fmol,Axygen 384,D10,200,Actual concentration: 0.81
384_source_c1,384PP_Plus_AQ_BP,E18,m169_GvpW_50fmol,Axygen 384,D12,200,Actual concentration: 0.81
384_source_c1,384PP_Plus_AQ_BP,E18,m169_GvpW_50fmol,Axygen 384,D14,50,Actual concentration: 0.20
384_source_c1,384PP_Plus_AQ_BP,E18,m169_GvpW_50fmol,Axygen 384,D16,200,Actual concentration: 0.81
384_source_c1,384PP_Plus_AQ_BP,E18,m169_GvpW_50fmol,Axygen 384,D18,200,Actual concentration: 0.81
384_source_c1,384PP_Plus_AQ_BP,E18,m169_GvpW_50fmol,Axygen 384,D20,50,Actual concentration: 0.20
384_source_c1,384PP_Plus_AQ_BP,E18,m169_GvpW_50fmol,Axygen 384,D22,200,Actual concentration: 0.81
384_source_c1,384PP_Plus_AQ_BP,E18,m169_GvpW_50fmol,Axygen 384,D24,200,Actual concentration: 0.81
384_source_c1,384PP_Plus_AQ_BP,E18,m169_GvpW_50fmol,Axygen 384,F2,200,Actual concentration: 0.81
384_source_c1,384PP_Plus_AQ_BP,E18,m169_GvpW_50fmol,Axygen 384,F4,50,Actual concentration: 0.20
384_source_c1,384PP_Plus_AQ_BP,E18,m169_GvpW_50fmol,Axygen 384,F6,50,Actual concentration: 0.20
384_source_c1,384PP_Plus_AQ_BP,E18,m169_GvpW_50fmol,Axygen 384,F8,50,Actual concentration: 0.20
384_source_c1,384PP_Plus_AQ_BP,E18,m169_GvpW_50fmol,Axygen 384,F10,200,Actual concentration: 0.81
384_source_c1,384PP_Plus_AQ_BP,E18,m169_GvpW_50fmol,Axygen 384,F12,50,Actual concentration: 0.20
384_source_c1,384PP_Plus_AQ_BP,E18,m169_GvpW_50fmol,Axygen 384,F14,200,Actual concentration: 0.81
384_source_c1,384PP_Plus_AQ_BP,E18,m169_GvpW_50fmol,Axygen 384,F18,200,Actual concentration: 0.81
384_source_c1,384PP_Plus_AQ_BP,E18,m169_GvpW_50fmol,Axygen 384,F20,200,Actual concentration: 0.81
384_source_c1,384PP_Plus_AQ_BP,E18,m169_GvpW_50fmol,Axygen 384,F22,50,Actual concentration: 0.20
384_source_c1,384PP_Plus_AQ_BP,E18,m169_GvpW_50fmol,Axygen 384,F24,50,Actual concentration: 0.20
384_source_c1,384PP_Plus_AQ_BP,E18,m169_GvpW_50fmol,Axygen 384,H2,200,Actual concentration: 0.81
384_source_c1,384PP_Plus_AQ_BP,E18,m169_GvpW_50fmol,Axygen 384,H4,50,Actual concentration: 0.20
384_source_c1,384PP_Plus_AQ_BP,E18,m169_GvpW_50fmol,Axygen 384,H6,200,Actual concentration: 0.81
384_source_c1,384PP_Plus_AQ_BP,E18,m169_GvpW_50fmol,Axygen 384,H8,200,Actual concentration: 0.81
384_source_c1,384PP_Plus_AQ_BP,E18,m169_GvpW_50fmol,Axygen 384,H10,50,Actual concentration: 0.20
384_source_c1,384PP_Plus_AQ_BP,E18,m169_GvpW_50fmol,Axygen 384,H12,50,Actual concentration: 0.20
384_source_c1,384PP_Plus_AQ_BP,E18,m169_GvpW_50fmol,Axygen 384,H14,50,Actual concentration: 0.20
384_source_c1,384PP_Plus_AQ_BP,E18,m169_GvpW_50fmol,Axygen 384,H16,200,Actual concentration: 0.81
384_source_c1,384PP_Plus_AQ_BP,E18,m169_GvpW_50fmol,Axygen 384,H18,50,Actual concentration: 0.20
384_source_c1,384PP_Plus_AQ_BP,E18,m169_GvpW_50fmol,Axygen 384,H20,50,Actual concentration: 0.20
384_source_c1,384PP_Plus_AQ_BP,E18,m169_GvpW_50fmol,Axygen 384,H22,50,Actual concentration: 0.20
384_source_c1,384PP_Plus_AQ_BP,E18,m169_GvpW_50fmol,Axygen 384,H24,200,Actual concentration: 0.81
384_source_c1,384PP_Plus_AQ_BP,E18,m169_GvpW_50fmol,Axygen 384,J2,200,Actual concentration: 0.81
384_source_c1,384PP_Plus_AQ_BP,E18,m169_GvpW_50fmol,Axygen 384,J4,50,Actual concentration: 0.20
384_source_c1,384PP_Plus_AQ_BP,E18,m169_GvpW_50fmol,Axygen 384,J6,200,Actual concentration: 0.81
384_source_c1,384PP_Plus_AQ_BP,E18,m169_GvpW_50fmol,Axygen 384,J10,200,Actual concentration: 0.81
384_source_c1,384PP_Plus_AQ_BP,E18,m169_GvpW_50fmol,Axygen 384,J12,200,Actual concentration: 0.81
384_source_c1,384PP_Plus_AQ_BP,E18,m169_GvpW_50fmol,Axygen 384,J14,200,Actual concentration: 0.81
384_source_c1,384PP_Plus_AQ_BP,E18,m169_GvpW_50fmol,Axygen 384,J16,300,Actual concentration: 1.22
384_source_c1,384PP_Plus_AQ_BP,E18,m169_GvpW_50fmol,Axygen 384,J18,50,Actual concentration: 0.20
384_source_c1,384PP_Plus_AQ_BP,E18,m169_GvpW_50fmol,Axygen 384,J20,50,Actual concentration: 0.20
384_source_c1,384PP_Plus_AQ_BP,E18,m169_GvpW_50fmol,Axygen 384,J22,200,Actual concentration: 0.81
384_source_c1,384PP_Plus_AQ_BP,E18,m169_GvpW_50fmol,Axygen 384,J24,150,Actual concentration: 0.61
384_source_c1,384PP_Plus_AQ_BP,F18,m169_GvpW_50fmol,Axygen 384,J24,50,Actual concentration: 0.20
384_source_c1,384PP_Plus_AQ_BP,F18,m169_GvpW_50fmol,Axygen 384,L2,200,Actual concentration: 0.81
384_source_c1,384PP_Plus_AQ_BP,F18,m169_GvpW_50fmol,Axygen 384,L4,200,Actual concentration: 0.81
384_source_c1,384PP_Plus_AQ_BP,F18,m169_GvpW_50fmol,Axygen 384,L6,200,Actual concentration: 0.81
384_source_c1,384PP_Plus_AQ_BP,F18,m169_GvpW_50fmol,Axygen 384,L8,200,Actual concentration: 0.81
384_source_c1,384PP_Plus_AQ_BP,F18,m169_GvpW_50fmol,Axygen 384,L10,50,Actual concentration: 0.20
384_source_c1,384PP_Plus_AQ_BP,F18,m169_GvpW_50fmol,Axygen 384,L12,200,Actual concentration: 0.81
384_source_c1,384PP_Plus_AQ_BP,F18,m169_GvpW_50fmol,Axygen 384,L18,50,Actual concentration: 0.20
384_source_c1,384PP_Plus_AQ_BP,F18,m169_GvpW_50fmol,Axygen 384,L20,50,Actual concentration: 0.20
384_source_c1,384PP_Plus_AQ_BP,F18,m169_GvpW_50fmol,Axygen 384,L22,50,Actual concentration: 0.20
384_source_c1,384PP_Plus_AQ_BP,F18,m169_GvpW_50fmol,Axygen 384,L24,200,Actual concentration: 0.81
384_source_c1,384PP_Plus_AQ_BP,F18,m169_GvpW_50fmol,Axygen 384,N2,50,Actual concentration: 0.20
384_source_c1,384PP_Plus_AQ_BP,F18,m169_GvpW_50fmol,Axygen 384,N4,50,Actual concentration: 0.20
384_source_c1,384PP_Plus_AQ_BP,F18,m169_GvpW_50fmol,Axygen 384,N6,200,Actual concentration: 0.81
384_source_c1,384PP_Plus_AQ_BP,F18,m169_GvpW_50fmol,Axygen 384,N8,50,Actual concentration: 0.20
384_source_c1,384PP_Plus_AQ_BP,F18,m169_GvpW_50fmol,Axygen 384,N10,200,Actual concentration: 0.81
384_source_c1,384PP_Plus_AQ_BP,F18,m169_GvpW_50fmol,Axygen 384,N12,50,Actual concentration: 0.20
384_source_c1,384PP_Plus_AQ_BP,F18,m169_GvpW_50fmol,Axygen 384,N14,300,Actual concentration: 1.22
384_source_c1,384PP_Plus_AQ_BP,F18,m169_GvpW_50fmol,Axygen 384,N18,200,Actual concentration: 0.81
384_source_c1,384PP_Plus_AQ_BP,F18,m169_GvpW_50fmol,Axygen 384,N20,200,Actual concentration: 0.81
384_source_c1,384PP_Plus_AQ_BP,F18,m169_GvpW_50fmol,Axygen 384,N22,200,Actual concentration: 0.81
384_source_c1,384PP_Plus_AQ_BP,F18,m169_GvpW_50fmol,Axygen 384,N24,200,Actual concentration: 0.81
384_source_c1,384PP_Plus_AQ_BP,F18,m169_GvpW_50fmol,Axygen 384,P2,200,Actual concentration: 0.81
384_source_c1,384PP_Plus_AQ_BP,F18,m169_GvpW_50fmol,Axygen 384,P4,300,Actual concentration: 1.22
384_source_c1,384PP_Plus_AQ_BP,F18,m169_GvpW_50fmol,Axygen 384,P6,200,Actual concentration: 0.81
384_source_c1,384PP_Plus_AQ_BP,F18,m169_GvpW_50fmol,Axygen 384,P8,300,Actual concentration: 1.22
384_source_c1,384PP_Plus_AQ_BP,F18,m169_GvpW_50fmol,Axygen 384,P10,200,Actual concentration: 0.81
384_source_c1,384PP_Plus_AQ_BP,F18,m169_GvpW_50fmol,Axygen 384,P12,50,Actual concentration: 0.20
384_source_c1,384PP_Plus_AQ_BP,F18,m169_GvpW_50fmol,Axygen 384,P14,50,Actual concentration: 0.20
384_source_c1,384PP_Plus_AQ_BP,F18,m169_GvpW_50fmol,Axygen 384,P16,200,Actual concentration: 0.81
384_source_c1,384PP_Plus_AQ_BP,F18,m169_GvpW_50fmol,Axygen 384,P18,50,Actual concentration: 0.20
384_source_c1,384PP_Plus_AQ_BP,F18,m169_GvpW_50fmol,Axygen 384,P20,50,Actual concentration: 0.20
384_source_c1,384PP_Plus_AQ_BP,F18,m169_GvpW_50fmol,Axygen 384,P22,50,Actual concentration: 0.20
384_source_c1,384PP_Plus_AQ_BP,F18,m169_GvpW_50fmol,Axygen 384,P24,200,Actual concentration: 0.81
384_source_c1,384PP_Plus_AQ_BP,B19,puc19,Axygen 384,A1,425,Actual concentration: 6.27
384_source_c1,384PP_Plus_AQ_BP,B19,puc19,Axygen 384,A3,525,Actual concentration: 7.75
384_source_c1,384PP_Plus_AQ_BP,B19,puc19,Axygen 384,A5,525,Actual concentration: 7.75
384_source_c1,384PP_Plus_AQ_BP,B19,puc19,Axygen 384,A7,525,Actual concentration: 7.75
384_source_c1,384PP_Plus_AQ_BP,B19,puc19,Axygen 384,A9,525,Actual concentration: 7.75
384_source_c1,384PP_Plus_AQ_BP,B19,puc19,Axygen 384,A11,450,Actual concentration: 6.64
384_source_c1,384PP_Plus_AQ_BP,B19,puc19,Axygen 384,A13,525,Actual concentration: 7.75
384_source_c1,384PP_Plus_AQ_BP,B19,puc19,Axygen 384,A15,525,Actual concentration: 7.75
384_source_c1,384PP_Plus_AQ_BP,B19,puc19,Axygen 384,A17,525,Actual concentration: 7.75
384_source_c1,384PP_Plus_AQ_BP,B19,puc19,Axygen 384,A19,450,Actual concentration: 6.64
384_source_c1,384PP_Plus_AQ_BP,B19,puc19,Axygen 384,A21,375,Actual concentration: 5.54
384_source_c1,384PP_Plus_AQ_BP,B19,puc19,Axygen 384,A23,375,Actual concentration: 5.54
384_source_c1,384PP_Plus_AQ_BP,B19,puc19,Axygen 384,C1,450,Actual concentration: 6.64
384_source_c1,384PP_Plus_AQ_BP,B19,puc19,Axygen 384,C3,450,Actual concentration: 6.64
384_source_c1,384PP_Plus_AQ_BP,B19,puc19,Axygen 384,C5,450,Actual concentration: 6.64
384_source_c1,384PP_Plus_AQ_BP,B19,puc19,Axygen 384,C7,425,Actual concentration: 6.27
384_source_c1,384PP_Plus_AQ_BP,B19,puc19,Axygen 384,C9,425,Actual concentration: 6.27
384_source_c1,384PP_Plus_AQ_BP,B19,puc19,Axygen 384,C11,450,Actual concentration: 6.64
384_source_c1,384PP_Plus_AQ_BP,B19,puc19,Axygen 384,C13,425,Actual concentration: 6.27
384_source_c1,384PP_Plus_AQ_BP,B19,puc19,Axygen 384,C15,375,Actual concentration: 5.54
384_source_c1,384PP_Plus_AQ_BP,B19,puc19,Axygen 384,C17,450,Actual concentration: 6.64
384_source_c1,384PP_Plus_AQ_BP,B19,puc19,Axygen 384,C19,350,Actual concentration: 5.17
384_source_c1,384PP_Plus_AQ_BP,B20,puc19,Axygen 384,C19,100,Actual concentration: 1.48
384_source_c1,384PP_Plus_AQ_BP,B20,puc19,Axygen 384,C21,450,Actual concentration: 6.64
384_source_c1,384PP_Plus_AQ_BP,B20,puc19,Axygen 384,C23,450,Actual concentration: 6.64
384_source_c1,384PP_Plus_AQ_BP,B20,puc19,Axygen 384,E1,375,Actual concentration: 5.54
384_source_c1,384PP_Plus_AQ_BP,B20,puc19,Axygen 384,E3,525,Actual concentration: 7.75
384_source_c1,384PP_Plus_AQ_BP,B20,puc19,Axygen 384,E5,450,Actual concentration: 6.64
384_source_c1,384PP_Plus_AQ_BP,B20,puc19,Axygen 384,E7,450,Actual concentration: 6.64
384_source_c1,384PP_Plus_AQ_BP,B20,puc19,Axygen 384,E9,450,Actual concentration: 6.64
384_source_c1,384PP_Plus_AQ_BP,B20,puc19,Axygen 384,E11,375,Actual concentration: 5.54
384_source_c1,384PP_Plus_AQ_BP,B20,puc19,Axygen 384,E13,525,Actual concentration: 7.75
384_source_c1,384PP_Plus_AQ_BP,B20,puc19,Axygen 384,E17,600,Actual concentration: 8.86
384_source_c1,384PP_Plus_AQ_BP,B20,puc19,Axygen 384,E19,425,Actual concentration: 6.27
384_source_c1,384PP_Plus_AQ_BP,B20,puc19,Axygen 384,E21,50,Actual concentration: 0.74
384_source_c1,384PP_Plus_AQ_BP,B20,puc19,Axygen 384,E23,425,Actual concentration: 6.27
384_source_c1,384PP_Plus_AQ_BP,B20,puc19,Axygen 384,G1,375,Actual concentration: 5.54
384_source_c1,384PP_Plus_AQ_BP,B20,puc19,Axygen 384,G3,425,Actual concentration: 6.27
384_source_c1,384PP_Plus_AQ_BP,B20,puc19,Axygen 384,G5,450,Actual concentration: 6.64
384_source_c1,384PP_Plus_AQ_BP,B20,puc19,Axygen 384,G7,375,Actual concentration: 5.54
384_source_c1,384PP_Plus_AQ_BP,B20,puc19,Axygen 384,G9,425,Actual concentration: 6.27
384_source_c1,384PP_Plus_AQ_BP,B20,puc19,Axygen 384,G11,375,Actual concentration: 5.54
384_source_c1,384PP_Plus_AQ_BP,B20,puc19,Axygen 384,G13,450,Actual concentration: 6.64
384_source_c1,384PP_Plus_AQ_BP,B20,puc19,Axygen 384,G15,425,Actual concentration: 6.27
384_source_c1,384PP_Plus_AQ_BP,B20,puc19,Axygen 384,G17,450,Actual concentration: 6.64
384_source_c1,384PP_Plus_AQ_BP,B20,puc19,Axygen 384,G19,450,Actual concentration: 6.64
384_source_c1,384PP_Plus_AQ_BP,B20,puc19,Axygen 384,G21,150,Actual concentration: 2.21
384_source_c1,384PP_Plus_AQ_BP,C19,puc19,Axygen 384,G21,275,Actual concentration: 4.06
384_source_c1,384PP_Plus_AQ_BP,C19,puc19,Axygen 384,G23,450,Actual concentration: 6.64
384_source_c1,384PP_Plus_AQ_BP,C19,puc19,Axygen 384,I1,450,Actual concentration: 6.64
384_source_c1,384PP_Plus_AQ_BP,C19,puc19,Axygen 384,I3,525,Actual concentration: 7.75
384_source_c1,384PP_Plus_AQ_BP,C19,puc19,Axygen 384,I5,425,Actual concentration: 6.27
384_source_c1,384PP_Plus_AQ_BP,C19,puc19,Axygen 384,I7,425,Actual concentration: 6.27
384_source_c1,384PP_Plus_AQ_BP,C19,puc19,Axygen 384,I9,525,Actual concentration: 7.75
384_source_c1,384PP_Plus_AQ_BP,C19,puc19,Axygen 384,I11,375,Actual concentration: 5.54
384_source_c1,384PP_Plus_AQ_BP,C19,puc19,Axygen 384,I13,425,Actual concentration: 6.27
384_source_c1,384PP_Plus_AQ_BP,C19,puc19,Axygen 384,I15,375,Actual concentration: 5.54
384_source_c1,384PP_Plus_AQ_BP,C19,puc19,Axygen 384,I17,425,Actual concentration: 6.27
384_source_c1,384PP_Plus_AQ_BP,C19,puc19,Axygen 384,I19,450,Actual concentration: 6.64
384_source_c1,384PP_Plus_AQ_BP,C19,puc19,Axygen 384,I21,450,Actual concentration: 6.64
384_source_c1,384PP_Plus_AQ_BP,C19,puc19,Axygen 384,I23,1950,Actual concentration: 28.79
384_source_c1,384PP_Plus_AQ_BP,C19,puc19,Axygen 384,K1,375,Actual concentration: 5.54
384_source_c1,384PP_Plus_AQ_BP,C19,puc19,Axygen 384,K3,525,Actual concentration: 7.75
384_source_c1,384PP_Plus_AQ_BP,C19,puc19,Axygen 384,K5,450,Actual concentration: 6.64
384_source_c1,384PP_Plus_AQ_BP,C19,puc19,Axygen 384,K7,375,Actual concentration: 5.54
384_source_c1,384PP_Plus_AQ_BP,C19,puc19,Axygen 384,K9,450,Actual concentration: 6.64
384_source_c1,384PP_Plus_AQ_BP,C19,puc19,Axygen 384,K11,300,Actual concentration: 4.43
384_source_c1,384PP_Plus_AQ_BP,C20,puc19,Axygen 384,K11,75,Actual concentration: 1.11
384_source_c1,384PP_Plus_AQ_BP,C20,puc19,Axygen 384,K13,375,Actual concentration: 5.54
384_source_c1,384PP_Plus_AQ_BP,C20,puc19,Axygen 384,K15,600,Actual concentration: 8.86
384_source_c1,384PP_Plus_AQ_BP,C20,puc19,Axygen 384,K17,525,Actual concentration: 7.75
384_source_c1,384PP_Plus_AQ_BP,C20,puc19,Axygen 384,K19,525,Actual concentration: 7.75
384_source_c1,384PP_Plus_AQ_BP,C20,puc19,Axygen 384,K21,450,Actual concentration: 6.64
384_source_c1,384PP_Plus_AQ_BP,C20,puc19,Axygen 384,K23,450,Actual concentration: 6.64
384_source_c1,384PP_Plus_AQ_BP,C20,puc19,Axygen 384,M1,50,Actual concentration: 0.74
384_source_c1,384PP_Plus_AQ_BP,C20,puc19,Axygen 384,M3,450,Actual concentration: 6.64
384_source_c1,384PP_Plus_AQ_BP,C20,puc19,Axygen 384,M5,375,Actual concentration: 5.54
384_source_c1,384PP_Plus_AQ_BP,C20,puc19,Axygen 384,M7,50,Actual concentration: 0.74
384_source_c1,384PP_Plus_AQ_BP,C20,puc19,Axygen 384,M9,450,Actual concentration: 6.64
384_source_c1,384PP_Plus_AQ_BP,C20,puc19,Axygen 384,M11,375,Actual concentration: 5.54
384_source_c1,384PP_Plus_AQ_BP,C20,puc19,Axygen 384,M13,450,Actual concentration: 6.64
384_source_c1,384PP_Plus_AQ_BP,C20,puc19,Axygen 384,M15,425,Actual concentration: 6.27
384_source_c1,384PP_Plus_AQ_BP,C20,puc19,Axygen 384,M17,450,Actual concentration: 6.64
384_source_c1,384PP_Plus_AQ_BP,C20,puc19,Axygen 384,M19,525,Actual concentration: 7.75
384_source_c1,384PP_Plus_AQ_BP,C20,puc19,Axygen 384,M21,375,Actual concentration: 5.54
384_source_c1,384PP_Plus_AQ_BP,C20,puc19,Axygen 384,M23,525,Actual concentration: 7.75
384_source_c1,384PP_Plus_AQ_BP,C20,puc19,Axygen 384,O1,525,Actual concentration: 7.75
384_source_c1,384PP_Plus_AQ_BP,C20,puc19,Axygen 384,O3,525,Actual concentration: 7.75
384_source_c1,384PP_Plus_AQ_BP,C20,puc19,Axygen 384,O5,375,Actual concentration: 5.54
384_source_c1,384PP_Plus_AQ_BP,C20,puc19,Axygen 384,O7,525,Actual concentration: 7.75
384_source_c1,384PP_Plus_AQ_BP,C20,puc19,Axygen 384,O9,375,Actual concentration: 5.54
384_source_c1,384PP_Plus_AQ_BP,C20,puc19,Axygen 384,O11,175,Actual concentration: 2.58
384_source_c1,384PP_Plus_AQ_BP,D19,puc19,Axygen 384,O11,275,Actual concentration: 4.06
384_source_c1,384PP_Plus_AQ_BP,D19,puc19,Axygen 384,O13,525,Actual concentration: 7.75
384_source_c1,384PP_Plus_AQ_BP,D19,puc19,Axygen 384,O15,375,Actual concentration: 5.54
384_source_c1,384PP_Plus_AQ_BP,D19,puc19,Axygen 384,O17,425,Actual concentration: 6.27
384_source_c1,384PP_Plus_AQ_BP,D19,puc19,Axygen 384,O19,450,Actual concentration: 6.64
384_source_c1,384PP_Plus_AQ_BP,D19,puc19,Axygen 384,O21,600,Actual concentration: 8.86
384_source_c1,384PP_Plus_AQ_BP,D19,puc19,Axygen 384,O23,450,Actual concentration: 6.64
384_source_c1,384PP_Plus_AQ_BP,D19,puc19,Axygen 384,E15,1950,Actual concentration: 28.79
384_source_c1,384PP_Plus_AQ_BP,D19,puc19,Axygen 384,A2,375,Actual concentration: 5.54
384_source_c1,384PP_Plus_AQ_BP,D19,puc19,Axygen 384,A4,450,Actual concentration: 6.64
384_source_c1,384PP_Plus_AQ_BP,D19,puc19,Axygen 384,A6,450,Actual concentration: 6.64
384_source_c1,384PP_Plus_AQ_BP,D19,puc19,Axygen 384,A8,375,Actual concentration: 5.54
384_source_c1,384PP_Plus_AQ_BP,D19,puc19,Axygen 384,A10,375,Actual concentration: 5.54
384_source_c1,384PP_Plus_AQ_BP,D19,puc19,Axygen 384,A12,375,Actual concentration: 5.54
384_source_c1,384PP_Plus_AQ_BP,D19,puc19,Axygen 384,A14,350,Actual concentration: 5.17
384_source_c1,384PP_Plus_AQ_BP,D19,puc19,Axygen 384,A16,450,Actual concentration: 6.64
384_source_c1,384PP_Plus_AQ_BP,D19,puc19,Axygen 384,A18,375,Actual concentration: 5.54
384_source_c1,384PP_Plus_AQ_BP,D19,puc19,Axygen 384,A20,450,Actual concentration: 6.64
384_source_c1,384PP_Plus_AQ_BP,D19,puc19,Axygen 384,A22,375,Actual concentration: 5.54
384_source_c1,384PP_Plus_AQ_BP,D19,puc19,Axygen 384,A24,450,Actual concentration: 6.64
384_source_c1,384PP_Plus_AQ_BP,D19,puc19,Axygen 384,C2,100,Actual concentration: 1.48
384_source_c1,384PP_Plus_AQ_BP,E19,puc19,Axygen 384,C2,275,Actual concentration: 4.06
384_source_c1,384PP_Plus_AQ_BP,E19,puc19,Axygen 384,C4,450,Actual concentration: 6.64
384_source_c1,384PP_Plus_AQ_BP,E19,puc19,Axygen 384,C6,375,Actual concentration: 5.54
384_source_c1,384PP_Plus_AQ_BP,E19,puc19,Axygen 384,C8,450,Actual concentration: 6.64
384_source_c1,384PP_Plus_AQ_BP,E19,puc19,Axygen 384,C10,375,Actual concentration: 5.54
384_source_c1,384PP_Plus_AQ_BP,E19,puc19,Axygen 384,C12,450,Actual concentration: 6.64
384_source_c1,384PP_Plus_AQ_BP,E19,puc19,Axygen 384,C14,375,Actual concentration: 5.54
384_source_c1,384PP_Plus_AQ_BP,E19,puc19,Axygen 384,C16,375,Actual concentration: 5.54
384_source_c1,384PP_Plus_AQ_BP,E19,puc19,Axygen 384,C18,375,Actual concentration: 5.54
384_source_c1,384PP_Plus_AQ_BP,E19,puc19,Axygen 384,C20,450,Actual concentration: 6.64
384_source_c1,384PP_Plus_AQ_BP,E19,puc19,Axygen 384,C22,375,Actual concentration: 5.54
384_source_c1,384PP_Plus_AQ_BP,E19,puc19,Axygen 384,C24,50,Actual concentration: 0.74
384_source_c1,384PP_Plus_AQ_BP,E19,puc19,Axygen 384,E2,450,Actual concentration: 6.64
384_source_c1,384PP_Plus_AQ_BP,E19,puc19,Axygen 384,E4,375,Actual concentration: 5.54
384_source_c1,384PP_Plus_AQ_BP,E19,puc19,Axygen 384,E6,600,Actual concentration: 8.86
384_source_c1,384PP_Plus_AQ_BP,E19,puc19,Axygen 384,E8,375,Actual concentration: 5.54
384_source_c1,384PP_Plus_AQ_BP,E19,puc19,Axygen 384,E10,450,Actual concentration: 6.64
384_source_c1,384PP_Plus_AQ_BP,E19,puc19,Axygen 384,E12,375,Actual concentration: 5.54
384_source_c1,384PP_Plus_AQ_BP,E19,puc19,Axygen 384,E14,375,Actual concentration: 5.54
384_source_c1,384PP_Plus_AQ_BP,E19,puc19,Axygen 384,E18,525,Actual concentration: 7.75
384_source_c1,384PP_Plus_AQ_BP,E19,puc19,Axygen 384,E20,375,Actual concentration: 5.54
384_source_c1,384PP_Plus_AQ_BP,E19,puc19,Axygen 384,E22,375,Actual concentration: 5.54
384_source_c1,384PP_Plus_AQ_BP,E19,puc19,Axygen 384,E24,450,Actual concentration: 6.64
384_source_c1,384PP_Plus_AQ_BP,E19,puc19,Axygen 384,G2,50,Actual concentration: 0.74
384_source_c1,384PP_Plus_AQ_BP,E19,puc19,Axygen 384,G4,50,Actual concentration: 0.74
384_source_c1,384PP_Plus_AQ_BP,E19,puc19,Axygen 384,G6,450,Actual concentration: 6.64
384_source_c1,384PP_Plus_AQ_BP,E19,puc19,Axygen 384,G8,350,Actual concentration: 5.17
384_source_c1,384PP_Plus_AQ_BP,F19,puc19,Axygen 384,G8,25,Actual concentration: 0.37
384_source_c1,384PP_Plus_AQ_BP,F19,puc19,Axygen 384,G10,375,Actual concentration: 5.54
384_source_c1,384PP_Plus_AQ_BP,F19,puc19,Axygen 384,G12,375,Actual concentration: 5.54
384_source_c1,384PP_Plus_AQ_BP,F19,puc19,Axygen 384,G14,375,Actual concentration: 5.54
384_source_c1,384PP_Plus_AQ_BP,F19,puc19,Axygen 384,G16,375,Actual concentration: 5.54
384_source_c1,384PP_Plus_AQ_BP,F19,puc19,Axygen 384,G18,450,Actual concentration: 6.64
384_source_c1,384PP_Plus_AQ_BP,F19,puc19,Axygen 384,G20,375,Actual concentration: 5.54
384_source_c1,384PP_Plus_AQ_BP,F19,puc19,Axygen 384,G22,375,Actual concentration: 5.54
384_source_c1,384PP_Plus_AQ_BP,F19,puc19,Axygen 384,G24,425,Actual concentration: 6.27
384_source_c1,384PP_Plus_AQ_BP,F19,puc19,Axygen 384,I2,450,Actual concentration: 6.64
384_source_c1,384PP_Plus_AQ_BP,F19,puc19,Axygen 384,I4,375,Actual concentration: 5.54
384_source_c1,384PP_Plus_AQ_BP,F19,puc19,Axygen 384,I6,375,Actual concentration: 5.54
384_source_c1,384PP_Plus_AQ_BP,F19,puc19,Axygen 384,I8,450,Actual concentration: 6.64
384_source_c1,384PP_Plus_AQ_BP,F19,puc19,Axygen 384,I10,1950,Actual concentration: 28.79
384_source_c1,384PP_Plus_AQ_BP,F19,puc19,Axygen 384,I12,600,Actual concentration: 8.86
384_source_c1,384PP_Plus_AQ_BP,F19,puc19,Axygen 384,I14,375,Actual concentration: 5.54
384_source_c1,384PP_Plus_AQ_BP,F19,puc19,Axygen 384,I16,375,Actual concentration: 5.54
384_source_c1,384PP_Plus_AQ_BP,F19,puc19,Axygen 384,I18,425,Actual concentration: 6.27
384_source_c1,384PP_Plus_AQ_BP,F19,puc19,Axygen 384,I20,375,Actual concentration: 5.54
384_source_c1,384PP_Plus_AQ_BP,F19,puc19,Axygen 384,I22,450,Actual concentration: 6.64
384_source_c1,384PP_Plus_AQ_BP,F19,puc19,Axygen 384,I24,450,Actual concentration: 6.64
384_source_c1,384PP_Plus_AQ_BP,F19,puc19,Axygen 384,K2,200,Actual concentration: 2.95
384_source_c1,384PP_Plus_AQ_BP,G19,puc19,Axygen 384,K2,175,Actual concentration: 2.58
384_source_c1,384PP_Plus_AQ_BP,G19,puc19,Axygen 384,K4,450,Actual concentration: 6.64
384_source_c1,384PP_Plus_AQ_BP,G19,puc19,Axygen 384,K6,375,Actual concentration: 5.54
384_source_c1,384PP_Plus_AQ_BP,G19,puc19,Axygen 384,K8,375,Actual concentration: 5.54
384_source_c1,384PP_Plus_AQ_BP,G19,puc19,Axygen 384,K10,450,Actual concentration: 6.64
384_source_c1,384PP_Plus_AQ_BP,G19,puc19,Axygen 384,K12,375,Actual concentration: 5.54
384_source_c1,384PP_Plus_AQ_BP,G19,puc19,Axygen 384,K14,450,Actual concentration: 6.64
384_source_c1,384PP_Plus_AQ_BP,G19,puc19,Axygen 384,K16,375,Actual concentration: 5.54
384_source_c1,384PP_Plus_AQ_BP,G19,puc19,Axygen 384,K18,425,Actual concentration: 6.27
384_source_c1,384PP_Plus_AQ_BP,G19,puc19,Axygen 384,K20,375,Actual concentration: 5.54
384_source_c1,384PP_Plus_AQ_BP,G19,puc19,Axygen 384,K22,450,Actual concentration: 6.64
384_source_c1,384PP_Plus_AQ_BP,G19,puc19,Axygen 384,K24,450,Actual concentration: 6.64
384_source_c1,384PP_Plus_AQ_BP,G19,puc19,Axygen 384,M2,450,Actual concentration: 6.64
384_source_c1,384PP_Plus_AQ_BP,G19,puc19,Axygen 384,M4,525,Actual concentration: 7.75
384_source_c1,384PP_Plus_AQ_BP,G19,puc19,Axygen 384,M6,375,Actual concentration: 5.54
384_source_c1,384PP_Plus_AQ_BP,G19,puc19,Axygen 384,M8,450,Actual concentration: 6.64
384_source_c1,384PP_Plus_AQ_BP,G19,puc19,Axygen 384,M10,375,Actual concentration: 5.54
384_source_c1,384PP_Plus_AQ_BP,G19,puc19,Axygen 384,M12,375,Actual concentration: 5.54
384_source_c1,384PP_Plus_AQ_BP,G19,puc19,Axygen 384,M14,375,Actual concentration: 5.54
384_source_c1,384PP_Plus_AQ_BP,G19,puc19,Axygen 384,M16,525,Actual concentration: 7.75
384_source_c1,384PP_Plus_AQ_BP,G19,puc19,Axygen 384,M18,350,Actual concentration: 5.17
384_source_c1,384PP_Plus_AQ_BP,G19,puc19,Axygen 384,M20,375,Actual concentration: 5.54
384_source_c1,384PP_Plus_AQ_BP,G19,puc19,Axygen 384,M22,450,Actual concentration: 6.64
384_source_c1,384PP_Plus_AQ_BP,G19,puc19,Axygen 384,M24,525,Actual concentration: 7.75
384_source_c1,384PP_Plus_AQ_BP,G19,puc19,Axygen 384,O2,125,Actual concentration: 1.85
384_source_c1,384PP_Plus_AQ_BP,H19,puc19,Axygen 384,O2,475,Actual concentration: 7.01
384_source_c1,384PP_Plus_AQ_BP,H19,puc19,Axygen 384,O4,425,Actual concentration: 6.27
384_source_c1,384PP_Plus_AQ_BP,H19,puc19,Axygen 384,O6,350,Actual concentration: 5.17
384_source_c1,384PP_Plus_AQ_BP,H19,puc19,Axygen 384,O8,375,Actual concentration: 5.54
384_source_c1,384PP_Plus_AQ_BP,H19,puc19,Axygen 384,O10,375,Actual concentration: 5.54
384_source_c1,384PP_Plus_AQ_BP,H19,puc19,Axygen 384,O12,450,Actual concentration: 6.64
384_source_c1,384PP_Plus_AQ_BP,H19,puc19,Axygen 384,O14,375,Actual concentration: 5.54
384_source_c1,384PP_Plus_AQ_BP,H19,puc19,Axygen 384,O16,375,Actual concentration: 5.54
384_source_c1,384PP_Plus_AQ_BP,H19,puc19,Axygen 384,O18,375,Actual concentration: 5.54
384_source_c1,384PP_Plus_AQ_BP,H19,puc19,Axygen 384,O20,450,Actual concentration: 6.64
384_source_c1,384PP_Plus_AQ_BP,H19,puc19,Axygen 384,O22,350,Actual concentration: 5.17
384_source_c1,384PP_Plus_AQ_BP,H19,puc19,Axygen 384,O24,375,Actual concentration: 5.54
384_source_c1,384PP_Plus_AQ_BP,H19,puc19,Axygen 384,E16,1950,Actual concentration: 28.79
384_source_c1,384PP_Plus_AQ_BP,H19,puc19,Axygen 384,B1,450,Actual concentration: 6.64
384_source_c1,384PP_Plus_AQ_BP,H19,puc19,Axygen 384,B3,425,Actual concentration: 6.27
384_source_c1,384PP_Plus_AQ_BP,H19,puc19,Axygen 384,B5,525,Actual concentration: 7.75
384_source_c1,384PP_Plus_AQ_BP,H19,puc19,Axygen 384,B7,50,Actual concentration: 0.74
384_source_c1,384PP_Plus_AQ_BP,H19,puc19,Axygen 384,B9,350,Actual concentration: 5.17
384_source_c1,384PP_Plus_AQ_BP,H19,puc19,Axygen 384,B11,350,Actual concentration: 5.17
384_source_c1,384PP_Plus_AQ_BP,H19,puc19,Axygen 384,B13,375,Actual concentration: 5.54
384_source_c1,384PP_Plus_AQ_BP,H19,puc19,Axygen 384,B15,525,Actual concentration: 7.75
384_source_c1,384PP_Plus_AQ_BP,H19,puc19,Axygen 384,B17,250,Actual concentration: 3.69
384_source_c1,384PP_Plus_AQ_BP,I19,puc19,Axygen 384,B17,275,Actual concentration: 4.06
384_source_c1,384PP_Plus_AQ_BP,I19,puc19,Axygen 384,B19,600,Actual concentration: 8.86
384_source_c1,384PP_Plus_AQ_BP,I19,puc19,Axygen 384,B21,350,Actual concentration: 5.17
384_source_c1,384PP_Plus_AQ_BP,I19,puc19,Axygen 384,B23,425,Actual concentration: 6.27
384_source_c1,384PP_Plus_AQ_BP,I19,puc19,Axygen 384,D1,350,Actual concentration: 5.17
384_source_c1,384PP_Plus_AQ_BP,I19,puc19,Axygen 384,D3,200,Actual concentration: 2.95
384_source_c1,384PP_Plus_AQ_BP,I19,puc19,Axygen 384,D5,125,Actual concentration: 1.85
384_source_c1,384PP_Plus_AQ_BP,I19,puc19,Axygen 384,D7,1950,Actual concentration: 28.79
384_source_c1,384PP_Plus_AQ_BP,I19,puc19,Axygen 384,D9,375,Actual concentration: 5.54
384_source_c1,384PP_Plus_AQ_BP,I19,puc19,Axygen 384,D11,450,Actual concentration: 6.64
384_source_c1,384PP_Plus_AQ_BP,I19,puc19,Axygen 384,D13,350,Actual concentration: 5.17
384_source_c1,384PP_Plus_AQ_BP,I19,puc19,Axygen 384,D15,375,Actual concentration: 5.54
384_source_c1,384PP_Plus_AQ_BP,I19,puc19,Axygen 384,D17,450,Actual concentration: 6.64
384_source_c1,384PP_Plus_AQ_BP,I19,puc19,Axygen 384,D19,350,Actual concentration: 5.17
384_source_c1,384PP_Plus_AQ_BP,I19,puc19,Axygen 384,D21,375,Actual concentration: 5.54
384_source_c1,384PP_Plus_AQ_BP,I19,puc19,Axygen 384,D23,200,Actual concentration: 2.95
384_source_c1,384PP_Plus_AQ_BP,I19,puc19,Axygen 384,F1,350,Actual concentration: 5.17
384_source_c1,384PP_Plus_AQ_BP,I19,puc19,Axygen 384,F3,375,Actual concentration: 5.54
384_source_c1,384PP_Plus_AQ_BP,I19,puc19,Axygen 384,F5,200,Actual concentration: 2.95
384_source_c1,384PP_Plus_AQ_BP,I19,puc19,Axygen 384,F7,375,Actual concentration: 5.54
384_source_c1,384PP_Plus_AQ_BP,I19,puc19,Axygen 384,F9,425,Actual concentration: 6.27
384_source_c1,384PP_Plus_AQ_BP,I19,puc19,Axygen 384,F11,350,Actual concentration: 5.17
384_source_c1,384PP_Plus_AQ_BP,I19,puc19,Axygen 384,F13,350,Actual concentration: 5.17
384_source_c1,384PP_Plus_AQ_BP,I19,puc19,Axygen 384,F17,375,Actual concentration: 5.54
384_source_c1,384PP_Plus_AQ_BP,J19,puc19,Axygen 384,F19,375,Actual concentration: 5.54
384_source_c1,384PP_Plus_AQ_BP,J19,puc19,Axygen 384,F21,350,Actual concentration: 5.17
384_source_c1,384PP_Plus_AQ_BP,J19,puc19,Axygen 384,F23,375,Actual concentration: 5.54
384_source_c1,384PP_Plus_AQ_BP,J19,puc19,Axygen 384,H1,375,Actual concentration: 5.54
384_source_c1,384PP_Plus_AQ_BP,J19,puc19,Axygen 384,H3,525,Actual concentration: 7.75
384_source_c1,384PP_Plus_AQ_BP,J19,puc19,Axygen 384,H5,600,Actual concentration: 8.86
384_source_c1,384PP_Plus_AQ_BP,J19,puc19,Axygen 384,H7,450,Actual concentration: 6.64
384_source_c1,384PP_Plus_AQ_BP,J19,puc19,Axygen 384,H9,425,Actual concentration: 6.27
384_source_c1,384PP_Plus_AQ_BP,J19,puc19,Axygen 384,H11,375,Actual concentration: 5.54
384_source_c1,384PP_Plus_AQ_BP,J19,puc19,Axygen 384,H13,450,Actual concentration: 6.64
384_source_c1,384PP_Plus_AQ_BP,J19,puc19,Axygen 384,H15,425,Actual concentration: 6.27
384_source_c1,384PP_Plus_AQ_BP,J19,puc19,Axygen 384,H17,425,Actual concentration: 6.27
384_source_c1,384PP_Plus_AQ_BP,J19,puc19,Axygen 384,H19,350,Actual concentration: 5.17
384_source_c1,384PP_Plus_AQ_BP,J19,puc19,Axygen 384,H21,125,Actual concentration: 1.85
384_source_c1,384PP_Plus_AQ_BP,J19,puc19,Axygen 384,H23,425,Actual concentration: 6.27
384_source_c1,384PP_Plus_AQ_BP,J19,puc19,Axygen 384,J1,450,Actual concentration: 6.64
384_source_c1,384PP_Plus_AQ_BP,J19,puc19,Axygen 384,J3,175,Actual concentration: 2.58
384_source_c1,384PP_Plus_AQ_BP,J19,puc19,Axygen 384,J5,450,Actual concentration: 6.64
384_source_c1,384PP_Plus_AQ_BP,J19,puc19,Axygen 384,J7,350,Actual concentration: 5.17
384_source_c1,384PP_Plus_AQ_BP,J19,puc19,Axygen 384,J9,375,Actual concentration: 5.54
384_source_c1,384PP_Plus_AQ_BP,J19,puc19,Axygen 384,J11,125,Actual concentration: 1.85
384_source_c1,384PP_Plus_AQ_BP,J19,puc19,Axygen 384,J13,450,Actual concentration: 6.64
384_source_c1,384PP_Plus_AQ_BP,J19,puc19,Axygen 384,J15,350,Actual concentration: 5.17
384_source_c1,384PP_Plus_AQ_BP,J19,puc19,Axygen 384,J17,450,Actual concentration: 6.64
384_source_c1,384PP_Plus_AQ_BP,J19,puc19,Axygen 384,J19,125,Actual concentration: 1.85
384_source_c1,384PP_Plus_AQ_BP,J19,puc19,Axygen 384,J21,375,Actual concentration: 5.54
384_source_c1,384PP_Plus_AQ_BP,J19,puc19,Axygen 384,J23,275,Actual concentration: 4.06
384_source_c1,384PP_Plus_AQ_BP,K19,puc19,Axygen 384,J23,75,Actual concentration: 1.11
384_source_c1,384PP_Plus_AQ_BP,K19,puc19,Axygen 384,L1,125,Actual concentration: 1.85
384_source_c1,384PP_Plus_AQ_BP,K19,puc19,Axygen 384,L3,350,Actual concentration: 5.17
384_source_c1,384PP_Plus_AQ_BP,K19,puc19,Axygen 384,L5,600,Actual concentration: 8.86
384_source_c1,384PP_Plus_AQ_BP,K19,puc19,Axygen 384,L7,125,Actual concentration: 1.85
384_source_c1,384PP_Plus_AQ_BP,K19,puc19,Axygen 384,L9,375,Actual concentration: 5.54
384_source_c1,384PP_Plus_AQ_BP,K19,puc19,Axygen 384,L11,425,Actual concentration: 6.27
384_source_c1,384PP_Plus_AQ_BP,K19,puc19,Axygen 384,L13,350,Actual concentration: 5.17
384_source_c1,384PP_Plus_AQ_BP,K19,puc19,Axygen 384,L15,375,Actual concentration: 5.54
384_source_c1,384PP_Plus_AQ_BP,K19,puc19,Axygen 384,L17,425,Actual concentration: 6.27
384_source_c1,384PP_Plus_AQ_BP,K19,puc19,Axygen 384,L19,350,Actual concentration: 5.17
384_source_c1,384PP_Plus_AQ_BP,K19,puc19,Axygen 384,L21,375,Actual concentration: 5.54
384_source_c1,384PP_Plus_AQ_BP,K19,puc19,Axygen 384,L23,375,Actual concentration: 5.54
384_source_c1,384PP_Plus_AQ_BP,K19,puc19,Axygen 384,N1,125,Actual concentration: 1.85
384_source_c1,384PP_Plus_AQ_BP,K19,puc19,Axygen 384,N3,350,Actual concentration: 5.17
384_source_c1,384PP_Plus_AQ_BP,K19,puc19,Axygen 384,N5,450,Actual concentration: 6.64
384_source_c1,384PP_Plus_AQ_BP,K19,puc19,Axygen 384,N7,125,Actual concentration: 1.85
384_source_c1,384PP_Plus_AQ_BP,K19,puc19,Axygen 384,N9,425,Actual concentration: 6.27
384_source_c1,384PP_Plus_AQ_BP,K19,puc19,Axygen 384,N11,350,Actual concentration: 5.17
384_source_c1,384PP_Plus_AQ_BP,K19,puc19,Axygen 384,N13,450,Actual concentration: 6.64
384_source_c1,384PP_Plus_AQ_BP,K19,puc19,Axygen 384,N15,350,Actual concentration: 5.17
384_source_c1,384PP_Plus_AQ_BP,K19,puc19,Axygen 384,N17,425,Actual concentration: 6.27
384_source_c1,384PP_Plus_AQ_BP,K19,puc19,Axygen 384,N19,375,Actual concentration: 5.54
384_source_c1,384PP_Plus_AQ_BP,K19,puc19,Axygen 384,N21,350,Actual concentration: 5.17
384_source_c1,384PP_Plus_AQ_BP,K19,puc19,Axygen 384,N23,50,Actual concentration: 0.74
384_source_c1,384PP_Plus_AQ_BP,K19,puc19,Axygen 384,P1,200,Actual concentration: 2.95
384_source_c1,384PP_Plus_AQ_BP,K19,puc19,Axygen 384,P3,350,Actual concentration: 5.17
384_source_c1,384PP_Plus_AQ_BP,K19,puc19,Axygen 384,P5,175,Actual concentration: 2.58
384_source_c1,384PP_Plus_AQ_BP,K19,puc19,Axygen 384,P7,425,Actual concentration: 6.27
384_source_c1,384PP_Plus_AQ_BP,K19,puc19,Axygen 384,P9,175,Actual concentration: 2.58
384_source_c1,384PP_Plus_AQ_BP,K19,puc19,Axygen 384,P11,50,Actual concentration: 0.74
384_source_c1,384PP_Plus_AQ_BP,K19,puc19,Axygen 384,P13,375,Actual concentration: 5.54
384_source_c1,384PP_Plus_AQ_BP,K19,puc19,Axygen 384,P15,100,Actual concentration: 1.48
384_source_c1,384PP_Plus_AQ_BP,L19,puc19,Axygen 384,P15,275,Actual concentration: 4.06
384_source_c1,384PP_Plus_AQ_BP,L19,puc19,Axygen 384,P17,350,Actual concentration: 5.17
384_source_c1,384PP_Plus_AQ_BP,L19,puc19,Axygen 384,P19,350,Actual concentration: 5.17
384_source_c1,384PP_Plus_AQ_BP,L19,puc19,Axygen 384,P21,450,Actual concentration: 6.64
384_source_c1,384PP_Plus_AQ_BP,L19,puc19,Axygen 384,P23,175,Actual concentration: 2.58
384_source_c1,384PP_Plus_AQ_BP,L19,puc19,Axygen 384,F15,1950,Actual concentration: 28.79
384_source_c1,384PP_Plus_AQ_BP,L19,puc19,Axygen 384,B2,350,Actual concentration: 5.17
384_source_c1,384PP_Plus_AQ_BP,L19,puc19,Axygen 384,B4,350,Actual concentration: 5.17
384_source_c1,384PP_Plus_AQ_BP,L19,puc19,Axygen 384,B6,125,Actual concentration: 1.85
384_source_c1,384PP_Plus_AQ_BP,L19,puc19,Axygen 384,B8,125,Actual concentration: 1.85
384_source_c1,384PP_Plus_AQ_BP,L19,puc19,Axygen 384,B10,150,Actual concentration: 2.21
384_source_c1,384PP_Plus_AQ_BP,L19,puc19,Axygen 384,B12,150,Actual concentration: 2.21
384_source_c1,384PP_Plus_AQ_BP,L19,puc19,Axygen 384,B14,125,Actual concentration: 1.85
384_source_c1,384PP_Plus_AQ_BP,L19,puc19,Axygen 384,B16,350,Actual concentration: 5.17
384_source_c1,384PP_Plus_AQ_BP,L19,puc19,Axygen 384,B18,350,Actual concentration: 5.17
384_source_c1,384PP_Plus_AQ_BP,L19,puc19,Axygen 384,B20,125,Actual concentration: 1.85
384_source_c1,384PP_Plus_AQ_BP,L19,puc19,Axygen 384,B22,150,Actual concentration: 2.21
384_source_c1,384PP_Plus_AQ_BP,L19,puc19,Axygen 384,B24,50,Actual concentration: 0.74
384_source_c1,384PP_Plus_AQ_BP,L19,puc19,Axygen 384,D2,150,Actual concentration: 2.21
384_source_c1,384PP_Plus_AQ_BP,L19,puc19,Axygen 384,D4,125,Actual concentration: 1.85
384_source_c1,384PP_Plus_AQ_BP,L19,puc19,Axygen 384,D6,350,Actual concentration: 5.17
384_source_c1,384PP_Plus_AQ_BP,L19,puc19,Axygen 384,D8,125,Actual concentration: 1.85
384_source_c1,384PP_Plus_AQ_BP,L19,puc19,Axygen 384,D10,125,Actual concentration: 1.85
384_source_c1,384PP_Plus_AQ_BP,L19,puc19,Axygen 384,D12,150,Actual concentration: 2.21
384_source_c1,384PP_Plus_AQ_BP,L19,puc19,Axygen 384,D14,350,Actual concentration: 5.17
384_source_c1,384PP_Plus_AQ_BP,L19,puc19,Axygen 384,D16,350,Actual concentration: 5.17
384_source_c1,384PP_Plus_AQ_BP,L19,puc19,Axygen 384,D18,150,Actual concentration: 2.21
384_source_c1,384PP_Plus_AQ_BP,L19,puc19,Axygen 384,D20,425,Actual concentration: 6.27
384_source_c1,384PP_Plus_AQ_BP,L19,puc19,Axygen 384,D22,25,Actual concentration: 0.37
384_source_c1,384PP_Plus_AQ_BP,L19,puc19,Axygen 384,D24,125,Actual concentration: 1.85
384_source_c1,384PP_Plus_AQ_BP,L19,puc19,Axygen 384,F2,25,Actual concentration: 0.37
384_source_c1,384PP_Plus_AQ_BP,L19,puc19,Axygen 384,F4,425,Actual concentration: 6.27
384_source_c1,384PP_Plus_AQ_BP,L19,puc19,Axygen 384,F6,425,Actual concentration: 6.27
384_source_c1,384PP_Plus_AQ_BP,L19,puc19,Axygen 384,F8,600,Actual concentration: 8.86
384_source_c1,384PP_Plus_AQ_BP,L19,puc19,Axygen 384,F10,125,Actual concentration: 1.85
384_source_c1,384PP_Plus_AQ_BP,M19,puc19,Axygen 384,F12,350,Actual concentration: 5.17
384_source_c1,384PP_Plus_AQ_BP,M19,puc19,Axygen 384,F14,125,Actual concentration: 1.85
384_source_c1,384PP_Plus_AQ_BP,M19,puc19,Axygen 384,F18,125,Actual concentration: 1.85
384_source_c1,384PP_Plus_AQ_BP,M19,puc19,Axygen 384,F20,125,Actual concentration: 1.85
384_source_c1,384PP_Plus_AQ_BP,M19,puc19,Axygen 384,F22,350,Actual concentration: 5.17
384_source_c1,384PP_Plus_AQ_BP,M19,puc19,Axygen 384,F24,350,Actual concentration: 5.17
384_source_c1,384PP_Plus_AQ_BP,M19,puc19,Axygen 384,H2,50,Actual concentration: 0.74
384_source_c1,384PP_Plus_AQ_BP,M19,puc19,Axygen 384,H4,350,Actual concentration: 5.17
384_source_c1,384PP_Plus_AQ_BP,M19,puc19,Axygen 384,H6,150,Actual concentration: 2.21
384_source_c1,384PP_Plus_AQ_BP,M19,puc19,Axygen 384,H8,125,Actual concentration: 1.85
384_source_c1,384PP_Plus_AQ_BP,M19,puc19,Axygen 384,H10,125,Actual concentration: 1.85
384_source_c1,384PP_Plus_AQ_BP,M19,puc19,Axygen 384,H12,350,Actual concentration: 5.17
384_source_c1,384PP_Plus_AQ_BP,M19,puc19,Axygen 384,H14,600,Actual concentration: 8.86
384_source_c1,384PP_Plus_AQ_BP,M19,puc19,Axygen 384,H16,350,Actual concentration: 5.17
384_source_c1,384PP_Plus_AQ_BP,M19,puc19,Axygen 384,H18,350,Actual concentration: 5.17
384_source_c1,384PP_Plus_AQ_BP,M19,puc19,Axygen 384,H20,425,Actual concentration: 6.27
384_source_c1,384PP_Plus_AQ_BP,M19,puc19,Axygen 384,H22,125,Actual concentration: 1.85
384_source_c1,384PP_Plus_AQ_BP,M19,puc19,Axygen 384,H24,150,Actual concentration: 2.21
384_source_c1,384PP_Plus_AQ_BP,M19,puc19,Axygen 384,J2,125,Actual concentration: 1.85
384_source_c1,384PP_Plus_AQ_BP,M19,puc19,Axygen 384,J4,350,Actual concentration: 5.17
384_source_c1,384PP_Plus_AQ_BP,M19,puc19,Axygen 384,J6,150,Actual concentration: 2.21
384_source_c1,384PP_Plus_AQ_BP,M19,puc19,Axygen 384,J8,1950,Actual concentration: 28.79
384_source_c1,384PP_Plus_AQ_BP,M19,puc19,Axygen 384,J10,25,Actual concentration: 0.37
384_source_c1,384PP_Plus_AQ_BP,M19,puc19,Axygen 384,J12,150,Actual concentration: 2.21
384_source_c1,384PP_Plus_AQ_BP,M19,puc19,Axygen 384,J14,150,Actual concentration: 2.21
384_source_c1,384PP_Plus_AQ_BP,M19,puc19,Axygen 384,J16,25,Actual concentration: 0.37
384_source_c1,384PP_Plus_AQ_BP,M19,puc19,Axygen 384,J18,350,Actual concentration: 5.17
384_source_c1,384PP_Plus_AQ_BP,M19,puc19,Axygen 384,J20,125,Actual concentration: 1.85
384_source_c1,384PP_Plus_AQ_BP,M19,puc19,Axygen 384,J22,125,Actual concentration: 1.85
384_source_c1,384PP_Plus_AQ_BP,M19,puc19,Axygen 384,J24,150,Actual concentration: 2.21
384_source_c1,384PP_Plus_AQ_BP,M19,puc19,Axygen 384,L2,125,Actual concentration: 1.85
384_source_c1,384PP_Plus_AQ_BP,M19,puc19,Axygen 384,L4,150,Actual concentration: 2.21
384_source_c1,384PP_Plus_AQ_BP,M19,puc19,Axygen 384,L6,125,Actual concentration: 1.85
384_source_c1,384PP_Plus_AQ_BP,M19,puc19,Axygen 384,L8,150,Actual concentration: 2.21
384_source_c1,384PP_Plus_AQ_BP,M19,puc19,Axygen 384,L10,400,Actual concentration: 5.91
384_source_c1,384PP_Plus_AQ_BP,M19,puc19,Axygen 384,L12,50,Actual concentration: 0.74
384_source_c1,384PP_Plus_AQ_BP,M19,puc19,Axygen 384,L14,150,Actual concentration: 2.21
384_source_c1,384PP_Plus_AQ_BP,M19,puc19,Axygen 384,L16,150,Actual concentration: 2.21
384_source_c1,384PP_Plus_AQ_BP,M19,puc19,Axygen 384,L18,350,Actual concentration: 5.17
384_source_c1,384PP_Plus_AQ_BP,M19,puc19,Axygen 384,L20,100,Actual concentration: 1.48
384_source_c1,384PP_Plus_AQ_BP,N19,puc19,Axygen 384,L20,250,Actual concentration: 3.69
384_source_c1,384PP_Plus_AQ_BP,N19,puc19,Axygen 384,L22,400,Actual concentration: 5.91
384_source_c1,384PP_Plus_AQ_BP,N19,puc19,Axygen 384,L24,150,Actual concentration: 2.21
384_source_c1,384PP_Plus_AQ_BP,N19,puc19,Axygen 384,N2,600,Actual concentration: 8.86
384_source_c1,384PP_Plus_AQ_BP,N19,puc19,Axygen 384,N4,400,Actual concentration: 5.91
384_source_c1,384PP_Plus_AQ_BP,N19,puc19,Axygen 384,N6,25,Actual concentration: 0.37
384_source_c1,384PP_Plus_AQ_BP,N19,puc19,Axygen 384,N8,125,Actual concentration: 1.85
384_source_c1,384PP_Plus_AQ_BP,N19,puc19,Axygen 384,N10,350,Actual concentration: 5.17
384_source_c1,384PP_Plus_AQ_BP,N19,puc19,Axygen 384,N12,350,Actual concentration: 5.17
384_source_c1,384PP_Plus_AQ_BP,N19,puc19,Axygen 384,N14,25,Actual concentration: 0.37
384_source_c1,384PP_Plus_AQ_BP,N19,puc19,Axygen 384,N16,150,Actual concentration: 2.21
384_source_c1,384PP_Plus_AQ_BP,N19,puc19,Axygen 384,N18,150,Actual concentration: 2.21
384_source_c1,384PP_Plus_AQ_BP,N19,puc19,Axygen 384,N20,150,Actual concentration: 2.21
384_source_c1,384PP_Plus_AQ_BP,N19,puc19,Axygen 384,N22,150,Actual concentration: 2.21
384_source_c1,384PP_Plus_AQ_BP,N19,puc19,Axygen 384,N24,150,Actual concentration: 2.21
384_source_c1,384PP_Plus_AQ_BP,N19,puc19,Axygen 384,P2,125,Actual concentration: 1.85
384_source_c1,384PP_Plus_AQ_BP,N19,puc19,Axygen 384,P4,25,Actual concentration: 0.37
384_source_c1,384PP_Plus_AQ_BP,N19,puc19,Axygen 384,P6,150,Actual concentration: 2.21
384_source_c1,384PP_Plus_AQ_BP,N19,puc19,Axygen 384,P8,25,Actual concentration: 0.37
384_source_c1,384PP_Plus_AQ_BP,N19,puc19,Axygen 384,P10,125,Actual concentration: 1.85
384_source_c1,384PP_Plus_AQ_BP,N19,puc19,Axygen 384,P12,350,Actual concentration: 5.17
384_source_c1,384PP_Plus_AQ_BP,N19,puc19,Axygen 384,P14,400,Actual concentration: 5.91
384_source_c1,384PP_Plus_AQ_BP,N19,puc19,Axygen 384,P16,125,Actual concentration: 1.85
384_source_c1,384PP_Plus_AQ_BP,N19,puc19,Axygen 384,P18,350,Actual concentration: 5.17
384_source_c1,384PP_Plus_AQ_BP,N19,puc19,Axygen 384,P20,350,Actual concentration: 5.17
384_source_c1,384PP_Plus_AQ_BP,N19,puc19,Axygen 384,P22,350,Actual concentration: 5.17
384_source_c1,384PP_Plus_AQ_BP,N19,puc19,Axygen 384,P24,150,Actual concentration: 2.21
384_source_c1,384PP_Plus_AQ_BP,N19,puc19,Axygen 384,F16,1950,Actual concentration: 28.79
