m167_GvpN,m165_GvpJ,m166_GvpK,m163_GvpF,m164_GvpG,m168_GvpV,m169_GvpW,avg_chap_ratio,m567_GvpA,fmol_1x,combo_name,component_1,concentration(nM).1,component_2,concentration(nM).2,component_3,concentration(nM).3,component_4,concentration(nM).4,component_5,concentration(nM).5,component_6,concentration(nM).6,component_7,concentration(nM).7,component_8,concentration(nM).8,component_9,concentration(nM).9,neg_flag,fmol_A,fmol_avg_chap,A_chap_ratio,well_id,Plate
0.25,0.25,0.25,2.0,0.25,0.25,0.25,0.5,12,50,50fmol_12xA_0.25xN_0.25xJ_0.25xK_2xF_0.25xG_0.25xV_0.25xW_,m167_GvpN_50fmol,0.20833333333333334,m165_GvpJ_50fmol,0.20833333333333334,m166_GvpK_50fmol,0.20833333333333334,m163_GvpF_50fmol,1.6666666666666667,m164_GvpG_50fmol,0.20833333333333334,m168_GvpV_50fmol,0.20833333333333334,m169_GvpW_50fmol,0.20833333333333334,m567_GvpA,10.0,puc19,6.101914962674458,0,600,25.0,24.0,A1,Plate 1
0.25,0.25,0.25,0.25,1.0,0.25,0.25,0.35714285714285715,12,50,50fmol_12xA_0.25xN_0.25xJ_0.25xK_0.25xF_1xG_0.25xV_0.25xW_,m167_GvpN_50fmol,0.20833333333333334,m165_GvpJ_50fmol,0.20833333333333334,m166_GvpK_50fmol,0.20833333333333334,m163_GvpF_50fmol,0.20833333333333334,m164_GvpG_50fmol,0.8333333333333334,m168_GvpV_50fmol,0.20833333333333334,m169_GvpW_50fmol,0.20833333333333334,m567_GvpA,10.0,puc19,7.770210445424521,0,600,17.857142857142858,33.6,A3,Plate 1
0.25,0.25,1.0,0.25,0.25,0.25,0.25,0.35714285714285715,12,50,50fmol_12xA_0.25xN_0.25xJ_1xK_0.25xF_0.25xG_0.25xV_0.25xW_,m167_GvpN_50fmol,0.20833333333333334,m165_GvpJ_50fmol,0.20833333333333334,m166_GvpK_50fmol,0.8333333333333334,m163_GvpF_50fmol,0.20833333333333334,m164_GvpG_50fmol,0.20833333333333334,m168_GvpV_50fmol,0.20833333333333334,m169_GvpW_50fmol,0.20833333333333334,m567_GvpA,10.0,puc19,7.749501212364206,0,600,17.857142857142858,33.6,A5,Plate 1
0.25,0.25,1.0,0.25,0.25,0.25,0.25,0.35714285714285715,12,50,50fmol_12xA_0.25xN_0.25xJ_1xK_0.25xF_0.25xG_0.25xV_0.25xW_,m167_GvpN_50fmol,0.20833333333333334,m165_GvpJ_50fmol,0.20833333333333334,m166_GvpK_50fmol,0.8333333333333334,m163_GvpF_50fmol,0.20833333333333334,m164_GvpG_50fmol,0.20833333333333334,m168_GvpV_50fmol,0.20833333333333334,m169_GvpW_50fmol,0.20833333333333334,m567_GvpA,10.0,puc19,7.749501212364206,0,600,17.857142857142858,33.6,A7,Plate 1
0.25,0.25,0.25,0.25,0.25,0.25,1.0,0.35714285714285715,12,50,50fmol_12xA_0.25xN_0.25xJ_0.25xK_0.25xF_0.25xG_0.25xV_1xW_,m167_GvpN_50fmol,0.20833333333333334,m165_GvpJ_50fmol,0.20833333333333334,m166_GvpK_50fmol,0.20833333333333334,m163_GvpF_50fmol,0.20833333333333334,m164_GvpG_50fmol,0.20833333333333334,m168_GvpV_50fmol,0.20833333333333334,m169_GvpW_50fmol,0.8333333333333334,m567_GvpA,10.0,puc19,7.699938665826603,0,600,17.857142857142858,33.6,A9,Plate 1
0.25,0.25,0.25,0.25,1.0,0.25,1.0,0.4642857142857143,12,50,50fmol_12xA_0.25xN_0.25xJ_0.25xK_0.25xF_1xG_0.25xV_1xW_,m167_GvpN_50fmol,0.20833333333333334,m165_GvpJ_50fmol,0.20833333333333334,m166_GvpK_50fmol,0.20833333333333334,m163_GvpF_50fmol,0.20833333333333334,m164_GvpG_50fmol,0.8333333333333334,m168_GvpV_50fmol,0.20833333333333334,m169_GvpW_50fmol,0.8333333333333334,m567_GvpA,10.0,puc19,6.594903297248795,0,600,23.214285714285715,25.846153846153847,A11,Plate 1
0.25,0.25,0.25,1.0,0.25,0.25,0.25,0.35714285714285715,12,50,50fmol_12xA_0.25xN_0.25xJ_0.25xK_1xF_0.25xG_0.25xV_0.25xW_,m167_GvpN_50fmol,0.20833333333333334,m165_GvpJ_50fmol,0.20833333333333334,m166_GvpK_50fmol,0.20833333333333334,m163_GvpF_50fmol,0.8333333333333334,m164_GvpG_50fmol,0.20833333333333334,m168_GvpV_50fmol,0.20833333333333334,m169_GvpW_50fmol,0.20833333333333334,m567_GvpA,10.0,puc19,7.686675449147526,0,600,17.857142857142858,33.6,A13,Plate 1
0.25,0.25,0.25,1.0,0.25,0.25,0.25,0.35714285714285715,12,50,50fmol_12xA_0.25xN_0.25xJ_0.25xK_1xF_0.25xG_0.25xV_0.25xW_,m167_GvpN_50fmol,0.20833333333333334,m165_GvpJ_50fmol,0.20833333333333334,m166_GvpK_50fmol,0.20833333333333334,m163_GvpF_50fmol,0.8333333333333334,m164_GvpG_50fmol,0.20833333333333334,m168_GvpV_50fmol,0.20833333333333334,m169_GvpW_50fmol,0.20833333333333334,m567_GvpA,10.0,puc19,7.686675449147526,0,600,17.857142857142858,33.6,A15,Plate 1
0.25,0.25,0.25,0.25,0.25,1.0,0.25,0.35714285714285715,12,50,50fmol_12xA_0.25xN_0.25xJ_0.25xK_0.25xF_0.25xG_1xV_0.25xW_,m167_GvpN_50fmol,0.20833333333333334,m165_GvpJ_50fmol,0.20833333333333334,m166_GvpK_50fmol,0.20833333333333334,m163_GvpF_50fmol,0.20833333333333334,m164_GvpG_50fmol,0.20833333333333334,m168_GvpV_50fmol,0.8333333333333334,m169_GvpW_50fmol,0.20833333333333334,m567_GvpA,10.0,puc19,7.776260333734275,0,600,17.857142857142858,33.6,A17,Plate 1
0.25,0.25,0.25,1.0,0.25,0.25,1.0,0.4642857142857143,12,50,50fmol_12xA_0.25xN_0.25xJ_0.25xK_1xF_0.25xG_0.25xV_1xW_,m167_GvpN_50fmol,0.20833333333333334,m165_GvpJ_50fmol,0.20833333333333334,m166_GvpK_50fmol,0.20833333333333334,m163_GvpF_50fmol,0.8333333333333334,m164_GvpG_50fmol,0.20833333333333334,m168_GvpV_50fmol,0.20833333333333334,m169_GvpW_50fmol,0.8333333333333334,m567_GvpA,10.0,puc19,6.511368300971805,0,600,23.214285714285715,25.846153846153847,A19,Plate 1
0.25,0.25,1.0,0.25,0.25,1.0,1.0,0.5714285714285714,12,50,50fmol_12xA_0.25xN_0.25xJ_1xK_0.25xF_0.25xG_1xV_1xW_,m167_GvpN_50fmol,0.20833333333333334,m165_GvpJ_50fmol,0.20833333333333334,m166_GvpK_50fmol,0.8333333333333334,m163_GvpF_50fmol,0.20833333333333334,m164_GvpG_50fmol,0.20833333333333334,m168_GvpV_50fmol,0.8333333333333334,m169_GvpW_50fmol,0.8333333333333334,m567_GvpA,10.0,puc19,5.475208583920425,0,600,28.57142857142857,21.0,A21,Plate 1
0.25,0.25,0.25,1.0,0.25,1.0,1.0,0.5714285714285714,12,50,50fmol_12xA_0.25xN_0.25xJ_0.25xK_1xF_0.25xG_1xV_1xW_,m167_GvpN_50fmol,0.20833333333333334,m165_GvpJ_50fmol,0.20833333333333334,m166_GvpK_50fmol,0.20833333333333334,m163_GvpF_50fmol,0.8333333333333334,m164_GvpG_50fmol,0.20833333333333334,m168_GvpV_50fmol,0.8333333333333334,m169_GvpW_50fmol,0.8333333333333334,m567_GvpA,10.0,puc19,5.412382820703746,0,600,28.57142857142857,21.0,A23,Plate 1
0.25,0.25,1.0,0.25,0.25,1.0,0.25,0.4642857142857143,12,50,50fmol_12xA_0.25xN_0.25xJ_1xK_0.25xF_0.25xG_1xV_0.25xW_,m167_GvpN_50fmol,0.20833333333333334,m165_GvpJ_50fmol,0.20833333333333334,m166_GvpK_50fmol,0.8333333333333334,m163_GvpF_50fmol,0.20833333333333334,m164_GvpG_50fmol,0.20833333333333334,m168_GvpV_50fmol,0.8333333333333334,m169_GvpW_50fmol,0.20833333333333334,m567_GvpA,10.0,puc19,6.650515732096151,0,600,23.214285714285715,25.846153846153847,C1,Plate 1
0.25,0.25,0.25,1.0,0.25,0.25,1.0,0.4642857142857143,12,50,50fmol_12xA_0.25xN_0.25xJ_0.25xK_1xF_0.25xG_0.25xV_1xW_,m167_GvpN_50fmol,0.20833333333333334,m165_GvpJ_50fmol,0.20833333333333334,m166_GvpK_50fmol,0.20833333333333334,m163_GvpF_50fmol,0.8333333333333334,m164_GvpG_50fmol,0.20833333333333334,m168_GvpV_50fmol,0.20833333333333334,m169_GvpW_50fmol,0.8333333333333334,m567_GvpA,10.0,puc19,6.511368300971805,0,600,23.214285714285715,25.846153846153847,C3,Plate 1
0.25,0.25,0.25,0.25,0.25,1.0,1.0,0.4642857142857143,12,50,50fmol_12xA_0.25xN_0.25xJ_0.25xK_0.25xF_0.25xG_1xV_1xW_,m167_GvpN_50fmol,0.20833333333333334,m165_GvpJ_50fmol,0.20833333333333334,m166_GvpK_50fmol,0.20833333333333334,m163_GvpF_50fmol,0.20833333333333334,m164_GvpG_50fmol,0.20833333333333334,m168_GvpV_50fmol,0.8333333333333334,m169_GvpW_50fmol,0.8333333333333334,m567_GvpA,10.0,puc19,6.600953185558549,0,600,23.214285714285715,25.846153846153847,C5,Plate 1
0.25,0.25,0.25,0.25,0.25,0.25,2.0,0.5,12,50,50fmol_12xA_0.25xN_0.25xJ_0.25xK_0.25xF_0.25xG_0.25xV_2xW_,m167_GvpN_50fmol,0.20833333333333334,m165_GvpJ_50fmol,0.20833333333333334,m166_GvpK_50fmol,0.20833333333333334,m163_GvpF_50fmol,0.20833333333333334,m164_GvpG_50fmol,0.20833333333333334,m168_GvpV_50fmol,0.20833333333333334,m169_GvpW_50fmol,1.6666666666666667,m567_GvpA,10.0,puc19,6.1328624682589705,0,600,25.0,24.0,C7,Plate 1
0.25,0.25,0.25,0.25,0.25,2.0,0.25,0.5,12,50,50fmol_12xA_0.25xN_0.25xJ_0.25xK_0.25xF_0.25xG_2xV_0.25xW_,m167_GvpN_50fmol,0.20833333333333334,m165_GvpJ_50fmol,0.20833333333333334,m166_GvpK_50fmol,0.20833333333333334,m163_GvpF_50fmol,0.20833333333333334,m164_GvpG_50fmol,0.20833333333333334,m168_GvpV_50fmol,1.6666666666666667,m169_GvpW_50fmol,0.20833333333333334,m567_GvpA,10.0,puc19,6.310946360043531,0,600,25.0,24.0,C9,Plate 1
0.25,0.25,0.25,0.25,1.0,1.0,0.25,0.4642857142857143,12,50,50fmol_12xA_0.25xN_0.25xJ_0.25xK_0.25xF_1xG_1xV_0.25xW_,m167_GvpN_50fmol,0.20833333333333334,m165_GvpJ_50fmol,0.20833333333333334,m166_GvpK_50fmol,0.20833333333333334,m163_GvpF_50fmol,0.20833333333333334,m164_GvpG_50fmol,0.8333333333333334,m168_GvpV_50fmol,0.8333333333333334,m169_GvpW_50fmol,0.20833333333333334,m567_GvpA,10.0,puc19,6.671224965156463,0,600,23.214285714285715,25.846153846153847,C11,Plate 1
0.25,0.25,0.25,0.25,2.0,0.25,0.25,0.5,12,50,50fmol_12xA_0.25xN_0.25xJ_0.25xK_0.25xF_2xG_0.25xV_0.25xW_,m167_GvpN_50fmol,0.20833333333333334,m165_GvpJ_50fmol,0.20833333333333334,m166_GvpK_50fmol,0.20833333333333334,m163_GvpF_50fmol,0.20833333333333334,m164_GvpG_50fmol,1.6666666666666667,m168_GvpV_50fmol,0.20833333333333334,m169_GvpW_50fmol,0.20833333333333334,m567_GvpA,10.0,puc19,6.296829953987439,0,600,25.0,24.0,C13,Plate 1
0.25,0.25,0.25,1.0,1.0,1.0,0.25,0.5714285714285714,12,50,50fmol_12xA_0.25xN_0.25xJ_0.25xK_1xF_1xG_1xV_0.25xW_,m167_GvpN_50fmol,0.20833333333333334,m165_GvpJ_50fmol,0.20833333333333334,m166_GvpK_50fmol,0.20833333333333334,m163_GvpF_50fmol,0.8333333333333334,m164_GvpG_50fmol,0.8333333333333334,m168_GvpV_50fmol,0.8333333333333334,m169_GvpW_50fmol,0.20833333333333334,m567_GvpA,10.0,puc19,5.48265460030166,0,600,28.57142857142857,21.0,C15,Plate 1
0.25,0.25,0.25,0.25,0.25,1.0,1.0,0.4642857142857143,12,50,50fmol_12xA_0.25xN_0.25xJ_0.25xK_0.25xF_0.25xG_1xV_1xW_,m167_GvpN_50fmol,0.20833333333333334,m165_GvpJ_50fmol,0.20833333333333334,m166_GvpK_50fmol,0.20833333333333334,m163_GvpF_50fmol,0.20833333333333334,m164_GvpG_50fmol,0.20833333333333334,m168_GvpV_50fmol,0.8333333333333334,m169_GvpW_50fmol,0.8333333333333334,m567_GvpA,10.0,puc19,6.600953185558549,0,600,23.214285714285715,25.846153846153847,C17,Plate 1
0.25,0.25,1.0,0.25,0.25,0.25,1.0,0.4642857142857143,12,50,50fmol_12xA_0.25xN_0.25xJ_1xK_0.25xF_0.25xG_0.25xV_1xW_,m167_GvpN_50fmol,0.20833333333333334,m165_GvpJ_50fmol,0.20833333333333334,m166_GvpK_50fmol,0.8333333333333334,m163_GvpF_50fmol,0.20833333333333334,m164_GvpG_50fmol,0.20833333333333334,m168_GvpV_50fmol,0.20833333333333334,m169_GvpW_50fmol,0.8333333333333334,m567_GvpA,10.0,puc19,6.57419406418848,0,600,23.214285714285715,25.846153846153847,C19,Plate 1
0.25,0.25,1.0,0.25,0.25,0.25,1.0,0.4642857142857143,12,50,50fmol_12xA_0.25xN_0.25xJ_1xK_0.25xF_0.25xG_0.25xV_1xW_,m167_GvpN_50fmol,0.20833333333333334,m165_GvpJ_50fmol,0.20833333333333334,m166_GvpK_50fmol,0.8333333333333334,m163_GvpF_50fmol,0.20833333333333334,m164_GvpG_50fmol,0.20833333333333334,m168_GvpV_50fmol,0.20833333333333334,m169_GvpW_50fmol,0.8333333333333334,m567_GvpA,10.0,puc19,6.57419406418848,0,600,23.214285714285715,25.846153846153847,C21,Plate 1
0.25,0.25,0.25,0.25,1.0,1.0,0.25,0.4642857142857143,12,50,50fmol_12xA_0.25xN_0.25xJ_0.25xK_0.25xF_1xG_1xV_0.25xW_,m167_GvpN_50fmol,0.20833333333333334,m165_GvpJ_50fmol,0.20833333333333334,m166_GvpK_50fmol,0.20833333333333334,m163_GvpF_50fmol,0.20833333333333334,m164_GvpG_50fmol,0.8333333333333334,m168_GvpV_50fmol,0.8333333333333334,m169_GvpW_50fmol,0.20833333333333334,m567_GvpA,10.0,puc19,6.671224965156463,0,600,23.214285714285715,25.846153846153847,C23,Plate 1
0.25,0.25,0.25,0.25,1.0,1.0,1.0,0.5714285714285714,12,50,50fmol_12xA_0.25xN_0.25xJ_0.25xK_0.25xF_1xG_1xV_1xW_,m167_GvpN_50fmol,0.20833333333333334,m165_GvpJ_50fmol,0.20833333333333334,m166_GvpK_50fmol,0.20833333333333334,m163_GvpF_50fmol,0.20833333333333334,m164_GvpG_50fmol,0.8333333333333334,m168_GvpV_50fmol,0.8333333333333334,m169_GvpW_50fmol,0.8333333333333334,m567_GvpA,10.0,puc19,5.495917816980736,0,600,28.57142857142857,21.0,E1,Plate 1
0.25,0.25,0.25,0.25,0.25,1.0,0.25,0.35714285714285715,12,50,50fmol_12xA_0.25xN_0.25xJ_0.25xK_0.25xF_0.25xG_1xV_0.25xW_,m167_GvpN_50fmol,0.20833333333333334,m165_GvpJ_50fmol,0.20833333333333334,m166_GvpK_50fmol,0.20833333333333334,m163_GvpF_50fmol,0.20833333333333334,m164_GvpG_50fmol,0.20833333333333334,m168_GvpV_50fmol,0.8333333333333334,m169_GvpW_50fmol,0.20833333333333334,m567_GvpA,10.0,puc19,7.776260333734275,0,600,17.857142857142858,33.6,E3,Plate 1
0.25,0.25,0.25,1.0,0.25,0.25,1.0,0.4642857142857143,12,50,50fmol_12xA_0.25xN_0.25xJ_0.25xK_1xF_0.25xG_0.25xV_1xW_,m167_GvpN_50fmol,0.20833333333333334,m165_GvpJ_50fmol,0.20833333333333334,m166_GvpK_50fmol,0.20833333333333334,m163_GvpF_50fmol,0.8333333333333334,m164_GvpG_50fmol,0.20833333333333334,m168_GvpV_50fmol,0.20833333333333334,m169_GvpW_50fmol,0.8333333333333334,m567_GvpA,10.0,puc19,6.511368300971805,0,600,23.214285714285715,25.846153846153847,E5,Plate 1
0.25,0.25,0.25,1.0,0.25,1.0,0.25,0.4642857142857143,12,50,50fmol_12xA_0.25xN_0.25xJ_0.25xK_1xF_0.25xG_1xV_0.25xW_,m167_GvpN_50fmol,0.20833333333333334,m165_GvpJ_50fmol,0.20833333333333334,m166_GvpK_50fmol,0.20833333333333334,m163_GvpF_50fmol,0.8333333333333334,m164_GvpG_50fmol,0.20833333333333334,m168_GvpV_50fmol,0.8333333333333334,m169_GvpW_50fmol,0.20833333333333334,m567_GvpA,10.0,puc19,6.587689968879472,0,600,23.214285714285715,25.846153846153847,E7,Plate 1
0.25,0.25,0.25,0.25,1.0,1.0,0.25,0.4642857142857143,12,50,50fmol_12xA_0.25xN_0.25xJ_0.25xK_0.25xF_1xG_1xV_0.25xW_,m167_GvpN_50fmol,0.20833333333333334,m165_GvpJ_50fmol,0.20833333333333334,m166_GvpK_50fmol,0.20833333333333334,m163_GvpF_50fmol,0.20833333333333334,m164_GvpG_50fmol,0.8333333333333334,m168_GvpV_50fmol,0.8333333333333334,m169_GvpW_50fmol,0.20833333333333334,m567_GvpA,10.0,puc19,6.671224965156463,0,600,23.214285714285715,25.846153846153847,E9,Plate 1
0.25,0.25,0.25,1.0,1.0,1.0,0.25,0.5714285714285714,12,50,50fmol_12xA_0.25xN_0.25xJ_0.25xK_1xF_1xG_1xV_0.25xW_,m167_GvpN_50fmol,0.20833333333333334,m165_GvpJ_50fmol,0.20833333333333334,m166_GvpK_50fmol,0.20833333333333334,m163_GvpF_50fmol,0.8333333333333334,m164_GvpG_50fmol,0.8333333333333334,m168_GvpV_50fmol,0.8333333333333334,m169_GvpW_50fmol,0.20833333333333334,m567_GvpA,10.0,puc19,5.48265460030166,0,600,28.57142857142857,21.0,E11,Plate 1
0.25,0.25,0.25,0.25,0.25,1.0,0.25,0.35714285714285715,12,50,50fmol_12xA_0.25xN_0.25xJ_0.25xK_0.25xF_0.25xG_1xV_0.25xW_,m167_GvpN_50fmol,0.20833333333333334,m165_GvpJ_50fmol,0.20833333333333334,m166_GvpK_50fmol,0.20833333333333334,m163_GvpF_50fmol,0.20833333333333334,m164_GvpG_50fmol,0.20833333333333334,m168_GvpV_50fmol,0.8333333333333334,m169_GvpW_50fmol,0.20833333333333334,m567_GvpA,10.0,puc19,7.776260333734275,0,600,17.857142857142858,33.6,E13,Plate 1
0.25,0.25,0.25,0.25,0.25,0.25,0.25,0.25,12,50,50fmol_12xA_0.25xN_0.25xJ_0.25xK_0.25xF_0.25xG_0.25xV_0.25xW_,m167_GvpN_50fmol,0.20833333333333334,m165_GvpJ_50fmol,0.20833333333333334,m166_GvpK_50fmol,0.20833333333333334,m163_GvpF_50fmol,0.20833333333333334,m164_GvpG_50fmol,0.20833333333333334,m168_GvpV_50fmol,0.20833333333333334,m169_GvpW_50fmol,0.20833333333333334,m567_GvpA,10.0,puc19,8.87524581400233,0,600,12.5,48.0,E17,Plate 1
0.25,0.25,0.25,0.25,0.25,0.25,2.0,0.5,12,50,50fmol_12xA_0.25xN_0.25xJ_0.25xK_0.25xF_0.25xG_0.25xV_2xW_,m167_GvpN_50fmol,0.20833333333333334,m165_GvpJ_50fmol,0.20833333333333334,m166_GvpK_50fmol,0.20833333333333334,m163_GvpF_50fmol,0.20833333333333334,m164_GvpG_50fmol,0.20833333333333334,m168_GvpV_50fmol,0.20833333333333334,m169_GvpW_50fmol,1.6666666666666667,m567_GvpA,10.0,puc19,6.1328624682589705,0,600,25.0,24.0,E19,Plate 1
1.0,1.0,1.0,1.0,1.0,1.0,1.0,1.0,12,50,50fmol_12xA_1xN_1xJ_1xK_1xF_1xG_1xV_1xW_,m167_GvpN_50fmol,0.8333333333333334,m165_GvpJ_50fmol,0.8333333333333334,m166_GvpK_50fmol,0.8333333333333334,m163_GvpF_50fmol,0.8333333333333334,m164_GvpG_50fmol,0.8333333333333334,m168_GvpV_50fmol,0.8333333333333334,m169_GvpW_50fmol,0.8333333333333334,m567_GvpA,10.0,puc19,0.7395421654543038,0,600,50.0,12.0,E21,Plate 1
0.25,0.25,0.25,2.0,0.25,0.25,0.25,0.5,12,50,50fmol_12xA_0.25xN_0.25xJ_0.25xK_2xF_0.25xG_0.25xV_0.25xW_,m167_GvpN_50fmol,0.20833333333333334,m165_GvpJ_50fmol,0.20833333333333334,m166_GvpK_50fmol,0.20833333333333334,m163_GvpF_50fmol,1.6666666666666667,m164_GvpG_50fmol,0.20833333333333334,m168_GvpV_50fmol,0.20833333333333334,m169_GvpW_50fmol,0.20833333333333334,m567_GvpA,10.0,puc19,6.101914962674458,0,600,25.0,24.0,E23,Plate 1
0.25,0.25,0.25,0.25,1.0,1.0,1.0,0.5714285714285714,12,50,50fmol_12xA_0.25xN_0.25xJ_0.25xK_0.25xF_1xG_1xV_1xW_,m167_GvpN_50fmol,0.20833333333333334,m165_GvpJ_50fmol,0.20833333333333334,m166_GvpK_50fmol,0.20833333333333334,m163_GvpF_50fmol,0.20833333333333334,m164_GvpG_50fmol,0.8333333333333334,m168_GvpV_50fmol,0.8333333333333334,m169_GvpW_50fmol,0.8333333333333334,m567_GvpA,10.0,puc19,5.495917816980736,0,600,28.57142857142857,21.0,G1,Plate 1
0.25,0.25,0.25,0.25,0.25,2.0,0.25,0.5,12,50,50fmol_12xA_0.25xN_0.25xJ_0.25xK_0.25xF_0.25xG_2xV_0.25xW_,m167_GvpN_50fmol,0.20833333333333334,m165_GvpJ_50fmol,0.20833333333333334,m166_GvpK_50fmol,0.20833333333333334,m163_GvpF_50fmol,0.20833333333333334,m164_GvpG_50fmol,0.20833333333333334,m168_GvpV_50fmol,1.6666666666666667,m169_GvpW_50fmol,0.20833333333333334,m567_GvpA,10.0,puc19,6.310946360043531,0,600,25.0,24.0,G3,Plate 1
0.25,0.25,1.0,0.25,0.25,0.25,1.0,0.4642857142857143,12,50,50fmol_12xA_0.25xN_0.25xJ_1xK_0.25xF_0.25xG_0.25xV_1xW_,m167_GvpN_50fmol,0.20833333333333334,m165_GvpJ_50fmol,0.20833333333333334,m166_GvpK_50fmol,0.8333333333333334,m163_GvpF_50fmol,0.20833333333333334,m164_GvpG_50fmol,0.20833333333333334,m168_GvpV_50fmol,0.20833333333333334,m169_GvpW_50fmol,0.8333333333333334,m567_GvpA,10.0,puc19,6.57419406418848,0,600,23.214285714285715,25.846153846153847,G5,Plate 1
0.25,0.25,0.25,0.25,1.0,1.0,1.0,0.5714285714285714,12,50,50fmol_12xA_0.25xN_0.25xJ_0.25xK_0.25xF_1xG_1xV_1xW_,m167_GvpN_50fmol,0.20833333333333334,m165_GvpJ_50fmol,0.20833333333333334,m166_GvpK_50fmol,0.20833333333333334,m163_GvpF_50fmol,0.20833333333333334,m164_GvpG_50fmol,0.8333333333333334,m168_GvpV_50fmol,0.8333333333333334,m169_GvpW_50fmol,0.8333333333333334,m567_GvpA,10.0,puc19,5.495917816980736,0,600,28.57142857142857,21.0,G7,Plate 1
0.25,0.25,0.25,0.25,0.25,0.25,2.0,0.5,12,50,50fmol_12xA_0.25xN_0.25xJ_0.25xK_0.25xF_0.25xG_0.25xV_2xW_,m167_GvpN_50fmol,0.20833333333333334,m165_GvpJ_50fmol,0.20833333333333334,m166_GvpK_50fmol,0.20833333333333334,m163_GvpF_50fmol,0.20833333333333334,m164_GvpG_50fmol,0.20833333333333334,m168_GvpV_50fmol,0.20833333333333334,m169_GvpW_50fmol,1.6666666666666667,m567_GvpA,10.0,puc19,6.1328624682589705,0,600,25.0,24.0,G9,Plate 1
0.25,0.25,0.25,1.0,0.25,1.0,1.0,0.5714285714285714,12,50,50fmol_12xA_0.25xN_0.25xJ_0.25xK_1xF_0.25xG_1xV_1xW_,m167_GvpN_50fmol,0.20833333333333334,m165_GvpJ_50fmol,0.20833333333333334,m166_GvpK_50fmol,0.20833333333333334,m163_GvpF_50fmol,0.8333333333333334,m164_GvpG_50fmol,0.20833333333333334,m168_GvpV_50fmol,0.8333333333333334,m169_GvpW_50fmol,0.8333333333333334,m567_GvpA,10.0,puc19,5.412382820703746,0,600,28.57142857142857,21.0,G11,Plate 1
0.25,0.25,0.25,0.25,1.0,0.25,1.0,0.4642857142857143,12,50,50fmol_12xA_0.25xN_0.25xJ_0.25xK_0.25xF_1xG_0.25xV_1xW_,m167_GvpN_50fmol,0.20833333333333334,m165_GvpJ_50fmol,0.20833333333333334,m166_GvpK_50fmol,0.20833333333333334,m163_GvpF_50fmol,0.20833333333333334,m164_GvpG_50fmol,0.8333333333333334,m168_GvpV_50fmol,0.20833333333333334,m169_GvpW_50fmol,0.8333333333333334,m567_GvpA,10.0,puc19,6.594903297248795,0,600,23.214285714285715,25.846153846153847,G13,Plate 1
0.25,0.25,0.25,0.25,0.25,2.0,0.25,0.5,12,50,50fmol_12xA_0.25xN_0.25xJ_0.25xK_0.25xF_0.25xG_2xV_0.25xW_,m167_GvpN_50fmol,0.20833333333333334,m165_GvpJ_50fmol,0.20833333333333334,m166_GvpK_50fmol,0.20833333333333334,m163_GvpF_50fmol,0.20833333333333334,m164_GvpG_50fmol,0.20833333333333334,m168_GvpV_50fmol,1.6666666666666667,m169_GvpW_50fmol,0.20833333333333334,m567_GvpA,10.0,puc19,6.310946360043531,0,600,25.0,24.0,G15,Plate 1
0.25,0.25,1.0,0.25,0.25,0.25,1.0,0.4642857142857143,12,50,50fmol_12xA_0.25xN_0.25xJ_1xK_0.25xF_0.25xG_0.25xV_1xW_,m167_GvpN_50fmol,0.20833333333333334,m165_GvpJ_50fmol,0.20833333333333334,m166_GvpK_50fmol,0.8333333333333334,m163_GvpF_50fmol,0.20833333333333334,m164_GvpG_50fmol,0.20833333333333334,m168_GvpV_50fmol,0.20833333333333334,m169_GvpW_50fmol,0.8333333333333334,m567_GvpA,10.0,puc19,6.57419406418848,0,600,23.214285714285715,25.846153846153847,G17,Plate 1
0.25,0.25,0.25,0.25,1.0,0.25,1.0,0.4642857142857143,12,50,50fmol_12xA_0.25xN_0.25xJ_0.25xK_0.25xF_1xG_0.25xV_1xW_,m167_GvpN_50fmol,0.20833333333333334,m165_GvpJ_50fmol,0.20833333333333334,m166_GvpK_50fmol,0.20833333333333334,m163_GvpF_50fmol,0.20833333333333334,m164_GvpG_50fmol,0.8333333333333334,m168_GvpV_50fmol,0.20833333333333334,m169_GvpW_50fmol,0.8333333333333334,m567_GvpA,10.0,puc19,6.594903297248795,0,600,23.214285714285715,25.846153846153847,G19,Plate 1
0.25,0.25,0.25,2.0,0.25,0.25,0.25,0.5,12,50,50fmol_12xA_0.25xN_0.25xJ_0.25xK_2xF_0.25xG_0.25xV_0.25xW_,m167_GvpN_50fmol,0.20833333333333334,m165_GvpJ_50fmol,0.20833333333333334,m166_GvpK_50fmol,0.20833333333333334,m163_GvpF_50fmol,1.6666666666666667,m164_GvpG_50fmol,0.20833333333333334,m168_GvpV_50fmol,0.20833333333333334,m169_GvpW_50fmol,0.20833333333333334,m567_GvpA,10.0,puc19,6.101914962674458,0,600,25.0,24.0,G21,Plate 1
0.25,0.25,0.25,0.25,0.25,1.0,1.0,0.4642857142857143,12,50,50fmol_12xA_0.25xN_0.25xJ_0.25xK_0.25xF_0.25xG_1xV_1xW_,m167_GvpN_50fmol,0.20833333333333334,m165_GvpJ_50fmol,0.20833333333333334,m166_GvpK_50fmol,0.20833333333333334,m163_GvpF_50fmol,0.20833333333333334,m164_GvpG_50fmol,0.20833333333333334,m168_GvpV_50fmol,0.8333333333333334,m169_GvpW_50fmol,0.8333333333333334,m567_GvpA,10.0,puc19,6.600953185558549,0,600,23.214285714285715,25.846153846153847,G23,Plate 1
0.25,0.25,0.25,0.25,1.0,0.25,1.0,0.4642857142857143,12,50,50fmol_12xA_0.25xN_0.25xJ_0.25xK_0.25xF_1xG_0.25xV_1xW_,m167_GvpN_50fmol,0.20833333333333334,m165_GvpJ_50fmol,0.20833333333333334,m166_GvpK_50fmol,0.20833333333333334,m163_GvpF_50fmol,0.20833333333333334,m164_GvpG_50fmol,0.8333333333333334,m168_GvpV_50fmol,0.20833333333333334,m169_GvpW_50fmol,0.8333333333333334,m567_GvpA,10.0,puc19,6.594903297248795,0,600,23.214285714285715,25.846153846153847,I1,Plate 1
0.25,0.25,0.25,0.25,0.25,0.25,1.0,0.35714285714285715,12,50,50fmol_12xA_0.25xN_0.25xJ_0.25xK_0.25xF_0.25xG_0.25xV_1xW_,m167_GvpN_50fmol,0.20833333333333334,m165_GvpJ_50fmol,0.20833333333333334,m166_GvpK_50fmol,0.20833333333333334,m163_GvpF_50fmol,0.20833333333333334,m164_GvpG_50fmol,0.20833333333333334,m168_GvpV_50fmol,0.20833333333333334,m169_GvpW_50fmol,0.8333333333333334,m567_GvpA,10.0,puc19,7.699938665826603,0,600,17.857142857142858,33.6,I3,Plate 1
0.25,0.25,0.25,0.25,0.25,2.0,0.25,0.5,12,50,50fmol_12xA_0.25xN_0.25xJ_0.25xK_0.25xF_0.25xG_2xV_0.25xW_,m167_GvpN_50fmol,0.20833333333333334,m165_GvpJ_50fmol,0.20833333333333334,m166_GvpK_50fmol,0.20833333333333334,m163_GvpF_50fmol,0.20833333333333334,m164_GvpG_50fmol,0.20833333333333334,m168_GvpV_50fmol,1.6666666666666667,m169_GvpW_50fmol,0.20833333333333334,m567_GvpA,10.0,puc19,6.310946360043531,0,600,25.0,24.0,I5,Plate 1
0.25,0.25,0.25,0.25,2.0,0.25,0.25,0.5,12,50,50fmol_12xA_0.25xN_0.25xJ_0.25xK_0.25xF_2xG_0.25xV_0.25xW_,m167_GvpN_50fmol,0.20833333333333334,m165_GvpJ_50fmol,0.20833333333333334,m166_GvpK_50fmol,0.20833333333333334,m163_GvpF_50fmol,0.20833333333333334,m164_GvpG_50fmol,1.6666666666666667,m168_GvpV_50fmol,0.20833333333333334,m169_GvpW_50fmol,0.20833333333333334,m567_GvpA,10.0,puc19,6.296829953987439,0,600,25.0,24.0,I7,Plate 1
0.25,0.25,0.25,0.25,0.25,1.0,0.25,0.35714285714285715,12,50,50fmol_12xA_0.25xN_0.25xJ_0.25xK_0.25xF_0.25xG_1xV_0.25xW_,m167_GvpN_50fmol,0.20833333333333334,m165_GvpJ_50fmol,0.20833333333333334,m166_GvpK_50fmol,0.20833333333333334,m163_GvpF_50fmol,0.20833333333333334,m164_GvpG_50fmol,0.20833333333333334,m168_GvpV_50fmol,0.8333333333333334,m169_GvpW_50fmol,0.20833333333333334,m567_GvpA,10.0,puc19,7.776260333734275,0,600,17.857142857142858,33.6,I9,Plate 1
0.25,0.25,1.0,0.25,0.25,1.0,1.0,0.5714285714285714,12,50,50fmol_12xA_0.25xN_0.25xJ_1xK_0.25xF_0.25xG_1xV_1xW_,m167_GvpN_50fmol,0.20833333333333334,m165_GvpJ_50fmol,0.20833333333333334,m166_GvpK_50fmol,0.8333333333333334,m163_GvpF_50fmol,0.20833333333333334,m164_GvpG_50fmol,0.20833333333333334,m168_GvpV_50fmol,0.8333333333333334,m169_GvpW_50fmol,0.8333333333333334,m567_GvpA,10.0,puc19,5.475208583920425,0,600,28.57142857142857,21.0,I11,Plate 1
0.25,0.25,0.25,0.25,0.25,0.25,2.0,0.5,12,50,50fmol_12xA_0.25xN_0.25xJ_0.25xK_0.25xF_0.25xG_0.25xV_2xW_,m167_GvpN_50fmol,0.20833333333333334,m165_GvpJ_50fmol,0.20833333333333334,m166_GvpK_50fmol,0.20833333333333334,m163_GvpF_50fmol,0.20833333333333334,m164_GvpG_50fmol,0.20833333333333334,m168_GvpV_50fmol,0.20833333333333334,m169_GvpW_50fmol,1.6666666666666667,m567_GvpA,10.0,puc19,6.1328624682589705,0,600,25.0,24.0,I13,Plate 1
0.25,0.25,0.25,1.0,1.0,0.25,1.0,0.5714285714285714,12,50,50fmol_12xA_0.25xN_0.25xJ_0.25xK_1xF_1xG_0.25xV_1xW_,m167_GvpN_50fmol,0.20833333333333334,m165_GvpJ_50fmol,0.20833333333333334,m166_GvpK_50fmol,0.20833333333333334,m163_GvpF_50fmol,0.8333333333333334,m164_GvpG_50fmol,0.8333333333333334,m168_GvpV_50fmol,0.20833333333333334,m169_GvpW_50fmol,0.8333333333333334,m567_GvpA,10.0,puc19,5.406332932393992,0,600,28.57142857142857,21.0,I15,Plate 1
0.25,0.25,0.25,0.25,2.0,0.25,0.25,0.5,12,50,50fmol_12xA_0.25xN_0.25xJ_0.25xK_0.25xF_2xG_0.25xV_0.25xW_,m167_GvpN_50fmol,0.20833333333333334,m165_GvpJ_50fmol,0.20833333333333334,m166_GvpK_50fmol,0.20833333333333334,m163_GvpF_50fmol,0.20833333333333334,m164_GvpG_50fmol,1.6666666666666667,m168_GvpV_50fmol,0.20833333333333334,m169_GvpW_50fmol,0.20833333333333334,m567_GvpA,10.0,puc19,6.296829953987439,0,600,25.0,24.0,I17,Plate 1
0.25,0.25,1.0,0.25,0.25,1.0,0.25,0.4642857142857143,12,50,50fmol_12xA_0.25xN_0.25xJ_1xK_0.25xF_0.25xG_1xV_0.25xW_,m167_GvpN_50fmol,0.20833333333333334,m165_GvpJ_50fmol,0.20833333333333334,m166_GvpK_50fmol,0.8333333333333334,m163_GvpF_50fmol,0.20833333333333334,m164_GvpG_50fmol,0.20833333333333334,m168_GvpV_50fmol,0.8333333333333334,m169_GvpW_50fmol,0.20833333333333334,m567_GvpA,10.0,puc19,6.650515732096151,0,600,23.214285714285715,25.846153846153847,I19,Plate 1
0.25,0.25,0.25,1.0,1.0,0.25,0.25,0.4642857142857143,12,50,50fmol_12xA_0.25xN_0.25xJ_0.25xK_1xF_1xG_0.25xV_0.25xW_,m167_GvpN_50fmol,0.20833333333333334,m165_GvpJ_50fmol,0.20833333333333334,m166_GvpK_50fmol,0.20833333333333334,m163_GvpF_50fmol,0.8333333333333334,m164_GvpG_50fmol,0.8333333333333334,m168_GvpV_50fmol,0.20833333333333334,m169_GvpW_50fmol,0.20833333333333334,m567_GvpA,10.0,puc19,6.581640080569718,0,600,23.214285714285715,25.846153846153847,I21,Plate 1
0.0,0.0,0.0,0.0,0.0,0.0,0.0,0.0,0,50,50fmol_0xA_0xN_0xJ_0xK_0xF_0xG_0xV_0xW_,m167_GvpN_50fmol,0.0,m165_GvpJ_50fmol,0.0,m166_GvpK_50fmol,0.0,m163_GvpF_50fmol,0.0,m164_GvpG_50fmol,0.0,m168_GvpV_50fmol,0.0,m169_GvpW_50fmol,0.0,m567_GvpA,0.0,puc19,28.638524543215535,0,0,0.0,,I23,Plate 1
0.25,0.25,0.25,1.0,0.25,1.0,1.0,0.5714285714285714,12,50,50fmol_12xA_0.25xN_0.25xJ_0.25xK_1xF_0.25xG_1xV_1xW_,m167_GvpN_50fmol,0.20833333333333334,m165_GvpJ_50fmol,0.20833333333333334,m166_GvpK_50fmol,0.20833333333333334,m163_GvpF_50fmol,0.8333333333333334,m164_GvpG_50fmol,0.20833333333333334,m168_GvpV_50fmol,0.8333333333333334,m169_GvpW_50fmol,0.8333333333333334,m567_GvpA,10.0,puc19,5.412382820703746,0,600,28.57142857142857,21.0,K1,Plate 1
0.25,0.25,0.25,1.0,0.25,0.25,0.25,0.35714285714285715,12,50,50fmol_12xA_0.25xN_0.25xJ_0.25xK_1xF_0.25xG_0.25xV_0.25xW_,m167_GvpN_50fmol,0.20833333333333334,m165_GvpJ_50fmol,0.20833333333333334,m166_GvpK_50fmol,0.20833333333333334,m163_GvpF_50fmol,0.8333333333333334,m164_GvpG_50fmol,0.20833333333333334,m168_GvpV_50fmol,0.20833333333333334,m169_GvpW_50fmol,0.20833333333333334,m567_GvpA,10.0,puc19,7.686675449147526,0,600,17.857142857142858,33.6,K3,Plate 1
0.25,0.25,0.25,1.0,0.25,1.0,0.25,0.4642857142857143,12,50,50fmol_12xA_0.25xN_0.25xJ_0.25xK_1xF_0.25xG_1xV_0.25xW_,m167_GvpN_50fmol,0.20833333333333334,m165_GvpJ_50fmol,0.20833333333333334,m166_GvpK_50fmol,0.20833333333333334,m163_GvpF_50fmol,0.8333333333333334,m164_GvpG_50fmol,0.20833333333333334,m168_GvpV_50fmol,0.8333333333333334,m169_GvpW_50fmol,0.20833333333333334,m567_GvpA,10.0,puc19,6.587689968879472,0,600,23.214285714285715,25.846153846153847,K5,Plate 1
0.25,0.25,0.25,1.0,1.0,1.0,0.25,0.5714285714285714,12,50,50fmol_12xA_0.25xN_0.25xJ_0.25xK_1xF_1xG_1xV_0.25xW_,m167_GvpN_50fmol,0.20833333333333334,m165_GvpJ_50fmol,0.20833333333333334,m166_GvpK_50fmol,0.20833333333333334,m163_GvpF_50fmol,0.8333333333333334,m164_GvpG_50fmol,0.8333333333333334,m168_GvpV_50fmol,0.8333333333333334,m169_GvpW_50fmol,0.20833333333333334,m567_GvpA,10.0,puc19,5.48265460030166,0,600,28.57142857142857,21.0,K7,Plate 1
0.25,0.25,0.25,1.0,0.25,0.25,1.0,0.4642857142857143,12,50,50fmol_12xA_0.25xN_0.25xJ_0.25xK_1xF_0.25xG_0.25xV_1xW_,m167_GvpN_50fmol,0.20833333333333334,m165_GvpJ_50fmol,0.20833333333333334,m166_GvpK_50fmol,0.20833333333333334,m163_GvpF_50fmol,0.8333333333333334,m164_GvpG_50fmol,0.20833333333333334,m168_GvpV_50fmol,0.20833333333333334,m169_GvpW_50fmol,0.8333333333333334,m567_GvpA,10.0,puc19,6.511368300971805,0,600,23.214285714285715,25.846153846153847,K9,Plate 1
0.25,0.25,0.25,1.0,1.0,1.0,0.25,0.5714285714285714,12,50,50fmol_12xA_0.25xN_0.25xJ_0.25xK_1xF_1xG_1xV_0.25xW_,m167_GvpN_50fmol,0.20833333333333334,m165_GvpJ_50fmol,0.20833333333333334,m166_GvpK_50fmol,0.20833333333333334,m163_GvpF_50fmol,0.8333333333333334,m164_GvpG_50fmol,0.8333333333333334,m168_GvpV_50fmol,0.8333333333333334,m169_GvpW_50fmol,0.20833333333333334,m567_GvpA,10.0,puc19,5.48265460030166,0,600,28.57142857142857,21.0,K11,Plate 1
0.25,0.25,0.25,1.0,1.0,0.25,1.0,0.5714285714285714,12,50,50fmol_12xA_0.25xN_0.25xJ_0.25xK_1xF_1xG_0.25xV_1xW_,m167_GvpN_50fmol,0.20833333333333334,m165_GvpJ_50fmol,0.20833333333333334,m166_GvpK_50fmol,0.20833333333333334,m163_GvpF_50fmol,0.8333333333333334,m164_GvpG_50fmol,0.8333333333333334,m168_GvpV_50fmol,0.20833333333333334,m169_GvpW_50fmol,0.8333333333333334,m567_GvpA,10.0,puc19,5.406332932393992,0,600,28.57142857142857,21.0,K13,Plate 1
0.25,0.25,0.25,0.25,0.25,0.25,0.25,0.25,12,50,50fmol_12xA_0.25xN_0.25xJ_0.25xK_0.25xF_0.25xG_0.25xV_0.25xW_,m167_GvpN_50fmol,0.20833333333333334,m165_GvpJ_50fmol,0.20833333333333334,m166_GvpK_50fmol,0.20833333333333334,m163_GvpF_50fmol,0.20833333333333334,m164_GvpG_50fmol,0.20833333333333334,m168_GvpV_50fmol,0.20833333333333334,m169_GvpW_50fmol,0.20833333333333334,m567_GvpA,10.0,puc19,8.87524581400233,0,600,12.5,48.0,K15,Plate 1
0.25,0.25,1.0,0.25,0.25,0.25,0.25,0.35714285714285715,12,50,50fmol_12xA_0.25xN_0.25xJ_1xK_0.25xF_0.25xG_0.25xV_0.25xW_,m167_GvpN_50fmol,0.20833333333333334,m165_GvpJ_50fmol,0.20833333333333334,m166_GvpK_50fmol,0.8333333333333334,m163_GvpF_50fmol,0.20833333333333334,m164_GvpG_50fmol,0.20833333333333334,m168_GvpV_50fmol,0.20833333333333334,m169_GvpW_50fmol,0.20833333333333334,m567_GvpA,10.0,puc19,7.749501212364206,0,600,17.857142857142858,33.6,K17,Plate 1
0.25,0.25,0.25,1.0,0.25,0.25,0.25,0.35714285714285715,12,50,50fmol_12xA_0.25xN_0.25xJ_0.25xK_1xF_0.25xG_0.25xV_0.25xW_,m167_GvpN_50fmol,0.20833333333333334,m165_GvpJ_50fmol,0.20833333333333334,m166_GvpK_50fmol,0.20833333333333334,m163_GvpF_50fmol,0.8333333333333334,m164_GvpG_50fmol,0.20833333333333334,m168_GvpV_50fmol,0.20833333333333334,m169_GvpW_50fmol,0.20833333333333334,m567_GvpA,10.0,puc19,7.686675449147526,0,600,17.857142857142858,33.6,K19,Plate 1
0.25,0.25,0.25,1.0,1.0,0.25,0.25,0.4642857142857143,12,50,50fmol_12xA_0.25xN_0.25xJ_0.25xK_1xF_1xG_0.25xV_0.25xW_,m167_GvpN_50fmol,0.20833333333333334,m165_GvpJ_50fmol,0.20833333333333334,m166_GvpK_50fmol,0.20833333333333334,m163_GvpF_50fmol,0.8333333333333334,m164_GvpG_50fmol,0.8333333333333334,m168_GvpV_50fmol,0.20833333333333334,m169_GvpW_50fmol,0.20833333333333334,m567_GvpA,10.0,puc19,6.581640080569718,0,600,23.214285714285715,25.846153846153847,K21,Plate 1
0.25,0.25,0.25,1.0,0.25,1.0,0.25,0.4642857142857143,12,50,50fmol_12xA_0.25xN_0.25xJ_0.25xK_1xF_0.25xG_1xV_0.25xW_,m167_GvpN_50fmol,0.20833333333333334,m165_GvpJ_50fmol,0.20833333333333334,m166_GvpK_50fmol,0.20833333333333334,m163_GvpF_50fmol,0.8333333333333334,m164_GvpG_50fmol,0.20833333333333334,m168_GvpV_50fmol,0.8333333333333334,m169_GvpW_50fmol,0.20833333333333334,m567_GvpA,10.0,puc19,6.587689968879472,0,600,23.214285714285715,25.846153846153847,K23,Plate 1
1.0,1.0,1.0,1.0,1.0,1.0,1.0,1.0,12,50,50fmol_12xA_1xN_1xJ_1xK_1xF_1xG_1xV_1xW_,m167_GvpN_50fmol,0.8333333333333334,m165_GvpJ_50fmol,0.8333333333333334,m166_GvpK_50fmol,0.8333333333333334,m163_GvpF_50fmol,0.8333333333333334,m164_GvpG_50fmol,0.8333333333333334,m168_GvpV_50fmol,0.8333333333333334,m169_GvpW_50fmol,0.8333333333333334,m567_GvpA,10.0,puc19,0.7395421654543038,0,600,50.0,12.0,M1,Plate 1
0.25,0.25,0.25,1.0,1.0,0.25,0.25,0.4642857142857143,12,50,50fmol_12xA_0.25xN_0.25xJ_0.25xK_1xF_1xG_0.25xV_0.25xW_,m167_GvpN_50fmol,0.20833333333333334,m165_GvpJ_50fmol,0.20833333333333334,m166_GvpK_50fmol,0.20833333333333334,m163_GvpF_50fmol,0.8333333333333334,m164_GvpG_50fmol,0.8333333333333334,m168_GvpV_50fmol,0.20833333333333334,m169_GvpW_50fmol,0.20833333333333334,m567_GvpA,10.0,puc19,6.581640080569718,0,600,23.214285714285715,25.846153846153847,M3,Plate 1
0.25,0.25,0.25,0.25,1.0,1.0,1.0,0.5714285714285714,12,50,50fmol_12xA_0.25xN_0.25xJ_0.25xK_0.25xF_1xG_1xV_1xW_,m167_GvpN_50fmol,0.20833333333333334,m165_GvpJ_50fmol,0.20833333333333334,m166_GvpK_50fmol,0.20833333333333334,m163_GvpF_50fmol,0.20833333333333334,m164_GvpG_50fmol,0.8333333333333334,m168_GvpV_50fmol,0.8333333333333334,m169_GvpW_50fmol,0.8333333333333334,m567_GvpA,10.0,puc19,5.495917816980736,0,600,28.57142857142857,21.0,M5,Plate 1
1.0,1.0,1.0,1.0,1.0,1.0,1.0,1.0,12,50,50fmol_12xA_1xN_1xJ_1xK_1xF_1xG_1xV_1xW_,m167_GvpN_50fmol,0.8333333333333334,m165_GvpJ_50fmol,0.8333333333333334,m166_GvpK_50fmol,0.8333333333333334,m163_GvpF_50fmol,0.8333333333333334,m164_GvpG_50fmol,0.8333333333333334,m168_GvpV_50fmol,0.8333333333333334,m169_GvpW_50fmol,0.8333333333333334,m567_GvpA,10.0,puc19,0.7395421654543038,0,600,50.0,12.0,M7,Plate 1
0.25,0.25,0.25,1.0,1.0,0.25,0.25,0.4642857142857143,12,50,50fmol_12xA_0.25xN_0.25xJ_0.25xK_1xF_1xG_0.25xV_0.25xW_,m167_GvpN_50fmol,0.20833333333333334,m165_GvpJ_50fmol,0.20833333333333334,m166_GvpK_50fmol,0.20833333333333334,m163_GvpF_50fmol,0.8333333333333334,m164_GvpG_50fmol,0.8333333333333334,m168_GvpV_50fmol,0.20833333333333334,m169_GvpW_50fmol,0.20833333333333334,m567_GvpA,10.0,puc19,6.581640080569718,0,600,23.214285714285715,25.846153846153847,M9,Plate 1
0.25,0.25,0.25,1.0,1.0,0.25,1.0,0.5714285714285714,12,50,50fmol_12xA_0.25xN_0.25xJ_0.25xK_1xF_1xG_0.25xV_1xW_,m167_GvpN_50fmol,0.20833333333333334,m165_GvpJ_50fmol,0.20833333333333334,m166_GvpK_50fmol,0.20833333333333334,m163_GvpF_50fmol,0.8333333333333334,m164_GvpG_50fmol,0.8333333333333334,m168_GvpV_50fmol,0.20833333333333334,m169_GvpW_50fmol,0.8333333333333334,m567_GvpA,10.0,puc19,5.406332932393992,0,600,28.57142857142857,21.0,M11,Plate 1
0.25,0.25,1.0,0.25,0.25,1.0,0.25,0.4642857142857143,12,50,50fmol_12xA_0.25xN_0.25xJ_1xK_0.25xF_0.25xG_1xV_0.25xW_,m167_GvpN_50fmol,0.20833333333333334,m165_GvpJ_50fmol,0.20833333333333334,m166_GvpK_50fmol,0.8333333333333334,m163_GvpF_50fmol,0.20833333333333334,m164_GvpG_50fmol,0.20833333333333334,m168_GvpV_50fmol,0.8333333333333334,m169_GvpW_50fmol,0.20833333333333334,m567_GvpA,10.0,puc19,6.650515732096151,0,600,23.214285714285715,25.846153846153847,M13,Plate 1
0.25,0.25,0.25,0.25,2.0,0.25,0.25,0.5,12,50,50fmol_12xA_0.25xN_0.25xJ_0.25xK_0.25xF_2xG_0.25xV_0.25xW_,m167_GvpN_50fmol,0.20833333333333334,m165_GvpJ_50fmol,0.20833333333333334,m166_GvpK_50fmol,0.20833333333333334,m163_GvpF_50fmol,0.20833333333333334,m164_GvpG_50fmol,1.6666666666666667,m168_GvpV_50fmol,0.20833333333333334,m169_GvpW_50fmol,0.20833333333333334,m567_GvpA,10.0,puc19,6.296829953987439,0,600,25.0,24.0,M15,Plate 1
0.25,0.25,0.25,0.25,1.0,1.0,0.25,0.4642857142857143,12,50,50fmol_12xA_0.25xN_0.25xJ_0.25xK_0.25xF_1xG_1xV_0.25xW_,m167_GvpN_50fmol,0.20833333333333334,m165_GvpJ_50fmol,0.20833333333333334,m166_GvpK_50fmol,0.20833333333333334,m163_GvpF_50fmol,0.20833333333333334,m164_GvpG_50fmol,0.8333333333333334,m168_GvpV_50fmol,0.8333333333333334,m169_GvpW_50fmol,0.20833333333333334,m567_GvpA,10.0,puc19,6.671224965156463,0,600,23.214285714285715,25.846153846153847,M17,Plate 1
0.25,0.25,0.25,0.25,0.25,0.25,1.0,0.35714285714285715,12,50,50fmol_12xA_0.25xN_0.25xJ_0.25xK_0.25xF_0.25xG_0.25xV_1xW_,m167_GvpN_50fmol,0.20833333333333334,m165_GvpJ_50fmol,0.20833333333333334,m166_GvpK_50fmol,0.20833333333333334,m163_GvpF_50fmol,0.20833333333333334,m164_GvpG_50fmol,0.20833333333333334,m168_GvpV_50fmol,0.20833333333333334,m169_GvpW_50fmol,0.8333333333333334,m567_GvpA,10.0,puc19,7.699938665826603,0,600,17.857142857142858,33.6,M19,Plate 1
0.25,0.25,0.25,1.0,0.25,1.0,1.0,0.5714285714285714,12,50,50fmol_12xA_0.25xN_0.25xJ_0.25xK_1xF_0.25xG_1xV_1xW_,m167_GvpN_50fmol,0.20833333333333334,m165_GvpJ_50fmol,0.20833333333333334,m166_GvpK_50fmol,0.20833333333333334,m163_GvpF_50fmol,0.8333333333333334,m164_GvpG_50fmol,0.20833333333333334,m168_GvpV_50fmol,0.8333333333333334,m169_GvpW_50fmol,0.8333333333333334,m567_GvpA,10.0,puc19,5.412382820703746,0,600,28.57142857142857,21.0,M21,Plate 1
0.25,0.25,0.25,0.25,1.0,0.25,0.25,0.35714285714285715,12,50,50fmol_12xA_0.25xN_0.25xJ_0.25xK_0.25xF_1xG_0.25xV_0.25xW_,m167_GvpN_50fmol,0.20833333333333334,m165_GvpJ_50fmol,0.20833333333333334,m166_GvpK_50fmol,0.20833333333333334,m163_GvpF_50fmol,0.20833333333333334,m164_GvpG_50fmol,0.8333333333333334,m168_GvpV_50fmol,0.20833333333333334,m169_GvpW_50fmol,0.20833333333333334,m567_GvpA,10.0,puc19,7.770210445424521,0,600,17.857142857142858,33.6,M23,Plate 1
0.25,0.25,0.25,0.25,0.25,0.25,1.0,0.35714285714285715,12,50,50fmol_12xA_0.25xN_0.25xJ_0.25xK_0.25xF_0.25xG_0.25xV_1xW_,m167_GvpN_50fmol,0.20833333333333334,m165_GvpJ_50fmol,0.20833333333333334,m166_GvpK_50fmol,0.20833333333333334,m163_GvpF_50fmol,0.20833333333333334,m164_GvpG_50fmol,0.20833333333333334,m168_GvpV_50fmol,0.20833333333333334,m169_GvpW_50fmol,0.8333333333333334,m567_GvpA,10.0,puc19,7.699938665826603,0,600,17.857142857142858,33.6,O1,Plate 1
0.25,0.25,0.25,0.25,1.0,0.25,0.25,0.35714285714285715,12,50,50fmol_12xA_0.25xN_0.25xJ_0.25xK_0.25xF_1xG_0.25xV_0.25xW_,m167_GvpN_50fmol,0.20833333333333334,m165_GvpJ_50fmol,0.20833333333333334,m166_GvpK_50fmol,0.20833333333333334,m163_GvpF_50fmol,0.20833333333333334,m164_GvpG_50fmol,0.8333333333333334,m168_GvpV_50fmol,0.20833333333333334,m169_GvpW_50fmol,0.20833333333333334,m567_GvpA,10.0,puc19,7.770210445424521,0,600,17.857142857142858,33.6,O3,Plate 1
0.25,0.25,1.0,0.25,0.25,1.0,1.0,0.5714285714285714,12,50,50fmol_12xA_0.25xN_0.25xJ_1xK_0.25xF_0.25xG_1xV_1xW_,m167_GvpN_50fmol,0.20833333333333334,m165_GvpJ_50fmol,0.20833333333333334,m166_GvpK_50fmol,0.8333333333333334,m163_GvpF_50fmol,0.20833333333333334,m164_GvpG_50fmol,0.20833333333333334,m168_GvpV_50fmol,0.8333333333333334,m169_GvpW_50fmol,0.8333333333333334,m567_GvpA,10.0,puc19,5.475208583920425,0,600,28.57142857142857,21.0,O5,Plate 1
0.25,0.25,1.0,0.25,0.25,0.25,0.25,0.35714285714285715,12,50,50fmol_12xA_0.25xN_0.25xJ_1xK_0.25xF_0.25xG_0.25xV_0.25xW_,m167_GvpN_50fmol,0.20833333333333334,m165_GvpJ_50fmol,0.20833333333333334,m166_GvpK_50fmol,0.8333333333333334,m163_GvpF_50fmol,0.20833333333333334,m164_GvpG_50fmol,0.20833333333333334,m168_GvpV_50fmol,0.20833333333333334,m169_GvpW_50fmol,0.20833333333333334,m567_GvpA,10.0,puc19,7.749501212364206,0,600,17.857142857142858,33.6,O7,Plate 1
0.25,0.25,1.0,0.25,0.25,1.0,1.0,0.5714285714285714,12,50,50fmol_12xA_0.25xN_0.25xJ_1xK_0.25xF_0.25xG_1xV_1xW_,m167_GvpN_50fmol,0.20833333333333334,m165_GvpJ_50fmol,0.20833333333333334,m166_GvpK_50fmol,0.8333333333333334,m163_GvpF_50fmol,0.20833333333333334,m164_GvpG_50fmol,0.20833333333333334,m168_GvpV_50fmol,0.8333333333333334,m169_GvpW_50fmol,0.8333333333333334,m567_GvpA,10.0,puc19,5.475208583920425,0,600,28.57142857142857,21.0,O9,Plate 1
0.25,0.25,1.0,0.25,0.25,1.0,0.25,0.4642857142857143,12,50,50fmol_12xA_0.25xN_0.25xJ_1xK_0.25xF_0.25xG_1xV_0.25xW_,m167_GvpN_50fmol,0.20833333333333334,m165_GvpJ_50fmol,0.20833333333333334,m166_GvpK_50fmol,0.8333333333333334,m163_GvpF_50fmol,0.20833333333333334,m164_GvpG_50fmol,0.20833333333333334,m168_GvpV_50fmol,0.8333333333333334,m169_GvpW_50fmol,0.20833333333333334,m567_GvpA,10.0,puc19,6.650515732096151,0,600,23.214285714285715,25.846153846153847,O11,Plate 1
0.25,0.25,0.25,0.25,1.0,0.25,0.25,0.35714285714285715,12,50,50fmol_12xA_0.25xN_0.25xJ_0.25xK_0.25xF_1xG_0.25xV_0.25xW_,m167_GvpN_50fmol,0.20833333333333334,m165_GvpJ_50fmol,0.20833333333333334,m166_GvpK_50fmol,0.20833333333333334,m163_GvpF_50fmol,0.20833333333333334,m164_GvpG_50fmol,0.8333333333333334,m168_GvpV_50fmol,0.20833333333333334,m169_GvpW_50fmol,0.20833333333333334,m567_GvpA,10.0,puc19,7.770210445424521,0,600,17.857142857142858,33.6,O13,Plate 1
0.25,0.25,0.25,1.0,1.0,0.25,1.0,0.5714285714285714,12,50,50fmol_12xA_0.25xN_0.25xJ_0.25xK_1xF_1xG_0.25xV_1xW_,m167_GvpN_50fmol,0.20833333333333334,m165_GvpJ_50fmol,0.20833333333333334,m166_GvpK_50fmol,0.20833333333333334,m163_GvpF_50fmol,0.8333333333333334,m164_GvpG_50fmol,0.8333333333333334,m168_GvpV_50fmol,0.20833333333333334,m169_GvpW_50fmol,0.8333333333333334,m567_GvpA,10.0,puc19,5.406332932393992,0,600,28.57142857142857,21.0,O15,Plate 1
0.25,0.25,0.25,2.0,0.25,0.25,0.25,0.5,12,50,50fmol_12xA_0.25xN_0.25xJ_0.25xK_2xF_0.25xG_0.25xV_0.25xW_,m167_GvpN_50fmol,0.20833333333333334,m165_GvpJ_50fmol,0.20833333333333334,m166_GvpK_50fmol,0.20833333333333334,m163_GvpF_50fmol,1.6666666666666667,m164_GvpG_50fmol,0.20833333333333334,m168_GvpV_50fmol,0.20833333333333334,m169_GvpW_50fmol,0.20833333333333334,m567_GvpA,10.0,puc19,6.101914962674458,0,600,25.0,24.0,O17,Plate 1
0.25,0.25,0.25,0.25,0.25,1.0,1.0,0.4642857142857143,12,50,50fmol_12xA_0.25xN_0.25xJ_0.25xK_0.25xF_0.25xG_1xV_1xW_,m167_GvpN_50fmol,0.20833333333333334,m165_GvpJ_50fmol,0.20833333333333334,m166_GvpK_50fmol,0.20833333333333334,m163_GvpF_50fmol,0.20833333333333334,m164_GvpG_50fmol,0.20833333333333334,m168_GvpV_50fmol,0.8333333333333334,m169_GvpW_50fmol,0.8333333333333334,m567_GvpA,10.0,puc19,6.600953185558549,0,600,23.214285714285715,25.846153846153847,O19,Plate 1
0.25,0.25,0.25,0.25,0.25,0.25,0.25,0.25,12,50,50fmol_12xA_0.25xN_0.25xJ_0.25xK_0.25xF_0.25xG_0.25xV_0.25xW_,m167_GvpN_50fmol,0.20833333333333334,m165_GvpJ_50fmol,0.20833333333333334,m166_GvpK_50fmol,0.20833333333333334,m163_GvpF_50fmol,0.20833333333333334,m164_GvpG_50fmol,0.20833333333333334,m168_GvpV_50fmol,0.20833333333333334,m169_GvpW_50fmol,0.20833333333333334,m567_GvpA,10.0,puc19,8.87524581400233,0,600,12.5,48.0,O21,Plate 1
0.25,0.25,0.25,1.0,0.25,1.0,0.25,0.4642857142857143,12,50,50fmol_12xA_0.25xN_0.25xJ_0.25xK_1xF_0.25xG_1xV_0.25xW_,m167_GvpN_50fmol,0.20833333333333334,m165_GvpJ_50fmol,0.20833333333333334,m166_GvpK_50fmol,0.20833333333333334,m163_GvpF_50fmol,0.8333333333333334,m164_GvpG_50fmol,0.20833333333333334,m168_GvpV_50fmol,0.8333333333333334,m169_GvpW_50fmol,0.20833333333333334,m567_GvpA,10.0,puc19,6.587689968879472,0,600,23.214285714285715,25.846153846153847,O23,Plate 1
0.0,0.0,0.0,0.0,0.0,0.0,0.0,0.0,0,50,50fmol_0xA_0xN_0xJ_0xK_0xF_0xG_0xV_0xW_,m167_GvpN_50fmol,0.0,m165_GvpJ_50fmol,0.0,m166_GvpK_50fmol,0.0,m163_GvpF_50fmol,0.0,m164_GvpG_50fmol,0.0,m168_GvpV_50fmol,0.0,m169_GvpW_50fmol,0.0,m567_GvpA,0.0,puc19,28.638524543215535,0,0,0.0,,E15,Plate 1
0.25,0.25,1.0,1.0,0.25,1.0,0.25,0.5714285714285714,12,50,50fmol_12xA_0.25xN_0.25xJ_1xK_1xF_0.25xG_1xV_0.25xW_,m167_GvpN_50fmol,0.20833333333333334,m165_GvpJ_50fmol,0.20833333333333334,m166_GvpK_50fmol,0.8333333333333334,m163_GvpF_50fmol,0.8333333333333334,m164_GvpG_50fmol,0.20833333333333334,m168_GvpV_50fmol,0.8333333333333334,m169_GvpW_50fmol,0.20833333333333334,m567_GvpA,10.0,puc19,5.4619453672413485,0,600,28.57142857142857,21.0,A2,Plate 2
0.25,0.25,1.0,0.25,1.0,0.25,0.25,0.4642857142857143,12,50,50fmol_12xA_0.25xN_0.25xJ_1xK_0.25xF_1xG_0.25xV_0.25xW_,m167_GvpN_50fmol,0.20833333333333334,m165_GvpJ_50fmol,0.20833333333333334,m166_GvpK_50fmol,0.8333333333333334,m163_GvpF_50fmol,0.20833333333333334,m164_GvpG_50fmol,0.8333333333333334,m168_GvpV_50fmol,0.20833333333333334,m169_GvpW_50fmol,0.20833333333333334,m567_GvpA,10.0,puc19,6.6444658437863975,0,600,23.214285714285715,25.846153846153847,A4,Plate 2
0.25,0.25,1.0,1.0,0.25,0.25,0.25,0.4642857142857143,12,50,50fmol_12xA_0.25xN_0.25xJ_1xK_1xF_0.25xG_0.25xV_0.25xW_,m167_GvpN_50fmol,0.20833333333333334,m165_GvpJ_50fmol,0.20833333333333334,m166_GvpK_50fmol,0.8333333333333334,m163_GvpF_50fmol,0.8333333333333334,m164_GvpG_50fmol,0.20833333333333334,m168_GvpV_50fmol,0.20833333333333334,m169_GvpW_50fmol,0.20833333333333334,m567_GvpA,10.0,puc19,6.560930847509403,0,600,23.214285714285715,25.846153846153847,A6,Plate 2
0.25,0.25,1.0,1.0,0.25,1.0,0.25,0.5714285714285714,12,50,50fmol_12xA_0.25xN_0.25xJ_1xK_1xF_0.25xG_1xV_0.25xW_,m167_GvpN_50fmol,0.20833333333333334,m165_GvpJ_50fmol,0.20833333333333334,m166_GvpK_50fmol,0.8333333333333334,m163_GvpF_50fmol,0.8333333333333334,m164_GvpG_50fmol,0.20833333333333334,m168_GvpV_50fmol,0.8333333333333334,m169_GvpW_50fmol,0.20833333333333334,m567_GvpA,10.0,puc19,5.4619453672413485,0,600,28.57142857142857,21.0,A8,Plate 2
0.25,1.0,0.25,0.25,1.0,0.25,1.0,0.5714285714285714,12,50,50fmol_12xA_0.25xN_1xJ_0.25xK_0.25xF_1xG_0.25xV_1xW_,m167_GvpN_50fmol,0.20833333333333334,m165_GvpJ_50fmol,0.8333333333333334,m166_GvpK_50fmol,0.20833333333333334,m163_GvpF_50fmol,0.20833333333333334,m164_GvpG_50fmol,0.8333333333333334,m168_GvpV_50fmol,0.20833333333333334,m169_GvpW_50fmol,0.8333333333333334,m567_GvpA,10.0,puc19,5.404238740286766,0,600,28.57142857142857,21.0,A10,Plate 2
0.25,1.0,0.25,0.25,1.0,1.0,0.25,0.5714285714285714,12,50,50fmol_12xA_0.25xN_1xJ_0.25xK_0.25xF_1xG_1xV_0.25xW_,m167_GvpN_50fmol,0.20833333333333334,m165_GvpJ_50fmol,0.8333333333333334,m166_GvpK_50fmol,0.20833333333333334,m163_GvpF_50fmol,0.20833333333333334,m164_GvpG_50fmol,0.8333333333333334,m168_GvpV_50fmol,0.8333333333333334,m169_GvpW_50fmol,0.20833333333333334,m567_GvpA,10.0,puc19,5.480560408194438,0,600,28.57142857142857,21.0,A12,Plate 2
0.25,1.0,0.25,1.0,0.25,0.25,1.0,0.5714285714285714,12,50,50fmol_12xA_0.25xN_1xJ_0.25xK_1xF_0.25xG_0.25xV_1xW_,m167_GvpN_50fmol,0.20833333333333334,m165_GvpJ_50fmol,0.8333333333333334,m166_GvpK_50fmol,0.20833333333333334,m163_GvpF_50fmol,0.8333333333333334,m164_GvpG_50fmol,0.20833333333333334,m168_GvpV_50fmol,0.20833333333333334,m169_GvpW_50fmol,0.8333333333333334,m567_GvpA,10.0,puc19,5.3207037440097755,0,600,28.57142857142857,21.0,A14,Plate 2
0.25,1.0,0.25,1.0,0.25,0.25,0.25,0.4642857142857143,12,50,50fmol_12xA_0.25xN_1xJ_0.25xK_1xF_0.25xG_0.25xV_0.25xW_,m167_GvpN_50fmol,0.20833333333333334,m165_GvpJ_50fmol,0.8333333333333334,m166_GvpK_50fmol,0.20833333333333334,m163_GvpF_50fmol,0.8333333333333334,m164_GvpG_50fmol,0.20833333333333334,m168_GvpV_50fmol,0.20833333333333334,m169_GvpW_50fmol,0.20833333333333334,m567_GvpA,10.0,puc19,6.496010892185502,0,600,23.214285714285715,25.846153846153847,A16,Plate 2
0.25,0.25,1.0,0.25,1.0,1.0,0.25,0.5714285714285714,12,50,50fmol_12xA_0.25xN_0.25xJ_1xK_0.25xF_1xG_1xV_0.25xW_,m167_GvpN_50fmol,0.20833333333333334,m165_GvpJ_50fmol,0.20833333333333334,m166_GvpK_50fmol,0.8333333333333334,m163_GvpF_50fmol,0.20833333333333334,m164_GvpG_50fmol,0.8333333333333334,m168_GvpV_50fmol,0.8333333333333334,m169_GvpW_50fmol,0.20833333333333334,m567_GvpA,10.0,puc19,5.5454803635183385,0,600,28.57142857142857,21.0,A18,Plate 2
0.25,1.0,1.0,0.25,0.25,0.25,0.25,0.4642857142857143,12,50,50fmol_12xA_0.25xN_1xJ_1xK_0.25xF_0.25xG_0.25xV_0.25xW_,m167_GvpN_50fmol,0.20833333333333334,m165_GvpJ_50fmol,0.8333333333333334,m166_GvpK_50fmol,0.8333333333333334,m163_GvpF_50fmol,0.20833333333333334,m164_GvpG_50fmol,0.20833333333333334,m168_GvpV_50fmol,0.20833333333333334,m169_GvpW_50fmol,0.20833333333333334,m567_GvpA,10.0,puc19,6.558836655402181,0,600,23.214285714285715,25.846153846153847,A20,Plate 2
0.25,0.25,1.0,0.25,1.0,1.0,0.25,0.5714285714285714,12,50,50fmol_12xA_0.25xN_0.25xJ_1xK_0.25xF_1xG_1xV_0.25xW_,m167_GvpN_50fmol,0.20833333333333334,m165_GvpJ_50fmol,0.20833333333333334,m166_GvpK_50fmol,0.8333333333333334,m163_GvpF_50fmol,0.20833333333333334,m164_GvpG_50fmol,0.8333333333333334,m168_GvpV_50fmol,0.8333333333333334,m169_GvpW_50fmol,0.20833333333333334,m567_GvpA,10.0,puc19,5.5454803635183385,0,600,28.57142857142857,21.0,A22,Plate 2
0.25,1.0,0.25,0.25,0.25,0.25,1.0,0.4642857142857143,12,50,50fmol_12xA_0.25xN_1xJ_0.25xK_0.25xF_0.25xG_0.25xV_1xW_,m167_GvpN_50fmol,0.20833333333333334,m165_GvpJ_50fmol,0.8333333333333334,m166_GvpK_50fmol,0.20833333333333334,m163_GvpF_50fmol,0.20833333333333334,m164_GvpG_50fmol,0.20833333333333334,m168_GvpV_50fmol,0.20833333333333334,m169_GvpW_50fmol,0.8333333333333334,m567_GvpA,10.0,puc19,6.509274108864578,0,600,23.214285714285715,25.846153846153847,A24,Plate 2
0.25,1.0,1.0,0.25,0.25,0.25,1.0,0.5714285714285714,12,50,50fmol_12xA_0.25xN_1xJ_1xK_0.25xF_0.25xG_0.25xV_1xW_,m167_GvpN_50fmol,0.20833333333333334,m165_GvpJ_50fmol,0.8333333333333334,m166_GvpK_50fmol,0.8333333333333334,m163_GvpF_50fmol,0.20833333333333334,m164_GvpG_50fmol,0.20833333333333334,m168_GvpV_50fmol,0.20833333333333334,m169_GvpW_50fmol,0.8333333333333334,m567_GvpA,10.0,puc19,5.383529507226459,0,600,28.57142857142857,21.0,C2,Plate 2
0.25,0.25,1.0,0.25,1.0,0.25,0.25,0.4642857142857143,12,50,50fmol_12xA_0.25xN_0.25xJ_1xK_0.25xF_1xG_0.25xV_0.25xW_,m167_GvpN_50fmol,0.20833333333333334,m165_GvpJ_50fmol,0.20833333333333334,m166_GvpK_50fmol,0.8333333333333334,m163_GvpF_50fmol,0.20833333333333334,m164_GvpG_50fmol,0.8333333333333334,m168_GvpV_50fmol,0.20833333333333334,m169_GvpW_50fmol,0.20833333333333334,m567_GvpA,10.0,puc19,6.6444658437863975,0,600,23.214285714285715,25.846153846153847,C4,Plate 2
0.25,1.0,1.0,0.25,0.25,1.0,0.25,0.5714285714285714,12,50,50fmol_12xA_0.25xN_1xJ_1xK_0.25xF_0.25xG_1xV_0.25xW_,m167_GvpN_50fmol,0.20833333333333334,m165_GvpJ_50fmol,0.8333333333333334,m166_GvpK_50fmol,0.8333333333333334,m163_GvpF_50fmol,0.20833333333333334,m164_GvpG_50fmol,0.20833333333333334,m168_GvpV_50fmol,0.8333333333333334,m169_GvpW_50fmol,0.20833333333333334,m567_GvpA,10.0,puc19,5.459851175134126,0,600,28.57142857142857,21.0,C6,Plate 2
0.25,0.25,1.0,1.0,0.25,0.25,0.25,0.4642857142857143,12,50,50fmol_12xA_0.25xN_0.25xJ_1xK_1xF_0.25xG_0.25xV_0.25xW_,m167_GvpN_50fmol,0.20833333333333334,m165_GvpJ_50fmol,0.20833333333333334,m166_GvpK_50fmol,0.8333333333333334,m163_GvpF_50fmol,0.8333333333333334,m164_GvpG_50fmol,0.20833333333333334,m168_GvpV_50fmol,0.20833333333333334,m169_GvpW_50fmol,0.20833333333333334,m567_GvpA,10.0,puc19,6.560930847509403,0,600,23.214285714285715,25.846153846153847,C8,Plate 2
0.25,0.25,1.0,0.25,1.0,0.25,1.0,0.5714285714285714,12,50,50fmol_12xA_0.25xN_0.25xJ_1xK_0.25xF_1xG_0.25xV_1xW_,m167_GvpN_50fmol,0.20833333333333334,m165_GvpJ_50fmol,0.20833333333333334,m166_GvpK_50fmol,0.8333333333333334,m163_GvpF_50fmol,0.20833333333333334,m164_GvpG_50fmol,0.8333333333333334,m168_GvpV_50fmol,0.20833333333333334,m169_GvpW_50fmol,0.8333333333333334,m567_GvpA,10.0,puc19,5.4691586956106715,0,600,28.57142857142857,21.0,C10,Plate 2
0.25,0.25,1.0,0.25,1.0,0.25,0.25,0.4642857142857143,12,50,50fmol_12xA_0.25xN_0.25xJ_1xK_0.25xF_1xG_0.25xV_0.25xW_,m167_GvpN_50fmol,0.20833333333333334,m165_GvpJ_50fmol,0.20833333333333334,m166_GvpK_50fmol,0.8333333333333334,m163_GvpF_50fmol,0.20833333333333334,m164_GvpG_50fmol,0.8333333333333334,m168_GvpV_50fmol,0.20833333333333334,m169_GvpW_50fmol,0.20833333333333334,m567_GvpA,10.0,puc19,6.6444658437863975,0,600,23.214285714285715,25.846153846153847,C12,Plate 2
0.25,1.0,0.25,0.25,1.0,1.0,0.25,0.5714285714285714,12,50,50fmol_12xA_0.25xN_1xJ_0.25xK_0.25xF_1xG_1xV_0.25xW_,m167_GvpN_50fmol,0.20833333333333334,m165_GvpJ_50fmol,0.8333333333333334,m166_GvpK_50fmol,0.20833333333333334,m163_GvpF_50fmol,0.20833333333333334,m164_GvpG_50fmol,0.8333333333333334,m168_GvpV_50fmol,0.8333333333333334,m169_GvpW_50fmol,0.20833333333333334,m567_GvpA,10.0,puc19,5.480560408194438,0,600,28.57142857142857,21.0,C14,Plate 2
0.25,1.0,1.0,0.25,0.25,0.25,1.0,0.5714285714285714,12,50,50fmol_12xA_0.25xN_1xJ_1xK_0.25xF_0.25xG_0.25xV_1xW_,m167_GvpN_50fmol,0.20833333333333334,m165_GvpJ_50fmol,0.8333333333333334,m166_GvpK_50fmol,0.8333333333333334,m163_GvpF_50fmol,0.20833333333333334,m164_GvpG_50fmol,0.20833333333333334,m168_GvpV_50fmol,0.20833333333333334,m169_GvpW_50fmol,0.8333333333333334,m567_GvpA,10.0,puc19,5.383529507226459,0,600,28.57142857142857,21.0,C16,Plate 2
0.25,1.0,0.25,0.25,0.25,1.0,1.0,0.5714285714285714,12,50,50fmol_12xA_0.25xN_1xJ_0.25xK_0.25xF_0.25xG_1xV_1xW_,m167_GvpN_50fmol,0.20833333333333334,m165_GvpJ_50fmol,0.8333333333333334,m166_GvpK_50fmol,0.20833333333333334,m163_GvpF_50fmol,0.20833333333333334,m164_GvpG_50fmol,0.20833333333333334,m168_GvpV_50fmol,0.8333333333333334,m169_GvpW_50fmol,0.8333333333333334,m567_GvpA,10.0,puc19,5.410288628596524,0,600,28.57142857142857,21.0,C18,Plate 2
0.25,0.25,1.0,1.0,0.25,0.25,0.25,0.4642857142857143,12,50,50fmol_12xA_0.25xN_0.25xJ_1xK_1xF_0.25xG_0.25xV_0.25xW_,m167_GvpN_50fmol,0.20833333333333334,m165_GvpJ_50fmol,0.20833333333333334,m166_GvpK_50fmol,0.8333333333333334,m163_GvpF_50fmol,0.8333333333333334,m164_GvpG_50fmol,0.20833333333333334,m168_GvpV_50fmol,0.20833333333333334,m169_GvpW_50fmol,0.20833333333333334,m567_GvpA,10.0,puc19,6.560930847509403,0,600,23.214285714285715,25.846153846153847,C20,Plate 2
0.25,1.0,0.25,1.0,1.0,0.25,0.25,0.5714285714285714,12,50,50fmol_12xA_0.25xN_1xJ_0.25xK_1xF_1xG_0.25xV_0.25xW_,m167_GvpN_50fmol,0.20833333333333334,m165_GvpJ_50fmol,0.8333333333333334,m166_GvpK_50fmol,0.20833333333333334,m163_GvpF_50fmol,0.8333333333333334,m164_GvpG_50fmol,0.8333333333333334,m168_GvpV_50fmol,0.20833333333333334,m169_GvpW_50fmol,0.20833333333333334,m567_GvpA,10.0,puc19,5.39097552360769,0,600,28.57142857142857,21.0,C22,Plate 2
1.0,1.0,1.0,1.0,1.0,1.0,1.0,1.0,12,50,50fmol_12xA_1xN_1xJ_1xK_1xF_1xG_1xV_1xW_,m167_GvpN_50fmol,0.8333333333333334,m165_GvpJ_50fmol,0.8333333333333334,m166_GvpK_50fmol,0.8333333333333334,m163_GvpF_50fmol,0.8333333333333334,m164_GvpG_50fmol,0.8333333333333334,m168_GvpV_50fmol,0.8333333333333334,m169_GvpW_50fmol,0.8333333333333334,m567_GvpA,10.0,puc19,0.7395421654543038,0,600,50.0,12.0,C24,Plate 2
0.25,1.0,0.25,0.25,0.25,0.25,1.0,0.4642857142857143,12,50,50fmol_12xA_0.25xN_1xJ_0.25xK_0.25xF_0.25xG_0.25xV_1xW_,m167_GvpN_50fmol,0.20833333333333334,m165_GvpJ_50fmol,0.8333333333333334,m166_GvpK_50fmol,0.20833333333333334,m163_GvpF_50fmol,0.20833333333333334,m164_GvpG_50fmol,0.20833333333333334,m168_GvpV_50fmol,0.20833333333333334,m169_GvpW_50fmol,0.8333333333333334,m567_GvpA,10.0,puc19,6.509274108864578,0,600,23.214285714285715,25.846153846153847,E2,Plate 2
0.25,1.0,1.0,0.25,0.25,1.0,0.25,0.5714285714285714,12,50,50fmol_12xA_0.25xN_1xJ_1xK_0.25xF_0.25xG_1xV_0.25xW_,m167_GvpN_50fmol,0.20833333333333334,m165_GvpJ_50fmol,0.8333333333333334,m166_GvpK_50fmol,0.8333333333333334,m163_GvpF_50fmol,0.20833333333333334,m164_GvpG_50fmol,0.20833333333333334,m168_GvpV_50fmol,0.8333333333333334,m169_GvpW_50fmol,0.20833333333333334,m567_GvpA,10.0,puc19,5.459851175134126,0,600,28.57142857142857,21.0,E4,Plate 2
0.25,0.25,0.25,0.25,0.25,0.25,0.25,0.25,12,50,50fmol_12xA_0.25xN_0.25xJ_0.25xK_0.25xF_0.25xG_0.25xV_0.25xW_,m167_GvpN_50fmol,0.20833333333333334,m165_GvpJ_50fmol,0.20833333333333334,m166_GvpK_50fmol,0.20833333333333334,m163_GvpF_50fmol,0.20833333333333334,m164_GvpG_50fmol,0.20833333333333334,m168_GvpV_50fmol,0.20833333333333334,m169_GvpW_50fmol,0.20833333333333334,m567_GvpA,10.0,puc19,8.87524581400233,0,600,12.5,48.0,E6,Plate 2
0.25,1.0,0.25,0.25,1.0,0.25,1.0,0.5714285714285714,12,50,50fmol_12xA_0.25xN_1xJ_0.25xK_0.25xF_1xG_0.25xV_1xW_,m167_GvpN_50fmol,0.20833333333333334,m165_GvpJ_50fmol,0.8333333333333334,m166_GvpK_50fmol,0.20833333333333334,m163_GvpF_50fmol,0.20833333333333334,m164_GvpG_50fmol,0.8333333333333334,m168_GvpV_50fmol,0.20833333333333334,m169_GvpW_50fmol,0.8333333333333334,m567_GvpA,10.0,puc19,5.404238740286766,0,600,28.57142857142857,21.0,E8,Plate 2
0.25,1.0,1.0,0.25,0.25,0.25,0.25,0.4642857142857143,12,50,50fmol_12xA_0.25xN_1xJ_1xK_0.25xF_0.25xG_0.25xV_0.25xW_,m167_GvpN_50fmol,0.20833333333333334,m165_GvpJ_50fmol,0.8333333333333334,m166_GvpK_50fmol,0.8333333333333334,m163_GvpF_50fmol,0.20833333333333334,m164_GvpG_50fmol,0.20833333333333334,m168_GvpV_50fmol,0.20833333333333334,m169_GvpW_50fmol,0.20833333333333334,m567_GvpA,10.0,puc19,6.558836655402181,0,600,23.214285714285715,25.846153846153847,E10,Plate 2
0.25,1.0,0.25,0.25,0.25,1.0,1.0,0.5714285714285714,12,50,50fmol_12xA_0.25xN_1xJ_0.25xK_0.25xF_0.25xG_1xV_1xW_,m167_GvpN_50fmol,0.20833333333333334,m165_GvpJ_50fmol,0.8333333333333334,m166_GvpK_50fmol,0.20833333333333334,m163_GvpF_50fmol,0.20833333333333334,m164_GvpG_50fmol,0.20833333333333334,m168_GvpV_50fmol,0.8333333333333334,m169_GvpW_50fmol,0.8333333333333334,m567_GvpA,10.0,puc19,5.410288628596524,0,600,28.57142857142857,21.0,E12,Plate 2
0.25,0.25,1.0,0.25,1.0,1.0,0.25,0.5714285714285714,12,50,50fmol_12xA_0.25xN_0.25xJ_1xK_0.25xF_1xG_1xV_0.25xW_,m167_GvpN_50fmol,0.20833333333333334,m165_GvpJ_50fmol,0.20833333333333334,m166_GvpK_50fmol,0.8333333333333334,m163_GvpF_50fmol,0.20833333333333334,m164_GvpG_50fmol,0.8333333333333334,m168_GvpV_50fmol,0.8333333333333334,m169_GvpW_50fmol,0.20833333333333334,m567_GvpA,10.0,puc19,5.5454803635183385,0,600,28.57142857142857,21.0,E14,Plate 2
0.25,1.0,0.25,0.25,0.25,0.25,0.25,0.35714285714285715,12,50,50fmol_12xA_0.25xN_1xJ_0.25xK_0.25xF_0.25xG_0.25xV_0.25xW_,m167_GvpN_50fmol,0.20833333333333334,m165_GvpJ_50fmol,0.8333333333333334,m166_GvpK_50fmol,0.20833333333333334,m163_GvpF_50fmol,0.20833333333333334,m164_GvpG_50fmol,0.20833333333333334,m168_GvpV_50fmol,0.20833333333333334,m169_GvpW_50fmol,0.20833333333333334,m567_GvpA,10.0,puc19,7.684581257040304,0,600,17.857142857142858,33.6,E18,Plate 2
0.25,1.0,0.25,0.25,0.25,1.0,1.0,0.5714285714285714,12,50,50fmol_12xA_0.25xN_1xJ_0.25xK_0.25xF_0.25xG_1xV_1xW_,m167_GvpN_50fmol,0.20833333333333334,m165_GvpJ_50fmol,0.8333333333333334,m166_GvpK_50fmol,0.20833333333333334,m163_GvpF_50fmol,0.20833333333333334,m164_GvpG_50fmol,0.20833333333333334,m168_GvpV_50fmol,0.8333333333333334,m169_GvpW_50fmol,0.8333333333333334,m567_GvpA,10.0,puc19,5.410288628596524,0,600,28.57142857142857,21.0,E20,Plate 2
0.25,0.25,1.0,1.0,0.25,0.25,1.0,0.5714285714285714,12,50,50fmol_12xA_0.25xN_0.25xJ_1xK_1xF_0.25xG_0.25xV_1xW_,m167_GvpN_50fmol,0.20833333333333334,m165_GvpJ_50fmol,0.20833333333333334,m166_GvpK_50fmol,0.8333333333333334,m163_GvpF_50fmol,0.8333333333333334,m164_GvpG_50fmol,0.20833333333333334,m168_GvpV_50fmol,0.20833333333333334,m169_GvpW_50fmol,0.8333333333333334,m567_GvpA,10.0,puc19,5.385623699333677,0,600,28.57142857142857,21.0,E22,Plate 2
0.25,0.25,1.0,1.0,0.25,0.25,0.25,0.4642857142857143,12,50,50fmol_12xA_0.25xN_0.25xJ_1xK_1xF_0.25xG_0.25xV_0.25xW_,m167_GvpN_50fmol,0.20833333333333334,m165_GvpJ_50fmol,0.20833333333333334,m166_GvpK_50fmol,0.8333333333333334,m163_GvpF_50fmol,0.8333333333333334,m164_GvpG_50fmol,0.20833333333333334,m168_GvpV_50fmol,0.20833333333333334,m169_GvpW_50fmol,0.20833333333333334,m567_GvpA,10.0,puc19,6.560930847509403,0,600,23.214285714285715,25.846153846153847,E24,Plate 2
1.0,1.0,1.0,1.0,1.0,1.0,1.0,1.0,12,50,50fmol_12xA_1xN_1xJ_1xK_1xF_1xG_1xV_1xW_,m167_GvpN_50fmol,0.8333333333333334,m165_GvpJ_50fmol,0.8333333333333334,m166_GvpK_50fmol,0.8333333333333334,m163_GvpF_50fmol,0.8333333333333334,m164_GvpG_50fmol,0.8333333333333334,m168_GvpV_50fmol,0.8333333333333334,m169_GvpW_50fmol,0.8333333333333334,m567_GvpA,10.0,puc19,0.7395421654543038,0,600,50.0,12.0,G2,Plate 2
1.0,1.0,1.0,1.0,1.0,1.0,1.0,1.0,12,50,50fmol_12xA_1xN_1xJ_1xK_1xF_1xG_1xV_1xW_,m167_GvpN_50fmol,0.8333333333333334,m165_GvpJ_50fmol,0.8333333333333334,m166_GvpK_50fmol,0.8333333333333334,m163_GvpF_50fmol,0.8333333333333334,m164_GvpG_50fmol,0.8333333333333334,m168_GvpV_50fmol,0.8333333333333334,m169_GvpW_50fmol,0.8333333333333334,m567_GvpA,10.0,puc19,0.7395421654543038,0,600,50.0,12.0,G4,Plate 2
0.25,1.0,0.25,0.25,0.25,0.25,1.0,0.4642857142857143,12,50,50fmol_12xA_0.25xN_1xJ_0.25xK_0.25xF_0.25xG_0.25xV_1xW_,m167_GvpN_50fmol,0.20833333333333334,m165_GvpJ_50fmol,0.8333333333333334,m166_GvpK_50fmol,0.20833333333333334,m163_GvpF_50fmol,0.20833333333333334,m164_GvpG_50fmol,0.20833333333333334,m168_GvpV_50fmol,0.20833333333333334,m169_GvpW_50fmol,0.8333333333333334,m567_GvpA,10.0,puc19,6.509274108864578,0,600,23.214285714285715,25.846153846153847,G6,Plate 2
0.25,0.25,1.0,1.0,1.0,0.25,0.25,0.5714285714285714,12,50,50fmol_12xA_0.25xN_0.25xJ_1xK_1xF_1xG_0.25xV_0.25xW_,m167_GvpN_50fmol,0.20833333333333334,m165_GvpJ_50fmol,0.20833333333333334,m166_GvpK_50fmol,0.8333333333333334,m163_GvpF_50fmol,0.8333333333333334,m164_GvpG_50fmol,0.8333333333333334,m168_GvpV_50fmol,0.20833333333333334,m169_GvpW_50fmol,0.20833333333333334,m567_GvpA,10.0,puc19,5.45589547893159,0,600,28.57142857142857,21.0,G8,Plate 2
0.25,0.25,1.0,0.25,1.0,0.25,1.0,0.5714285714285714,12,50,50fmol_12xA_0.25xN_0.25xJ_1xK_0.25xF_1xG_0.25xV_1xW_,m167_GvpN_50fmol,0.20833333333333334,m165_GvpJ_50fmol,0.20833333333333334,m166_GvpK_50fmol,0.8333333333333334,m163_GvpF_50fmol,0.20833333333333334,m164_GvpG_50fmol,0.8333333333333334,m168_GvpV_50fmol,0.20833333333333334,m169_GvpW_50fmol,0.8333333333333334,m567_GvpA,10.0,puc19,5.4691586956106715,0,600,28.57142857142857,21.0,G10,Plate 2
0.25,1.0,0.25,1.0,0.25,1.0,0.25,0.5714285714285714,12,50,50fmol_12xA_0.25xN_1xJ_0.25xK_1xF_0.25xG_1xV_0.25xW_,m167_GvpN_50fmol,0.20833333333333334,m165_GvpJ_50fmol,0.8333333333333334,m166_GvpK_50fmol,0.20833333333333334,m163_GvpF_50fmol,0.8333333333333334,m164_GvpG_50fmol,0.20833333333333334,m168_GvpV_50fmol,0.8333333333333334,m169_GvpW_50fmol,0.20833333333333334,m567_GvpA,10.0,puc19,5.397025411917448,0,600,28.57142857142857,21.0,G12,Plate 2
0.25,0.25,1.0,1.0,0.25,1.0,0.25,0.5714285714285714,12,50,50fmol_12xA_0.25xN_0.25xJ_1xK_1xF_0.25xG_1xV_0.25xW_,m167_GvpN_50fmol,0.20833333333333334,m165_GvpJ_50fmol,0.20833333333333334,m166_GvpK_50fmol,0.8333333333333334,m163_GvpF_50fmol,0.8333333333333334,m164_GvpG_50fmol,0.20833333333333334,m168_GvpV_50fmol,0.8333333333333334,m169_GvpW_50fmol,0.20833333333333334,m567_GvpA,10.0,puc19,5.4619453672413485,0,600,28.57142857142857,21.0,G14,Plate 2
0.25,0.25,1.0,1.0,0.25,0.25,1.0,0.5714285714285714,12,50,50fmol_12xA_0.25xN_0.25xJ_1xK_1xF_0.25xG_0.25xV_1xW_,m167_GvpN_50fmol,0.20833333333333334,m165_GvpJ_50fmol,0.20833333333333334,m166_GvpK_50fmol,0.8333333333333334,m163_GvpF_50fmol,0.8333333333333334,m164_GvpG_50fmol,0.20833333333333334,m168_GvpV_50fmol,0.20833333333333334,m169_GvpW_50fmol,0.8333333333333334,m567_GvpA,10.0,puc19,5.385623699333677,0,600,28.57142857142857,21.0,G16,Plate 2
0.25,1.0,0.25,0.25,0.25,1.0,0.25,0.4642857142857143,12,50,50fmol_12xA_0.25xN_1xJ_0.25xK_0.25xF_0.25xG_1xV_0.25xW_,m167_GvpN_50fmol,0.20833333333333334,m165_GvpJ_50fmol,0.8333333333333334,m166_GvpK_50fmol,0.20833333333333334,m163_GvpF_50fmol,0.20833333333333334,m164_GvpG_50fmol,0.20833333333333334,m168_GvpV_50fmol,0.8333333333333334,m169_GvpW_50fmol,0.20833333333333334,m567_GvpA,10.0,puc19,6.58559577677225,0,600,23.214285714285715,25.846153846153847,G18,Plate 2
0.25,1.0,1.0,0.25,0.25,1.0,0.25,0.5714285714285714,12,50,50fmol_12xA_0.25xN_1xJ_1xK_0.25xF_0.25xG_1xV_0.25xW_,m167_GvpN_50fmol,0.20833333333333334,m165_GvpJ_50fmol,0.8333333333333334,m166_GvpK_50fmol,0.8333333333333334,m163_GvpF_50fmol,0.20833333333333334,m164_GvpG_50fmol,0.20833333333333334,m168_GvpV_50fmol,0.8333333333333334,m169_GvpW_50fmol,0.20833333333333334,m567_GvpA,10.0,puc19,5.459851175134126,0,600,28.57142857142857,21.0,G20,Plate 2
0.25,1.0,1.0,0.25,0.25,0.25,1.0,0.5714285714285714,12,50,50fmol_12xA_0.25xN_1xJ_1xK_0.25xF_0.25xG_0.25xV_1xW_,m167_GvpN_50fmol,0.20833333333333334,m165_GvpJ_50fmol,0.8333333333333334,m166_GvpK_50fmol,0.8333333333333334,m163_GvpF_50fmol,0.20833333333333334,m164_GvpG_50fmol,0.20833333333333334,m168_GvpV_50fmol,0.20833333333333334,m169_GvpW_50fmol,0.8333333333333334,m567_GvpA,10.0,puc19,5.383529507226459,0,600,28.57142857142857,21.0,G22,Plate 2
0.25,0.25,2.0,0.25,0.25,0.25,0.25,0.5,12,50,50fmol_12xA_0.25xN_0.25xJ_2xK_0.25xF_0.25xG_0.25xV_0.25xW_,m167_GvpN_50fmol,0.20833333333333334,m165_GvpJ_50fmol,0.20833333333333334,m166_GvpK_50fmol,1.6666666666666667,m163_GvpF_50fmol,0.20833333333333334,m164_GvpG_50fmol,0.20833333333333334,m168_GvpV_50fmol,0.20833333333333334,m169_GvpW_50fmol,0.20833333333333334,m567_GvpA,10.0,puc19,6.248508410180043,0,600,25.0,24.0,G24,Plate 2
0.25,1.0,1.0,0.25,0.25,0.25,0.25,0.4642857142857143,12,50,50fmol_12xA_0.25xN_1xJ_1xK_0.25xF_0.25xG_0.25xV_0.25xW_,m167_GvpN_50fmol,0.20833333333333334,m165_GvpJ_50fmol,0.8333333333333334,m166_GvpK_50fmol,0.8333333333333334,m163_GvpF_50fmol,0.20833333333333334,m164_GvpG_50fmol,0.20833333333333334,m168_GvpV_50fmol,0.20833333333333334,m169_GvpW_50fmol,0.20833333333333334,m567_GvpA,10.0,puc19,6.558836655402181,0,600,23.214285714285715,25.846153846153847,I2,Plate 2
0.25,0.25,1.0,1.0,1.0,0.25,0.25,0.5714285714285714,12,50,50fmol_12xA_0.25xN_0.25xJ_1xK_1xF_1xG_0.25xV_0.25xW_,m167_GvpN_50fmol,0.20833333333333334,m165_GvpJ_50fmol,0.20833333333333334,m166_GvpK_50fmol,0.8333333333333334,m163_GvpF_50fmol,0.8333333333333334,m164_GvpG_50fmol,0.8333333333333334,m168_GvpV_50fmol,0.20833333333333334,m169_GvpW_50fmol,0.20833333333333334,m567_GvpA,10.0,puc19,5.45589547893159,0,600,28.57142857142857,21.0,I4,Plate 2
0.25,0.25,1.0,0.25,1.0,1.0,0.25,0.5714285714285714,12,50,50fmol_12xA_0.25xN_0.25xJ_1xK_0.25xF_1xG_1xV_0.25xW_,m167_GvpN_50fmol,0.20833333333333334,m165_GvpJ_50fmol,0.20833333333333334,m166_GvpK_50fmol,0.8333333333333334,m163_GvpF_50fmol,0.20833333333333334,m164_GvpG_50fmol,0.8333333333333334,m168_GvpV_50fmol,0.8333333333333334,m169_GvpW_50fmol,0.20833333333333334,m567_GvpA,10.0,puc19,5.5454803635183385,0,600,28.57142857142857,21.0,I6,Plate 2
0.25,1.0,0.25,1.0,0.25,0.25,0.25,0.4642857142857143,12,50,50fmol_12xA_0.25xN_1xJ_0.25xK_1xF_0.25xG_0.25xV_0.25xW_,m167_GvpN_50fmol,0.20833333333333334,m165_GvpJ_50fmol,0.8333333333333334,m166_GvpK_50fmol,0.20833333333333334,m163_GvpF_50fmol,0.8333333333333334,m164_GvpG_50fmol,0.20833333333333334,m168_GvpV_50fmol,0.20833333333333334,m169_GvpW_50fmol,0.20833333333333334,m567_GvpA,10.0,puc19,6.496010892185502,0,600,23.214285714285715,25.846153846153847,I8,Plate 2
0.0,0.0,0.0,0.0,0.0,0.0,0.0,0.0,0,50,50fmol_0xA_0xN_0xJ_0xK_0xF_0xG_0xV_0xW_,m167_GvpN_50fmol,0.0,m165_GvpJ_50fmol,0.0,m166_GvpK_50fmol,0.0,m163_GvpF_50fmol,0.0,m164_GvpG_50fmol,0.0,m168_GvpV_50fmol,0.0,m169_GvpW_50fmol,0.0,m567_GvpA,0.0,puc19,28.638524543215535,0,0,0.0,,I10,Plate 2
0.25,0.25,0.25,0.25,0.25,0.25,0.25,0.25,12,50,50fmol_12xA_0.25xN_0.25xJ_0.25xK_0.25xF_0.25xG_0.25xV_0.25xW_,m167_GvpN_50fmol,0.20833333333333334,m165_GvpJ_50fmol,0.20833333333333334,m166_GvpK_50fmol,0.20833333333333334,m163_GvpF_50fmol,0.20833333333333334,m164_GvpG_50fmol,0.20833333333333334,m168_GvpV_50fmol,0.20833333333333334,m169_GvpW_50fmol,0.20833333333333334,m567_GvpA,10.0,puc19,8.87524581400233,0,600,12.5,48.0,I12,Plate 2
0.25,0.25,1.0,1.0,1.0,0.25,0.25,0.5714285714285714,12,50,50fmol_12xA_0.25xN_0.25xJ_1xK_1xF_1xG_0.25xV_0.25xW_,m167_GvpN_50fmol,0.20833333333333334,m165_GvpJ_50fmol,0.20833333333333334,m166_GvpK_50fmol,0.8333333333333334,m163_GvpF_50fmol,0.8333333333333334,m164_GvpG_50fmol,0.8333333333333334,m168_GvpV_50fmol,0.20833333333333334,m169_GvpW_50fmol,0.20833333333333334,m567_GvpA,10.0,puc19,5.45589547893159,0,600,28.57142857142857,21.0,I14,Plate 2
0.25,1.0,0.25,1.0,0.25,1.0,0.25,0.5714285714285714,12,50,50fmol_12xA_0.25xN_1xJ_0.25xK_1xF_0.25xG_1xV_0.25xW_,m167_GvpN_50fmol,0.20833333333333334,m165_GvpJ_50fmol,0.8333333333333334,m166_GvpK_50fmol,0.20833333333333334,m163_GvpF_50fmol,0.8333333333333334,m164_GvpG_50fmol,0.20833333333333334,m168_GvpV_50fmol,0.8333333333333334,m169_GvpW_50fmol,0.20833333333333334,m567_GvpA,10.0,puc19,5.397025411917448,0,600,28.57142857142857,21.0,I16,Plate 2
0.25,0.25,2.0,0.25,0.25,0.25,0.25,0.5,12,50,50fmol_12xA_0.25xN_0.25xJ_2xK_0.25xF_0.25xG_0.25xV_0.25xW_,m167_GvpN_50fmol,0.20833333333333334,m165_GvpJ_50fmol,0.20833333333333334,m166_GvpK_50fmol,1.6666666666666667,m163_GvpF_50fmol,0.20833333333333334,m164_GvpG_50fmol,0.20833333333333334,m168_GvpV_50fmol,0.20833333333333334,m169_GvpW_50fmol,0.20833333333333334,m567_GvpA,10.0,puc19,6.248508410180043,0,600,25.0,24.0,I18,Plate 2
0.25,0.25,1.0,1.0,1.0,0.25,0.25,0.5714285714285714,12,50,50fmol_12xA_0.25xN_0.25xJ_1xK_1xF_1xG_0.25xV_0.25xW_,m167_GvpN_50fmol,0.20833333333333334,m165_GvpJ_50fmol,0.20833333333333334,m166_GvpK_50fmol,0.8333333333333334,m163_GvpF_50fmol,0.8333333333333334,m164_GvpG_50fmol,0.8333333333333334,m168_GvpV_50fmol,0.20833333333333334,m169_GvpW_50fmol,0.20833333333333334,m567_GvpA,10.0,puc19,5.45589547893159,0,600,28.57142857142857,21.0,I20,Plate 2
0.25,1.0,0.25,0.25,0.25,1.0,0.25,0.4642857142857143,12,50,50fmol_12xA_0.25xN_1xJ_0.25xK_0.25xF_0.25xG_1xV_0.25xW_,m167_GvpN_50fmol,0.20833333333333334,m165_GvpJ_50fmol,0.8333333333333334,m166_GvpK_50fmol,0.20833333333333334,m163_GvpF_50fmol,0.20833333333333334,m164_GvpG_50fmol,0.20833333333333334,m168_GvpV_50fmol,0.8333333333333334,m169_GvpW_50fmol,0.20833333333333334,m567_GvpA,10.0,puc19,6.58559577677225,0,600,23.214285714285715,25.846153846153847,I22,Plate 2
0.25,1.0,0.25,0.25,0.25,1.0,0.25,0.4642857142857143,12,50,50fmol_12xA_0.25xN_1xJ_0.25xK_0.25xF_0.25xG_1xV_0.25xW_,m167_GvpN_50fmol,0.20833333333333334,m165_GvpJ_50fmol,0.8333333333333334,m166_GvpK_50fmol,0.20833333333333334,m163_GvpF_50fmol,0.20833333333333334,m164_GvpG_50fmol,0.20833333333333334,m168_GvpV_50fmol,0.8333333333333334,m169_GvpW_50fmol,0.20833333333333334,m567_GvpA,10.0,puc19,6.58559577677225,0,600,23.214285714285715,25.846153846153847,I24,Plate 2
0.25,1.0,0.25,1.0,0.25,1.0,0.25,0.5714285714285714,12,50,50fmol_12xA_0.25xN_1xJ_0.25xK_1xF_0.25xG_1xV_0.25xW_,m167_GvpN_50fmol,0.20833333333333334,m165_GvpJ_50fmol,0.8333333333333334,m166_GvpK_50fmol,0.20833333333333334,m163_GvpF_50fmol,0.8333333333333334,m164_GvpG_50fmol,0.20833333333333334,m168_GvpV_50fmol,0.8333333333333334,m169_GvpW_50fmol,0.20833333333333334,m567_GvpA,10.0,puc19,5.397025411917448,0,600,28.57142857142857,21.0,K2,Plate 2
0.25,0.25,1.0,0.25,1.0,0.25,0.25,0.4642857142857143,12,50,50fmol_12xA_0.25xN_0.25xJ_1xK_0.25xF_1xG_0.25xV_0.25xW_,m167_GvpN_50fmol,0.20833333333333334,m165_GvpJ_50fmol,0.20833333333333334,m166_GvpK_50fmol,0.8333333333333334,m163_GvpF_50fmol,0.20833333333333334,m164_GvpG_50fmol,0.8333333333333334,m168_GvpV_50fmol,0.20833333333333334,m169_GvpW_50fmol,0.20833333333333334,m567_GvpA,10.0,puc19,6.6444658437863975,0,600,23.214285714285715,25.846153846153847,K4,Plate 2
0.25,1.0,0.25,1.0,1.0,0.25,0.25,0.5714285714285714,12,50,50fmol_12xA_0.25xN_1xJ_0.25xK_1xF_1xG_0.25xV_0.25xW_,m167_GvpN_50fmol,0.20833333333333334,m165_GvpJ_50fmol,0.8333333333333334,m166_GvpK_50fmol,0.20833333333333334,m163_GvpF_50fmol,0.8333333333333334,m164_GvpG_50fmol,0.8333333333333334,m168_GvpV_50fmol,0.20833333333333334,m169_GvpW_50fmol,0.20833333333333334,m567_GvpA,10.0,puc19,5.39097552360769,0,600,28.57142857142857,21.0,K6,Plate 2
0.25,1.0,0.25,0.25,1.0,0.25,1.0,0.5714285714285714,12,50,50fmol_12xA_0.25xN_1xJ_0.25xK_0.25xF_1xG_0.25xV_1xW_,m167_GvpN_50fmol,0.20833333333333334,m165_GvpJ_50fmol,0.8333333333333334,m166_GvpK_50fmol,0.20833333333333334,m163_GvpF_50fmol,0.20833333333333334,m164_GvpG_50fmol,0.8333333333333334,m168_GvpV_50fmol,0.20833333333333334,m169_GvpW_50fmol,0.8333333333333334,m567_GvpA,10.0,puc19,5.404238740286766,0,600,28.57142857142857,21.0,K8,Plate 2
0.25,1.0,0.25,0.25,0.25,1.0,0.25,0.4642857142857143,12,50,50fmol_12xA_0.25xN_1xJ_0.25xK_0.25xF_0.25xG_1xV_0.25xW_,m167_GvpN_50fmol,0.20833333333333334,m165_GvpJ_50fmol,0.8333333333333334,m166_GvpK_50fmol,0.20833333333333334,m163_GvpF_50fmol,0.20833333333333334,m164_GvpG_50fmol,0.20833333333333334,m168_GvpV_50fmol,0.8333333333333334,m169_GvpW_50fmol,0.20833333333333334,m567_GvpA,10.0,puc19,6.58559577677225,0,600,23.214285714285715,25.846153846153847,K10,Plate 2
0.25,1.0,0.25,1.0,1.0,0.25,0.25,0.5714285714285714,12,50,50fmol_12xA_0.25xN_1xJ_0.25xK_1xF_1xG_0.25xV_0.25xW_,m167_GvpN_50fmol,0.20833333333333334,m165_GvpJ_50fmol,0.8333333333333334,m166_GvpK_50fmol,0.20833333333333334,m163_GvpF_50fmol,0.8333333333333334,m164_GvpG_50fmol,0.8333333333333334,m168_GvpV_50fmol,0.20833333333333334,m169_GvpW_50fmol,0.20833333333333334,m567_GvpA,10.0,puc19,5.39097552360769,0,600,28.57142857142857,21.0,K12,Plate 2
0.25,1.0,0.25,1.0,0.25,0.25,0.25,0.4642857142857143,12,50,50fmol_12xA_0.25xN_1xJ_0.25xK_1xF_0.25xG_0.25xV_0.25xW_,m167_GvpN_50fmol,0.20833333333333334,m165_GvpJ_50fmol,0.8333333333333334,m166_GvpK_50fmol,0.20833333333333334,m163_GvpF_50fmol,0.8333333333333334,m164_GvpG_50fmol,0.20833333333333334,m168_GvpV_50fmol,0.20833333333333334,m169_GvpW_50fmol,0.20833333333333334,m567_GvpA,10.0,puc19,6.496010892185502,0,600,23.214285714285715,25.846153846153847,K14,Plate 2
0.25,0.25,1.0,0.25,1.0,0.25,1.0,0.5714285714285714,12,50,50fmol_12xA_0.25xN_0.25xJ_1xK_0.25xF_1xG_0.25xV_1xW_,m167_GvpN_50fmol,0.20833333333333334,m165_GvpJ_50fmol,0.20833333333333334,m166_GvpK_50fmol,0.8333333333333334,m163_GvpF_50fmol,0.20833333333333334,m164_GvpG_50fmol,0.8333333333333334,m168_GvpV_50fmol,0.20833333333333334,m169_GvpW_50fmol,0.8333333333333334,m567_GvpA,10.0,puc19,5.4691586956106715,0,600,28.57142857142857,21.0,K16,Plate 2
0.25,0.25,2.0,0.25,0.25,0.25,0.25,0.5,12,50,50fmol_12xA_0.25xN_0.25xJ_2xK_0.25xF_0.25xG_0.25xV_0.25xW_,m167_GvpN_50fmol,0.20833333333333334,m165_GvpJ_50fmol,0.20833333333333334,m166_GvpK_50fmol,1.6666666666666667,m163_GvpF_50fmol,0.20833333333333334,m164_GvpG_50fmol,0.20833333333333334,m168_GvpV_50fmol,0.20833333333333334,m169_GvpW_50fmol,0.20833333333333334,m567_GvpA,10.0,puc19,6.248508410180043,0,600,25.0,24.0,K18,Plate 2
0.25,1.0,0.25,0.25,1.0,0.25,1.0,0.5714285714285714,12,50,50fmol_12xA_0.25xN_1xJ_0.25xK_0.25xF_1xG_0.25xV_1xW_,m167_GvpN_50fmol,0.20833333333333334,m165_GvpJ_50fmol,0.8333333333333334,m166_GvpK_50fmol,0.20833333333333334,m163_GvpF_50fmol,0.20833333333333334,m164_GvpG_50fmol,0.8333333333333334,m168_GvpV_50fmol,0.20833333333333334,m169_GvpW_50fmol,0.8333333333333334,m567_GvpA,10.0,puc19,5.404238740286766,0,600,28.57142857142857,21.0,K20,Plate 2
0.25,1.0,0.25,0.25,1.0,0.25,0.25,0.4642857142857143,12,50,50fmol_12xA_0.25xN_1xJ_0.25xK_0.25xF_1xG_0.25xV_0.25xW_,m167_GvpN_50fmol,0.20833333333333334,m165_GvpJ_50fmol,0.8333333333333334,m166_GvpK_50fmol,0.20833333333333334,m163_GvpF_50fmol,0.20833333333333334,m164_GvpG_50fmol,0.8333333333333334,m168_GvpV_50fmol,0.20833333333333334,m169_GvpW_50fmol,0.20833333333333334,m567_GvpA,10.0,puc19,6.579545888462492,0,600,23.214285714285715,25.846153846153847,K22,Plate 2
0.25,1.0,1.0,0.25,0.25,0.25,0.25,0.4642857142857143,12,50,50fmol_12xA_0.25xN_1xJ_1xK_0.25xF_0.25xG_0.25xV_0.25xW_,m167_GvpN_50fmol,0.20833333333333334,m165_GvpJ_50fmol,0.8333333333333334,m166_GvpK_50fmol,0.8333333333333334,m163_GvpF_50fmol,0.20833333333333334,m164_GvpG_50fmol,0.20833333333333334,m168_GvpV_50fmol,0.20833333333333334,m169_GvpW_50fmol,0.20833333333333334,m567_GvpA,10.0,puc19,6.558836655402181,0,600,23.214285714285715,25.846153846153847,K24,Plate 2
0.25,1.0,0.25,1.0,0.25,0.25,0.25,0.4642857142857143,12,50,50fmol_12xA_0.25xN_1xJ_0.25xK_1xF_0.25xG_0.25xV_0.25xW_,m167_GvpN_50fmol,0.20833333333333334,m165_GvpJ_50fmol,0.8333333333333334,m166_GvpK_50fmol,0.20833333333333334,m163_GvpF_50fmol,0.8333333333333334,m164_GvpG_50fmol,0.20833333333333334,m168_GvpV_50fmol,0.20833333333333334,m169_GvpW_50fmol,0.20833333333333334,m567_GvpA,10.0,puc19,6.496010892185502,0,600,23.214285714285715,25.846153846153847,M2,Plate 2
0.25,1.0,0.25,0.25,0.25,0.25,0.25,0.35714285714285715,12,50,50fmol_12xA_0.25xN_1xJ_0.25xK_0.25xF_0.25xG_0.25xV_0.25xW_,m167_GvpN_50fmol,0.20833333333333334,m165_GvpJ_50fmol,0.8333333333333334,m166_GvpK_50fmol,0.20833333333333334,m163_GvpF_50fmol,0.20833333333333334,m164_GvpG_50fmol,0.20833333333333334,m168_GvpV_50fmol,0.20833333333333334,m169_GvpW_50fmol,0.20833333333333334,m567_GvpA,10.0,puc19,7.684581257040304,0,600,17.857142857142858,33.6,M4,Plate 2
0.25,1.0,0.25,0.25,0.25,1.0,1.0,0.5714285714285714,12,50,50fmol_12xA_0.25xN_1xJ_0.25xK_0.25xF_0.25xG_1xV_1xW_,m167_GvpN_50fmol,0.20833333333333334,m165_GvpJ_50fmol,0.8333333333333334,m166_GvpK_50fmol,0.20833333333333334,m163_GvpF_50fmol,0.20833333333333334,m164_GvpG_50fmol,0.20833333333333334,m168_GvpV_50fmol,0.8333333333333334,m169_GvpW_50fmol,0.8333333333333334,m567_GvpA,10.0,puc19,5.410288628596524,0,600,28.57142857142857,21.0,M6,Plate 2
0.25,1.0,0.25,0.25,0.25,0.25,1.0,0.4642857142857143,12,50,50fmol_12xA_0.25xN_1xJ_0.25xK_0.25xF_0.25xG_0.25xV_1xW_,m167_GvpN_50fmol,0.20833333333333334,m165_GvpJ_50fmol,0.8333333333333334,m166_GvpK_50fmol,0.20833333333333334,m163_GvpF_50fmol,0.20833333333333334,m164_GvpG_50fmol,0.20833333333333334,m168_GvpV_50fmol,0.20833333333333334,m169_GvpW_50fmol,0.8333333333333334,m567_GvpA,10.0,puc19,6.509274108864578,0,600,23.214285714285715,25.846153846153847,M8,Plate 2
0.25,0.25,1.0,0.25,1.0,0.25,1.0,0.5714285714285714,12,50,50fmol_12xA_0.25xN_0.25xJ_1xK_0.25xF_1xG_0.25xV_1xW_,m167_GvpN_50fmol,0.20833333333333334,m165_GvpJ_50fmol,0.20833333333333334,m166_GvpK_50fmol,0.8333333333333334,m163_GvpF_50fmol,0.20833333333333334,m164_GvpG_50fmol,0.8333333333333334,m168_GvpV_50fmol,0.20833333333333334,m169_GvpW_50fmol,0.8333333333333334,m567_GvpA,10.0,puc19,5.4691586956106715,0,600,28.57142857142857,21.0,M10,Plate 2
0.25,1.0,1.0,0.25,0.25,1.0,0.25,0.5714285714285714,12,50,50fmol_12xA_0.25xN_1xJ_1xK_0.25xF_0.25xG_1xV_0.25xW_,m167_GvpN_50fmol,0.20833333333333334,m165_GvpJ_50fmol,0.8333333333333334,m166_GvpK_50fmol,0.8333333333333334,m163_GvpF_50fmol,0.20833333333333334,m164_GvpG_50fmol,0.20833333333333334,m168_GvpV_50fmol,0.8333333333333334,m169_GvpW_50fmol,0.20833333333333334,m567_GvpA,10.0,puc19,5.459851175134126,0,600,28.57142857142857,21.0,M12,Plate 2
0.25,1.0,1.0,0.25,0.25,0.25,1.0,0.5714285714285714,12,50,50fmol_12xA_0.25xN_1xJ_1xK_0.25xF_0.25xG_0.25xV_1xW_,m167_GvpN_50fmol,0.20833333333333334,m165_GvpJ_50fmol,0.8333333333333334,m166_GvpK_50fmol,0.8333333333333334,m163_GvpF_50fmol,0.20833333333333334,m164_GvpG_50fmol,0.20833333333333334,m168_GvpV_50fmol,0.20833333333333334,m169_GvpW_50fmol,0.8333333333333334,m567_GvpA,10.0,puc19,5.383529507226459,0,600,28.57142857142857,21.0,M14,Plate 2
0.25,1.0,0.25,0.25,0.25,0.25,0.25,0.35714285714285715,12,50,50fmol_12xA_0.25xN_1xJ_0.25xK_0.25xF_0.25xG_0.25xV_0.25xW_,m167_GvpN_50fmol,0.20833333333333334,m165_GvpJ_50fmol,0.8333333333333334,m166_GvpK_50fmol,0.20833333333333334,m163_GvpF_50fmol,0.20833333333333334,m164_GvpG_50fmol,0.20833333333333334,m168_GvpV_50fmol,0.20833333333333334,m169_GvpW_50fmol,0.20833333333333334,m567_GvpA,10.0,puc19,7.684581257040304,0,600,17.857142857142858,33.6,M16,Plate 2
0.25,1.0,0.25,1.0,0.25,0.25,1.0,0.5714285714285714,12,50,50fmol_12xA_0.25xN_1xJ_0.25xK_1xF_0.25xG_0.25xV_1xW_,m167_GvpN_50fmol,0.20833333333333334,m165_GvpJ_50fmol,0.8333333333333334,m166_GvpK_50fmol,0.20833333333333334,m163_GvpF_50fmol,0.8333333333333334,m164_GvpG_50fmol,0.20833333333333334,m168_GvpV_50fmol,0.20833333333333334,m169_GvpW_50fmol,0.8333333333333334,m567_GvpA,10.0,puc19,5.3207037440097755,0,600,28.57142857142857,21.0,M18,Plate 2
0.25,1.0,0.25,1.0,1.0,0.25,0.25,0.5714285714285714,12,50,50fmol_12xA_0.25xN_1xJ_0.25xK_1xF_1xG_0.25xV_0.25xW_,m167_GvpN_50fmol,0.20833333333333334,m165_GvpJ_50fmol,0.8333333333333334,m166_GvpK_50fmol,0.20833333333333334,m163_GvpF_50fmol,0.8333333333333334,m164_GvpG_50fmol,0.8333333333333334,m168_GvpV_50fmol,0.20833333333333334,m169_GvpW_50fmol,0.20833333333333334,m567_GvpA,10.0,puc19,5.39097552360769,0,600,28.57142857142857,21.0,M20,Plate 2
0.25,1.0,0.25,0.25,1.0,0.25,0.25,0.4642857142857143,12,50,50fmol_12xA_0.25xN_1xJ_0.25xK_0.25xF_1xG_0.25xV_0.25xW_,m167_GvpN_50fmol,0.20833333333333334,m165_GvpJ_50fmol,0.8333333333333334,m166_GvpK_50fmol,0.20833333333333334,m163_GvpF_50fmol,0.20833333333333334,m164_GvpG_50fmol,0.8333333333333334,m168_GvpV_50fmol,0.20833333333333334,m169_GvpW_50fmol,0.20833333333333334,m567_GvpA,10.0,puc19,6.579545888462492,0,600,23.214285714285715,25.846153846153847,M22,Plate 2
0.25,1.0,0.25,0.25,0.25,0.25,0.25,0.35714285714285715,12,50,50fmol_12xA_0.25xN_1xJ_0.25xK_0.25xF_0.25xG_0.25xV_0.25xW_,m167_GvpN_50fmol,0.20833333333333334,m165_GvpJ_50fmol,0.8333333333333334,m166_GvpK_50fmol,0.20833333333333334,m163_GvpF_50fmol,0.20833333333333334,m164_GvpG_50fmol,0.20833333333333334,m168_GvpV_50fmol,0.20833333333333334,m169_GvpW_50fmol,0.20833333333333334,m567_GvpA,10.0,puc19,7.684581257040304,0,600,17.857142857142858,33.6,M24,Plate 2
0.25,0.25,0.25,0.25,0.25,0.25,0.25,0.25,12,50,50fmol_12xA_0.25xN_0.25xJ_0.25xK_0.25xF_0.25xG_0.25xV_0.25xW_,m167_GvpN_50fmol,0.20833333333333334,m165_GvpJ_50fmol,0.20833333333333334,m166_GvpK_50fmol,0.20833333333333334,m163_GvpF_50fmol,0.20833333333333334,m164_GvpG_50fmol,0.20833333333333334,m168_GvpV_50fmol,0.20833333333333334,m169_GvpW_50fmol,0.20833333333333334,m567_GvpA,10.0,puc19,8.87524581400233,0,600,12.5,48.0,O2,Plate 2
0.25,0.25,2.0,0.25,0.25,0.25,0.25,0.5,12,50,50fmol_12xA_0.25xN_0.25xJ_2xK_0.25xF_0.25xG_0.25xV_0.25xW_,m167_GvpN_50fmol,0.20833333333333334,m165_GvpJ_50fmol,0.20833333333333334,m166_GvpK_50fmol,1.6666666666666667,m163_GvpF_50fmol,0.20833333333333334,m164_GvpG_50fmol,0.20833333333333334,m168_GvpV_50fmol,0.20833333333333334,m169_GvpW_50fmol,0.20833333333333334,m567_GvpA,10.0,puc19,6.248508410180043,0,600,25.0,24.0,O4,Plate 2
0.25,1.0,0.25,1.0,0.25,0.25,1.0,0.5714285714285714,12,50,50fmol_12xA_0.25xN_1xJ_0.25xK_1xF_0.25xG_0.25xV_1xW_,m167_GvpN_50fmol,0.20833333333333334,m165_GvpJ_50fmol,0.8333333333333334,m166_GvpK_50fmol,0.20833333333333334,m163_GvpF_50fmol,0.8333333333333334,m164_GvpG_50fmol,0.20833333333333334,m168_GvpV_50fmol,0.20833333333333334,m169_GvpW_50fmol,0.8333333333333334,m567_GvpA,10.0,puc19,5.3207037440097755,0,600,28.57142857142857,21.0,O6,Plate 2
0.25,1.0,0.25,0.25,1.0,1.0,0.25,0.5714285714285714,12,50,50fmol_12xA_0.25xN_1xJ_0.25xK_0.25xF_1xG_1xV_0.25xW_,m167_GvpN_50fmol,0.20833333333333334,m165_GvpJ_50fmol,0.8333333333333334,m166_GvpK_50fmol,0.20833333333333334,m163_GvpF_50fmol,0.20833333333333334,m164_GvpG_50fmol,0.8333333333333334,m168_GvpV_50fmol,0.8333333333333334,m169_GvpW_50fmol,0.20833333333333334,m567_GvpA,10.0,puc19,5.480560408194438,0,600,28.57142857142857,21.0,O8,Plate 2
0.25,0.25,1.0,1.0,0.25,0.25,1.0,0.5714285714285714,12,50,50fmol_12xA_0.25xN_0.25xJ_1xK_1xF_0.25xG_0.25xV_1xW_,m167_GvpN_50fmol,0.20833333333333334,m165_GvpJ_50fmol,0.20833333333333334,m166_GvpK_50fmol,0.8333333333333334,m163_GvpF_50fmol,0.8333333333333334,m164_GvpG_50fmol,0.20833333333333334,m168_GvpV_50fmol,0.20833333333333334,m169_GvpW_50fmol,0.8333333333333334,m567_GvpA,10.0,puc19,5.385623699333677,0,600,28.57142857142857,21.0,O10,Plate 2
0.25,1.0,0.25,0.25,1.0,0.25,0.25,0.4642857142857143,12,50,50fmol_12xA_0.25xN_1xJ_0.25xK_0.25xF_1xG_0.25xV_0.25xW_,m167_GvpN_50fmol,0.20833333333333334,m165_GvpJ_50fmol,0.8333333333333334,m166_GvpK_50fmol,0.20833333333333334,m163_GvpF_50fmol,0.20833333333333334,m164_GvpG_50fmol,0.8333333333333334,m168_GvpV_50fmol,0.20833333333333334,m169_GvpW_50fmol,0.20833333333333334,m567_GvpA,10.0,puc19,6.579545888462492,0,600,23.214285714285715,25.846153846153847,O12,Plate 2
0.25,0.25,1.0,1.0,0.25,0.25,1.0,0.5714285714285714,12,50,50fmol_12xA_0.25xN_0.25xJ_1xK_1xF_0.25xG_0.25xV_1xW_,m167_GvpN_50fmol,0.20833333333333334,m165_GvpJ_50fmol,0.20833333333333334,m166_GvpK_50fmol,0.8333333333333334,m163_GvpF_50fmol,0.8333333333333334,m164_GvpG_50fmol,0.20833333333333334,m168_GvpV_50fmol,0.20833333333333334,m169_GvpW_50fmol,0.8333333333333334,m567_GvpA,10.0,puc19,5.385623699333677,0,600,28.57142857142857,21.0,O14,Plate 2
0.25,1.0,0.25,0.25,1.0,1.0,0.25,0.5714285714285714,12,50,50fmol_12xA_0.25xN_1xJ_0.25xK_0.25xF_1xG_1xV_0.25xW_,m167_GvpN_50fmol,0.20833333333333334,m165_GvpJ_50fmol,0.8333333333333334,m166_GvpK_50fmol,0.20833333333333334,m163_GvpF_50fmol,0.20833333333333334,m164_GvpG_50fmol,0.8333333333333334,m168_GvpV_50fmol,0.8333333333333334,m169_GvpW_50fmol,0.20833333333333334,m567_GvpA,10.0,puc19,5.480560408194438,0,600,28.57142857142857,21.0,O16,Plate 2
0.25,0.25,1.0,1.0,0.25,1.0,0.25,0.5714285714285714,12,50,50fmol_12xA_0.25xN_0.25xJ_1xK_1xF_0.25xG_1xV_0.25xW_,m167_GvpN_50fmol,0.20833333333333334,m165_GvpJ_50fmol,0.20833333333333334,m166_GvpK_50fmol,0.8333333333333334,m163_GvpF_50fmol,0.8333333333333334,m164_GvpG_50fmol,0.20833333333333334,m168_GvpV_50fmol,0.8333333333333334,m169_GvpW_50fmol,0.20833333333333334,m567_GvpA,10.0,puc19,5.4619453672413485,0,600,28.57142857142857,21.0,O18,Plate 2
0.25,1.0,0.25,0.25,1.0,0.25,0.25,0.4642857142857143,12,50,50fmol_12xA_0.25xN_1xJ_0.25xK_0.25xF_1xG_0.25xV_0.25xW_,m167_GvpN_50fmol,0.20833333333333334,m165_GvpJ_50fmol,0.8333333333333334,m166_GvpK_50fmol,0.20833333333333334,m163_GvpF_50fmol,0.20833333333333334,m164_GvpG_50fmol,0.8333333333333334,m168_GvpV_50fmol,0.20833333333333334,m169_GvpW_50fmol,0.20833333333333334,m567_GvpA,10.0,puc19,6.579545888462492,0,600,23.214285714285715,25.846153846153847,O20,Plate 2
0.25,1.0,0.25,1.0,0.25,0.25,1.0,0.5714285714285714,12,50,50fmol_12xA_0.25xN_1xJ_0.25xK_1xF_0.25xG_0.25xV_1xW_,m167_GvpN_50fmol,0.20833333333333334,m165_GvpJ_50fmol,0.8333333333333334,m166_GvpK_50fmol,0.20833333333333334,m163_GvpF_50fmol,0.8333333333333334,m164_GvpG_50fmol,0.20833333333333334,m168_GvpV_50fmol,0.20833333333333334,m169_GvpW_50fmol,0.8333333333333334,m567_GvpA,10.0,puc19,5.3207037440097755,0,600,28.57142857142857,21.0,O22,Plate 2
0.25,1.0,0.25,1.0,0.25,1.0,0.25,0.5714285714285714,12,50,50fmol_12xA_0.25xN_1xJ_0.25xK_1xF_0.25xG_1xV_0.25xW_,m167_GvpN_50fmol,0.20833333333333334,m165_GvpJ_50fmol,0.8333333333333334,m166_GvpK_50fmol,0.20833333333333334,m163_GvpF_50fmol,0.8333333333333334,m164_GvpG_50fmol,0.20833333333333334,m168_GvpV_50fmol,0.8333333333333334,m169_GvpW_50fmol,0.20833333333333334,m567_GvpA,10.0,puc19,5.397025411917448,0,600,28.57142857142857,21.0,O24,Plate 2
0.0,0.0,0.0,0.0,0.0,0.0,0.0,0.0,0,50,50fmol_0xA_0xN_0xJ_0xK_0xF_0xG_0xV_0xW_,m167_GvpN_50fmol,0.0,m165_GvpJ_50fmol,0.0,m166_GvpK_50fmol,0.0,m163_GvpF_50fmol,0.0,m164_GvpG_50fmol,0.0,m168_GvpV_50fmol,0.0,m169_GvpW_50fmol,0.0,m567_GvpA,0.0,puc19,28.638524543215535,0,0,0.0,,E16,Plate 2
1.0,0.25,0.25,0.25,1.0,0.25,0.25,0.4642857142857143,12,50,50fmol_12xA_1xN_0.25xJ_0.25xK_0.25xF_1xG_0.25xV_0.25xW_,m167_GvpN_50fmol,0.8333333333333334,m165_GvpJ_50fmol,0.20833333333333334,m166_GvpK_50fmol,0.20833333333333334,m163_GvpF_50fmol,0.20833333333333334,m164_GvpG_50fmol,0.8333333333333334,m168_GvpV_50fmol,0.20833333333333334,m169_GvpW_50fmol,0.20833333333333334,m567_GvpA,10.0,puc19,6.51881431735304,0,600,23.214285714285715,25.846153846153847,B1,Plate 3
1.0,0.25,0.25,1.0,0.25,0.25,0.25,0.4642857142857143,12,50,50fmol_12xA_1xN_0.25xJ_0.25xK_1xF_0.25xG_0.25xV_0.25xW_,m167_GvpN_50fmol,0.8333333333333334,m165_GvpJ_50fmol,0.20833333333333334,m166_GvpK_50fmol,0.20833333333333334,m163_GvpF_50fmol,0.8333333333333334,m164_GvpG_50fmol,0.20833333333333334,m168_GvpV_50fmol,0.20833333333333334,m169_GvpW_50fmol,0.20833333333333334,m567_GvpA,10.0,puc19,6.435279321076045,0,600,23.214285714285715,25.846153846153847,B3,Plate 3
1.0,0.25,0.25,0.25,0.25,0.25,0.25,0.35714285714285715,12,50,50fmol_12xA_1xN_0.25xJ_0.25xK_0.25xF_0.25xG_0.25xV_0.25xW_,m167_GvpN_50fmol,0.8333333333333334,m165_GvpJ_50fmol,0.20833333333333334,m166_GvpK_50fmol,0.20833333333333334,m163_GvpF_50fmol,0.20833333333333334,m164_GvpG_50fmol,0.20833333333333334,m168_GvpV_50fmol,0.20833333333333334,m169_GvpW_50fmol,0.20833333333333334,m567_GvpA,10.0,puc19,7.623849685930848,0,600,17.857142857142858,33.6,B5,Plate 3
1.0,1.0,1.0,1.0,1.0,1.0,1.0,1.0,12,50,50fmol_12xA_1xN_1xJ_1xK_1xF_1xG_1xV_1xW_,m167_GvpN_50fmol,0.8333333333333334,m165_GvpJ_50fmol,0.8333333333333334,m166_GvpK_50fmol,0.8333333333333334,m163_GvpF_50fmol,0.8333333333333334,m164_GvpG_50fmol,0.8333333333333334,m168_GvpV_50fmol,0.8333333333333334,m169_GvpW_50fmol,0.8333333333333334,m567_GvpA,10.0,puc19,0.7395421654543038,0,600,50.0,12.0,B7,Plate 3
1.0,0.25,0.25,0.25,0.25,1.0,1.0,0.5714285714285714,12,50,50fmol_12xA_1xN_0.25xJ_0.25xK_0.25xF_0.25xG_1xV_1xW_,m167_GvpN_50fmol,0.8333333333333334,m165_GvpJ_50fmol,0.20833333333333334,m166_GvpK_50fmol,0.20833333333333334,m163_GvpF_50fmol,0.20833333333333334,m164_GvpG_50fmol,0.20833333333333334,m168_GvpV_50fmol,0.8333333333333334,m169_GvpW_50fmol,0.8333333333333334,m567_GvpA,10.0,puc19,5.349557057487067,0,600,28.57142857142857,21.0,B9,Plate 3
1.0,0.25,0.25,1.0,1.0,0.25,0.25,0.5714285714285714,12,50,50fmol_12xA_1xN_0.25xJ_0.25xK_1xF_1xG_0.25xV_0.25xW_,m167_GvpN_50fmol,0.8333333333333334,m165_GvpJ_50fmol,0.20833333333333334,m166_GvpK_50fmol,0.20833333333333334,m163_GvpF_50fmol,0.8333333333333334,m164_GvpG_50fmol,0.8333333333333334,m168_GvpV_50fmol,0.20833333333333334,m169_GvpW_50fmol,0.20833333333333334,m567_GvpA,10.0,puc19,5.330243952498233,0,600,28.57142857142857,21.0,B11,Plate 3
0.25,1.0,1.0,1.0,0.25,0.25,0.25,0.5714285714285714,12,50,50fmol_12xA_0.25xN_1xJ_1xK_1xF_0.25xG_0.25xV_0.25xW_,m167_GvpN_50fmol,0.20833333333333334,m165_GvpJ_50fmol,0.8333333333333334,m166_GvpK_50fmol,0.8333333333333334,m163_GvpF_50fmol,0.8333333333333334,m164_GvpG_50fmol,0.20833333333333334,m168_GvpV_50fmol,0.20833333333333334,m169_GvpW_50fmol,0.20833333333333334,m567_GvpA,10.0,puc19,5.370266290547378,0,600,28.57142857142857,21.0,B13,Plate 3
1.0,0.25,0.25,0.25,0.25,0.25,0.25,0.35714285714285715,12,50,50fmol_12xA_1xN_0.25xJ_0.25xK_0.25xF_0.25xG_0.25xV_0.25xW_,m167_GvpN_50fmol,0.8333333333333334,m165_GvpJ_50fmol,0.20833333333333334,m166_GvpK_50fmol,0.20833333333333334,m163_GvpF_50fmol,0.20833333333333334,m164_GvpG_50fmol,0.20833333333333334,m168_GvpV_50fmol,0.20833333333333334,m169_GvpW_50fmol,0.20833333333333334,m567_GvpA,10.0,puc19,7.623849685930848,0,600,17.857142857142858,33.6,B15,Plate 3
1.0,0.25,0.25,0.25,0.25,0.25,0.25,0.35714285714285715,12,50,50fmol_12xA_1xN_0.25xJ_0.25xK_0.25xF_0.25xG_0.25xV_0.25xW_,m167_GvpN_50fmol,0.8333333333333334,m165_GvpJ_50fmol,0.20833333333333334,m166_GvpK_50fmol,0.20833333333333334,m163_GvpF_50fmol,0.20833333333333334,m164_GvpG_50fmol,0.20833333333333334,m168_GvpV_50fmol,0.20833333333333334,m169_GvpW_50fmol,0.20833333333333334,m567_GvpA,10.0,puc19,7.623849685930848,0,600,17.857142857142858,33.6,B17,Plate 3
0.25,0.25,0.25,0.25,0.25,0.25,0.25,0.25,12,50,50fmol_12xA_0.25xN_0.25xJ_0.25xK_0.25xF_0.25xG_0.25xV_0.25xW_,m167_GvpN_50fmol,0.20833333333333334,m165_GvpJ_50fmol,0.20833333333333334,m166_GvpK_50fmol,0.20833333333333334,m163_GvpF_50fmol,0.20833333333333334,m164_GvpG_50fmol,0.20833333333333334,m168_GvpV_50fmol,0.20833333333333334,m169_GvpW_50fmol,0.20833333333333334,m567_GvpA,10.0,puc19,8.87524581400233,0,600,12.5,48.0,B19,Plate 3
1.0,0.25,0.25,1.0,1.0,0.25,0.25,0.5714285714285714,12,50,50fmol_12xA_1xN_0.25xJ_0.25xK_1xF_1xG_0.25xV_0.25xW_,m167_GvpN_50fmol,0.8333333333333334,m165_GvpJ_50fmol,0.20833333333333334,m166_GvpK_50fmol,0.20833333333333334,m163_GvpF_50fmol,0.8333333333333334,m164_GvpG_50fmol,0.8333333333333334,m168_GvpV_50fmol,0.20833333333333334,m169_GvpW_50fmol,0.20833333333333334,m567_GvpA,10.0,puc19,5.330243952498233,0,600,28.57142857142857,21.0,B21,Plate 3
1.0,0.25,0.25,0.25,0.25,0.25,1.0,0.4642857142857143,12,50,50fmol_12xA_1xN_0.25xJ_0.25xK_0.25xF_0.25xG_0.25xV_1xW_,m167_GvpN_50fmol,0.8333333333333334,m165_GvpJ_50fmol,0.20833333333333334,m166_GvpK_50fmol,0.20833333333333334,m163_GvpF_50fmol,0.20833333333333334,m164_GvpG_50fmol,0.20833333333333334,m168_GvpV_50fmol,0.20833333333333334,m169_GvpW_50fmol,0.8333333333333334,m567_GvpA,10.0,puc19,6.448542537755121,0,600,23.214285714285715,25.846153846153847,B23,Plate 3
1.0,0.25,0.25,0.25,0.25,1.0,1.0,0.5714285714285714,12,50,50fmol_12xA_1xN_0.25xJ_0.25xK_0.25xF_0.25xG_1xV_1xW_,m167_GvpN_50fmol,0.8333333333333334,m165_GvpJ_50fmol,0.20833333333333334,m166_GvpK_50fmol,0.20833333333333334,m163_GvpF_50fmol,0.20833333333333334,m164_GvpG_50fmol,0.20833333333333334,m168_GvpV_50fmol,0.8333333333333334,m169_GvpW_50fmol,0.8333333333333334,m567_GvpA,10.0,puc19,5.349557057487067,0,600,28.57142857142857,21.0,D1,Plate 3
1.0,0.25,0.25,1.0,2.0,0.0,1.0,0.7857142857142857,12,50,50fmol_12xA_1xN_0.25xJ_0.25xK_1xF_2xG_0xV_1xW_,m167_GvpN_50fmol,0.8333333333333334,m165_GvpJ_50fmol,0.20833333333333334,m166_GvpK_50fmol,0.20833333333333334,m163_GvpF_50fmol,0.8333333333333334,m164_GvpG_50fmol,1.6666666666666667,m168_GvpV_50fmol,0.0,m169_GvpW_50fmol,0.8333333333333334,m567_GvpA,10.0,puc19,3.047884806308114,0,600,39.285714285714285,15.272727272727273,D3,Plate 3
0.5,1.5,0.125,1.5,1.5,0.0,1.0,0.875,12,50,50fmol_12xA_0.5xN_1.5xJ_0.125xK_1.5xF_1.5xG_0xV_1xW_,m167_GvpN_50fmol,0.4166666666666667,m165_GvpJ_50fmol,1.25,m166_GvpK_50fmol,0.10416666666666667,m163_GvpF_50fmol,1.25,m164_GvpG_50fmol,1.25,m168_GvpV_50fmol,0.0,m169_GvpW_50fmol,0.8333333333333334,m567_GvpA,10.0,puc19,2.029642066174087,0,600,43.75,13.714285714285714,D5,Plate 3
0.0,0.0,0.0,0.0,0.0,0.0,0.0,0.0,0,50,50fmol_0xA_0xN_0xJ_0xK_0xF_0xG_0xV_0xW_,m167_GvpN_50fmol,0.0,m165_GvpJ_50fmol,0.0,m166_GvpK_50fmol,0.0,m163_GvpF_50fmol,0.0,m164_GvpG_50fmol,0.0,m168_GvpV_50fmol,0.0,m169_GvpW_50fmol,0.0,m567_GvpA,0.0,puc19,28.638524543215535,0,0,0.0,,D7,Plate 3
1.0,0.25,1.0,0.25,1.0,0.25,0.25,0.5714285714285714,12,50,50fmol_12xA_1xN_0.25xJ_1xK_0.25xF_1xG_0.25xV_0.25xW_,m167_GvpN_50fmol,0.8333333333333334,m165_GvpJ_50fmol,0.20833333333333334,m166_GvpK_50fmol,0.8333333333333334,m163_GvpF_50fmol,0.20833333333333334,m164_GvpG_50fmol,0.8333333333333334,m168_GvpV_50fmol,0.20833333333333334,m169_GvpW_50fmol,0.20833333333333334,m567_GvpA,10.0,puc19,5.3930697157149154,0,600,28.57142857142857,21.0,D9,Plate 3
1.0,0.25,0.25,0.25,0.25,1.0,0.25,0.4642857142857143,12,50,50fmol_12xA_1xN_0.25xJ_0.25xK_0.25xF_0.25xG_1xV_0.25xW_,m167_GvpN_50fmol,0.8333333333333334,m165_GvpJ_50fmol,0.20833333333333334,m166_GvpK_50fmol,0.20833333333333334,m163_GvpF_50fmol,0.20833333333333334,m164_GvpG_50fmol,0.20833333333333334,m168_GvpV_50fmol,0.8333333333333334,m169_GvpW_50fmol,0.20833333333333334,m567_GvpA,10.0,puc19,6.5248642056627935,0,600,23.214285714285715,25.846153846153847,D11,Plate 3
1.0,0.25,0.25,1.0,0.25,1.0,0.25,0.5714285714285714,12,50,50fmol_12xA_1xN_0.25xJ_0.25xK_1xF_0.25xG_1xV_0.25xW_,m167_GvpN_50fmol,0.8333333333333334,m165_GvpJ_50fmol,0.20833333333333334,m166_GvpK_50fmol,0.20833333333333334,m163_GvpF_50fmol,0.8333333333333334,m164_GvpG_50fmol,0.20833333333333334,m168_GvpV_50fmol,0.8333333333333334,m169_GvpW_50fmol,0.20833333333333334,m567_GvpA,10.0,puc19,5.336293840807991,0,600,28.57142857142857,21.0,D13,Plate 3
1.0,0.25,1.0,0.25,0.25,1.0,0.25,0.5714285714285714,12,50,50fmol_12xA_1xN_0.25xJ_1xK_0.25xF_0.25xG_1xV_0.25xW_,m167_GvpN_50fmol,0.8333333333333334,m165_GvpJ_50fmol,0.20833333333333334,m166_GvpK_50fmol,0.8333333333333334,m163_GvpF_50fmol,0.20833333333333334,m164_GvpG_50fmol,0.20833333333333334,m168_GvpV_50fmol,0.8333333333333334,m169_GvpW_50fmol,0.20833333333333334,m567_GvpA,10.0,puc19,5.399119604024669,0,600,28.57142857142857,21.0,D15,Plate 3
1.0,0.25,1.0,0.25,0.25,0.25,0.25,0.4642857142857143,12,50,50fmol_12xA_1xN_0.25xJ_1xK_0.25xF_0.25xG_0.25xV_0.25xW_,m167_GvpN_50fmol,0.8333333333333334,m165_GvpJ_50fmol,0.20833333333333334,m166_GvpK_50fmol,0.8333333333333334,m163_GvpF_50fmol,0.20833333333333334,m164_GvpG_50fmol,0.20833333333333334,m168_GvpV_50fmol,0.20833333333333334,m169_GvpW_50fmol,0.20833333333333334,m567_GvpA,10.0,puc19,6.498105084292724,0,600,23.214285714285715,25.846153846153847,D17,Plate 3
1.0,0.25,0.25,0.25,0.25,1.0,1.0,0.5714285714285714,12,50,50fmol_12xA_1xN_0.25xJ_0.25xK_0.25xF_0.25xG_1xV_1xW_,m167_GvpN_50fmol,0.8333333333333334,m165_GvpJ_50fmol,0.20833333333333334,m166_GvpK_50fmol,0.20833333333333334,m163_GvpF_50fmol,0.20833333333333334,m164_GvpG_50fmol,0.20833333333333334,m168_GvpV_50fmol,0.8333333333333334,m169_GvpW_50fmol,0.8333333333333334,m567_GvpA,10.0,puc19,5.349557057487067,0,600,28.57142857142857,21.0,D19,Plate 3
0.25,1.0,1.0,1.0,0.25,0.25,0.25,0.5714285714285714,12,50,50fmol_12xA_0.25xN_1xJ_1xK_1xF_0.25xG_0.25xV_0.25xW_,m167_GvpN_50fmol,0.20833333333333334,m165_GvpJ_50fmol,0.8333333333333334,m166_GvpK_50fmol,0.8333333333333334,m163_GvpF_50fmol,0.8333333333333334,m164_GvpG_50fmol,0.20833333333333334,m168_GvpV_50fmol,0.20833333333333334,m169_GvpW_50fmol,0.20833333333333334,m567_GvpA,10.0,puc19,5.370266290547378,0,600,28.57142857142857,21.0,D21,Plate 3
1.0,0.25,0.25,1.0,2.0,0.0,1.0,0.7857142857142857,12,50,50fmol_12xA_1xN_0.25xJ_0.25xK_1xF_2xG_0xV_1xW_,m167_GvpN_50fmol,0.8333333333333334,m165_GvpJ_50fmol,0.20833333333333334,m166_GvpK_50fmol,0.20833333333333334,m163_GvpF_50fmol,0.8333333333333334,m164_GvpG_50fmol,1.6666666666666667,m168_GvpV_50fmol,0.0,m169_GvpW_50fmol,0.8333333333333334,m567_GvpA,10.0,puc19,3.047884806308114,0,600,39.285714285714285,15.272727272727273,D23,Plate 3
1.0,0.25,0.25,0.25,1.0,0.25,1.0,0.5714285714285714,12,50,50fmol_12xA_1xN_0.25xJ_0.25xK_0.25xF_1xG_0.25xV_1xW_,m167_GvpN_50fmol,0.8333333333333334,m165_GvpJ_50fmol,0.20833333333333334,m166_GvpK_50fmol,0.20833333333333334,m163_GvpF_50fmol,0.20833333333333334,m164_GvpG_50fmol,0.8333333333333334,m168_GvpV_50fmol,0.20833333333333334,m169_GvpW_50fmol,0.8333333333333334,m567_GvpA,10.0,puc19,5.343507169177314,0,600,28.57142857142857,21.0,F1,Plate 3
1.0,0.25,1.0,0.25,1.0,0.25,0.25,0.5714285714285714,12,50,50fmol_12xA_1xN_0.25xJ_1xK_0.25xF_1xG_0.25xV_0.25xW_,m167_GvpN_50fmol,0.8333333333333334,m165_GvpJ_50fmol,0.20833333333333334,m166_GvpK_50fmol,0.8333333333333334,m163_GvpF_50fmol,0.20833333333333334,m164_GvpG_50fmol,0.8333333333333334,m168_GvpV_50fmol,0.20833333333333334,m169_GvpW_50fmol,0.20833333333333334,m567_GvpA,10.0,puc19,5.3930697157149154,0,600,28.57142857142857,21.0,F3,Plate 3
1.0,0.25,0.25,1.0,2.0,0.0,1.0,0.7857142857142857,12,50,50fmol_12xA_1xN_0.25xJ_0.25xK_1xF_2xG_0xV_1xW_,m167_GvpN_50fmol,0.8333333333333334,m165_GvpJ_50fmol,0.20833333333333334,m166_GvpK_50fmol,0.20833333333333334,m163_GvpF_50fmol,0.8333333333333334,m164_GvpG_50fmol,1.6666666666666667,m168_GvpV_50fmol,0.0,m169_GvpW_50fmol,0.8333333333333334,m567_GvpA,10.0,puc19,3.047884806308114,0,600,39.285714285714285,15.272727272727273,F5,Plate 3
1.0,0.25,1.0,0.25,1.0,0.25,0.25,0.5714285714285714,12,50,50fmol_12xA_1xN_0.25xJ_1xK_0.25xF_1xG_0.25xV_0.25xW_,m167_GvpN_50fmol,0.8333333333333334,m165_GvpJ_50fmol,0.20833333333333334,m166_GvpK_50fmol,0.8333333333333334,m163_GvpF_50fmol,0.20833333333333334,m164_GvpG_50fmol,0.8333333333333334,m168_GvpV_50fmol,0.20833333333333334,m169_GvpW_50fmol,0.20833333333333334,m567_GvpA,10.0,puc19,5.3930697157149154,0,600,28.57142857142857,21.0,F7,Plate 3
1.0,0.25,0.25,1.0,0.25,0.25,0.25,0.4642857142857143,12,50,50fmol_12xA_1xN_0.25xJ_0.25xK_1xF_0.25xG_0.25xV_0.25xW_,m167_GvpN_50fmol,0.8333333333333334,m165_GvpJ_50fmol,0.20833333333333334,m166_GvpK_50fmol,0.20833333333333334,m163_GvpF_50fmol,0.8333333333333334,m164_GvpG_50fmol,0.20833333333333334,m168_GvpV_50fmol,0.20833333333333334,m169_GvpW_50fmol,0.20833333333333334,m567_GvpA,10.0,puc19,6.435279321076045,0,600,23.214285714285715,25.846153846153847,F9,Plate 3
1.0,0.25,0.25,1.0,0.25,1.0,0.25,0.5714285714285714,12,50,50fmol_12xA_1xN_0.25xJ_0.25xK_1xF_0.25xG_1xV_0.25xW_,m167_GvpN_50fmol,0.8333333333333334,m165_GvpJ_50fmol,0.20833333333333334,m166_GvpK_50fmol,0.20833333333333334,m163_GvpF_50fmol,0.8333333333333334,m164_GvpG_50fmol,0.20833333333333334,m168_GvpV_50fmol,0.8333333333333334,m169_GvpW_50fmol,0.20833333333333334,m567_GvpA,10.0,puc19,5.336293840807991,0,600,28.57142857142857,21.0,F11,Plate 3
1.0,0.25,1.0,0.25,0.25,0.25,1.0,0.5714285714285714,12,50,50fmol_12xA_1xN_0.25xJ_1xK_0.25xF_0.25xG_0.25xV_1xW_,m167_GvpN_50fmol,0.8333333333333334,m165_GvpJ_50fmol,0.20833333333333334,m166_GvpK_50fmol,0.8333333333333334,m163_GvpF_50fmol,0.20833333333333334,m164_GvpG_50fmol,0.20833333333333334,m168_GvpV_50fmol,0.20833333333333334,m169_GvpW_50fmol,0.8333333333333334,m567_GvpA,10.0,puc19,5.322797936117002,0,600,28.57142857142857,21.0,F13,Plate 3
0.25,1.0,1.0,1.0,0.25,0.25,0.25,0.5714285714285714,12,50,50fmol_12xA_0.25xN_1xJ_1xK_1xF_0.25xG_0.25xV_0.25xW_,m167_GvpN_50fmol,0.20833333333333334,m165_GvpJ_50fmol,0.8333333333333334,m166_GvpK_50fmol,0.8333333333333334,m163_GvpF_50fmol,0.8333333333333334,m164_GvpG_50fmol,0.20833333333333334,m168_GvpV_50fmol,0.20833333333333334,m169_GvpW_50fmol,0.20833333333333334,m567_GvpA,10.0,puc19,5.370266290547378,0,600,28.57142857142857,21.0,F17,Plate 3
1.0,0.25,1.0,0.25,0.25,1.0,0.25,0.5714285714285714,12,50,50fmol_12xA_1xN_0.25xJ_1xK_0.25xF_0.25xG_1xV_0.25xW_,m167_GvpN_50fmol,0.8333333333333334,m165_GvpJ_50fmol,0.20833333333333334,m166_GvpK_50fmol,0.8333333333333334,m163_GvpF_50fmol,0.20833333333333334,m164_GvpG_50fmol,0.20833333333333334,m168_GvpV_50fmol,0.8333333333333334,m169_GvpW_50fmol,0.20833333333333334,m567_GvpA,10.0,puc19,5.399119604024669,0,600,28.57142857142857,21.0,F19,Plate 3
1.0,0.25,0.25,1.0,0.25,0.25,1.0,0.5714285714285714,12,50,50fmol_12xA_1xN_0.25xJ_0.25xK_1xF_0.25xG_0.25xV_1xW_,m167_GvpN_50fmol,0.8333333333333334,m165_GvpJ_50fmol,0.20833333333333334,m166_GvpK_50fmol,0.20833333333333334,m163_GvpF_50fmol,0.8333333333333334,m164_GvpG_50fmol,0.20833333333333334,m168_GvpV_50fmol,0.20833333333333334,m169_GvpW_50fmol,0.8333333333333334,m567_GvpA,10.0,puc19,5.259972172900319,0,600,28.57142857142857,21.0,F21,Plate 3
0.25,1.0,1.0,0.25,1.0,0.25,0.25,0.5714285714285714,12,50,50fmol_12xA_0.25xN_1xJ_1xK_0.25xF_1xG_0.25xV_0.25xW_,m167_GvpN_50fmol,0.20833333333333334,m165_GvpJ_50fmol,0.8333333333333334,m166_GvpK_50fmol,0.8333333333333334,m163_GvpF_50fmol,0.20833333333333334,m164_GvpG_50fmol,0.8333333333333334,m168_GvpV_50fmol,0.20833333333333334,m169_GvpW_50fmol,0.20833333333333334,m567_GvpA,10.0,puc19,5.453801286824373,0,600,28.57142857142857,21.0,F23,Plate 3
1.0,0.25,0.25,0.25,1.0,1.0,0.25,0.5714285714285714,12,50,50fmol_12xA_1xN_0.25xJ_0.25xK_0.25xF_1xG_1xV_0.25xW_,m167_GvpN_50fmol,0.8333333333333334,m165_GvpJ_50fmol,0.20833333333333334,m166_GvpK_50fmol,0.20833333333333334,m163_GvpF_50fmol,0.20833333333333334,m164_GvpG_50fmol,0.8333333333333334,m168_GvpV_50fmol,0.8333333333333334,m169_GvpW_50fmol,0.20833333333333334,m567_GvpA,10.0,puc19,5.419828837084981,0,600,28.57142857142857,21.0,H1,Plate 3
1.0,0.25,0.25,0.25,0.25,0.25,0.25,0.35714285714285715,12,50,50fmol_12xA_1xN_0.25xJ_0.25xK_0.25xF_0.25xG_0.25xV_0.25xW_,m167_GvpN_50fmol,0.8333333333333334,m165_GvpJ_50fmol,0.20833333333333334,m166_GvpK_50fmol,0.20833333333333334,m163_GvpF_50fmol,0.20833333333333334,m164_GvpG_50fmol,0.20833333333333334,m168_GvpV_50fmol,0.20833333333333334,m169_GvpW_50fmol,0.20833333333333334,m567_GvpA,10.0,puc19,7.623849685930848,0,600,17.857142857142858,33.6,H3,Plate 3
0.25,0.25,0.25,0.25,0.25,0.25,0.25,0.25,12,50,50fmol_12xA_0.25xN_0.25xJ_0.25xK_0.25xF_0.25xG_0.25xV_0.25xW_,m167_GvpN_50fmol,0.20833333333333334,m165_GvpJ_50fmol,0.20833333333333334,m166_GvpK_50fmol,0.20833333333333334,m163_GvpF_50fmol,0.20833333333333334,m164_GvpG_50fmol,0.20833333333333334,m168_GvpV_50fmol,0.20833333333333334,m169_GvpW_50fmol,0.20833333333333334,m567_GvpA,10.0,puc19,8.87524581400233,0,600,12.5,48.0,H5,Plate 3
1.0,0.25,0.25,0.25,0.25,1.0,0.25,0.4642857142857143,12,50,50fmol_12xA_1xN_0.25xJ_0.25xK_0.25xF_0.25xG_1xV_0.25xW_,m167_GvpN_50fmol,0.8333333333333334,m165_GvpJ_50fmol,0.20833333333333334,m166_GvpK_50fmol,0.20833333333333334,m163_GvpF_50fmol,0.20833333333333334,m164_GvpG_50fmol,0.20833333333333334,m168_GvpV_50fmol,0.8333333333333334,m169_GvpW_50fmol,0.20833333333333334,m567_GvpA,10.0,puc19,6.5248642056627935,0,600,23.214285714285715,25.846153846153847,H7,Plate 3
1.0,0.25,0.25,1.0,0.25,0.25,0.25,0.4642857142857143,12,50,50fmol_12xA_1xN_0.25xJ_0.25xK_1xF_0.25xG_0.25xV_0.25xW_,m167_GvpN_50fmol,0.8333333333333334,m165_GvpJ_50fmol,0.20833333333333334,m166_GvpK_50fmol,0.20833333333333334,m163_GvpF_50fmol,0.8333333333333334,m164_GvpG_50fmol,0.20833333333333334,m168_GvpV_50fmol,0.20833333333333334,m169_GvpW_50fmol,0.20833333333333334,m567_GvpA,10.0,puc19,6.435279321076045,0,600,23.214285714285715,25.846153846153847,H9,Plate 3
1.0,0.25,1.0,0.25,0.25,1.0,0.25,0.5714285714285714,12,50,50fmol_12xA_1xN_0.25xJ_1xK_0.25xF_0.25xG_1xV_0.25xW_,m167_GvpN_50fmol,0.8333333333333334,m165_GvpJ_50fmol,0.20833333333333334,m166_GvpK_50fmol,0.8333333333333334,m163_GvpF_50fmol,0.20833333333333334,m164_GvpG_50fmol,0.20833333333333334,m168_GvpV_50fmol,0.8333333333333334,m169_GvpW_50fmol,0.20833333333333334,m567_GvpA,10.0,puc19,5.399119604024669,0,600,28.57142857142857,21.0,H11,Plate 3
1.0,0.25,0.25,0.25,1.0,0.25,0.25,0.4642857142857143,12,50,50fmol_12xA_1xN_0.25xJ_0.25xK_0.25xF_1xG_0.25xV_0.25xW_,m167_GvpN_50fmol,0.8333333333333334,m165_GvpJ_50fmol,0.20833333333333334,m166_GvpK_50fmol,0.20833333333333334,m163_GvpF_50fmol,0.20833333333333334,m164_GvpG_50fmol,0.8333333333333334,m168_GvpV_50fmol,0.20833333333333334,m169_GvpW_50fmol,0.20833333333333334,m567_GvpA,10.0,puc19,6.51881431735304,0,600,23.214285714285715,25.846153846153847,H13,Plate 3
1.0,0.25,0.25,0.25,0.25,0.25,1.0,0.4642857142857143,12,50,50fmol_12xA_1xN_0.25xJ_0.25xK_0.25xF_0.25xG_0.25xV_1xW_,m167_GvpN_50fmol,0.8333333333333334,m165_GvpJ_50fmol,0.20833333333333334,m166_GvpK_50fmol,0.20833333333333334,m163_GvpF_50fmol,0.20833333333333334,m164_GvpG_50fmol,0.20833333333333334,m168_GvpV_50fmol,0.20833333333333334,m169_GvpW_50fmol,0.8333333333333334,m567_GvpA,10.0,puc19,6.448542537755121,0,600,23.214285714285715,25.846153846153847,H15,Plate 3
0.25,2.0,0.25,0.25,0.25,0.25,0.25,0.5,12,50,50fmol_12xA_0.25xN_2xJ_0.25xK_0.25xF_0.25xG_0.25xV_0.25xW_,m167_GvpN_50fmol,0.20833333333333334,m165_GvpJ_50fmol,1.6666666666666667,m166_GvpK_50fmol,0.20833333333333334,m163_GvpF_50fmol,0.20833333333333334,m164_GvpG_50fmol,0.20833333333333334,m168_GvpV_50fmol,0.20833333333333334,m169_GvpW_50fmol,0.20833333333333334,m567_GvpA,10.0,puc19,6.097028514424269,0,600,25.0,24.0,H17,Plate 3
1.0,0.25,0.25,0.25,1.0,0.25,1.0,0.5714285714285714,12,50,50fmol_12xA_1xN_0.25xJ_0.25xK_0.25xF_1xG_0.25xV_1xW_,m167_GvpN_50fmol,0.8333333333333334,m165_GvpJ_50fmol,0.20833333333333334,m166_GvpK_50fmol,0.20833333333333334,m163_GvpF_50fmol,0.20833333333333334,m164_GvpG_50fmol,0.8333333333333334,m168_GvpV_50fmol,0.20833333333333334,m169_GvpW_50fmol,0.8333333333333334,m567_GvpA,10.0,puc19,5.343507169177314,0,600,28.57142857142857,21.0,H19,Plate 3
0.5,1.5,0.125,1.5,1.5,0.0,1.0,0.875,12,50,50fmol_12xA_0.5xN_1.5xJ_0.125xK_1.5xF_1.5xG_0xV_1xW_,m167_GvpN_50fmol,0.4166666666666667,m165_GvpJ_50fmol,1.25,m166_GvpK_50fmol,0.10416666666666667,m163_GvpF_50fmol,1.25,m164_GvpG_50fmol,1.25,m168_GvpV_50fmol,0.0,m169_GvpW_50fmol,0.8333333333333334,m567_GvpA,10.0,puc19,2.029642066174087,0,600,43.75,13.714285714285714,H21,Plate 3
0.25,2.0,0.25,0.25,0.25,0.25,0.25,0.5,12,50,50fmol_12xA_0.25xN_2xJ_0.25xK_0.25xF_0.25xG_0.25xV_0.25xW_,m167_GvpN_50fmol,0.20833333333333334,m165_GvpJ_50fmol,1.6666666666666667,m166_GvpK_50fmol,0.20833333333333334,m163_GvpF_50fmol,0.20833333333333334,m164_GvpG_50fmol,0.20833333333333334,m168_GvpV_50fmol,0.20833333333333334,m169_GvpW_50fmol,0.20833333333333334,m567_GvpA,10.0,puc19,6.097028514424269,0,600,25.0,24.0,H23,Plate 3
1.0,0.25,0.25,0.25,1.0,0.25,0.25,0.4642857142857143,12,50,50fmol_12xA_1xN_0.25xJ_0.25xK_0.25xF_1xG_0.25xV_0.25xW_,m167_GvpN_50fmol,0.8333333333333334,m165_GvpJ_50fmol,0.20833333333333334,m166_GvpK_50fmol,0.20833333333333334,m163_GvpF_50fmol,0.20833333333333334,m164_GvpG_50fmol,0.8333333333333334,m168_GvpV_50fmol,0.20833333333333334,m169_GvpW_50fmol,0.20833333333333334,m567_GvpA,10.0,puc19,6.51881431735304,0,600,23.214285714285715,25.846153846153847,J1,Plate 3
0.0,1.0,1.0,1.0,1.0,1.0,1.0,0.8571428571428571,12,50,50fmol_12xA_0xN_1xJ_1xK_1xF_1xG_1xV_1xW_,m167_GvpN_50fmol,0.0,m165_GvpJ_50fmol,0.8333333333333334,m166_GvpK_50fmol,0.8333333333333334,m163_GvpF_50fmol,0.8333333333333334,m164_GvpG_50fmol,0.8333333333333334,m168_GvpV_50fmol,0.8333333333333334,m169_GvpW_50fmol,0.8333333333333334,m567_GvpA,10.0,puc19,2.408070336216279,0,600,42.857142857142854,14.000000000000002,J3,Plate 3
1.0,0.25,1.0,0.25,0.25,0.25,0.25,0.4642857142857143,12,50,50fmol_12xA_1xN_0.25xJ_1xK_0.25xF_0.25xG_0.25xV_0.25xW_,m167_GvpN_50fmol,0.8333333333333334,m165_GvpJ_50fmol,0.20833333333333334,m166_GvpK_50fmol,0.8333333333333334,m163_GvpF_50fmol,0.20833333333333334,m164_GvpG_50fmol,0.20833333333333334,m168_GvpV_50fmol,0.20833333333333334,m169_GvpW_50fmol,0.20833333333333334,m567_GvpA,10.0,puc19,6.498105084292724,0,600,23.214285714285715,25.846153846153847,J5,Plate 3
1.0,0.25,0.25,0.25,1.0,0.25,1.0,0.5714285714285714,12,50,50fmol_12xA_1xN_0.25xJ_0.25xK_0.25xF_1xG_0.25xV_1xW_,m167_GvpN_50fmol,0.8333333333333334,m165_GvpJ_50fmol,0.20833333333333334,m166_GvpK_50fmol,0.20833333333333334,m163_GvpF_50fmol,0.20833333333333334,m164_GvpG_50fmol,0.8333333333333334,m168_GvpV_50fmol,0.20833333333333334,m169_GvpW_50fmol,0.8333333333333334,m567_GvpA,10.0,puc19,5.343507169177314,0,600,28.57142857142857,21.0,J7,Plate 3
0.25,1.0,1.0,1.0,0.25,0.25,0.25,0.5714285714285714,12,50,50fmol_12xA_0.25xN_1xJ_1xK_1xF_0.25xG_0.25xV_0.25xW_,m167_GvpN_50fmol,0.20833333333333334,m165_GvpJ_50fmol,0.8333333333333334,m166_GvpK_50fmol,0.8333333333333334,m163_GvpF_50fmol,0.8333333333333334,m164_GvpG_50fmol,0.20833333333333334,m168_GvpV_50fmol,0.20833333333333334,m169_GvpW_50fmol,0.20833333333333334,m567_GvpA,10.0,puc19,5.370266290547378,0,600,28.57142857142857,21.0,J9,Plate 3
0.25,1.0,1.0,1.0,1.0,1.0,1.0,0.8928571428571429,12,50,50fmol_12xA_0.25xN_1xJ_1xK_1xF_1xG_1xV_1xW_,m167_GvpN_50fmol,0.20833333333333334,m165_GvpJ_50fmol,0.8333333333333334,m166_GvpK_50fmol,0.8333333333333334,m163_GvpF_50fmol,0.8333333333333334,m164_GvpG_50fmol,0.8333333333333334,m168_GvpV_50fmol,0.8333333333333334,m169_GvpW_50fmol,0.8333333333333334,m567_GvpA,10.0,puc19,1.9909382935257853,0,600,44.642857142857146,13.44,J11,Plate 3
1.0,0.25,0.25,0.25,0.25,1.0,0.25,0.4642857142857143,12,50,50fmol_12xA_1xN_0.25xJ_0.25xK_0.25xF_0.25xG_1xV_0.25xW_,m167_GvpN_50fmol,0.8333333333333334,m165_GvpJ_50fmol,0.20833333333333334,m166_GvpK_50fmol,0.20833333333333334,m163_GvpF_50fmol,0.20833333333333334,m164_GvpG_50fmol,0.20833333333333334,m168_GvpV_50fmol,0.8333333333333334,m169_GvpW_50fmol,0.20833333333333334,m567_GvpA,10.0,puc19,6.5248642056627935,0,600,23.214285714285715,25.846153846153847,J13,Plate 3
1.0,0.25,1.0,0.25,0.25,0.25,1.0,0.5714285714285714,12,50,50fmol_12xA_1xN_0.25xJ_1xK_0.25xF_0.25xG_0.25xV_1xW_,m167_GvpN_50fmol,0.8333333333333334,m165_GvpJ_50fmol,0.20833333333333334,m166_GvpK_50fmol,0.8333333333333334,m163_GvpF_50fmol,0.20833333333333334,m164_GvpG_50fmol,0.20833333333333334,m168_GvpV_50fmol,0.20833333333333334,m169_GvpW_50fmol,0.8333333333333334,m567_GvpA,10.0,puc19,5.322797936117002,0,600,28.57142857142857,21.0,J15,Plate 3
1.0,0.25,0.25,0.25,1.0,0.25,0.25,0.4642857142857143,12,50,50fmol_12xA_1xN_0.25xJ_0.25xK_0.25xF_1xG_0.25xV_0.25xW_,m167_GvpN_50fmol,0.8333333333333334,m165_GvpJ_50fmol,0.20833333333333334,m166_GvpK_50fmol,0.20833333333333334,m163_GvpF_50fmol,0.20833333333333334,m164_GvpG_50fmol,0.8333333333333334,m168_GvpV_50fmol,0.20833333333333334,m169_GvpW_50fmol,0.20833333333333334,m567_GvpA,10.0,puc19,6.51881431735304,0,600,23.214285714285715,25.846153846153847,J17,Plate 3
0.25,1.0,1.0,1.0,1.0,1.0,1.0,0.8928571428571429,12,50,50fmol_12xA_0.25xN_1xJ_1xK_1xF_1xG_1xV_1xW_,m167_GvpN_50fmol,0.20833333333333334,m165_GvpJ_50fmol,0.8333333333333334,m166_GvpK_50fmol,0.8333333333333334,m163_GvpF_50fmol,0.8333333333333334,m164_GvpG_50fmol,0.8333333333333334,m168_GvpV_50fmol,0.8333333333333334,m169_GvpW_50fmol,0.8333333333333334,m567_GvpA,10.0,puc19,1.9909382935257853,0,600,44.642857142857146,13.44,J19,Plate 3
1.0,0.25,0.25,0.25,1.0,1.0,0.25,0.5714285714285714,12,50,50fmol_12xA_1xN_0.25xJ_0.25xK_0.25xF_1xG_1xV_0.25xW_,m167_GvpN_50fmol,0.8333333333333334,m165_GvpJ_50fmol,0.20833333333333334,m166_GvpK_50fmol,0.20833333333333334,m163_GvpF_50fmol,0.20833333333333334,m164_GvpG_50fmol,0.8333333333333334,m168_GvpV_50fmol,0.8333333333333334,m169_GvpW_50fmol,0.20833333333333334,m567_GvpA,10.0,puc19,5.419828837084981,0,600,28.57142857142857,21.0,J21,Plate 3
1.0,0.25,0.25,1.0,0.25,0.25,1.0,0.5714285714285714,12,50,50fmol_12xA_1xN_0.25xJ_0.25xK_1xF_0.25xG_0.25xV_1xW_,m167_GvpN_50fmol,0.8333333333333334,m165_GvpJ_50fmol,0.20833333333333334,m166_GvpK_50fmol,0.20833333333333334,m163_GvpF_50fmol,0.8333333333333334,m164_GvpG_50fmol,0.20833333333333334,m168_GvpV_50fmol,0.20833333333333334,m169_GvpW_50fmol,0.8333333333333334,m567_GvpA,10.0,puc19,5.259972172900319,0,600,28.57142857142857,21.0,J23,Plate 3
0.25,1.0,1.0,1.0,1.0,1.0,1.0,0.8928571428571429,12,50,50fmol_12xA_0.25xN_1xJ_1xK_1xF_1xG_1xV_1xW_,m167_GvpN_50fmol,0.20833333333333334,m165_GvpJ_50fmol,0.8333333333333334,m166_GvpK_50fmol,0.8333333333333334,m163_GvpF_50fmol,0.8333333333333334,m164_GvpG_50fmol,0.8333333333333334,m168_GvpV_50fmol,0.8333333333333334,m169_GvpW_50fmol,0.8333333333333334,m567_GvpA,10.0,puc19,1.9909382935257853,0,600,44.642857142857146,13.44,L1,Plate 3
1.0,0.25,0.25,1.0,1.0,0.25,0.25,0.5714285714285714,12,50,50fmol_12xA_1xN_0.25xJ_0.25xK_1xF_1xG_0.25xV_0.25xW_,m167_GvpN_50fmol,0.8333333333333334,m165_GvpJ_50fmol,0.20833333333333334,m166_GvpK_50fmol,0.20833333333333334,m163_GvpF_50fmol,0.8333333333333334,m164_GvpG_50fmol,0.8333333333333334,m168_GvpV_50fmol,0.20833333333333334,m169_GvpW_50fmol,0.20833333333333334,m567_GvpA,10.0,puc19,5.330243952498233,0,600,28.57142857142857,21.0,L3,Plate 3
0.25,0.25,0.25,0.25,0.25,0.25,0.25,0.25,12,50,50fmol_12xA_0.25xN_0.25xJ_0.25xK_0.25xF_0.25xG_0.25xV_0.25xW_,m167_GvpN_50fmol,0.20833333333333334,m165_GvpJ_50fmol,0.20833333333333334,m166_GvpK_50fmol,0.20833333333333334,m163_GvpF_50fmol,0.20833333333333334,m164_GvpG_50fmol,0.20833333333333334,m168_GvpV_50fmol,0.20833333333333334,m169_GvpW_50fmol,0.20833333333333334,m567_GvpA,10.0,puc19,8.87524581400233,0,600,12.5,48.0,L5,Plate 3
0.25,1.0,1.0,1.0,1.0,1.0,1.0,0.8928571428571429,12,50,50fmol_12xA_0.25xN_1xJ_1xK_1xF_1xG_1xV_1xW_,m167_GvpN_50fmol,0.20833333333333334,m165_GvpJ_50fmol,0.8333333333333334,m166_GvpK_50fmol,0.8333333333333334,m163_GvpF_50fmol,0.8333333333333334,m164_GvpG_50fmol,0.8333333333333334,m168_GvpV_50fmol,0.8333333333333334,m169_GvpW_50fmol,0.8333333333333334,m567_GvpA,10.0,puc19,1.9909382935257853,0,600,44.642857142857146,13.44,L7,Plate 3
0.25,1.0,1.0,0.25,1.0,0.25,0.25,0.5714285714285714,12,50,50fmol_12xA_0.25xN_1xJ_1xK_0.25xF_1xG_0.25xV_0.25xW_,m167_GvpN_50fmol,0.20833333333333334,m165_GvpJ_50fmol,0.8333333333333334,m166_GvpK_50fmol,0.8333333333333334,m163_GvpF_50fmol,0.20833333333333334,m164_GvpG_50fmol,0.8333333333333334,m168_GvpV_50fmol,0.20833333333333334,m169_GvpW_50fmol,0.20833333333333334,m567_GvpA,10.0,puc19,5.453801286824373,0,600,28.57142857142857,21.0,L9,Plate 3
0.25,2.0,0.25,0.25,0.25,0.25,0.25,0.5,12,50,50fmol_12xA_0.25xN_2xJ_0.25xK_0.25xF_0.25xG_0.25xV_0.25xW_,m167_GvpN_50fmol,0.20833333333333334,m165_GvpJ_50fmol,1.6666666666666667,m166_GvpK_50fmol,0.20833333333333334,m163_GvpF_50fmol,0.20833333333333334,m164_GvpG_50fmol,0.20833333333333334,m168_GvpV_50fmol,0.20833333333333334,m169_GvpW_50fmol,0.20833333333333334,m567_GvpA,10.0,puc19,6.097028514424269,0,600,25.0,24.0,L11,Plate 3
1.0,0.25,0.25,1.0,0.25,1.0,0.25,0.5714285714285714,12,50,50fmol_12xA_1xN_0.25xJ_0.25xK_1xF_0.25xG_1xV_0.25xW_,m167_GvpN_50fmol,0.8333333333333334,m165_GvpJ_50fmol,0.20833333333333334,m166_GvpK_50fmol,0.20833333333333334,m163_GvpF_50fmol,0.8333333333333334,m164_GvpG_50fmol,0.20833333333333334,m168_GvpV_50fmol,0.8333333333333334,m169_GvpW_50fmol,0.20833333333333334,m567_GvpA,10.0,puc19,5.336293840807991,0,600,28.57142857142857,21.0,L13,Plate 3
1.0,0.25,1.0,0.25,0.25,1.0,0.25,0.5714285714285714,12,50,50fmol_12xA_1xN_0.25xJ_1xK_0.25xF_0.25xG_1xV_0.25xW_,m167_GvpN_50fmol,0.8333333333333334,m165_GvpJ_50fmol,0.20833333333333334,m166_GvpK_50fmol,0.8333333333333334,m163_GvpF_50fmol,0.20833333333333334,m164_GvpG_50fmol,0.20833333333333334,m168_GvpV_50fmol,0.8333333333333334,m169_GvpW_50fmol,0.20833333333333334,m567_GvpA,10.0,puc19,5.399119604024669,0,600,28.57142857142857,21.0,L15,Plate 3
1.0,0.25,0.25,0.25,0.25,0.25,1.0,0.4642857142857143,12,50,50fmol_12xA_1xN_0.25xJ_0.25xK_0.25xF_0.25xG_0.25xV_1xW_,m167_GvpN_50fmol,0.8333333333333334,m165_GvpJ_50fmol,0.20833333333333334,m166_GvpK_50fmol,0.20833333333333334,m163_GvpF_50fmol,0.20833333333333334,m164_GvpG_50fmol,0.20833333333333334,m168_GvpV_50fmol,0.20833333333333334,m169_GvpW_50fmol,0.8333333333333334,m567_GvpA,10.0,puc19,6.448542537755121,0,600,23.214285714285715,25.846153846153847,L17,Plate 3
1.0,0.25,1.0,0.25,0.25,0.25,1.0,0.5714285714285714,12,50,50fmol_12xA_1xN_0.25xJ_1xK_0.25xF_0.25xG_0.25xV_1xW_,m167_GvpN_50fmol,0.8333333333333334,m165_GvpJ_50fmol,0.20833333333333334,m166_GvpK_50fmol,0.8333333333333334,m163_GvpF_50fmol,0.20833333333333334,m164_GvpG_50fmol,0.20833333333333334,m168_GvpV_50fmol,0.20833333333333334,m169_GvpW_50fmol,0.8333333333333334,m567_GvpA,10.0,puc19,5.322797936117002,0,600,28.57142857142857,21.0,L19,Plate 3
1.0,0.25,0.25,0.25,1.0,1.0,0.25,0.5714285714285714,12,50,50fmol_12xA_1xN_0.25xJ_0.25xK_0.25xF_1xG_1xV_0.25xW_,m167_GvpN_50fmol,0.8333333333333334,m165_GvpJ_50fmol,0.20833333333333334,m166_GvpK_50fmol,0.20833333333333334,m163_GvpF_50fmol,0.20833333333333334,m164_GvpG_50fmol,0.8333333333333334,m168_GvpV_50fmol,0.8333333333333334,m169_GvpW_50fmol,0.20833333333333334,m567_GvpA,10.0,puc19,5.419828837084981,0,600,28.57142857142857,21.0,L21,Plate 3
1.0,0.25,0.25,0.25,1.0,1.0,0.25,0.5714285714285714,12,50,50fmol_12xA_1xN_0.25xJ_0.25xK_0.25xF_1xG_1xV_0.25xW_,m167_GvpN_50fmol,0.8333333333333334,m165_GvpJ_50fmol,0.20833333333333334,m166_GvpK_50fmol,0.20833333333333334,m163_GvpF_50fmol,0.20833333333333334,m164_GvpG_50fmol,0.8333333333333334,m168_GvpV_50fmol,0.8333333333333334,m169_GvpW_50fmol,0.20833333333333334,m567_GvpA,10.0,puc19,5.419828837084981,0,600,28.57142857142857,21.0,L23,Plate 3
0.5,1.5,0.125,1.5,1.5,0.0,1.0,0.875,12,50,50fmol_12xA_0.5xN_1.5xJ_0.125xK_1.5xF_1.5xG_0xV_1xW_,m167_GvpN_50fmol,0.4166666666666667,m165_GvpJ_50fmol,1.25,m166_GvpK_50fmol,0.10416666666666667,m163_GvpF_50fmol,1.25,m164_GvpG_50fmol,1.25,m168_GvpV_50fmol,0.0,m169_GvpW_50fmol,0.8333333333333334,m567_GvpA,10.0,puc19,2.029642066174087,0,600,43.75,13.714285714285714,N1,Plate 3
1.0,0.25,0.25,1.0,0.25,1.0,0.25,0.5714285714285714,12,50,50fmol_12xA_1xN_0.25xJ_0.25xK_1xF_0.25xG_1xV_0.25xW_,m167_GvpN_50fmol,0.8333333333333334,m165_GvpJ_50fmol,0.20833333333333334,m166_GvpK_50fmol,0.20833333333333334,m163_GvpF_50fmol,0.8333333333333334,m164_GvpG_50fmol,0.20833333333333334,m168_GvpV_50fmol,0.8333333333333334,m169_GvpW_50fmol,0.20833333333333334,m567_GvpA,10.0,puc19,5.336293840807991,0,600,28.57142857142857,21.0,N3,Plate 3
1.0,0.25,1.0,0.25,0.25,0.25,0.25,0.4642857142857143,12,50,50fmol_12xA_1xN_0.25xJ_1xK_0.25xF_0.25xG_0.25xV_0.25xW_,m167_GvpN_50fmol,0.8333333333333334,m165_GvpJ_50fmol,0.20833333333333334,m166_GvpK_50fmol,0.8333333333333334,m163_GvpF_50fmol,0.20833333333333334,m164_GvpG_50fmol,0.20833333333333334,m168_GvpV_50fmol,0.20833333333333334,m169_GvpW_50fmol,0.20833333333333334,m567_GvpA,10.0,puc19,6.498105084292724,0,600,23.214285714285715,25.846153846153847,N5,Plate 3
0.5,1.5,0.125,1.5,1.5,0.0,1.0,0.875,12,50,50fmol_12xA_0.5xN_1.5xJ_0.125xK_1.5xF_1.5xG_0xV_1xW_,m167_GvpN_50fmol,0.4166666666666667,m165_GvpJ_50fmol,1.25,m166_GvpK_50fmol,0.10416666666666667,m163_GvpF_50fmol,1.25,m164_GvpG_50fmol,1.25,m168_GvpV_50fmol,0.0,m169_GvpW_50fmol,0.8333333333333334,m567_GvpA,10.0,puc19,2.029642066174087,0,600,43.75,13.714285714285714,N7,Plate 3
1.0,0.25,0.25,0.25,0.25,0.25,1.0,0.4642857142857143,12,50,50fmol_12xA_1xN_0.25xJ_0.25xK_0.25xF_0.25xG_0.25xV_1xW_,m167_GvpN_50fmol,0.8333333333333334,m165_GvpJ_50fmol,0.20833333333333334,m166_GvpK_50fmol,0.20833333333333334,m163_GvpF_50fmol,0.20833333333333334,m164_GvpG_50fmol,0.20833333333333334,m168_GvpV_50fmol,0.20833333333333334,m169_GvpW_50fmol,0.8333333333333334,m567_GvpA,10.0,puc19,6.448542537755121,0,600,23.214285714285715,25.846153846153847,N9,Plate 3
1.0,0.25,1.0,0.25,0.25,0.25,1.0,0.5714285714285714,12,50,50fmol_12xA_1xN_0.25xJ_1xK_0.25xF_0.25xG_0.25xV_1xW_,m167_GvpN_50fmol,0.8333333333333334,m165_GvpJ_50fmol,0.20833333333333334,m166_GvpK_50fmol,0.8333333333333334,m163_GvpF_50fmol,0.20833333333333334,m164_GvpG_50fmol,0.20833333333333334,m168_GvpV_50fmol,0.20833333333333334,m169_GvpW_50fmol,0.8333333333333334,m567_GvpA,10.0,puc19,5.322797936117002,0,600,28.57142857142857,21.0,N11,Plate 3
1.0,0.25,1.0,0.25,0.25,0.25,0.25,0.4642857142857143,12,50,50fmol_12xA_1xN_0.25xJ_1xK_0.25xF_0.25xG_0.25xV_0.25xW_,m167_GvpN_50fmol,0.8333333333333334,m165_GvpJ_50fmol,0.20833333333333334,m166_GvpK_50fmol,0.8333333333333334,m163_GvpF_50fmol,0.20833333333333334,m164_GvpG_50fmol,0.20833333333333334,m168_GvpV_50fmol,0.20833333333333334,m169_GvpW_50fmol,0.20833333333333334,m567_GvpA,10.0,puc19,6.498105084292724,0,600,23.214285714285715,25.846153846153847,N13,Plate 3
1.0,0.25,0.25,0.25,0.25,1.0,1.0,0.5714285714285714,12,50,50fmol_12xA_1xN_0.25xJ_0.25xK_0.25xF_0.25xG_1xV_1xW_,m167_GvpN_50fmol,0.8333333333333334,m165_GvpJ_50fmol,0.20833333333333334,m166_GvpK_50fmol,0.20833333333333334,m163_GvpF_50fmol,0.20833333333333334,m164_GvpG_50fmol,0.20833333333333334,m168_GvpV_50fmol,0.8333333333333334,m169_GvpW_50fmol,0.8333333333333334,m567_GvpA,10.0,puc19,5.349557057487067,0,600,28.57142857142857,21.0,N15,Plate 3
0.25,2.0,0.25,0.25,0.25,0.25,0.25,0.5,12,50,50fmol_12xA_0.25xN_2xJ_0.25xK_0.25xF_0.25xG_0.25xV_0.25xW_,m167_GvpN_50fmol,0.20833333333333334,m165_GvpJ_50fmol,1.6666666666666667,m166_GvpK_50fmol,0.20833333333333334,m163_GvpF_50fmol,0.20833333333333334,m164_GvpG_50fmol,0.20833333333333334,m168_GvpV_50fmol,0.20833333333333334,m169_GvpW_50fmol,0.20833333333333334,m567_GvpA,10.0,puc19,6.097028514424269,0,600,25.0,24.0,N17,Plate 3
0.25,1.0,1.0,0.25,1.0,0.25,0.25,0.5714285714285714,12,50,50fmol_12xA_0.25xN_1xJ_1xK_0.25xF_1xG_0.25xV_0.25xW_,m167_GvpN_50fmol,0.20833333333333334,m165_GvpJ_50fmol,0.8333333333333334,m166_GvpK_50fmol,0.8333333333333334,m163_GvpF_50fmol,0.20833333333333334,m164_GvpG_50fmol,0.8333333333333334,m168_GvpV_50fmol,0.20833333333333334,m169_GvpW_50fmol,0.20833333333333334,m567_GvpA,10.0,puc19,5.453801286824373,0,600,28.57142857142857,21.0,N19,Plate 3
1.0,0.25,0.25,1.0,0.25,0.25,1.0,0.5714285714285714,12,50,50fmol_12xA_1xN_0.25xJ_0.25xK_1xF_0.25xG_0.25xV_1xW_,m167_GvpN_50fmol,0.8333333333333334,m165_GvpJ_50fmol,0.20833333333333334,m166_GvpK_50fmol,0.20833333333333334,m163_GvpF_50fmol,0.8333333333333334,m164_GvpG_50fmol,0.20833333333333334,m168_GvpV_50fmol,0.20833333333333334,m169_GvpW_50fmol,0.8333333333333334,m567_GvpA,10.0,puc19,5.259972172900319,0,600,28.57142857142857,21.0,N21,Plate 3
1.0,1.0,1.0,1.0,1.0,1.0,1.0,1.0,12,50,50fmol_12xA_1xN_1xJ_1xK_1xF_1xG_1xV_1xW_,m167_GvpN_50fmol,0.8333333333333334,m165_GvpJ_50fmol,0.8333333333333334,m166_GvpK_50fmol,0.8333333333333334,m163_GvpF_50fmol,0.8333333333333334,m164_GvpG_50fmol,0.8333333333333334,m168_GvpV_50fmol,0.8333333333333334,m169_GvpW_50fmol,0.8333333333333334,m567_GvpA,10.0,puc19,0.7395421654543038,0,600,50.0,12.0,N23,Plate 3
1.0,0.25,0.25,1.0,2.0,0.0,1.0,0.7857142857142857,12,50,50fmol_12xA_1xN_0.25xJ_0.25xK_1xF_2xG_0xV_1xW_,m167_GvpN_50fmol,0.8333333333333334,m165_GvpJ_50fmol,0.20833333333333334,m166_GvpK_50fmol,0.20833333333333334,m163_GvpF_50fmol,0.8333333333333334,m164_GvpG_50fmol,1.6666666666666667,m168_GvpV_50fmol,0.0,m169_GvpW_50fmol,0.8333333333333334,m567_GvpA,10.0,puc19,3.047884806308114,0,600,39.285714285714285,15.272727272727273,P1,Plate 3
1.0,0.25,0.25,1.0,1.0,0.25,0.25,0.5714285714285714,12,50,50fmol_12xA_1xN_0.25xJ_0.25xK_1xF_1xG_0.25xV_0.25xW_,m167_GvpN_50fmol,0.8333333333333334,m165_GvpJ_50fmol,0.20833333333333334,m166_GvpK_50fmol,0.20833333333333334,m163_GvpF_50fmol,0.8333333333333334,m164_GvpG_50fmol,0.8333333333333334,m168_GvpV_50fmol,0.20833333333333334,m169_GvpW_50fmol,0.20833333333333334,m567_GvpA,10.0,puc19,5.330243952498233,0,600,28.57142857142857,21.0,P3,Plate 3
0.0,1.0,1.0,1.0,1.0,1.0,1.0,0.8571428571428571,12,50,50fmol_12xA_0xN_1xJ_1xK_1xF_1xG_1xV_1xW_,m167_GvpN_50fmol,0.0,m165_GvpJ_50fmol,0.8333333333333334,m166_GvpK_50fmol,0.8333333333333334,m163_GvpF_50fmol,0.8333333333333334,m164_GvpG_50fmol,0.8333333333333334,m168_GvpV_50fmol,0.8333333333333334,m169_GvpW_50fmol,0.8333333333333334,m567_GvpA,10.0,puc19,2.408070336216279,0,600,42.857142857142854,14.000000000000002,P5,Plate 3
1.0,0.25,0.25,1.0,0.25,0.25,0.25,0.4642857142857143,12,50,50fmol_12xA_1xN_0.25xJ_0.25xK_1xF_0.25xG_0.25xV_0.25xW_,m167_GvpN_50fmol,0.8333333333333334,m165_GvpJ_50fmol,0.20833333333333334,m166_GvpK_50fmol,0.20833333333333334,m163_GvpF_50fmol,0.8333333333333334,m164_GvpG_50fmol,0.20833333333333334,m168_GvpV_50fmol,0.20833333333333334,m169_GvpW_50fmol,0.20833333333333334,m567_GvpA,10.0,puc19,6.435279321076045,0,600,23.214285714285715,25.846153846153847,P7,Plate 3
0.0,1.0,1.0,1.0,1.0,1.0,1.0,0.8571428571428571,12,50,50fmol_12xA_0xN_1xJ_1xK_1xF_1xG_1xV_1xW_,m167_GvpN_50fmol,0.0,m165_GvpJ_50fmol,0.8333333333333334,m166_GvpK_50fmol,0.8333333333333334,m163_GvpF_50fmol,0.8333333333333334,m164_GvpG_50fmol,0.8333333333333334,m168_GvpV_50fmol,0.8333333333333334,m169_GvpW_50fmol,0.8333333333333334,m567_GvpA,10.0,puc19,2.408070336216279,0,600,42.857142857142854,14.000000000000002,P9,Plate 3
1.0,1.0,1.0,1.0,1.0,1.0,1.0,1.0,12,50,50fmol_12xA_1xN_1xJ_1xK_1xF_1xG_1xV_1xW_,m167_GvpN_50fmol,0.8333333333333334,m165_GvpJ_50fmol,0.8333333333333334,m166_GvpK_50fmol,0.8333333333333334,m163_GvpF_50fmol,0.8333333333333334,m164_GvpG_50fmol,0.8333333333333334,m168_GvpV_50fmol,0.8333333333333334,m169_GvpW_50fmol,0.8333333333333334,m567_GvpA,10.0,puc19,0.7395421654543038,0,600,50.0,12.0,P11,Plate 3
1.0,0.25,1.0,0.25,1.0,0.25,0.25,0.5714285714285714,12,50,50fmol_12xA_1xN_0.25xJ_1xK_0.25xF_1xG_0.25xV_0.25xW_,m167_GvpN_50fmol,0.8333333333333334,m165_GvpJ_50fmol,0.20833333333333334,m166_GvpK_50fmol,0.8333333333333334,m163_GvpF_50fmol,0.20833333333333334,m164_GvpG_50fmol,0.8333333333333334,m168_GvpV_50fmol,0.20833333333333334,m169_GvpW_50fmol,0.20833333333333334,m567_GvpA,10.0,puc19,5.3930697157149154,0,600,28.57142857142857,21.0,P13,Plate 3
0.25,1.0,1.0,0.25,1.0,0.25,0.25,0.5714285714285714,12,50,50fmol_12xA_0.25xN_1xJ_1xK_0.25xF_1xG_0.25xV_0.25xW_,m167_GvpN_50fmol,0.20833333333333334,m165_GvpJ_50fmol,0.8333333333333334,m166_GvpK_50fmol,0.8333333333333334,m163_GvpF_50fmol,0.20833333333333334,m164_GvpG_50fmol,0.8333333333333334,m168_GvpV_50fmol,0.20833333333333334,m169_GvpW_50fmol,0.20833333333333334,m567_GvpA,10.0,puc19,5.453801286824373,0,600,28.57142857142857,21.0,P15,Plate 3
1.0,0.25,0.25,1.0,0.25,0.25,1.0,0.5714285714285714,12,50,50fmol_12xA_1xN_0.25xJ_0.25xK_1xF_0.25xG_0.25xV_1xW_,m167_GvpN_50fmol,0.8333333333333334,m165_GvpJ_50fmol,0.20833333333333334,m166_GvpK_50fmol,0.20833333333333334,m163_GvpF_50fmol,0.8333333333333334,m164_GvpG_50fmol,0.20833333333333334,m168_GvpV_50fmol,0.20833333333333334,m169_GvpW_50fmol,0.8333333333333334,m567_GvpA,10.0,puc19,5.259972172900319,0,600,28.57142857142857,21.0,P17,Plate 3
1.0,0.25,0.25,0.25,1.0,0.25,1.0,0.5714285714285714,12,50,50fmol_12xA_1xN_0.25xJ_0.25xK_0.25xF_1xG_0.25xV_1xW_,m167_GvpN_50fmol,0.8333333333333334,m165_GvpJ_50fmol,0.20833333333333334,m166_GvpK_50fmol,0.20833333333333334,m163_GvpF_50fmol,0.20833333333333334,m164_GvpG_50fmol,0.8333333333333334,m168_GvpV_50fmol,0.20833333333333334,m169_GvpW_50fmol,0.8333333333333334,m567_GvpA,10.0,puc19,5.343507169177314,0,600,28.57142857142857,21.0,P19,Plate 3
1.0,0.25,0.25,0.25,0.25,1.0,0.25,0.4642857142857143,12,50,50fmol_12xA_1xN_0.25xJ_0.25xK_0.25xF_0.25xG_1xV_0.25xW_,m167_GvpN_50fmol,0.8333333333333334,m165_GvpJ_50fmol,0.20833333333333334,m166_GvpK_50fmol,0.20833333333333334,m163_GvpF_50fmol,0.20833333333333334,m164_GvpG_50fmol,0.20833333333333334,m168_GvpV_50fmol,0.8333333333333334,m169_GvpW_50fmol,0.20833333333333334,m567_GvpA,10.0,puc19,6.5248642056627935,0,600,23.214285714285715,25.846153846153847,P21,Plate 3
0.0,1.0,1.0,1.0,1.0,1.0,1.0,0.8571428571428571,12,50,50fmol_12xA_0xN_1xJ_1xK_1xF_1xG_1xV_1xW_,m167_GvpN_50fmol,0.0,m165_GvpJ_50fmol,0.8333333333333334,m166_GvpK_50fmol,0.8333333333333334,m163_GvpF_50fmol,0.8333333333333334,m164_GvpG_50fmol,0.8333333333333334,m168_GvpV_50fmol,0.8333333333333334,m169_GvpW_50fmol,0.8333333333333334,m567_GvpA,10.0,puc19,2.408070336216279,0,600,42.857142857142854,14.000000000000002,P23,Plate 3
0.0,0.0,0.0,0.0,0.0,0.0,0.0,0.0,0,50,50fmol_0xA_0xN_0xJ_0xK_0xF_0xG_0xV_0xW_,m167_GvpN_50fmol,0.0,m165_GvpJ_50fmol,0.0,m166_GvpK_50fmol,0.0,m163_GvpF_50fmol,0.0,m164_GvpG_50fmol,0.0,m168_GvpV_50fmol,0.0,m169_GvpW_50fmol,0.0,m567_GvpA,0.0,puc19,28.638524543215535,0,0,0.0,,F15,Plate 3
1.0,0.25,1.0,1.0,0.25,0.25,0.25,0.5714285714285714,12,50,50fmol_12xA_1xN_0.25xJ_1xK_1xF_0.25xG_0.25xV_0.25xW_,m167_GvpN_50fmol,0.8333333333333334,m165_GvpJ_50fmol,0.20833333333333334,m166_GvpK_50fmol,0.8333333333333334,m163_GvpF_50fmol,0.8333333333333334,m164_GvpG_50fmol,0.20833333333333334,m168_GvpV_50fmol,0.20833333333333334,m169_GvpW_50fmol,0.20833333333333334,m567_GvpA,10.0,puc19,5.309534719437921,0,600,28.57142857142857,21.0,B2,Plate 4
1.0,0.25,1.0,1.0,0.25,0.25,0.25,0.5714285714285714,12,50,50fmol_12xA_1xN_0.25xJ_1xK_1xF_0.25xG_0.25xV_0.25xW_,m167_GvpN_50fmol,0.8333333333333334,m165_GvpJ_50fmol,0.20833333333333334,m166_GvpK_50fmol,0.8333333333333334,m163_GvpF_50fmol,0.8333333333333334,m164_GvpG_50fmol,0.20833333333333334,m168_GvpV_50fmol,0.20833333333333334,m169_GvpW_50fmol,0.20833333333333334,m567_GvpA,10.0,puc19,5.309534719437921,0,600,28.57142857142857,21.0,B4,Plate 4
1.0,1.0,1.0,1.0,1.0,0.25,1.0,0.8928571428571429,12,50,50fmol_12xA_1xN_1xJ_1xK_1xF_1xG_0.25xV_1xW_,m167_GvpN_50fmol,0.8333333333333334,m165_GvpJ_50fmol,0.8333333333333334,m166_GvpK_50fmol,0.8333333333333334,m163_GvpF_50fmol,0.8333333333333334,m164_GvpG_50fmol,0.8333333333333334,m168_GvpV_50fmol,0.20833333333333334,m169_GvpW_50fmol,0.8333333333333334,m567_GvpA,10.0,puc19,1.8385276457223583,0,600,44.642857142857146,13.44,B6,Plate 4
1.0,1.0,1.0,0.25,1.0,1.0,1.0,0.8928571428571429,12,50,50fmol_12xA_1xN_1xJ_1xK_0.25xF_1xG_1xV_1xW_,m167_GvpN_50fmol,0.8333333333333334,m165_GvpJ_50fmol,0.8333333333333334,m166_GvpK_50fmol,0.8333333333333334,m163_GvpF_50fmol,0.20833333333333334,m164_GvpG_50fmol,0.8333333333333334,m168_GvpV_50fmol,0.8333333333333334,m169_GvpW_50fmol,0.8333333333333334,m567_GvpA,10.0,puc19,1.9281125303091065,0,600,44.642857142857146,13.44,B8,Plate 4
1.0,1.0,1.0,1.0,1.0,0.0,1.0,0.8571428571428571,12,50,50fmol_12xA_1xN_1xJ_1xK_1xF_1xG_0xV_1xW_,m167_GvpN_50fmol,0.8333333333333334,m165_GvpJ_50fmol,0.8333333333333334,m166_GvpK_50fmol,0.8333333333333334,m163_GvpF_50fmol,0.8333333333333334,m164_GvpG_50fmol,0.8333333333333334,m168_GvpV_50fmol,0.0,m169_GvpW_50fmol,0.8333333333333334,m567_GvpA,10.0,puc19,2.2048561391450434,0,600,42.857142857142854,14.000000000000002,B10,Plate 4
1.0,1.0,1.0,1.0,1.0,1.0,0.0,0.8571428571428571,12,50,50fmol_12xA_1xN_1xJ_1xK_1xF_1xG_1xV_0xW_,m167_GvpN_50fmol,0.8333333333333334,m165_GvpJ_50fmol,0.8333333333333334,m166_GvpK_50fmol,0.8333333333333334,m163_GvpF_50fmol,0.8333333333333334,m164_GvpG_50fmol,0.8333333333333334,m168_GvpV_50fmol,0.8333333333333334,m169_GvpW_50fmol,0.0,m567_GvpA,10.0,puc19,2.306618363021936,0,600,42.857142857142854,14.000000000000002,B12,Plate 4
1.0,1.0,1.0,1.0,1.0,0.25,1.0,0.8928571428571429,12,50,50fmol_12xA_1xN_1xJ_1xK_1xF_1xG_0.25xV_1xW_,m167_GvpN_50fmol,0.8333333333333334,m165_GvpJ_50fmol,0.8333333333333334,m166_GvpK_50fmol,0.8333333333333334,m163_GvpF_50fmol,0.8333333333333334,m164_GvpG_50fmol,0.8333333333333334,m168_GvpV_50fmol,0.20833333333333334,m169_GvpW_50fmol,0.8333333333333334,m567_GvpA,10.0,puc19,1.8385276457223583,0,600,44.642857142857146,13.44,B14,Plate 4
1.0,0.25,1.0,1.0,0.25,0.25,0.25,0.5714285714285714,12,50,50fmol_12xA_1xN_0.25xJ_1xK_1xF_0.25xG_0.25xV_0.25xW_,m167_GvpN_50fmol,0.8333333333333334,m165_GvpJ_50fmol,0.20833333333333334,m166_GvpK_50fmol,0.8333333333333334,m163_GvpF_50fmol,0.8333333333333334,m164_GvpG_50fmol,0.20833333333333334,m168_GvpV_50fmol,0.20833333333333334,m169_GvpW_50fmol,0.20833333333333334,m567_GvpA,10.0,puc19,5.309534719437921,0,600,28.57142857142857,21.0,B16,Plate 4
1.0,1.0,0.25,1.0,0.25,0.25,0.25,0.5714285714285714,12,50,50fmol_12xA_1xN_1xJ_0.25xK_1xF_0.25xG_0.25xV_0.25xW_,m167_GvpN_50fmol,0.8333333333333334,m165_GvpJ_50fmol,0.8333333333333334,m166_GvpK_50fmol,0.20833333333333334,m163_GvpF_50fmol,0.8333333333333334,m164_GvpG_50fmol,0.20833333333333334,m168_GvpV_50fmol,0.20833333333333334,m169_GvpW_50fmol,0.20833333333333334,m567_GvpA,10.0,puc19,5.24461476411402,0,600,28.57142857142857,21.0,B18,Plate 4
1.0,1.0,0.25,1.0,1.0,1.0,1.0,0.8928571428571429,12,50,50fmol_12xA_1xN_1xJ_0.25xK_1xF_1xG_1xV_1xW_,m167_GvpN_50fmol,0.8333333333333334,m165_GvpJ_50fmol,0.8333333333333334,m166_GvpK_50fmol,0.20833333333333334,m163_GvpF_50fmol,0.8333333333333334,m164_GvpG_50fmol,0.8333333333333334,m168_GvpV_50fmol,0.8333333333333334,m169_GvpW_50fmol,0.8333333333333334,m567_GvpA,10.0,puc19,1.8652867670924276,0,600,44.642857142857146,13.44,B20,Plate 4
1.0,1.0,0.0,1.0,1.0,1.0,1.0,0.8571428571428571,12,50,50fmol_12xA_1xN_1xJ_0xK_1xF_1xG_1xV_1xW_,m167_GvpN_50fmol,0.8333333333333334,m165_GvpJ_50fmol,0.8333333333333334,m166_GvpK_50fmol,0.0,m163_GvpF_50fmol,0.8333333333333334,m164_GvpG_50fmol,0.8333333333333334,m168_GvpV_50fmol,0.8333333333333334,m169_GvpW_50fmol,0.8333333333333334,m567_GvpA,10.0,puc19,2.240534967638466,0,600,42.857142857142854,14.000000000000002,B22,Plate 4
1.0,1.0,1.0,1.0,1.0,1.0,1.0,1.0,12,50,50fmol_12xA_1xN_1xJ_1xK_1xF_1xG_1xV_1xW_,m167_GvpN_50fmol,0.8333333333333334,m165_GvpJ_50fmol,0.8333333333333334,m166_GvpK_50fmol,0.8333333333333334,m163_GvpF_50fmol,0.8333333333333334,m164_GvpG_50fmol,0.8333333333333334,m168_GvpV_50fmol,0.8333333333333334,m169_GvpW_50fmol,0.8333333333333334,m567_GvpA,10.0,puc19,0.7395421654543038,0,600,50.0,12.0,B24,Plate 4
1.0,1.0,1.0,1.0,0.0,1.0,1.0,0.8571428571428571,12,50,50fmol_12xA_1xN_1xJ_1xK_1xF_0xG_1xV_1xW_,m167_GvpN_50fmol,0.8333333333333334,m165_GvpJ_50fmol,0.8333333333333334,m166_GvpK_50fmol,0.8333333333333334,m163_GvpF_50fmol,0.8333333333333334,m164_GvpG_50fmol,0.0,m168_GvpV_50fmol,0.8333333333333334,m169_GvpW_50fmol,0.8333333333333334,m567_GvpA,10.0,puc19,2.2129226568913816,0,600,42.857142857142854,14.000000000000002,D2,Plate 4
1.0,0.25,1.0,1.0,1.0,1.0,1.0,0.8928571428571429,12,50,50fmol_12xA_1xN_0.25xJ_1xK_1xF_1xG_1xV_1xW_,m167_GvpN_50fmol,0.8333333333333334,m165_GvpJ_50fmol,0.20833333333333334,m166_GvpK_50fmol,0.8333333333333334,m163_GvpF_50fmol,0.8333333333333334,m164_GvpG_50fmol,0.8333333333333334,m168_GvpV_50fmol,0.8333333333333334,m169_GvpW_50fmol,0.8333333333333334,m567_GvpA,10.0,puc19,1.9302067224163284,0,600,44.642857142857146,13.44,D4,Plate 4
1.0,1.0,0.25,0.25,0.25,0.25,1.0,0.5714285714285714,12,50,50fmol_12xA_1xN_1xJ_0.25xK_0.25xF_0.25xG_0.25xV_1xW_,m167_GvpN_50fmol,0.8333333333333334,m165_GvpJ_50fmol,0.8333333333333334,m166_GvpK_50fmol,0.20833333333333334,m163_GvpF_50fmol,0.20833333333333334,m164_GvpG_50fmol,0.20833333333333334,m168_GvpV_50fmol,0.20833333333333334,m169_GvpW_50fmol,0.8333333333333334,m567_GvpA,10.0,puc19,5.257877980793097,0,600,28.57142857142857,21.0,D6,Plate 4
1.0,1.0,1.0,1.0,0.25,1.0,1.0,0.8928571428571429,12,50,50fmol_12xA_1xN_1xJ_1xK_1xF_0.25xG_1xV_1xW_,m167_GvpN_50fmol,0.8333333333333334,m165_GvpJ_50fmol,0.8333333333333334,m166_GvpK_50fmol,0.8333333333333334,m163_GvpF_50fmol,0.8333333333333334,m164_GvpG_50fmol,0.20833333333333334,m168_GvpV_50fmol,0.8333333333333334,m169_GvpW_50fmol,0.8333333333333334,m567_GvpA,10.0,puc19,1.844577534032116,0,600,44.642857142857146,13.44,D8,Plate 4
1.0,0.25,1.0,1.0,1.0,1.0,1.0,0.8928571428571429,12,50,50fmol_12xA_1xN_0.25xJ_1xK_1xF_1xG_1xV_1xW_,m167_GvpN_50fmol,0.8333333333333334,m165_GvpJ_50fmol,0.20833333333333334,m166_GvpK_50fmol,0.8333333333333334,m163_GvpF_50fmol,0.8333333333333334,m164_GvpG_50fmol,0.8333333333333334,m168_GvpV_50fmol,0.8333333333333334,m169_GvpW_50fmol,0.8333333333333334,m567_GvpA,10.0,puc19,1.9302067224163284,0,600,44.642857142857146,13.44,D10,Plate 4
1.0,0.0,1.0,1.0,1.0,1.0,1.0,0.8571428571428571,12,50,50fmol_12xA_1xN_0xJ_1xK_1xF_1xG_1xV_1xW_,m167_GvpN_50fmol,0.8333333333333334,m165_GvpJ_50fmol,0.0,m166_GvpK_50fmol,0.8333333333333334,m163_GvpF_50fmol,0.8333333333333334,m164_GvpG_50fmol,0.8333333333333334,m168_GvpV_50fmol,0.8333333333333334,m169_GvpW_50fmol,0.8333333333333334,m567_GvpA,10.0,puc19,2.327094908070339,0,600,42.857142857142854,14.000000000000002,D12,Plate 4
1.0,1.0,0.25,0.25,1.0,0.25,0.25,0.5714285714285714,12,50,50fmol_12xA_1xN_1xJ_0.25xK_0.25xF_1xG_0.25xV_0.25xW_,m167_GvpN_50fmol,0.8333333333333334,m165_GvpJ_50fmol,0.8333333333333334,m166_GvpK_50fmol,0.20833333333333334,m163_GvpF_50fmol,0.20833333333333334,m164_GvpG_50fmol,0.8333333333333334,m168_GvpV_50fmol,0.20833333333333334,m169_GvpW_50fmol,0.20833333333333334,m567_GvpA,10.0,puc19,5.328149760391015,0,600,28.57142857142857,21.0,D14,Plate 4
1.0,1.0,0.25,0.25,0.25,0.25,1.0,0.5714285714285714,12,50,50fmol_12xA_1xN_1xJ_0.25xK_0.25xF_0.25xG_0.25xV_1xW_,m167_GvpN_50fmol,0.8333333333333334,m165_GvpJ_50fmol,0.8333333333333334,m166_GvpK_50fmol,0.20833333333333334,m163_GvpF_50fmol,0.20833333333333334,m164_GvpG_50fmol,0.20833333333333334,m168_GvpV_50fmol,0.20833333333333334,m169_GvpW_50fmol,0.8333333333333334,m567_GvpA,10.0,puc19,5.257877980793097,0,600,28.57142857142857,21.0,D16,Plate 4
1.0,0.0,1.0,1.0,1.0,1.0,1.0,0.8571428571428571,12,50,50fmol_12xA_1xN_0xJ_1xK_1xF_1xG_1xV_1xW_,m167_GvpN_50fmol,0.8333333333333334,m165_GvpJ_50fmol,0.0,m166_GvpK_50fmol,0.8333333333333334,m163_GvpF_50fmol,0.8333333333333334,m164_GvpG_50fmol,0.8333333333333334,m168_GvpV_50fmol,0.8333333333333334,m169_GvpW_50fmol,0.8333333333333334,m567_GvpA,10.0,puc19,2.327094908070339,0,600,42.857142857142854,14.000000000000002,D18,Plate 4
1.0,1.0,0.25,0.25,0.25,0.25,0.25,0.4642857142857143,12,50,50fmol_12xA_1xN_1xJ_0.25xK_0.25xF_0.25xG_0.25xV_0.25xW_,m167_GvpN_50fmol,0.8333333333333334,m165_GvpJ_50fmol,0.8333333333333334,m166_GvpK_50fmol,0.20833333333333334,m163_GvpF_50fmol,0.20833333333333334,m164_GvpG_50fmol,0.20833333333333334,m168_GvpV_50fmol,0.20833333333333334,m169_GvpW_50fmol,0.20833333333333334,m567_GvpA,10.0,puc19,6.433185128968823,0,600,23.214285714285715,25.846153846153847,D20,Plate 4
1.0,1.0,0.125,2.0,2.0,0.0,1.0,1.0178571428571428,12,50,50fmol_12xA_1xN_1xJ_0.125xK_2xF_2xG_0xV_1xW_,m167_GvpN_50fmol,0.8333333333333334,m165_GvpJ_50fmol,0.8333333333333334,m166_GvpK_50fmol,0.10416666666666667,m163_GvpF_50fmol,1.6666666666666667,m164_GvpG_50fmol,1.6666666666666667,m168_GvpV_50fmol,0.0,m169_GvpW_50fmol,0.8333333333333334,m567_GvpA,10.0,puc19,0.46008386314604177,0,600,50.89285714285714,11.789473684210527,D22,Plate 4
1.0,1.0,1.0,1.0,1.0,0.25,1.0,0.8928571428571429,12,50,50fmol_12xA_1xN_1xJ_1xK_1xF_1xG_0.25xV_1xW_,m167_GvpN_50fmol,0.8333333333333334,m165_GvpJ_50fmol,0.8333333333333334,m166_GvpK_50fmol,0.8333333333333334,m163_GvpF_50fmol,0.8333333333333334,m164_GvpG_50fmol,0.8333333333333334,m168_GvpV_50fmol,0.20833333333333334,m169_GvpW_50fmol,0.8333333333333334,m567_GvpA,10.0,puc19,1.8385276457223583,0,600,44.642857142857146,13.44,D24,Plate 4
1.0,1.0,0.125,2.0,2.0,0.0,1.0,1.0178571428571428,12,50,50fmol_12xA_1xN_1xJ_0.125xK_2xF_2xG_0xV_1xW_,m167_GvpN_50fmol,0.8333333333333334,m165_GvpJ_50fmol,0.8333333333333334,m166_GvpK_50fmol,0.10416666666666667,m163_GvpF_50fmol,1.6666666666666667,m164_GvpG_50fmol,1.6666666666666667,m168_GvpV_50fmol,0.0,m169_GvpW_50fmol,0.8333333333333334,m567_GvpA,10.0,puc19,0.46008386314604177,0,600,50.89285714285714,11.789473684210527,F2,Plate 4
1.0,1.0,0.25,0.25,0.25,0.25,0.25,0.4642857142857143,12,50,50fmol_12xA_1xN_1xJ_0.25xK_0.25xF_0.25xG_0.25xV_0.25xW_,m167_GvpN_50fmol,0.8333333333333334,m165_GvpJ_50fmol,0.8333333333333334,m166_GvpK_50fmol,0.20833333333333334,m163_GvpF_50fmol,0.20833333333333334,m164_GvpG_50fmol,0.20833333333333334,m168_GvpV_50fmol,0.20833333333333334,m169_GvpW_50fmol,0.20833333333333334,m567_GvpA,10.0,puc19,6.433185128968823,0,600,23.214285714285715,25.846153846153847,F4,Plate 4
1.0,1.0,0.25,0.25,0.25,0.25,0.25,0.4642857142857143,12,50,50fmol_12xA_1xN_1xJ_0.25xK_0.25xF_0.25xG_0.25xV_0.25xW_,m167_GvpN_50fmol,0.8333333333333334,m165_GvpJ_50fmol,0.8333333333333334,m166_GvpK_50fmol,0.20833333333333334,m163_GvpF_50fmol,0.20833333333333334,m164_GvpG_50fmol,0.20833333333333334,m168_GvpV_50fmol,0.20833333333333334,m169_GvpW_50fmol,0.20833333333333334,m567_GvpA,10.0,puc19,6.433185128968823,0,600,23.214285714285715,25.846153846153847,F6,Plate 4
0.25,0.25,0.25,0.25,0.25,0.25,0.25,0.25,12,50,50fmol_12xA_0.25xN_0.25xJ_0.25xK_0.25xF_0.25xG_0.25xV_0.25xW_,m167_GvpN_50fmol,0.20833333333333334,m165_GvpJ_50fmol,0.20833333333333334,m166_GvpK_50fmol,0.20833333333333334,m163_GvpF_50fmol,0.20833333333333334,m164_GvpG_50fmol,0.20833333333333334,m168_GvpV_50fmol,0.20833333333333334,m169_GvpW_50fmol,0.20833333333333334,m567_GvpA,10.0,puc19,8.87524581400233,0,600,12.5,48.0,F8,Plate 4
1.0,1.0,1.0,1.0,0.25,1.0,1.0,0.8928571428571429,12,50,50fmol_12xA_1xN_1xJ_1xK_1xF_0.25xG_1xV_1xW_,m167_GvpN_50fmol,0.8333333333333334,m165_GvpJ_50fmol,0.8333333333333334,m166_GvpK_50fmol,0.8333333333333334,m163_GvpF_50fmol,0.8333333333333334,m164_GvpG_50fmol,0.20833333333333334,m168_GvpV_50fmol,0.8333333333333334,m169_GvpW_50fmol,0.8333333333333334,m567_GvpA,10.0,puc19,1.844577534032116,0,600,44.642857142857146,13.44,F10,Plate 4
1.0,1.0,0.25,0.25,0.25,1.0,0.25,0.5714285714285714,12,50,50fmol_12xA_1xN_1xJ_0.25xK_0.25xF_0.25xG_1xV_0.25xW_,m167_GvpN_50fmol,0.8333333333333334,m165_GvpJ_50fmol,0.8333333333333334,m166_GvpK_50fmol,0.20833333333333334,m163_GvpF_50fmol,0.20833333333333334,m164_GvpG_50fmol,0.20833333333333334,m168_GvpV_50fmol,0.8333333333333334,m169_GvpW_50fmol,0.20833333333333334,m567_GvpA,10.0,puc19,5.334199648700764,0,600,28.57142857142857,21.0,F12,Plate 4
1.0,1.0,1.0,1.0,0.25,1.0,1.0,0.8928571428571429,12,50,50fmol_12xA_1xN_1xJ_1xK_1xF_0.25xG_1xV_1xW_,m167_GvpN_50fmol,0.8333333333333334,m165_GvpJ_50fmol,0.8333333333333334,m166_GvpK_50fmol,0.8333333333333334,m163_GvpF_50fmol,0.8333333333333334,m164_GvpG_50fmol,0.20833333333333334,m168_GvpV_50fmol,0.8333333333333334,m169_GvpW_50fmol,0.8333333333333334,m567_GvpA,10.0,puc19,1.844577534032116,0,600,44.642857142857146,13.44,F14,Plate 4
1.0,1.0,1.0,0.25,1.0,1.0,1.0,0.8928571428571429,12,50,50fmol_12xA_1xN_1xJ_1xK_0.25xF_1xG_1xV_1xW_,m167_GvpN_50fmol,0.8333333333333334,m165_GvpJ_50fmol,0.8333333333333334,m166_GvpK_50fmol,0.8333333333333334,m163_GvpF_50fmol,0.20833333333333334,m164_GvpG_50fmol,0.8333333333333334,m168_GvpV_50fmol,0.8333333333333334,m169_GvpW_50fmol,0.8333333333333334,m567_GvpA,10.0,puc19,1.9281125303091065,0,600,44.642857142857146,13.44,F18,Plate 4
1.0,0.25,1.0,1.0,1.0,1.0,1.0,0.8928571428571429,12,50,50fmol_12xA_1xN_0.25xJ_1xK_1xF_1xG_1xV_1xW_,m167_GvpN_50fmol,0.8333333333333334,m165_GvpJ_50fmol,0.20833333333333334,m166_GvpK_50fmol,0.8333333333333334,m163_GvpF_50fmol,0.8333333333333334,m164_GvpG_50fmol,0.8333333333333334,m168_GvpV_50fmol,0.8333333333333334,m169_GvpW_50fmol,0.8333333333333334,m567_GvpA,10.0,puc19,1.9302067224163284,0,600,44.642857142857146,13.44,F20,Plate 4
1.0,1.0,1.0,0.25,0.25,0.25,0.25,0.5714285714285714,12,50,50fmol_12xA_1xN_1xJ_1xK_0.25xF_0.25xG_0.25xV_0.25xW_,m167_GvpN_50fmol,0.8333333333333334,m165_GvpJ_50fmol,0.8333333333333334,m166_GvpK_50fmol,0.8333333333333334,m163_GvpF_50fmol,0.20833333333333334,m164_GvpG_50fmol,0.20833333333333334,m168_GvpV_50fmol,0.20833333333333334,m169_GvpW_50fmol,0.20833333333333334,m567_GvpA,10.0,puc19,5.3074405273307,0,600,28.57142857142857,21.0,F22,Plate 4
1.0,1.0,0.25,0.25,0.25,1.0,0.25,0.5714285714285714,12,50,50fmol_12xA_1xN_1xJ_0.25xK_0.25xF_0.25xG_1xV_0.25xW_,m167_GvpN_50fmol,0.8333333333333334,m165_GvpJ_50fmol,0.8333333333333334,m166_GvpK_50fmol,0.20833333333333334,m163_GvpF_50fmol,0.20833333333333334,m164_GvpG_50fmol,0.20833333333333334,m168_GvpV_50fmol,0.8333333333333334,m169_GvpW_50fmol,0.20833333333333334,m567_GvpA,10.0,puc19,5.334199648700764,0,600,28.57142857142857,21.0,F24,Plate 4
1.0,1.0,1.0,1.0,1.0,1.0,1.0,1.0,12,50,50fmol_12xA_1xN_1xJ_1xK_1xF_1xG_1xV_1xW_,m167_GvpN_50fmol,0.8333333333333334,m165_GvpJ_50fmol,0.8333333333333334,m166_GvpK_50fmol,0.8333333333333334,m163_GvpF_50fmol,0.8333333333333334,m164_GvpG_50fmol,0.8333333333333334,m168_GvpV_50fmol,0.8333333333333334,m169_GvpW_50fmol,0.8333333333333334,m567_GvpA,10.0,puc19,0.7395421654543038,0,600,50.0,12.0,H2,Plate 4
1.0,1.0,0.25,1.0,0.25,0.25,0.25,0.5714285714285714,12,50,50fmol_12xA_1xN_1xJ_0.25xK_1xF_0.25xG_0.25xV_0.25xW_,m167_GvpN_50fmol,0.8333333333333334,m165_GvpJ_50fmol,0.8333333333333334,m166_GvpK_50fmol,0.20833333333333334,m163_GvpF_50fmol,0.8333333333333334,m164_GvpG_50fmol,0.20833333333333334,m168_GvpV_50fmol,0.20833333333333334,m169_GvpW_50fmol,0.20833333333333334,m567_GvpA,10.0,puc19,5.24461476411402,0,600,28.57142857142857,21.0,H4,Plate 4
1.0,1.0,1.0,1.0,0.0,1.0,1.0,0.8571428571428571,12,50,50fmol_12xA_1xN_1xJ_1xK_1xF_0xG_1xV_1xW_,m167_GvpN_50fmol,0.8333333333333334,m165_GvpJ_50fmol,0.8333333333333334,m166_GvpK_50fmol,0.8333333333333334,m163_GvpF_50fmol,0.8333333333333334,m164_GvpG_50fmol,0.0,m168_GvpV_50fmol,0.8333333333333334,m169_GvpW_50fmol,0.8333333333333334,m567_GvpA,10.0,puc19,2.2129226568913816,0,600,42.857142857142854,14.000000000000002,H6,Plate 4
1.0,1.0,1.0,0.25,1.0,1.0,1.0,0.8928571428571429,12,50,50fmol_12xA_1xN_1xJ_1xK_0.25xF_1xG_1xV_1xW_,m167_GvpN_50fmol,0.8333333333333334,m165_GvpJ_50fmol,0.8333333333333334,m166_GvpK_50fmol,0.8333333333333334,m163_GvpF_50fmol,0.20833333333333334,m164_GvpG_50fmol,0.8333333333333334,m168_GvpV_50fmol,0.8333333333333334,m169_GvpW_50fmol,0.8333333333333334,m567_GvpA,10.0,puc19,1.9281125303091065,0,600,44.642857142857146,13.44,H8,Plate 4
1.0,1.0,1.0,1.0,1.0,1.0,0.25,0.8928571428571429,12,50,50fmol_12xA_1xN_1xJ_1xK_1xF_1xG_1xV_0.25xW_,m167_GvpN_50fmol,0.8333333333333334,m165_GvpJ_50fmol,0.8333333333333334,m166_GvpK_50fmol,0.8333333333333334,m163_GvpF_50fmol,0.8333333333333334,m164_GvpG_50fmol,0.8333333333333334,m168_GvpV_50fmol,0.8333333333333334,m169_GvpW_50fmol,0.20833333333333334,m567_GvpA,10.0,puc19,1.91484931363003,0,600,44.642857142857146,13.44,H10,Plate 4
1.0,1.0,1.0,0.25,0.25,0.25,0.25,0.5714285714285714,12,50,50fmol_12xA_1xN_1xJ_1xK_0.25xF_0.25xG_0.25xV_0.25xW_,m167_GvpN_50fmol,0.8333333333333334,m165_GvpJ_50fmol,0.8333333333333334,m166_GvpK_50fmol,0.8333333333333334,m163_GvpF_50fmol,0.20833333333333334,m164_GvpG_50fmol,0.20833333333333334,m168_GvpV_50fmol,0.20833333333333334,m169_GvpW_50fmol,0.20833333333333334,m567_GvpA,10.0,puc19,5.3074405273307,0,600,28.57142857142857,21.0,H12,Plate 4
0.25,0.25,0.25,0.25,0.25,0.25,0.25,0.25,12,50,50fmol_12xA_0.25xN_0.25xJ_0.25xK_0.25xF_0.25xG_0.25xV_0.25xW_,m167_GvpN_50fmol,0.20833333333333334,m165_GvpJ_50fmol,0.20833333333333334,m166_GvpK_50fmol,0.20833333333333334,m163_GvpF_50fmol,0.20833333333333334,m164_GvpG_50fmol,0.20833333333333334,m168_GvpV_50fmol,0.20833333333333334,m169_GvpW_50fmol,0.20833333333333334,m567_GvpA,10.0,puc19,8.87524581400233,0,600,12.5,48.0,H14,Plate 4
1.0,1.0,0.25,0.25,0.25,0.25,1.0,0.5714285714285714,12,50,50fmol_12xA_1xN_1xJ_0.25xK_0.25xF_0.25xG_0.25xV_1xW_,m167_GvpN_50fmol,0.8333333333333334,m165_GvpJ_50fmol,0.8333333333333334,m166_GvpK_50fmol,0.20833333333333334,m163_GvpF_50fmol,0.20833333333333334,m164_GvpG_50fmol,0.20833333333333334,m168_GvpV_50fmol,0.20833333333333334,m169_GvpW_50fmol,0.8333333333333334,m567_GvpA,10.0,puc19,5.257877980793097,0,600,28.57142857142857,21.0,H16,Plate 4
1.0,1.0,0.25,1.0,0.25,0.25,0.25,0.5714285714285714,12,50,50fmol_12xA_1xN_1xJ_0.25xK_1xF_0.25xG_0.25xV_0.25xW_,m167_GvpN_50fmol,0.8333333333333334,m165_GvpJ_50fmol,0.8333333333333334,m166_GvpK_50fmol,0.20833333333333334,m163_GvpF_50fmol,0.8333333333333334,m164_GvpG_50fmol,0.20833333333333334,m168_GvpV_50fmol,0.20833333333333334,m169_GvpW_50fmol,0.20833333333333334,m567_GvpA,10.0,puc19,5.24461476411402,0,600,28.57142857142857,21.0,H18,Plate 4
1.0,1.0,0.25,0.25,0.25,0.25,0.25,0.4642857142857143,12,50,50fmol_12xA_1xN_1xJ_0.25xK_0.25xF_0.25xG_0.25xV_0.25xW_,m167_GvpN_50fmol,0.8333333333333334,m165_GvpJ_50fmol,0.8333333333333334,m166_GvpK_50fmol,0.20833333333333334,m163_GvpF_50fmol,0.20833333333333334,m164_GvpG_50fmol,0.20833333333333334,m168_GvpV_50fmol,0.20833333333333334,m169_GvpW_50fmol,0.20833333333333334,m567_GvpA,10.0,puc19,6.433185128968823,0,600,23.214285714285715,25.846153846153847,H20,Plate 4
1.0,1.0,1.0,1.0,1.0,1.0,0.25,0.8928571428571429,12,50,50fmol_12xA_1xN_1xJ_1xK_1xF_1xG_1xV_0.25xW_,m167_GvpN_50fmol,0.8333333333333334,m165_GvpJ_50fmol,0.8333333333333334,m166_GvpK_50fmol,0.8333333333333334,m163_GvpF_50fmol,0.8333333333333334,m164_GvpG_50fmol,0.8333333333333334,m168_GvpV_50fmol,0.8333333333333334,m169_GvpW_50fmol,0.20833333333333334,m567_GvpA,10.0,puc19,1.91484931363003,0,600,44.642857142857146,13.44,H22,Plate 4
1.0,1.0,1.0,1.0,0.0,1.0,1.0,0.8571428571428571,12,50,50fmol_12xA_1xN_1xJ_1xK_1xF_0xG_1xV_1xW_,m167_GvpN_50fmol,0.8333333333333334,m165_GvpJ_50fmol,0.8333333333333334,m166_GvpK_50fmol,0.8333333333333334,m163_GvpF_50fmol,0.8333333333333334,m164_GvpG_50fmol,0.0,m168_GvpV_50fmol,0.8333333333333334,m169_GvpW_50fmol,0.8333333333333334,m567_GvpA,10.0,puc19,2.2129226568913816,0,600,42.857142857142854,14.000000000000002,H24,Plate 4
1.0,1.0,0.25,1.0,1.0,1.0,1.0,0.8928571428571429,12,50,50fmol_12xA_1xN_1xJ_0.25xK_1xF_1xG_1xV_1xW_,m167_GvpN_50fmol,0.8333333333333334,m165_GvpJ_50fmol,0.8333333333333334,m166_GvpK_50fmol,0.20833333333333334,m163_GvpF_50fmol,0.8333333333333334,m164_GvpG_50fmol,0.8333333333333334,m168_GvpV_50fmol,0.8333333333333334,m169_GvpW_50fmol,0.8333333333333334,m567_GvpA,10.0,puc19,1.8652867670924276,0,600,44.642857142857146,13.44,J2,Plate 4
1.0,1.0,1.0,0.25,0.25,0.25,0.25,0.5714285714285714,12,50,50fmol_12xA_1xN_1xJ_1xK_0.25xF_0.25xG_0.25xV_0.25xW_,m167_GvpN_50fmol,0.8333333333333334,m165_GvpJ_50fmol,0.8333333333333334,m166_GvpK_50fmol,0.8333333333333334,m163_GvpF_50fmol,0.20833333333333334,m164_GvpG_50fmol,0.20833333333333334,m168_GvpV_50fmol,0.20833333333333334,m169_GvpW_50fmol,0.20833333333333334,m567_GvpA,10.0,puc19,5.3074405273307,0,600,28.57142857142857,21.0,J4,Plate 4
1.0,1.0,0.0,1.0,1.0,1.0,1.0,0.8571428571428571,12,50,50fmol_12xA_1xN_1xJ_0xK_1xF_1xG_1xV_1xW_,m167_GvpN_50fmol,0.8333333333333334,m165_GvpJ_50fmol,0.8333333333333334,m166_GvpK_50fmol,0.0,m163_GvpF_50fmol,0.8333333333333334,m164_GvpG_50fmol,0.8333333333333334,m168_GvpV_50fmol,0.8333333333333334,m169_GvpW_50fmol,0.8333333333333334,m567_GvpA,10.0,puc19,2.240534967638466,0,600,42.857142857142854,14.000000000000002,J6,Plate 4
0.0,0.0,0.0,0.0,0.0,0.0,0.0,0.0,0,50,50fmol_0xA_0xN_0xJ_0xK_0xF_0xG_0xV_0xW_,m167_GvpN_50fmol,0.0,m165_GvpJ_50fmol,0.0,m166_GvpK_50fmol,0.0,m163_GvpF_50fmol,0.0,m164_GvpG_50fmol,0.0,m168_GvpV_50fmol,0.0,m169_GvpW_50fmol,0.0,m567_GvpA,0.0,puc19,28.638524543215535,0,0,0.0,,J8,Plate 4
1.0,1.0,0.125,2.0,2.0,0.0,1.0,1.0178571428571428,12,50,50fmol_12xA_1xN_1xJ_0.125xK_2xF_2xG_0xV_1xW_,m167_GvpN_50fmol,0.8333333333333334,m165_GvpJ_50fmol,0.8333333333333334,m166_GvpK_50fmol,0.10416666666666667,m163_GvpF_50fmol,1.6666666666666667,m164_GvpG_50fmol,1.6666666666666667,m168_GvpV_50fmol,0.0,m169_GvpW_50fmol,0.8333333333333334,m567_GvpA,10.0,puc19,0.46008386314604177,0,600,50.89285714285714,11.789473684210527,J10,Plate 4
1.0,1.0,1.0,0.0,1.0,1.0,1.0,0.8571428571428571,12,50,50fmol_12xA_1xN_1xJ_1xK_0xF_1xG_1xV_1xW_,m167_GvpN_50fmol,0.8333333333333334,m165_GvpJ_50fmol,0.8333333333333334,m166_GvpK_50fmol,0.8333333333333334,m163_GvpF_50fmol,0.0,m164_GvpG_50fmol,0.8333333333333334,m168_GvpV_50fmol,0.8333333333333334,m169_GvpW_50fmol,0.8333333333333334,m567_GvpA,10.0,puc19,2.3243026519273724,0,600,42.857142857142854,14.000000000000002,J12,Plate 4
1.0,1.0,1.0,0.0,1.0,1.0,1.0,0.8571428571428571,12,50,50fmol_12xA_1xN_1xJ_1xK_0xF_1xG_1xV_1xW_,m167_GvpN_50fmol,0.8333333333333334,m165_GvpJ_50fmol,0.8333333333333334,m166_GvpK_50fmol,0.8333333333333334,m163_GvpF_50fmol,0.0,m164_GvpG_50fmol,0.8333333333333334,m168_GvpV_50fmol,0.8333333333333334,m169_GvpW_50fmol,0.8333333333333334,m567_GvpA,10.0,puc19,2.3243026519273724,0,600,42.857142857142854,14.000000000000002,J14,Plate 4
1.0,1.5,0.125,1.5,1.5,0.0,1.5,1.0178571428571428,12,50,50fmol_12xA_1xN_1.5xJ_0.125xK_1.5xF_1.5xG_0xV_1.5xW_,m167_GvpN_50fmol,0.8333333333333334,m165_GvpJ_50fmol,1.25,m166_GvpK_50fmol,0.10416666666666667,m163_GvpF_50fmol,1.25,m164_GvpG_50fmol,1.25,m168_GvpV_50fmol,0.0,m169_GvpW_50fmol,1.25,m567_GvpA,10.0,puc19,0.4118398820092791,0,600,50.89285714285714,11.789473684210527,J16,Plate 4
1.0,1.0,1.0,0.25,0.25,0.25,0.25,0.5714285714285714,12,50,50fmol_12xA_1xN_1xJ_1xK_0.25xF_0.25xG_0.25xV_0.25xW_,m167_GvpN_50fmol,0.8333333333333334,m165_GvpJ_50fmol,0.8333333333333334,m166_GvpK_50fmol,0.8333333333333334,m163_GvpF_50fmol,0.20833333333333334,m164_GvpG_50fmol,0.20833333333333334,m168_GvpV_50fmol,0.20833333333333334,m169_GvpW_50fmol,0.20833333333333334,m567_GvpA,10.0,puc19,5.3074405273307,0,600,28.57142857142857,21.0,J18,Plate 4
1.0,1.0,1.0,1.0,1.0,1.0,0.25,0.8928571428571429,12,50,50fmol_12xA_1xN_1xJ_1xK_1xF_1xG_1xV_0.25xW_,m167_GvpN_50fmol,0.8333333333333334,m165_GvpJ_50fmol,0.8333333333333334,m166_GvpK_50fmol,0.8333333333333334,m163_GvpF_50fmol,0.8333333333333334,m164_GvpG_50fmol,0.8333333333333334,m168_GvpV_50fmol,0.8333333333333334,m169_GvpW_50fmol,0.20833333333333334,m567_GvpA,10.0,puc19,1.91484931363003,0,600,44.642857142857146,13.44,J20,Plate 4
1.0,1.0,0.25,1.0,1.0,1.0,1.0,0.8928571428571429,12,50,50fmol_12xA_1xN_1xJ_0.25xK_1xF_1xG_1xV_1xW_,m167_GvpN_50fmol,0.8333333333333334,m165_GvpJ_50fmol,0.8333333333333334,m166_GvpK_50fmol,0.20833333333333334,m163_GvpF_50fmol,0.8333333333333334,m164_GvpG_50fmol,0.8333333333333334,m168_GvpV_50fmol,0.8333333333333334,m169_GvpW_50fmol,0.8333333333333334,m567_GvpA,10.0,puc19,1.8652867670924276,0,600,44.642857142857146,13.44,J22,Plate 4
1.0,0.0,1.0,1.0,1.0,1.0,1.0,0.8571428571428571,12,50,50fmol_12xA_1xN_0xJ_1xK_1xF_1xG_1xV_1xW_,m167_GvpN_50fmol,0.8333333333333334,m165_GvpJ_50fmol,0.0,m166_GvpK_50fmol,0.8333333333333334,m163_GvpF_50fmol,0.8333333333333334,m164_GvpG_50fmol,0.8333333333333334,m168_GvpV_50fmol,0.8333333333333334,m169_GvpW_50fmol,0.8333333333333334,m567_GvpA,10.0,puc19,2.327094908070339,0,600,42.857142857142854,14.000000000000002,J24,Plate 4
1.0,1.0,0.25,1.0,1.0,1.0,1.0,0.8928571428571429,12,50,50fmol_12xA_1xN_1xJ_0.25xK_1xF_1xG_1xV_1xW_,m167_GvpN_50fmol,0.8333333333333334,m165_GvpJ_50fmol,0.8333333333333334,m166_GvpK_50fmol,0.20833333333333334,m163_GvpF_50fmol,0.8333333333333334,m164_GvpG_50fmol,0.8333333333333334,m168_GvpV_50fmol,0.8333333333333334,m169_GvpW_50fmol,0.8333333333333334,m567_GvpA,10.0,puc19,1.8652867670924276,0,600,44.642857142857146,13.44,L2,Plate 4
1.0,1.0,0.0,1.0,1.0,1.0,1.0,0.8571428571428571,12,50,50fmol_12xA_1xN_1xJ_0xK_1xF_1xG_1xV_1xW_,m167_GvpN_50fmol,0.8333333333333334,m165_GvpJ_50fmol,0.8333333333333334,m166_GvpK_50fmol,0.0,m163_GvpF_50fmol,0.8333333333333334,m164_GvpG_50fmol,0.8333333333333334,m168_GvpV_50fmol,0.8333333333333334,m169_GvpW_50fmol,0.8333333333333334,m567_GvpA,10.0,puc19,2.240534967638466,0,600,42.857142857142854,14.000000000000002,L4,Plate 4
1.0,0.25,1.0,1.0,1.0,1.0,1.0,0.8928571428571429,12,50,50fmol_12xA_1xN_0.25xJ_1xK_1xF_1xG_1xV_1xW_,m167_GvpN_50fmol,0.8333333333333334,m165_GvpJ_50fmol,0.20833333333333334,m166_GvpK_50fmol,0.8333333333333334,m163_GvpF_50fmol,0.8333333333333334,m164_GvpG_50fmol,0.8333333333333334,m168_GvpV_50fmol,0.8333333333333334,m169_GvpW_50fmol,0.8333333333333334,m567_GvpA,10.0,puc19,1.9302067224163284,0,600,44.642857142857146,13.44,L6,Plate 4
1.0,1.0,1.0,1.0,1.0,0.0,1.0,0.8571428571428571,12,50,50fmol_12xA_1xN_1xJ_1xK_1xF_1xG_0xV_1xW_,m167_GvpN_50fmol,0.8333333333333334,m165_GvpJ_50fmol,0.8333333333333334,m166_GvpK_50fmol,0.8333333333333334,m163_GvpF_50fmol,0.8333333333333334,m164_GvpG_50fmol,0.8333333333333334,m168_GvpV_50fmol,0.0,m169_GvpW_50fmol,0.8333333333333334,m567_GvpA,10.0,puc19,2.2048561391450434,0,600,42.857142857142854,14.000000000000002,L8,Plate 4
2.0,0.25,0.25,0.25,0.25,0.25,0.25,0.5,12,50,50fmol_12xA_2xN_0.25xJ_0.25xK_0.25xF_0.25xG_0.25xV_0.25xW_,m167_GvpN_50fmol,1.6666666666666667,m165_GvpJ_50fmol,0.20833333333333334,m166_GvpK_50fmol,0.20833333333333334,m163_GvpF_50fmol,0.20833333333333334,m164_GvpG_50fmol,0.20833333333333334,m168_GvpV_50fmol,0.20833333333333334,m169_GvpW_50fmol,0.20833333333333334,m567_GvpA,10.0,puc19,5.9553215151688725,0,600,25.0,24.0,L10,Plate 4
1.0,1.0,1.0,1.0,1.0,1.0,1.0,1.0,12,50,50fmol_12xA_1xN_1xJ_1xK_1xF_1xG_1xV_1xW_,m167_GvpN_50fmol,0.8333333333333334,m165_GvpJ_50fmol,0.8333333333333334,m166_GvpK_50fmol,0.8333333333333334,m163_GvpF_50fmol,0.8333333333333334,m164_GvpG_50fmol,0.8333333333333334,m168_GvpV_50fmol,0.8333333333333334,m169_GvpW_50fmol,0.8333333333333334,m567_GvpA,10.0,puc19,0.7395421654543038,0,600,50.0,12.0,L12,Plate 4
1.0,1.0,1.0,1.0,1.0,1.0,0.0,0.8571428571428571,12,50,50fmol_12xA_1xN_1xJ_1xK_1xF_1xG_1xV_0xW_,m167_GvpN_50fmol,0.8333333333333334,m165_GvpJ_50fmol,0.8333333333333334,m166_GvpK_50fmol,0.8333333333333334,m163_GvpF_50fmol,0.8333333333333334,m164_GvpG_50fmol,0.8333333333333334,m168_GvpV_50fmol,0.8333333333333334,m169_GvpW_50fmol,0.0,m567_GvpA,10.0,puc19,2.306618363021936,0,600,42.857142857142854,14.000000000000002,L14,Plate 4
1.0,1.0,1.0,1.0,1.0,1.0,0.0,0.8571428571428571,12,50,50fmol_12xA_1xN_1xJ_1xK_1xF_1xG_1xV_0xW_,m167_GvpN_50fmol,0.8333333333333334,m165_GvpJ_50fmol,0.8333333333333334,m166_GvpK_50fmol,0.8333333333333334,m163_GvpF_50fmol,0.8333333333333334,m164_GvpG_50fmol,0.8333333333333334,m168_GvpV_50fmol,0.8333333333333334,m169_GvpW_50fmol,0.0,m567_GvpA,10.0,puc19,2.306618363021936,0,600,42.857142857142854,14.000000000000002,L16,Plate 4
1.0,1.0,0.25,0.25,0.25,1.0,0.25,0.5714285714285714,12,50,50fmol_12xA_1xN_1xJ_0.25xK_0.25xF_0.25xG_1xV_0.25xW_,m167_GvpN_50fmol,0.8333333333333334,m165_GvpJ_50fmol,0.8333333333333334,m166_GvpK_50fmol,0.20833333333333334,m163_GvpF_50fmol,0.20833333333333334,m164_GvpG_50fmol,0.20833333333333334,m168_GvpV_50fmol,0.8333333333333334,m169_GvpW_50fmol,0.20833333333333334,m567_GvpA,10.0,puc19,5.334199648700764,0,600,28.57142857142857,21.0,L18,Plate 4
1.0,1.0,0.25,1.0,0.25,0.25,0.25,0.5714285714285714,12,50,50fmol_12xA_1xN_1xJ_0.25xK_1xF_0.25xG_0.25xV_0.25xW_,m167_GvpN_50fmol,0.8333333333333334,m165_GvpJ_50fmol,0.8333333333333334,m166_GvpK_50fmol,0.20833333333333334,m163_GvpF_50fmol,0.8333333333333334,m164_GvpG_50fmol,0.20833333333333334,m168_GvpV_50fmol,0.20833333333333334,m169_GvpW_50fmol,0.20833333333333334,m567_GvpA,10.0,puc19,5.24461476411402,0,600,28.57142857142857,21.0,L20,Plate 4
2.0,0.25,0.25,0.25,0.25,0.25,0.25,0.5,12,50,50fmol_12xA_2xN_0.25xJ_0.25xK_0.25xF_0.25xG_0.25xV_0.25xW_,m167_GvpN_50fmol,1.6666666666666667,m165_GvpJ_50fmol,0.20833333333333334,m166_GvpK_50fmol,0.20833333333333334,m163_GvpF_50fmol,0.20833333333333334,m164_GvpG_50fmol,0.20833333333333334,m168_GvpV_50fmol,0.20833333333333334,m169_GvpW_50fmol,0.20833333333333334,m567_GvpA,10.0,puc19,5.9553215151688725,0,600,25.0,24.0,L22,Plate 4
1.0,1.0,1.0,0.0,1.0,1.0,1.0,0.8571428571428571,12,50,50fmol_12xA_1xN_1xJ_1xK_0xF_1xG_1xV_1xW_,m167_GvpN_50fmol,0.8333333333333334,m165_GvpJ_50fmol,0.8333333333333334,m166_GvpK_50fmol,0.8333333333333334,m163_GvpF_50fmol,0.0,m164_GvpG_50fmol,0.8333333333333334,m168_GvpV_50fmol,0.8333333333333334,m169_GvpW_50fmol,0.8333333333333334,m567_GvpA,10.0,puc19,2.3243026519273724,0,600,42.857142857142854,14.000000000000002,L24,Plate 4
0.25,0.25,0.25,0.25,0.25,0.25,0.25,0.25,12,50,50fmol_12xA_0.25xN_0.25xJ_0.25xK_0.25xF_0.25xG_0.25xV_0.25xW_,m167_GvpN_50fmol,0.20833333333333334,m165_GvpJ_50fmol,0.20833333333333334,m166_GvpK_50fmol,0.20833333333333334,m163_GvpF_50fmol,0.20833333333333334,m164_GvpG_50fmol,0.20833333333333334,m168_GvpV_50fmol,0.20833333333333334,m169_GvpW_50fmol,0.20833333333333334,m567_GvpA,10.0,puc19,8.87524581400233,0,600,12.5,48.0,N2,Plate 4
2.0,0.25,0.25,0.25,0.25,0.25,0.25,0.5,12,50,50fmol_12xA_2xN_0.25xJ_0.25xK_0.25xF_0.25xG_0.25xV_0.25xW_,m167_GvpN_50fmol,1.6666666666666667,m165_GvpJ_50fmol,0.20833333333333334,m166_GvpK_50fmol,0.20833333333333334,m163_GvpF_50fmol,0.20833333333333334,m164_GvpG_50fmol,0.20833333333333334,m168_GvpV_50fmol,0.20833333333333334,m169_GvpW_50fmol,0.20833333333333334,m567_GvpA,10.0,puc19,5.9553215151688725,0,600,25.0,24.0,N4,Plate 4
1.0,1.0,0.125,2.0,2.0,0.0,1.0,1.0178571428571428,12,50,50fmol_12xA_1xN_1xJ_0.125xK_2xF_2xG_0xV_1xW_,m167_GvpN_50fmol,0.8333333333333334,m165_GvpJ_50fmol,0.8333333333333334,m166_GvpK_50fmol,0.10416666666666667,m163_GvpF_50fmol,1.6666666666666667,m164_GvpG_50fmol,1.6666666666666667,m168_GvpV_50fmol,0.0,m169_GvpW_50fmol,0.8333333333333334,m567_GvpA,10.0,puc19,0.46008386314604177,0,600,50.89285714285714,11.789473684210527,N6,Plate 4
1.0,1.0,1.0,1.0,1.0,1.0,0.25,0.8928571428571429,12,50,50fmol_12xA_1xN_1xJ_1xK_1xF_1xG_1xV_0.25xW_,m167_GvpN_50fmol,0.8333333333333334,m165_GvpJ_50fmol,0.8333333333333334,m166_GvpK_50fmol,0.8333333333333334,m163_GvpF_50fmol,0.8333333333333334,m164_GvpG_50fmol,0.8333333333333334,m168_GvpV_50fmol,0.8333333333333334,m169_GvpW_50fmol,0.20833333333333334,m567_GvpA,10.0,puc19,1.91484931363003,0,600,44.642857142857146,13.44,N8,Plate 4
1.0,1.0,0.25,0.25,0.25,0.25,1.0,0.5714285714285714,12,50,50fmol_12xA_1xN_1xJ_0.25xK_0.25xF_0.25xG_0.25xV_1xW_,m167_GvpN_50fmol,0.8333333333333334,m165_GvpJ_50fmol,0.8333333333333334,m166_GvpK_50fmol,0.20833333333333334,m163_GvpF_50fmol,0.20833333333333334,m164_GvpG_50fmol,0.20833333333333334,m168_GvpV_50fmol,0.20833333333333334,m169_GvpW_50fmol,0.8333333333333334,m567_GvpA,10.0,puc19,5.257877980793097,0,600,28.57142857142857,21.0,N10,Plate 4
1.0,1.0,0.25,0.25,1.0,0.25,0.25,0.5714285714285714,12,50,50fmol_12xA_1xN_1xJ_0.25xK_0.25xF_1xG_0.25xV_0.25xW_,m167_GvpN_50fmol,0.8333333333333334,m165_GvpJ_50fmol,0.8333333333333334,m166_GvpK_50fmol,0.20833333333333334,m163_GvpF_50fmol,0.20833333333333334,m164_GvpG_50fmol,0.8333333333333334,m168_GvpV_50fmol,0.20833333333333334,m169_GvpW_50fmol,0.20833333333333334,m567_GvpA,10.0,puc19,5.328149760391015,0,600,28.57142857142857,21.0,N12,Plate 4
1.0,1.5,0.125,1.5,1.5,0.0,1.5,1.0178571428571428,12,50,50fmol_12xA_1xN_1.5xJ_0.125xK_1.5xF_1.5xG_0xV_1.5xW_,m167_GvpN_50fmol,0.8333333333333334,m165_GvpJ_50fmol,1.25,m166_GvpK_50fmol,0.10416666666666667,m163_GvpF_50fmol,1.25,m164_GvpG_50fmol,1.25,m168_GvpV_50fmol,0.0,m169_GvpW_50fmol,1.25,m567_GvpA,10.0,puc19,0.4118398820092791,0,600,50.89285714285714,11.789473684210527,N14,Plate 4
1.0,1.0,1.0,1.0,1.0,1.0,0.0,0.8571428571428571,12,50,50fmol_12xA_1xN_1xJ_1xK_1xF_1xG_1xV_0xW_,m167_GvpN_50fmol,0.8333333333333334,m165_GvpJ_50fmol,0.8333333333333334,m166_GvpK_50fmol,0.8333333333333334,m163_GvpF_50fmol,0.8333333333333334,m164_GvpG_50fmol,0.8333333333333334,m168_GvpV_50fmol,0.8333333333333334,m169_GvpW_50fmol,0.0,m567_GvpA,10.0,puc19,2.306618363021936,0,600,42.857142857142854,14.000000000000002,N16,Plate 4
1.0,0.0,1.0,1.0,1.0,1.0,1.0,0.8571428571428571,12,50,50fmol_12xA_1xN_0xJ_1xK_1xF_1xG_1xV_1xW_,m167_GvpN_50fmol,0.8333333333333334,m165_GvpJ_50fmol,0.0,m166_GvpK_50fmol,0.8333333333333334,m163_GvpF_50fmol,0.8333333333333334,m164_GvpG_50fmol,0.8333333333333334,m168_GvpV_50fmol,0.8333333333333334,m169_GvpW_50fmol,0.8333333333333334,m567_GvpA,10.0,puc19,2.327094908070339,0,600,42.857142857142854,14.000000000000002,N18,Plate 4
1.0,1.0,0.0,1.0,1.0,1.0,1.0,0.8571428571428571,12,50,50fmol_12xA_1xN_1xJ_0xK_1xF_1xG_1xV_1xW_,m167_GvpN_50fmol,0.8333333333333334,m165_GvpJ_50fmol,0.8333333333333334,m166_GvpK_50fmol,0.0,m163_GvpF_50fmol,0.8333333333333334,m164_GvpG_50fmol,0.8333333333333334,m168_GvpV_50fmol,0.8333333333333334,m169_GvpW_50fmol,0.8333333333333334,m567_GvpA,10.0,puc19,2.240534967638466,0,600,42.857142857142854,14.000000000000002,N20,Plate 4
1.0,1.0,1.0,1.0,1.0,0.0,1.0,0.8571428571428571,12,50,50fmol_12xA_1xN_1xJ_1xK_1xF_1xG_0xV_1xW_,m167_GvpN_50fmol,0.8333333333333334,m165_GvpJ_50fmol,0.8333333333333334,m166_GvpK_50fmol,0.8333333333333334,m163_GvpF_50fmol,0.8333333333333334,m164_GvpG_50fmol,0.8333333333333334,m168_GvpV_50fmol,0.0,m169_GvpW_50fmol,0.8333333333333334,m567_GvpA,10.0,puc19,2.2048561391450434,0,600,42.857142857142854,14.000000000000002,N22,Plate 4
1.0,1.0,1.0,0.0,1.0,1.0,1.0,0.8571428571428571,12,50,50fmol_12xA_1xN_1xJ_1xK_0xF_1xG_1xV_1xW_,m167_GvpN_50fmol,0.8333333333333334,m165_GvpJ_50fmol,0.8333333333333334,m166_GvpK_50fmol,0.8333333333333334,m163_GvpF_50fmol,0.0,m164_GvpG_50fmol,0.8333333333333334,m168_GvpV_50fmol,0.8333333333333334,m169_GvpW_50fmol,0.8333333333333334,m567_GvpA,10.0,puc19,2.3243026519273724,0,600,42.857142857142854,14.000000000000002,N24,Plate 4
1.0,1.0,1.0,0.25,1.0,1.0,1.0,0.8928571428571429,12,50,50fmol_12xA_1xN_1xJ_1xK_0.25xF_1xG_1xV_1xW_,m167_GvpN_50fmol,0.8333333333333334,m165_GvpJ_50fmol,0.8333333333333334,m166_GvpK_50fmol,0.8333333333333334,m163_GvpF_50fmol,0.20833333333333334,m164_GvpG_50fmol,0.8333333333333334,m168_GvpV_50fmol,0.8333333333333334,m169_GvpW_50fmol,0.8333333333333334,m567_GvpA,10.0,puc19,1.9281125303091065,0,600,44.642857142857146,13.44,P2,Plate 4
1.0,1.5,0.125,1.5,1.5,0.0,1.5,1.0178571428571428,12,50,50fmol_12xA_1xN_1.5xJ_0.125xK_1.5xF_1.5xG_0xV_1.5xW_,m167_GvpN_50fmol,0.8333333333333334,m165_GvpJ_50fmol,1.25,m166_GvpK_50fmol,0.10416666666666667,m163_GvpF_50fmol,1.25,m164_GvpG_50fmol,1.25,m168_GvpV_50fmol,0.0,m169_GvpW_50fmol,1.25,m567_GvpA,10.0,puc19,0.4118398820092791,0,600,50.89285714285714,11.789473684210527,P4,Plate 4
1.0,1.0,1.0,1.0,0.0,1.0,1.0,0.8571428571428571,12,50,50fmol_12xA_1xN_1xJ_1xK_1xF_0xG_1xV_1xW_,m167_GvpN_50fmol,0.8333333333333334,m165_GvpJ_50fmol,0.8333333333333334,m166_GvpK_50fmol,0.8333333333333334,m163_GvpF_50fmol,0.8333333333333334,m164_GvpG_50fmol,0.0,m168_GvpV_50fmol,0.8333333333333334,m169_GvpW_50fmol,0.8333333333333334,m567_GvpA,10.0,puc19,2.2129226568913816,0,600,42.857142857142854,14.000000000000002,P6,Plate 4
1.0,1.5,0.125,1.5,1.5,0.0,1.5,1.0178571428571428,12,50,50fmol_12xA_1xN_1.5xJ_0.125xK_1.5xF_1.5xG_0xV_1.5xW_,m167_GvpN_50fmol,0.8333333333333334,m165_GvpJ_50fmol,1.25,m166_GvpK_50fmol,0.10416666666666667,m163_GvpF_50fmol,1.25,m164_GvpG_50fmol,1.25,m168_GvpV_50fmol,0.0,m169_GvpW_50fmol,1.25,m567_GvpA,10.0,puc19,0.4118398820092791,0,600,50.89285714285714,11.789473684210527,P8,Plate 4
1.0,1.0,1.0,1.0,1.0,0.25,1.0,0.8928571428571429,12,50,50fmol_12xA_1xN_1xJ_1xK_1xF_1xG_0.25xV_1xW_,m167_GvpN_50fmol,0.8333333333333334,m165_GvpJ_50fmol,0.8333333333333334,m166_GvpK_50fmol,0.8333333333333334,m163_GvpF_50fmol,0.8333333333333334,m164_GvpG_50fmol,0.8333333333333334,m168_GvpV_50fmol,0.20833333333333334,m169_GvpW_50fmol,0.8333333333333334,m567_GvpA,10.0,puc19,1.8385276457223583,0,600,44.642857142857146,13.44,P10,Plate 4
1.0,1.0,0.25,0.25,1.0,0.25,0.25,0.5714285714285714,12,50,50fmol_12xA_1xN_1xJ_0.25xK_0.25xF_1xG_0.25xV_0.25xW_,m167_GvpN_50fmol,0.8333333333333334,m165_GvpJ_50fmol,0.8333333333333334,m166_GvpK_50fmol,0.20833333333333334,m163_GvpF_50fmol,0.20833333333333334,m164_GvpG_50fmol,0.8333333333333334,m168_GvpV_50fmol,0.20833333333333334,m169_GvpW_50fmol,0.20833333333333334,m567_GvpA,10.0,puc19,5.328149760391015,0,600,28.57142857142857,21.0,P12,Plate 4
2.0,0.25,0.25,0.25,0.25,0.25,0.25,0.5,12,50,50fmol_12xA_2xN_0.25xJ_0.25xK_0.25xF_0.25xG_0.25xV_0.25xW_,m167_GvpN_50fmol,1.6666666666666667,m165_GvpJ_50fmol,0.20833333333333334,m166_GvpK_50fmol,0.20833333333333334,m163_GvpF_50fmol,0.20833333333333334,m164_GvpG_50fmol,0.20833333333333334,m168_GvpV_50fmol,0.20833333333333334,m169_GvpW_50fmol,0.20833333333333334,m567_GvpA,10.0,puc19,5.9553215151688725,0,600,25.0,24.0,P14,Plate 4
1.0,1.0,1.0,1.0,0.25,1.0,1.0,0.8928571428571429,12,50,50fmol_12xA_1xN_1xJ_1xK_1xF_0.25xG_1xV_1xW_,m167_GvpN_50fmol,0.8333333333333334,m165_GvpJ_50fmol,0.8333333333333334,m166_GvpK_50fmol,0.8333333333333334,m163_GvpF_50fmol,0.8333333333333334,m164_GvpG_50fmol,0.20833333333333334,m168_GvpV_50fmol,0.8333333333333334,m169_GvpW_50fmol,0.8333333333333334,m567_GvpA,10.0,puc19,1.844577534032116,0,600,44.642857142857146,13.44,P16,Plate 4
1.0,1.0,0.25,0.25,1.0,0.25,0.25,0.5714285714285714,12,50,50fmol_12xA_1xN_1xJ_0.25xK_0.25xF_1xG_0.25xV_0.25xW_,m167_GvpN_50fmol,0.8333333333333334,m165_GvpJ_50fmol,0.8333333333333334,m166_GvpK_50fmol,0.20833333333333334,m163_GvpF_50fmol,0.20833333333333334,m164_GvpG_50fmol,0.8333333333333334,m168_GvpV_50fmol,0.20833333333333334,m169_GvpW_50fmol,0.20833333333333334,m567_GvpA,10.0,puc19,5.328149760391015,0,600,28.57142857142857,21.0,P18,Plate 4
1.0,0.25,1.0,1.0,0.25,0.25,0.25,0.5714285714285714,12,50,50fmol_12xA_1xN_0.25xJ_1xK_1xF_0.25xG_0.25xV_0.25xW_,m167_GvpN_50fmol,0.8333333333333334,m165_GvpJ_50fmol,0.20833333333333334,m166_GvpK_50fmol,0.8333333333333334,m163_GvpF_50fmol,0.8333333333333334,m164_GvpG_50fmol,0.20833333333333334,m168_GvpV_50fmol,0.20833333333333334,m169_GvpW_50fmol,0.20833333333333334,m567_GvpA,10.0,puc19,5.309534719437921,0,600,28.57142857142857,21.0,P20,Plate 4
1.0,1.0,0.25,0.25,0.25,1.0,0.25,0.5714285714285714,12,50,50fmol_12xA_1xN_1xJ_0.25xK_0.25xF_0.25xG_1xV_0.25xW_,m167_GvpN_50fmol,0.8333333333333334,m165_GvpJ_50fmol,0.8333333333333334,m166_GvpK_50fmol,0.20833333333333334,m163_GvpF_50fmol,0.20833333333333334,m164_GvpG_50fmol,0.20833333333333334,m168_GvpV_50fmol,0.8333333333333334,m169_GvpW_50fmol,0.20833333333333334,m567_GvpA,10.0,puc19,5.334199648700764,0,600,28.57142857142857,21.0,P22,Plate 4
1.0,1.0,1.0,1.0,1.0,0.0,1.0,0.8571428571428571,12,50,50fmol_12xA_1xN_1xJ_1xK_1xF_1xG_0xV_1xW_,m167_GvpN_50fmol,0.8333333333333334,m165_GvpJ_50fmol,0.8333333333333334,m166_GvpK_50fmol,0.8333333333333334,m163_GvpF_50fmol,0.8333333333333334,m164_GvpG_50fmol,0.8333333333333334,m168_GvpV_50fmol,0.0,m169_GvpW_50fmol,0.8333333333333334,m567_GvpA,10.0,puc19,2.2048561391450434,0,600,42.857142857142854,14.000000000000002,P24,Plate 4
0.0,0.0,0.0,0.0,0.0,0.0,0.0,0.0,0,50,50fmol_0xA_0xN_0xJ_0xK_0xF_0xG_0xV_0xW_,m167_GvpN_50fmol,0.0,m165_GvpJ_50fmol,0.0,m166_GvpK_50fmol,0.0,m163_GvpF_50fmol,0.0,m164_GvpG_50fmol,0.0,m168_GvpV_50fmol,0.0,m169_GvpW_50fmol,0.0,m567_GvpA,0.0,puc19,28.638524543215535,0,0,0.0,,F16,Plate 4
