well_id,component_1,concentration(nM).1,component_2,concentration(nM).2,component_3,concentration(nM).3,component_4,concentration(nM).4,component_5,concentration(nM).5,component_6,concentration(nM).6,component_7,concentration(nM).7,component_8,concentration(nM).8,component_9,concentration(nM).9
A1,m167_GvpN_50fmol,0.20833333333333334,m165_GvpJ_50fmol,0.20833333333333334,m166_GvpK_50fmol,0.20833333333333334,m163_GvpF_50fmol,1.6666666666666667,m164_GvpG_50fmol,0.20833333333333334,m168_GvpV_50fmol,0.20833333333333334,m169_GvpW_50fmol,0.20833333333333334,m567_GvpA,10.0,puc19,6.101914962674458
A3,m167_GvpN_50fmol,0.20833333333333334,m165_GvpJ_50fmol,0.20833333333333334,m166_GvpK_50fmol,0.20833333333333334,m163_GvpF_50fmol,0.20833333333333334,m164_GvpG_50fmol,0.8333333333333334,m168_GvpV_50fmol,0.20833333333333334,m169_GvpW_50fmol,0.20833333333333334,m567_GvpA,10.0,puc19,7.770210445424521
A5,m167_GvpN_50fmol,0.20833333333333334,m165_GvpJ_50fmol,0.20833333333333334,m166_GvpK_50fmol,0.8333333333333334,m163_GvpF_50fmol,0.20833333333333334,m164_GvpG_50fmol,0.20833333333333334,m168_GvpV_50fmol,0.20833333333333334,m169_GvpW_50fmol,0.20833333333333334,m567_GvpA,10.0,puc19,7.749501212364206
A7,m167_GvpN_50fmol,0.20833333333333334,m165_GvpJ_50fmol,0.20833333333333334,m166_GvpK_50fmol,0.8333333333333334,m163_GvpF_50fmol,0.20833333333333334,m164_GvpG_50fmol,0.20833333333333334,m168_GvpV_50fmol,0.20833333333333334,m169_GvpW_50fmol,0.20833333333333334,m567_GvpA,10.0,puc19,7.749501212364206
A9,m167_GvpN_50fmol,0.20833333333333334,m165_GvpJ_50fmol,0.20833333333333334,m166_GvpK_50fmol,0.20833333333333334,m163_GvpF_50fmol,0.20833333333333334,m164_GvpG_50fmol,0.20833333333333334,m168_GvpV_50fmol,0.20833333333333334,m169_GvpW_50fmol,0.8333333333333334,m567_GvpA,10.0,puc19,7.699938665826603
A11,m167_GvpN_50fmol,0.20833333333333334,m165_GvpJ_50fmol,0.20833333333333334,m166_GvpK_50fmol,0.20833333333333334,m163_GvpF_50fmol,0.20833333333333334,m164_GvpG_50fmol,0.8333333333333334,m168_GvpV_50fmol,0.20833333333333334,m169_GvpW_50fmol,0.8333333333333334,m567_GvpA,10.0,puc19,6.594903297248795
A13,m167_GvpN_50fmol,0.20833333333333334,m165_GvpJ_50fmol,0.20833333333333334,m166_GvpK_50fmol,0.20833333333333334,m163_GvpF_50fmol,0.8333333333333334,m164_GvpG_50fmol,0.20833333333333334,m168_GvpV_50fmol,0.20833333333333334,m169_GvpW_50fmol,0.20833333333333334,m567_GvpA,10.0,puc19,7.686675449147526
A15,m167_GvpN_50fmol,0.20833333333333334,m165_GvpJ_50fmol,0.20833333333333334,m166_GvpK_50fmol,0.20833333333333334,m163_GvpF_50fmol,0.8333333333333334,m164_GvpG_50fmol,0.20833333333333334,m168_GvpV_50fmol,0.20833333333333334,m169_GvpW_50fmol,0.20833333333333334,m567_GvpA,10.0,puc19,7.686675449147526
A17,m167_GvpN_50fmol,0.20833333333333334,m165_GvpJ_50fmol,0.20833333333333334,m166_GvpK_50fmol,0.20833333333333334,m163_GvpF_50fmol,0.20833333333333334,m164_GvpG_50fmol,0.20833333333333334,m168_GvpV_50fmol,0.8333333333333334,m169_GvpW_50fmol,0.20833333333333334,m567_GvpA,10.0,puc19,7.776260333734275
A19,m167_GvpN_50fmol,0.20833333333333334,m165_GvpJ_50fmol,0.20833333333333334,m166_GvpK_50fmol,0.20833333333333334,m163_GvpF_50fmol,0.8333333333333334,m164_GvpG_50fmol,0.20833333333333334,m168_GvpV_50fmol,0.20833333333333334,m169_GvpW_50fmol,0.8333333333333334,m567_GvpA,10.0,puc19,6.511368300971805
A21,m167_GvpN_50fmol,0.20833333333333334,m165_GvpJ_50fmol,0.20833333333333334,m166_GvpK_50fmol,0.8333333333333334,m163_GvpF_50fmol,0.20833333333333334,m164_GvpG_50fmol,0.20833333333333334,m168_GvpV_50fmol,0.8333333333333334,m169_GvpW_50fmol,0.8333333333333334,m567_GvpA,10.0,puc19,5.475208583920425
A23,m167_GvpN_50fmol,0.20833333333333334,m165_GvpJ_50fmol,0.20833333333333334,m166_GvpK_50fmol,0.20833333333333334,m163_GvpF_50fmol,0.8333333333333334,m164_GvpG_50fmol,0.20833333333333334,m168_GvpV_50fmol,0.8333333333333334,m169_GvpW_50fmol,0.8333333333333334,m567_GvpA,10.0,puc19,5.412382820703746
C1,m167_GvpN_50fmol,0.20833333333333334,m165_GvpJ_50fmol,0.20833333333333334,m166_GvpK_50fmol,0.8333333333333334,m163_GvpF_50fmol,0.20833333333333334,m164_GvpG_50fmol,0.20833333333333334,m168_GvpV_50fmol,0.8333333333333334,m169_GvpW_50fmol,0.20833333333333334,m567_GvpA,10.0,puc19,6.650515732096151
C3,m167_GvpN_50fmol,0.20833333333333334,m165_GvpJ_50fmol,0.20833333333333334,m166_GvpK_50fmol,0.20833333333333334,m163_GvpF_50fmol,0.8333333333333334,m164_GvpG_50fmol,0.20833333333333334,m168_GvpV_50fmol,0.20833333333333334,m169_GvpW_50fmol,0.8333333333333334,m567_GvpA,10.0,puc19,6.511368300971805
C5,m167_GvpN_50fmol,0.20833333333333334,m165_GvpJ_50fmol,0.20833333333333334,m166_GvpK_50fmol,0.20833333333333334,m163_GvpF_50fmol,0.20833333333333334,m164_GvpG_50fmol,0.20833333333333334,m168_GvpV_50fmol,0.8333333333333334,m169_GvpW_50fmol,0.8333333333333334,m567_GvpA,10.0,puc19,6.600953185558549
C7,m167_GvpN_50fmol,0.20833333333333334,m165_GvpJ_50fmol,0.20833333333333334,m166_GvpK_50fmol,0.20833333333333334,m163_GvpF_50fmol,0.20833333333333334,m164_GvpG_50fmol,0.20833333333333334,m168_GvpV_50fmol,0.20833333333333334,m169_GvpW_50fmol,1.6666666666666667,m567_GvpA,10.0,puc19,6.1328624682589705
C9,m167_GvpN_50fmol,0.20833333333333334,m165_GvpJ_50fmol,0.20833333333333334,m166_GvpK_50fmol,0.20833333333333334,m163_GvpF_50fmol,0.20833333333333334,m164_GvpG_50fmol,0.20833333333333334,m168_GvpV_50fmol,1.6666666666666667,m169_GvpW_50fmol,0.20833333333333334,m567_GvpA,10.0,puc19,6.310946360043531
C11,m167_GvpN_50fmol,0.20833333333333334,m165_GvpJ_50fmol,0.20833333333333334,m166_GvpK_50fmol,0.20833333333333334,m163_GvpF_50fmol,0.20833333333333334,m164_GvpG_50fmol,0.8333333333333334,m168_GvpV_50fmol,0.8333333333333334,m169_GvpW_50fmol,0.20833333333333334,m567_GvpA,10.0,puc19,6.671224965156463
C13,m167_GvpN_50fmol,0.20833333333333334,m165_GvpJ_50fmol,0.20833333333333334,m166_GvpK_50fmol,0.20833333333333334,m163_GvpF_50fmol,0.20833333333333334,m164_GvpG_50fmol,1.6666666666666667,m168_GvpV_50fmol,0.20833333333333334,m169_GvpW_50fmol,0.20833333333333334,m567_GvpA,10.0,puc19,6.296829953987439
C15,m167_GvpN_50fmol,0.20833333333333334,m165_GvpJ_50fmol,0.20833333333333334,m166_GvpK_50fmol,0.20833333333333334,m163_GvpF_50fmol,0.8333333333333334,m164_GvpG_50fmol,0.8333333333333334,m168_GvpV_50fmol,0.8333333333333334,m169_GvpW_50fmol,0.20833333333333334,m567_GvpA,10.0,puc19,5.48265460030166
C17,m167_GvpN_50fmol,0.20833333333333334,m165_GvpJ_50fmol,0.20833333333333334,m166_GvpK_50fmol,0.20833333333333334,m163_GvpF_50fmol,0.20833333333333334,m164_GvpG_50fmol,0.20833333333333334,m168_GvpV_50fmol,0.8333333333333334,m169_GvpW_50fmol,0.8333333333333334,m567_GvpA,10.0,puc19,6.600953185558549
C19,m167_GvpN_50fmol,0.20833333333333334,m165_GvpJ_50fmol,0.20833333333333334,m166_GvpK_50fmol,0.8333333333333334,m163_GvpF_50fmol,0.20833333333333334,m164_GvpG_50fmol,0.20833333333333334,m168_GvpV_50fmol,0.20833333333333334,m169_GvpW_50fmol,0.8333333333333334,m567_GvpA,10.0,puc19,6.57419406418848
C21,m167_GvpN_50fmol,0.20833333333333334,m165_GvpJ_50fmol,0.20833333333333334,m166_GvpK_50fmol,0.8333333333333334,m163_GvpF_50fmol,0.20833333333333334,m164_GvpG_50fmol,0.20833333333333334,m168_GvpV_50fmol,0.20833333333333334,m169_GvpW_50fmol,0.8333333333333334,m567_GvpA,10.0,puc19,6.57419406418848
C23,m167_GvpN_50fmol,0.20833333333333334,m165_GvpJ_50fmol,0.20833333333333334,m166_GvpK_50fmol,0.20833333333333334,m163_GvpF_50fmol,0.20833333333333334,m164_GvpG_50fmol,0.8333333333333334,m168_GvpV_50fmol,0.8333333333333334,m169_GvpW_50fmol,0.20833333333333334,m567_GvpA,10.0,puc19,6.671224965156463
E1,m167_GvpN_50fmol,0.20833333333333334,m165_GvpJ_50fmol,0.20833333333333334,m166_GvpK_50fmol,0.20833333333333334,m163_GvpF_50fmol,0.20833333333333334,m164_GvpG_50fmol,0.8333333333333334,m168_GvpV_50fmol,0.8333333333333334,m169_GvpW_50fmol,0.8333333333333334,m567_GvpA,10.0,puc19,5.495917816980736
E3,m167_GvpN_50fmol,0.20833333333333334,m165_GvpJ_50fmol,0.20833333333333334,m166_GvpK_50fmol,0.20833333333333334,m163_GvpF_50fmol,0.20833333333333334,m164_GvpG_50fmol,0.20833333333333334,m168_GvpV_50fmol,0.8333333333333334,m169_GvpW_50fmol,0.20833333333333334,m567_GvpA,10.0,puc19,7.776260333734275
E5,m167_GvpN_50fmol,0.20833333333333334,m165_GvpJ_50fmol,0.20833333333333334,m166_GvpK_50fmol,0.20833333333333334,m163_GvpF_50fmol,0.8333333333333334,m164_GvpG_50fmol,0.20833333333333334,m168_GvpV_50fmol,0.20833333333333334,m169_GvpW_50fmol,0.8333333333333334,m567_GvpA,10.0,puc19,6.511368300971805
E7,m167_GvpN_50fmol,0.20833333333333334,m165_GvpJ_50fmol,0.20833333333333334,m166_GvpK_50fmol,0.20833333333333334,m163_GvpF_50fmol,0.8333333333333334,m164_GvpG_50fmol,0.20833333333333334,m168_GvpV_50fmol,0.8333333333333334,m169_GvpW_50fmol,0.20833333333333334,m567_GvpA,10.0,puc19,6.587689968879472
E9,m167_GvpN_50fmol,0.20833333333333334,m165_GvpJ_50fmol,0.20833333333333334,m166_GvpK_50fmol,0.20833333333333334,m163_GvpF_50fmol,0.20833333333333334,m164_GvpG_50fmol,0.8333333333333334,m168_GvpV_50fmol,0.8333333333333334,m169_GvpW_50fmol,0.20833333333333334,m567_GvpA,10.0,puc19,6.671224965156463
E11,m167_GvpN_50fmol,0.20833333333333334,m165_GvpJ_50fmol,0.20833333333333334,m166_GvpK_50fmol,0.20833333333333334,m163_GvpF_50fmol,0.8333333333333334,m164_GvpG_50fmol,0.8333333333333334,m168_GvpV_50fmol,0.8333333333333334,m169_GvpW_50fmol,0.20833333333333334,m567_GvpA,10.0,puc19,5.48265460030166
E13,m167_GvpN_50fmol,0.20833333333333334,m165_GvpJ_50fmol,0.20833333333333334,m166_GvpK_50fmol,0.20833333333333334,m163_GvpF_50fmol,0.20833333333333334,m164_GvpG_50fmol,0.20833333333333334,m168_GvpV_50fmol,0.8333333333333334,m169_GvpW_50fmol,0.20833333333333334,m567_GvpA,10.0,puc19,7.776260333734275
E17,m167_GvpN_50fmol,0.20833333333333334,m165_GvpJ_50fmol,0.20833333333333334,m166_GvpK_50fmol,0.20833333333333334,m163_GvpF_50fmol,0.20833333333333334,m164_GvpG_50fmol,0.20833333333333334,m168_GvpV_50fmol,0.20833333333333334,m169_GvpW_50fmol,0.20833333333333334,m567_GvpA,10.0,puc19,8.87524581400233
E19,m167_GvpN_50fmol,0.20833333333333334,m165_GvpJ_50fmol,0.20833333333333334,m166_GvpK_50fmol,0.20833333333333334,m163_GvpF_50fmol,0.20833333333333334,m164_GvpG_50fmol,0.20833333333333334,m168_GvpV_50fmol,0.20833333333333334,m169_GvpW_50fmol,1.6666666666666667,m567_GvpA,10.0,puc19,6.1328624682589705
E21,m167_GvpN_50fmol,0.8333333333333334,m165_GvpJ_50fmol,0.8333333333333334,m166_GvpK_50fmol,0.8333333333333334,m163_GvpF_50fmol,0.8333333333333334,m164_GvpG_50fmol,0.8333333333333334,m168_GvpV_50fmol,0.8333333333333334,m169_GvpW_50fmol,0.8333333333333334,m567_GvpA,10.0,puc19,0.7395421654543038
E23,m167_GvpN_50fmol,0.20833333333333334,m165_GvpJ_50fmol,0.20833333333333334,m166_GvpK_50fmol,0.20833333333333334,m163_GvpF_50fmol,1.6666666666666667,m164_GvpG_50fmol,0.20833333333333334,m168_GvpV_50fmol,0.20833333333333334,m169_GvpW_50fmol,0.20833333333333334,m567_GvpA,10.0,puc19,6.101914962674458
G1,m167_GvpN_50fmol,0.20833333333333334,m165_GvpJ_50fmol,0.20833333333333334,m166_GvpK_50fmol,0.20833333333333334,m163_GvpF_50fmol,0.20833333333333334,m164_GvpG_50fmol,0.8333333333333334,m168_GvpV_50fmol,0.8333333333333334,m169_GvpW_50fmol,0.8333333333333334,m567_GvpA,10.0,puc19,5.495917816980736
G3,m167_GvpN_50fmol,0.20833333333333334,m165_GvpJ_50fmol,0.20833333333333334,m166_GvpK_50fmol,0.20833333333333334,m163_GvpF_50fmol,0.20833333333333334,m164_GvpG_50fmol,0.20833333333333334,m168_GvpV_50fmol,1.6666666666666667,m169_GvpW_50fmol,0.20833333333333334,m567_GvpA,10.0,puc19,6.310946360043531
G5,m167_GvpN_50fmol,0.20833333333333334,m165_GvpJ_50fmol,0.20833333333333334,m166_GvpK_50fmol,0.8333333333333334,m163_GvpF_50fmol,0.20833333333333334,m164_GvpG_50fmol,0.20833333333333334,m168_GvpV_50fmol,0.20833333333333334,m169_GvpW_50fmol,0.8333333333333334,m567_GvpA,10.0,puc19,6.57419406418848
G7,m167_GvpN_50fmol,0.20833333333333334,m165_GvpJ_50fmol,0.20833333333333334,m166_GvpK_50fmol,0.20833333333333334,m163_GvpF_50fmol,0.20833333333333334,m164_GvpG_50fmol,0.8333333333333334,m168_GvpV_50fmol,0.8333333333333334,m169_GvpW_50fmol,0.8333333333333334,m567_GvpA,10.0,puc19,5.495917816980736
G9,m167_GvpN_50fmol,0.20833333333333334,m165_GvpJ_50fmol,0.20833333333333334,m166_GvpK_50fmol,0.20833333333333334,m163_GvpF_50fmol,0.20833333333333334,m164_GvpG_50fmol,0.20833333333333334,m168_GvpV_50fmol,0.20833333333333334,m169_GvpW_50fmol,1.6666666666666667,m567_GvpA,10.0,puc19,6.1328624682589705
G11,m167_GvpN_50fmol,0.20833333333333334,m165_GvpJ_50fmol,0.20833333333333334,m166_GvpK_50fmol,0.20833333333333334,m163_GvpF_50fmol,0.8333333333333334,m164_GvpG_50fmol,0.20833333333333334,m168_GvpV_50fmol,0.8333333333333334,m169_GvpW_50fmol,0.8333333333333334,m567_GvpA,10.0,puc19,5.412382820703746
G13,m167_GvpN_50fmol,0.20833333333333334,m165_GvpJ_50fmol,0.20833333333333334,m166_GvpK_50fmol,0.20833333333333334,m163_GvpF_50fmol,0.20833333333333334,m164_GvpG_50fmol,0.8333333333333334,m168_GvpV_50fmol,0.20833333333333334,m169_GvpW_50fmol,0.8333333333333334,m567_GvpA,10.0,puc19,6.594903297248795
G15,m167_GvpN_50fmol,0.20833333333333334,m165_GvpJ_50fmol,0.20833333333333334,m166_GvpK_50fmol,0.20833333333333334,m163_GvpF_50fmol,0.20833333333333334,m164_GvpG_50fmol,0.20833333333333334,m168_GvpV_50fmol,1.6666666666666667,m169_GvpW_50fmol,0.20833333333333334,m567_GvpA,10.0,puc19,6.310946360043531
G17,m167_GvpN_50fmol,0.20833333333333334,m165_GvpJ_50fmol,0.20833333333333334,m166_GvpK_50fmol,0.8333333333333334,m163_GvpF_50fmol,0.20833333333333334,m164_GvpG_50fmol,0.20833333333333334,m168_GvpV_50fmol,0.20833333333333334,m169_GvpW_50fmol,0.8333333333333334,m567_GvpA,10.0,puc19,6.57419406418848
G19,m167_GvpN_50fmol,0.20833333333333334,m165_GvpJ_50fmol,0.20833333333333334,m166_GvpK_50fmol,0.20833333333333334,m163_GvpF_50fmol,0.20833333333333334,m164_GvpG_50fmol,0.8333333333333334,m168_GvpV_50fmol,0.20833333333333334,m169_GvpW_50fmol,0.8333333333333334,m567_GvpA,10.0,puc19,6.594903297248795
G21,m167_GvpN_50fmol,0.20833333333333334,m165_GvpJ_50fmol,0.20833333333333334,m166_GvpK_50fmol,0.20833333333333334,m163_GvpF_50fmol,1.6666666666666667,m164_GvpG_50fmol,0.20833333333333334,m168_GvpV_50fmol,0.20833333333333334,m169_GvpW_50fmol,0.20833333333333334,m567_GvpA,10.0,puc19,6.101914962674458
G23,m167_GvpN_50fmol,0.20833333333333334,m165_GvpJ_50fmol,0.20833333333333334,m166_GvpK_50fmol,0.20833333333333334,m163_GvpF_50fmol,0.20833333333333334,m164_GvpG_50fmol,0.20833333333333334,m168_GvpV_50fmol,0.8333333333333334,m169_GvpW_50fmol,0.8333333333333334,m567_GvpA,10.0,puc19,6.600953185558549
I1,m167_GvpN_50fmol,0.20833333333333334,m165_GvpJ_50fmol,0.20833333333333334,m166_GvpK_50fmol,0.20833333333333334,m163_GvpF_50fmol,0.20833333333333334,m164_GvpG_50fmol,0.8333333333333334,m168_GvpV_50fmol,0.20833333333333334,m169_GvpW_50fmol,0.8333333333333334,m567_GvpA,10.0,puc19,6.594903297248795
I3,m167_GvpN_50fmol,0.20833333333333334,m165_GvpJ_50fmol,0.20833333333333334,m166_GvpK_50fmol,0.20833333333333334,m163_GvpF_50fmol,0.20833333333333334,m164_GvpG_50fmol,0.20833333333333334,m168_GvpV_50fmol,0.20833333333333334,m169_GvpW_50fmol,0.8333333333333334,m567_GvpA,10.0,puc19,7.699938665826603
I5,m167_GvpN_50fmol,0.20833333333333334,m165_GvpJ_50fmol,0.20833333333333334,m166_GvpK_50fmol,0.20833333333333334,m163_GvpF_50fmol,0.20833333333333334,m164_GvpG_50fmol,0.20833333333333334,m168_GvpV_50fmol,1.6666666666666667,m169_GvpW_50fmol,0.20833333333333334,m567_GvpA,10.0,puc19,6.310946360043531
I7,m167_GvpN_50fmol,0.20833333333333334,m165_GvpJ_50fmol,0.20833333333333334,m166_GvpK_50fmol,0.20833333333333334,m163_GvpF_50fmol,0.20833333333333334,m164_GvpG_50fmol,1.6666666666666667,m168_GvpV_50fmol,0.20833333333333334,m169_GvpW_50fmol,0.20833333333333334,m567_GvpA,10.0,puc19,6.296829953987439
I9,m167_GvpN_50fmol,0.20833333333333334,m165_GvpJ_50fmol,0.20833333333333334,m166_GvpK_50fmol,0.20833333333333334,m163_GvpF_50fmol,0.20833333333333334,m164_GvpG_50fmol,0.20833333333333334,m168_GvpV_50fmol,0.8333333333333334,m169_GvpW_50fmol,0.20833333333333334,m567_GvpA,10.0,puc19,7.776260333734275
I11,m167_GvpN_50fmol,0.20833333333333334,m165_GvpJ_50fmol,0.20833333333333334,m166_GvpK_50fmol,0.8333333333333334,m163_GvpF_50fmol,0.20833333333333334,m164_GvpG_50fmol,0.20833333333333334,m168_GvpV_50fmol,0.8333333333333334,m169_GvpW_50fmol,0.8333333333333334,m567_GvpA,10.0,puc19,5.475208583920425
I13,m167_GvpN_50fmol,0.20833333333333334,m165_GvpJ_50fmol,0.20833333333333334,m166_GvpK_50fmol,0.20833333333333334,m163_GvpF_50fmol,0.20833333333333334,m164_GvpG_50fmol,0.20833333333333334,m168_GvpV_50fmol,0.20833333333333334,m169_GvpW_50fmol,1.6666666666666667,m567_GvpA,10.0,puc19,6.1328624682589705
I15,m167_GvpN_50fmol,0.20833333333333334,m165_GvpJ_50fmol,0.20833333333333334,m166_GvpK_50fmol,0.20833333333333334,m163_GvpF_50fmol,0.8333333333333334,m164_GvpG_50fmol,0.8333333333333334,m168_GvpV_50fmol,0.20833333333333334,m169_GvpW_50fmol,0.8333333333333334,m567_GvpA,10.0,puc19,5.406332932393992
I17,m167_GvpN_50fmol,0.20833333333333334,m165_GvpJ_50fmol,0.20833333333333334,m166_GvpK_50fmol,0.20833333333333334,m163_GvpF_50fmol,0.20833333333333334,m164_GvpG_50fmol,1.6666666666666667,m168_GvpV_50fmol,0.20833333333333334,m169_GvpW_50fmol,0.20833333333333334,m567_GvpA,10.0,puc19,6.296829953987439
I19,m167_GvpN_50fmol,0.20833333333333334,m165_GvpJ_50fmol,0.20833333333333334,m166_GvpK_50fmol,0.8333333333333334,m163_GvpF_50fmol,0.20833333333333334,m164_GvpG_50fmol,0.20833333333333334,m168_GvpV_50fmol,0.8333333333333334,m169_GvpW_50fmol,0.20833333333333334,m567_GvpA,10.0,puc19,6.650515732096151
I21,m167_GvpN_50fmol,0.20833333333333334,m165_GvpJ_50fmol,0.20833333333333334,m166_GvpK_50fmol,0.20833333333333334,m163_GvpF_50fmol,0.8333333333333334,m164_GvpG_50fmol,0.8333333333333334,m168_GvpV_50fmol,0.20833333333333334,m169_GvpW_50fmol,0.20833333333333334,m567_GvpA,10.0,puc19,6.581640080569718
I23,m167_GvpN_50fmol,0.0,m165_GvpJ_50fmol,0.0,m166_GvpK_50fmol,0.0,m163_GvpF_50fmol,0.0,m164_GvpG_50fmol,0.0,m168_GvpV_50fmol,0.0,m169_GvpW_50fmol,0.0,m567_GvpA,0.0,puc19,28.638524543215535
K1,m167_GvpN_50fmol,0.20833333333333334,m165_GvpJ_50fmol,0.20833333333333334,m166_GvpK_50fmol,0.20833333333333334,m163_GvpF_50fmol,0.8333333333333334,m164_GvpG_50fmol,0.20833333333333334,m168_GvpV_50fmol,0.8333333333333334,m169_GvpW_50fmol,0.8333333333333334,m567_GvpA,10.0,puc19,5.412382820703746
K3,m167_GvpN_50fmol,0.20833333333333334,m165_GvpJ_50fmol,0.20833333333333334,m166_GvpK_50fmol,0.20833333333333334,m163_GvpF_50fmol,0.8333333333333334,m164_GvpG_50fmol,0.20833333333333334,m168_GvpV_50fmol,0.20833333333333334,m169_GvpW_50fmol,0.20833333333333334,m567_GvpA,10.0,puc19,7.686675449147526
K5,m167_GvpN_50fmol,0.20833333333333334,m165_GvpJ_50fmol,0.20833333333333334,m166_GvpK_50fmol,0.20833333333333334,m163_GvpF_50fmol,0.8333333333333334,m164_GvpG_50fmol,0.20833333333333334,m168_GvpV_50fmol,0.8333333333333334,m169_GvpW_50fmol,0.20833333333333334,m567_GvpA,10.0,puc19,6.587689968879472
K7,m167_GvpN_50fmol,0.20833333333333334,m165_GvpJ_50fmol,0.20833333333333334,m166_GvpK_50fmol,0.20833333333333334,m163_GvpF_50fmol,0.8333333333333334,m164_GvpG_50fmol,0.8333333333333334,m168_GvpV_50fmol,0.8333333333333334,m169_GvpW_50fmol,0.20833333333333334,m567_GvpA,10.0,puc19,5.48265460030166
K9,m167_GvpN_50fmol,0.20833333333333334,m165_GvpJ_50fmol,0.20833333333333334,m166_GvpK_50fmol,0.20833333333333334,m163_GvpF_50fmol,0.8333333333333334,m164_GvpG_50fmol,0.20833333333333334,m168_GvpV_50fmol,0.20833333333333334,m169_GvpW_50fmol,0.8333333333333334,m567_GvpA,10.0,puc19,6.511368300971805
K11,m167_GvpN_50fmol,0.20833333333333334,m165_GvpJ_50fmol,0.20833333333333334,m166_GvpK_50fmol,0.20833333333333334,m163_GvpF_50fmol,0.8333333333333334,m164_GvpG_50fmol,0.8333333333333334,m168_GvpV_50fmol,0.8333333333333334,m169_GvpW_50fmol,0.20833333333333334,m567_GvpA,10.0,puc19,5.48265460030166
K13,m167_GvpN_50fmol,0.20833333333333334,m165_GvpJ_50fmol,0.20833333333333334,m166_GvpK_50fmol,0.20833333333333334,m163_GvpF_50fmol,0.8333333333333334,m164_GvpG_50fmol,0.8333333333333334,m168_GvpV_50fmol,0.20833333333333334,m169_GvpW_50fmol,0.8333333333333334,m567_GvpA,10.0,puc19,5.406332932393992
K15,m167_GvpN_50fmol,0.20833333333333334,m165_GvpJ_50fmol,0.20833333333333334,m166_GvpK_50fmol,0.20833333333333334,m163_GvpF_50fmol,0.20833333333333334,m164_GvpG_50fmol,0.20833333333333334,m168_GvpV_50fmol,0.20833333333333334,m169_GvpW_50fmol,0.20833333333333334,m567_GvpA,10.0,puc19,8.87524581400233
K17,m167_GvpN_50fmol,0.20833333333333334,m165_GvpJ_50fmol,0.20833333333333334,m166_GvpK_50fmol,0.8333333333333334,m163_GvpF_50fmol,0.20833333333333334,m164_GvpG_50fmol,0.20833333333333334,m168_GvpV_50fmol,0.20833333333333334,m169_GvpW_50fmol,0.20833333333333334,m567_GvpA,10.0,puc19,7.749501212364206
K19,m167_GvpN_50fmol,0.20833333333333334,m165_GvpJ_50fmol,0.20833333333333334,m166_GvpK_50fmol,0.20833333333333334,m163_GvpF_50fmol,0.8333333333333334,m164_GvpG_50fmol,0.20833333333333334,m168_GvpV_50fmol,0.20833333333333334,m169_GvpW_50fmol,0.20833333333333334,m567_GvpA,10.0,puc19,7.686675449147526
K21,m167_GvpN_50fmol,0.20833333333333334,m165_GvpJ_50fmol,0.20833333333333334,m166_GvpK_50fmol,0.20833333333333334,m163_GvpF_50fmol,0.8333333333333334,m164_GvpG_50fmol,0.8333333333333334,m168_GvpV_50fmol,0.20833333333333334,m169_GvpW_50fmol,0.20833333333333334,m567_GvpA,10.0,puc19,6.581640080569718
K23,m167_GvpN_50fmol,0.20833333333333334,m165_GvpJ_50fmol,0.20833333333333334,m166_GvpK_50fmol,0.20833333333333334,m163_GvpF_50fmol,0.8333333333333334,m164_GvpG_50fmol,0.20833333333333334,m168_GvpV_50fmol,0.8333333333333334,m169_GvpW_50fmol,0.20833333333333334,m567_GvpA,10.0,puc19,6.587689968879472
M1,m167_GvpN_50fmol,0.8333333333333334,m165_GvpJ_50fmol,0.8333333333333334,m166_GvpK_50fmol,0.8333333333333334,m163_GvpF_50fmol,0.8333333333333334,m164_GvpG_50fmol,0.8333333333333334,m168_GvpV_50fmol,0.8333333333333334,m169_GvpW_50fmol,0.8333333333333334,m567_GvpA,10.0,puc19,0.7395421654543038
M3,m167_GvpN_50fmol,0.20833333333333334,m165_GvpJ_50fmol,0.20833333333333334,m166_GvpK_50fmol,0.20833333333333334,m163_GvpF_50fmol,0.8333333333333334,m164_GvpG_50fmol,0.8333333333333334,m168_GvpV_50fmol,0.20833333333333334,m169_GvpW_50fmol,0.20833333333333334,m567_GvpA,10.0,puc19,6.581640080569718
M5,m167_GvpN_50fmol,0.20833333333333334,m165_GvpJ_50fmol,0.20833333333333334,m166_GvpK_50fmol,0.20833333333333334,m163_GvpF_50fmol,0.20833333333333334,m164_GvpG_50fmol,0.8333333333333334,m168_GvpV_50fmol,0.8333333333333334,m169_GvpW_50fmol,0.8333333333333334,m567_GvpA,10.0,puc19,5.495917816980736
M7,m167_GvpN_50fmol,0.8333333333333334,m165_GvpJ_50fmol,0.8333333333333334,m166_GvpK_50fmol,0.8333333333333334,m163_GvpF_50fmol,0.8333333333333334,m164_GvpG_50fmol,0.8333333333333334,m168_GvpV_50fmol,0.8333333333333334,m169_GvpW_50fmol,0.8333333333333334,m567_GvpA,10.0,puc19,0.7395421654543038
M9,m167_GvpN_50fmol,0.20833333333333334,m165_GvpJ_50fmol,0.20833333333333334,m166_GvpK_50fmol,0.20833333333333334,m163_GvpF_50fmol,0.8333333333333334,m164_GvpG_50fmol,0.8333333333333334,m168_GvpV_50fmol,0.20833333333333334,m169_GvpW_50fmol,0.20833333333333334,m567_GvpA,10.0,puc19,6.581640080569718
M11,m167_GvpN_50fmol,0.20833333333333334,m165_GvpJ_50fmol,0.20833333333333334,m166_GvpK_50fmol,0.20833333333333334,m163_GvpF_50fmol,0.8333333333333334,m164_GvpG_50fmol,0.8333333333333334,m168_GvpV_50fmol,0.20833333333333334,m169_GvpW_50fmol,0.8333333333333334,m567_GvpA,10.0,puc19,5.406332932393992
M13,m167_GvpN_50fmol,0.20833333333333334,m165_GvpJ_50fmol,0.20833333333333334,m166_GvpK_50fmol,0.8333333333333334,m163_GvpF_50fmol,0.20833333333333334,m164_GvpG_50fmol,0.20833333333333334,m168_GvpV_50fmol,0.8333333333333334,m169_GvpW_50fmol,0.20833333333333334,m567_GvpA,10.0,puc19,6.650515732096151
M15,m167_GvpN_50fmol,0.20833333333333334,m165_GvpJ_50fmol,0.20833333333333334,m166_GvpK_50fmol,0.20833333333333334,m163_GvpF_50fmol,0.20833333333333334,m164_GvpG_50fmol,1.6666666666666667,m168_GvpV_50fmol,0.20833333333333334,m169_GvpW_50fmol,0.20833333333333334,m567_GvpA,10.0,puc19,6.296829953987439
M17,m167_GvpN_50fmol,0.20833333333333334,m165_GvpJ_50fmol,0.20833333333333334,m166_GvpK_50fmol,0.20833333333333334,m163_GvpF_50fmol,0.20833333333333334,m164_GvpG_50fmol,0.8333333333333334,m168_GvpV_50fmol,0.8333333333333334,m169_GvpW_50fmol,0.20833333333333334,m567_GvpA,10.0,puc19,6.671224965156463
M19,m167_GvpN_50fmol,0.20833333333333334,m165_GvpJ_50fmol,0.20833333333333334,m166_GvpK_50fmol,0.20833333333333334,m163_GvpF_50fmol,0.20833333333333334,m164_GvpG_50fmol,0.20833333333333334,m168_GvpV_50fmol,0.20833333333333334,m169_GvpW_50fmol,0.8333333333333334,m567_GvpA,10.0,puc19,7.699938665826603
M21,m167_GvpN_50fmol,0.20833333333333334,m165_GvpJ_50fmol,0.20833333333333334,m166_GvpK_50fmol,0.20833333333333334,m163_GvpF_50fmol,0.8333333333333334,m164_GvpG_50fmol,0.20833333333333334,m168_GvpV_50fmol,0.8333333333333334,m169_GvpW_50fmol,0.8333333333333334,m567_GvpA,10.0,puc19,5.412382820703746
M23,m167_GvpN_50fmol,0.20833333333333334,m165_GvpJ_50fmol,0.20833333333333334,m166_GvpK_50fmol,0.20833333333333334,m163_GvpF_50fmol,0.20833333333333334,m164_GvpG_50fmol,0.8333333333333334,m168_GvpV_50fmol,0.20833333333333334,m169_GvpW_50fmol,0.20833333333333334,m567_GvpA,10.0,puc19,7.770210445424521
O1,m167_GvpN_50fmol,0.20833333333333334,m165_GvpJ_50fmol,0.20833333333333334,m166_GvpK_50fmol,0.20833333333333334,m163_GvpF_50fmol,0.20833333333333334,m164_GvpG_50fmol,0.20833333333333334,m168_GvpV_50fmol,0.20833333333333334,m169_GvpW_50fmol,0.8333333333333334,m567_GvpA,10.0,puc19,7.699938665826603
O3,m167_GvpN_50fmol,0.20833333333333334,m165_GvpJ_50fmol,0.20833333333333334,m166_GvpK_50fmol,0.20833333333333334,m163_GvpF_50fmol,0.20833333333333334,m164_GvpG_50fmol,0.8333333333333334,m168_GvpV_50fmol,0.20833333333333334,m169_GvpW_50fmol,0.20833333333333334,m567_GvpA,10.0,puc19,7.770210445424521
O5,m167_GvpN_50fmol,0.20833333333333334,m165_GvpJ_50fmol,0.20833333333333334,m166_GvpK_50fmol,0.8333333333333334,m163_GvpF_50fmol,0.20833333333333334,m164_GvpG_50fmol,0.20833333333333334,m168_GvpV_50fmol,0.8333333333333334,m169_GvpW_50fmol,0.8333333333333334,m567_GvpA,10.0,puc19,5.475208583920425
O7,m167_GvpN_50fmol,0.20833333333333334,m165_GvpJ_50fmol,0.20833333333333334,m166_GvpK_50fmol,0.8333333333333334,m163_GvpF_50fmol,0.20833333333333334,m164_GvpG_50fmol,0.20833333333333334,m168_GvpV_50fmol,0.20833333333333334,m169_GvpW_50fmol,0.20833333333333334,m567_GvpA,10.0,puc19,7.749501212364206
O9,m167_GvpN_50fmol,0.20833333333333334,m165_GvpJ_50fmol,0.20833333333333334,m166_GvpK_50fmol,0.8333333333333334,m163_GvpF_50fmol,0.20833333333333334,m164_GvpG_50fmol,0.20833333333333334,m168_GvpV_50fmol,0.8333333333333334,m169_GvpW_50fmol,0.8333333333333334,m567_GvpA,10.0,puc19,5.475208583920425
O11,m167_GvpN_50fmol,0.20833333333333334,m165_GvpJ_50fmol,0.20833333333333334,m166_GvpK_50fmol,0.8333333333333334,m163_GvpF_50fmol,0.20833333333333334,m164_GvpG_50fmol,0.20833333333333334,m168_GvpV_50fmol,0.8333333333333334,m169_GvpW_50fmol,0.20833333333333334,m567_GvpA,10.0,puc19,6.650515732096151
O13,m167_GvpN_50fmol,0.20833333333333334,m165_GvpJ_50fmol,0.20833333333333334,m166_GvpK_50fmol,0.20833333333333334,m163_GvpF_50fmol,0.20833333333333334,m164_GvpG_50fmol,0.8333333333333334,m168_GvpV_50fmol,0.20833333333333334,m169_GvpW_50fmol,0.20833333333333334,m567_GvpA,10.0,puc19,7.770210445424521
O15,m167_GvpN_50fmol,0.20833333333333334,m165_GvpJ_50fmol,0.20833333333333334,m166_GvpK_50fmol,0.20833333333333334,m163_GvpF_50fmol,0.8333333333333334,m164_GvpG_50fmol,0.8333333333333334,m168_GvpV_50fmol,0.20833333333333334,m169_GvpW_50fmol,0.8333333333333334,m567_GvpA,10.0,puc19,5.406332932393992
O17,m167_GvpN_50fmol,0.20833333333333334,m165_GvpJ_50fmol,0.20833333333333334,m166_GvpK_50fmol,0.20833333333333334,m163_GvpF_50fmol,1.6666666666666667,m164_GvpG_50fmol,0.20833333333333334,m168_GvpV_50fmol,0.20833333333333334,m169_GvpW_50fmol,0.20833333333333334,m567_GvpA,10.0,puc19,6.101914962674458
O19,m167_GvpN_50fmol,0.20833333333333334,m165_GvpJ_50fmol,0.20833333333333334,m166_GvpK_50fmol,0.20833333333333334,m163_GvpF_50fmol,0.20833333333333334,m164_GvpG_50fmol,0.20833333333333334,m168_GvpV_50fmol,0.8333333333333334,m169_GvpW_50fmol,0.8333333333333334,m567_GvpA,10.0,puc19,6.600953185558549
O21,m167_GvpN_50fmol,0.20833333333333334,m165_GvpJ_50fmol,0.20833333333333334,m166_GvpK_50fmol,0.20833333333333334,m163_GvpF_50fmol,0.20833333333333334,m164_GvpG_50fmol,0.20833333333333334,m168_GvpV_50fmol,0.20833333333333334,m169_GvpW_50fmol,0.20833333333333334,m567_GvpA,10.0,puc19,8.87524581400233
O23,m167_GvpN_50fmol,0.20833333333333334,m165_GvpJ_50fmol,0.20833333333333334,m166_GvpK_50fmol,0.20833333333333334,m163_GvpF_50fmol,0.8333333333333334,m164_GvpG_50fmol,0.20833333333333334,m168_GvpV_50fmol,0.8333333333333334,m169_GvpW_50fmol,0.20833333333333334,m567_GvpA,10.0,puc19,6.587689968879472
E15,m167_GvpN_50fmol,0.0,m165_GvpJ_50fmol,0.0,m166_GvpK_50fmol,0.0,m163_GvpF_50fmol,0.0,m164_GvpG_50fmol,0.0,m168_GvpV_50fmol,0.0,m169_GvpW_50fmol,0.0,m567_GvpA,0.0,puc19,28.638524543215535
A2,m167_GvpN_50fmol,0.20833333333333334,m165_GvpJ_50fmol,0.20833333333333334,m166_GvpK_50fmol,0.8333333333333334,m163_GvpF_50fmol,0.8333333333333334,m164_GvpG_50fmol,0.20833333333333334,m168_GvpV_50fmol,0.8333333333333334,m169_GvpW_50fmol,0.20833333333333334,m567_GvpA,10.0,puc19,5.4619453672413485
A4,m167_GvpN_50fmol,0.20833333333333334,m165_GvpJ_50fmol,0.20833333333333334,m166_GvpK_50fmol,0.8333333333333334,m163_GvpF_50fmol,0.20833333333333334,m164_GvpG_50fmol,0.8333333333333334,m168_GvpV_50fmol,0.20833333333333334,m169_GvpW_50fmol,0.20833333333333334,m567_GvpA,10.0,puc19,6.6444658437863975
A6,m167_GvpN_50fmol,0.20833333333333334,m165_GvpJ_50fmol,0.20833333333333334,m166_GvpK_50fmol,0.8333333333333334,m163_GvpF_50fmol,0.8333333333333334,m164_GvpG_50fmol,0.20833333333333334,m168_GvpV_50fmol,0.20833333333333334,m169_GvpW_50fmol,0.20833333333333334,m567_GvpA,10.0,puc19,6.560930847509403
A8,m167_GvpN_50fmol,0.20833333333333334,m165_GvpJ_50fmol,0.20833333333333334,m166_GvpK_50fmol,0.8333333333333334,m163_GvpF_50fmol,0.8333333333333334,m164_GvpG_50fmol,0.20833333333333334,m168_GvpV_50fmol,0.8333333333333334,m169_GvpW_50fmol,0.20833333333333334,m567_GvpA,10.0,puc19,5.4619453672413485
A10,m167_GvpN_50fmol,0.20833333333333334,m165_GvpJ_50fmol,0.8333333333333334,m166_GvpK_50fmol,0.20833333333333334,m163_GvpF_50fmol,0.20833333333333334,m164_GvpG_50fmol,0.8333333333333334,m168_GvpV_50fmol,0.20833333333333334,m169_GvpW_50fmol,0.8333333333333334,m567_GvpA,10.0,puc19,5.404238740286766
A12,m167_GvpN_50fmol,0.20833333333333334,m165_GvpJ_50fmol,0.8333333333333334,m166_GvpK_50fmol,0.20833333333333334,m163_GvpF_50fmol,0.20833333333333334,m164_GvpG_50fmol,0.8333333333333334,m168_GvpV_50fmol,0.8333333333333334,m169_GvpW_50fmol,0.20833333333333334,m567_GvpA,10.0,puc19,5.480560408194438
A14,m167_GvpN_50fmol,0.20833333333333334,m165_GvpJ_50fmol,0.8333333333333334,m166_GvpK_50fmol,0.20833333333333334,m163_GvpF_50fmol,0.8333333333333334,m164_GvpG_50fmol,0.20833333333333334,m168_GvpV_50fmol,0.20833333333333334,m169_GvpW_50fmol,0.8333333333333334,m567_GvpA,10.0,puc19,5.3207037440097755
A16,m167_GvpN_50fmol,0.20833333333333334,m165_GvpJ_50fmol,0.8333333333333334,m166_GvpK_50fmol,0.20833333333333334,m163_GvpF_50fmol,0.8333333333333334,m164_GvpG_50fmol,0.20833333333333334,m168_GvpV_50fmol,0.20833333333333334,m169_GvpW_50fmol,0.20833333333333334,m567_GvpA,10.0,puc19,6.496010892185502
A18,m167_GvpN_50fmol,0.20833333333333334,m165_GvpJ_50fmol,0.20833333333333334,m166_GvpK_50fmol,0.8333333333333334,m163_GvpF_50fmol,0.20833333333333334,m164_GvpG_50fmol,0.8333333333333334,m168_GvpV_50fmol,0.8333333333333334,m169_GvpW_50fmol,0.20833333333333334,m567_GvpA,10.0,puc19,5.5454803635183385
A20,m167_GvpN_50fmol,0.20833333333333334,m165_GvpJ_50fmol,0.8333333333333334,m166_GvpK_50fmol,0.8333333333333334,m163_GvpF_50fmol,0.20833333333333334,m164_GvpG_50fmol,0.20833333333333334,m168_GvpV_50fmol,0.20833333333333334,m169_GvpW_50fmol,0.20833333333333334,m567_GvpA,10.0,puc19,6.558836655402181
A22,m167_GvpN_50fmol,0.20833333333333334,m165_GvpJ_50fmol,0.20833333333333334,m166_GvpK_50fmol,0.8333333333333334,m163_GvpF_50fmol,0.20833333333333334,m164_GvpG_50fmol,0.8333333333333334,m168_GvpV_50fmol,0.8333333333333334,m169_GvpW_50fmol,0.20833333333333334,m567_GvpA,10.0,puc19,5.5454803635183385
A24,m167_GvpN_50fmol,0.20833333333333334,m165_GvpJ_50fmol,0.8333333333333334,m166_GvpK_50fmol,0.20833333333333334,m163_GvpF_50fmol,0.20833333333333334,m164_GvpG_50fmol,0.20833333333333334,m168_GvpV_50fmol,0.20833333333333334,m169_GvpW_50fmol,0.8333333333333334,m567_GvpA,10.0,puc19,6.509274108864578
C2,m167_GvpN_50fmol,0.20833333333333334,m165_GvpJ_50fmol,0.8333333333333334,m166_GvpK_50fmol,0.8333333333333334,m163_GvpF_50fmol,0.20833333333333334,m164_GvpG_50fmol,0.20833333333333334,m168_GvpV_50fmol,0.20833333333333334,m169_GvpW_50fmol,0.8333333333333334,m567_GvpA,10.0,puc19,5.383529507226459
C4,m167_GvpN_50fmol,0.20833333333333334,m165_GvpJ_50fmol,0.20833333333333334,m166_GvpK_50fmol,0.8333333333333334,m163_GvpF_50fmol,0.20833333333333334,m164_GvpG_50fmol,0.8333333333333334,m168_GvpV_50fmol,0.20833333333333334,m169_GvpW_50fmol,0.20833333333333334,m567_GvpA,10.0,puc19,6.6444658437863975
C6,m167_GvpN_50fmol,0.20833333333333334,m165_GvpJ_50fmol,0.8333333333333334,m166_GvpK_50fmol,0.8333333333333334,m163_GvpF_50fmol,0.20833333333333334,m164_GvpG_50fmol,0.20833333333333334,m168_GvpV_50fmol,0.8333333333333334,m169_GvpW_50fmol,0.20833333333333334,m567_GvpA,10.0,puc19,5.459851175134126
C8,m167_GvpN_50fmol,0.20833333333333334,m165_GvpJ_50fmol,0.20833333333333334,m166_GvpK_50fmol,0.8333333333333334,m163_GvpF_50fmol,0.8333333333333334,m164_GvpG_50fmol,0.20833333333333334,m168_GvpV_50fmol,0.20833333333333334,m169_GvpW_50fmol,0.20833333333333334,m567_GvpA,10.0,puc19,6.560930847509403
C10,m167_GvpN_50fmol,0.20833333333333334,m165_GvpJ_50fmol,0.20833333333333334,m166_GvpK_50fmol,0.8333333333333334,m163_GvpF_50fmol,0.20833333333333334,m164_GvpG_50fmol,0.8333333333333334,m168_GvpV_50fmol,0.20833333333333334,m169_GvpW_50fmol,0.8333333333333334,m567_GvpA,10.0,puc19,5.4691586956106715
C12,m167_GvpN_50fmol,0.20833333333333334,m165_GvpJ_50fmol,0.20833333333333334,m166_GvpK_50fmol,0.8333333333333334,m163_GvpF_50fmol,0.20833333333333334,m164_GvpG_50fmol,0.8333333333333334,m168_GvpV_50fmol,0.20833333333333334,m169_GvpW_50fmol,0.20833333333333334,m567_GvpA,10.0,puc19,6.6444658437863975
C14,m167_GvpN_50fmol,0.20833333333333334,m165_GvpJ_50fmol,0.8333333333333334,m166_GvpK_50fmol,0.20833333333333334,m163_GvpF_50fmol,0.20833333333333334,m164_GvpG_50fmol,0.8333333333333334,m168_GvpV_50fmol,0.8333333333333334,m169_GvpW_50fmol,0.20833333333333334,m567_GvpA,10.0,puc19,5.480560408194438
C16,m167_GvpN_50fmol,0.20833333333333334,m165_GvpJ_50fmol,0.8333333333333334,m166_GvpK_50fmol,0.8333333333333334,m163_GvpF_50fmol,0.20833333333333334,m164_GvpG_50fmol,0.20833333333333334,m168_GvpV_50fmol,0.20833333333333334,m169_GvpW_50fmol,0.8333333333333334,m567_GvpA,10.0,puc19,5.383529507226459
C18,m167_GvpN_50fmol,0.20833333333333334,m165_GvpJ_50fmol,0.8333333333333334,m166_GvpK_50fmol,0.20833333333333334,m163_GvpF_50fmol,0.20833333333333334,m164_GvpG_50fmol,0.20833333333333334,m168_GvpV_50fmol,0.8333333333333334,m169_GvpW_50fmol,0.8333333333333334,m567_GvpA,10.0,puc19,5.410288628596524
C20,m167_GvpN_50fmol,0.20833333333333334,m165_GvpJ_50fmol,0.20833333333333334,m166_GvpK_50fmol,0.8333333333333334,m163_GvpF_50fmol,0.8333333333333334,m164_GvpG_50fmol,0.20833333333333334,m168_GvpV_50fmol,0.20833333333333334,m169_GvpW_50fmol,0.20833333333333334,m567_GvpA,10.0,puc19,6.560930847509403
C22,m167_GvpN_50fmol,0.20833333333333334,m165_GvpJ_50fmol,0.8333333333333334,m166_GvpK_50fmol,0.20833333333333334,m163_GvpF_50fmol,0.8333333333333334,m164_GvpG_50fmol,0.8333333333333334,m168_GvpV_50fmol,0.20833333333333334,m169_GvpW_50fmol,0.20833333333333334,m567_GvpA,10.0,puc19,5.39097552360769
C24,m167_GvpN_50fmol,0.8333333333333334,m165_GvpJ_50fmol,0.8333333333333334,m166_GvpK_50fmol,0.8333333333333334,m163_GvpF_50fmol,0.8333333333333334,m164_GvpG_50fmol,0.8333333333333334,m168_GvpV_50fmol,0.8333333333333334,m169_GvpW_50fmol,0.8333333333333334,m567_GvpA,10.0,puc19,0.7395421654543038
E2,m167_GvpN_50fmol,0.20833333333333334,m165_GvpJ_50fmol,0.8333333333333334,m166_GvpK_50fmol,0.20833333333333334,m163_GvpF_50fmol,0.20833333333333334,m164_GvpG_50fmol,0.20833333333333334,m168_GvpV_50fmol,0.20833333333333334,m169_GvpW_50fmol,0.8333333333333334,m567_GvpA,10.0,puc19,6.509274108864578
E4,m167_GvpN_50fmol,0.20833333333333334,m165_GvpJ_50fmol,0.8333333333333334,m166_GvpK_50fmol,0.8333333333333334,m163_GvpF_50fmol,0.20833333333333334,m164_GvpG_50fmol,0.20833333333333334,m168_GvpV_50fmol,0.8333333333333334,m169_GvpW_50fmol,0.20833333333333334,m567_GvpA,10.0,puc19,5.459851175134126
E6,m167_GvpN_50fmol,0.20833333333333334,m165_GvpJ_50fmol,0.20833333333333334,m166_GvpK_50fmol,0.20833333333333334,m163_GvpF_50fmol,0.20833333333333334,m164_GvpG_50fmol,0.20833333333333334,m168_GvpV_50fmol,0.20833333333333334,m169_GvpW_50fmol,0.20833333333333334,m567_GvpA,10.0,puc19,8.87524581400233
E8,m167_GvpN_50fmol,0.20833333333333334,m165_GvpJ_50fmol,0.8333333333333334,m166_GvpK_50fmol,0.20833333333333334,m163_GvpF_50fmol,0.20833333333333334,m164_GvpG_50fmol,0.8333333333333334,m168_GvpV_50fmol,0.20833333333333334,m169_GvpW_50fmol,0.8333333333333334,m567_GvpA,10.0,puc19,5.404238740286766
E10,m167_GvpN_50fmol,0.20833333333333334,m165_GvpJ_50fmol,0.8333333333333334,m166_GvpK_50fmol,0.8333333333333334,m163_GvpF_50fmol,0.20833333333333334,m164_GvpG_50fmol,0.20833333333333334,m168_GvpV_50fmol,0.20833333333333334,m169_GvpW_50fmol,0.20833333333333334,m567_GvpA,10.0,puc19,6.558836655402181
E12,m167_GvpN_50fmol,0.20833333333333334,m165_GvpJ_50fmol,0.8333333333333334,m166_GvpK_50fmol,0.20833333333333334,m163_GvpF_50fmol,0.20833333333333334,m164_GvpG_50fmol,0.20833333333333334,m168_GvpV_50fmol,0.8333333333333334,m169_GvpW_50fmol,0.8333333333333334,m567_GvpA,10.0,puc19,5.410288628596524
E14,m167_GvpN_50fmol,0.20833333333333334,m165_GvpJ_50fmol,0.20833333333333334,m166_GvpK_50fmol,0.8333333333333334,m163_GvpF_50fmol,0.20833333333333334,m164_GvpG_50fmol,0.8333333333333334,m168_GvpV_50fmol,0.8333333333333334,m169_GvpW_50fmol,0.20833333333333334,m567_GvpA,10.0,puc19,5.5454803635183385
E18,m167_GvpN_50fmol,0.20833333333333334,m165_GvpJ_50fmol,0.8333333333333334,m166_GvpK_50fmol,0.20833333333333334,m163_GvpF_50fmol,0.20833333333333334,m164_GvpG_50fmol,0.20833333333333334,m168_GvpV_50fmol,0.20833333333333334,m169_GvpW_50fmol,0.20833333333333334,m567_GvpA,10.0,puc19,7.684581257040304
E20,m167_GvpN_50fmol,0.20833333333333334,m165_GvpJ_50fmol,0.8333333333333334,m166_GvpK_50fmol,0.20833333333333334,m163_GvpF_50fmol,0.20833333333333334,m164_GvpG_50fmol,0.20833333333333334,m168_GvpV_50fmol,0.8333333333333334,m169_GvpW_50fmol,0.8333333333333334,m567_GvpA,10.0,puc19,5.410288628596524
E22,m167_GvpN_50fmol,0.20833333333333334,m165_GvpJ_50fmol,0.20833333333333334,m166_GvpK_50fmol,0.8333333333333334,m163_GvpF_50fmol,0.8333333333333334,m164_GvpG_50fmol,0.20833333333333334,m168_GvpV_50fmol,0.20833333333333334,m169_GvpW_50fmol,0.8333333333333334,m567_GvpA,10.0,puc19,5.385623699333677
E24,m167_GvpN_50fmol,0.20833333333333334,m165_GvpJ_50fmol,0.20833333333333334,m166_GvpK_50fmol,0.8333333333333334,m163_GvpF_50fmol,0.8333333333333334,m164_GvpG_50fmol,0.20833333333333334,m168_GvpV_50fmol,0.20833333333333334,m169_GvpW_50fmol,0.20833333333333334,m567_GvpA,10.0,puc19,6.560930847509403
G2,m167_GvpN_50fmol,0.8333333333333334,m165_GvpJ_50fmol,0.8333333333333334,m166_GvpK_50fmol,0.8333333333333334,m163_GvpF_50fmol,0.8333333333333334,m164_GvpG_50fmol,0.8333333333333334,m168_GvpV_50fmol,0.8333333333333334,m169_GvpW_50fmol,0.8333333333333334,m567_GvpA,10.0,puc19,0.7395421654543038
G4,m167_GvpN_50fmol,0.8333333333333334,m165_GvpJ_50fmol,0.8333333333333334,m166_GvpK_50fmol,0.8333333333333334,m163_GvpF_50fmol,0.8333333333333334,m164_GvpG_50fmol,0.8333333333333334,m168_GvpV_50fmol,0.8333333333333334,m169_GvpW_50fmol,0.8333333333333334,m567_GvpA,10.0,puc19,0.7395421654543038
G6,m167_GvpN_50fmol,0.20833333333333334,m165_GvpJ_50fmol,0.8333333333333334,m166_GvpK_50fmol,0.20833333333333334,m163_GvpF_50fmol,0.20833333333333334,m164_GvpG_50fmol,0.20833333333333334,m168_GvpV_50fmol,0.20833333333333334,m169_GvpW_50fmol,0.8333333333333334,m567_GvpA,10.0,puc19,6.509274108864578
G8,m167_GvpN_50fmol,0.20833333333333334,m165_GvpJ_50fmol,0.20833333333333334,m166_GvpK_50fmol,0.8333333333333334,m163_GvpF_50fmol,0.8333333333333334,m164_GvpG_50fmol,0.8333333333333334,m168_GvpV_50fmol,0.20833333333333334,m169_GvpW_50fmol,0.20833333333333334,m567_GvpA,10.0,puc19,5.45589547893159
G10,m167_GvpN_50fmol,0.20833333333333334,m165_GvpJ_50fmol,0.20833333333333334,m166_GvpK_50fmol,0.8333333333333334,m163_GvpF_50fmol,0.20833333333333334,m164_GvpG_50fmol,0.8333333333333334,m168_GvpV_50fmol,0.20833333333333334,m169_GvpW_50fmol,0.8333333333333334,m567_GvpA,10.0,puc19,5.4691586956106715
G12,m167_GvpN_50fmol,0.20833333333333334,m165_GvpJ_50fmol,0.8333333333333334,m166_GvpK_50fmol,0.20833333333333334,m163_GvpF_50fmol,0.8333333333333334,m164_GvpG_50fmol,0.20833333333333334,m168_GvpV_50fmol,0.8333333333333334,m169_GvpW_50fmol,0.20833333333333334,m567_GvpA,10.0,puc19,5.397025411917448
G14,m167_GvpN_50fmol,0.20833333333333334,m165_GvpJ_50fmol,0.20833333333333334,m166_GvpK_50fmol,0.8333333333333334,m163_GvpF_50fmol,0.8333333333333334,m164_GvpG_50fmol,0.20833333333333334,m168_GvpV_50fmol,0.8333333333333334,m169_GvpW_50fmol,0.20833333333333334,m567_GvpA,10.0,puc19,5.4619453672413485
G16,m167_GvpN_50fmol,0.20833333333333334,m165_GvpJ_50fmol,0.20833333333333334,m166_GvpK_50fmol,0.8333333333333334,m163_GvpF_50fmol,0.8333333333333334,m164_GvpG_50fmol,0.20833333333333334,m168_GvpV_50fmol,0.20833333333333334,m169_GvpW_50fmol,0.8333333333333334,m567_GvpA,10.0,puc19,5.385623699333677
G18,m167_GvpN_50fmol,0.20833333333333334,m165_GvpJ_50fmol,0.8333333333333334,m166_GvpK_50fmol,0.20833333333333334,m163_GvpF_50fmol,0.20833333333333334,m164_GvpG_50fmol,0.20833333333333334,m168_GvpV_50fmol,0.8333333333333334,m169_GvpW_50fmol,0.20833333333333334,m567_GvpA,10.0,puc19,6.58559577677225
G20,m167_GvpN_50fmol,0.20833333333333334,m165_GvpJ_50fmol,0.8333333333333334,m166_GvpK_50fmol,0.8333333333333334,m163_GvpF_50fmol,0.20833333333333334,m164_GvpG_50fmol,0.20833333333333334,m168_GvpV_50fmol,0.8333333333333334,m169_GvpW_50fmol,0.20833333333333334,m567_GvpA,10.0,puc19,5.459851175134126
G22,m167_GvpN_50fmol,0.20833333333333334,m165_GvpJ_50fmol,0.8333333333333334,m166_GvpK_50fmol,0.8333333333333334,m163_GvpF_50fmol,0.20833333333333334,m164_GvpG_50fmol,0.20833333333333334,m168_GvpV_50fmol,0.20833333333333334,m169_GvpW_50fmol,0.8333333333333334,m567_GvpA,10.0,puc19,5.383529507226459
G24,m167_GvpN_50fmol,0.20833333333333334,m165_GvpJ_50fmol,0.20833333333333334,m166_GvpK_50fmol,1.6666666666666667,m163_GvpF_50fmol,0.20833333333333334,m164_GvpG_50fmol,0.20833333333333334,m168_GvpV_50fmol,0.20833333333333334,m169_GvpW_50fmol,0.20833333333333334,m567_GvpA,10.0,puc19,6.248508410180043
I2,m167_GvpN_50fmol,0.20833333333333334,m165_GvpJ_50fmol,0.8333333333333334,m166_GvpK_50fmol,0.8333333333333334,m163_GvpF_50fmol,0.20833333333333334,m164_GvpG_50fmol,0.20833333333333334,m168_GvpV_50fmol,0.20833333333333334,m169_GvpW_50fmol,0.20833333333333334,m567_GvpA,10.0,puc19,6.558836655402181
I4,m167_GvpN_50fmol,0.20833333333333334,m165_GvpJ_50fmol,0.20833333333333334,m166_GvpK_50fmol,0.8333333333333334,m163_GvpF_50fmol,0.8333333333333334,m164_GvpG_50fmol,0.8333333333333334,m168_GvpV_50fmol,0.20833333333333334,m169_GvpW_50fmol,0.20833333333333334,m567_GvpA,10.0,puc19,5.45589547893159
I6,m167_GvpN_50fmol,0.20833333333333334,m165_GvpJ_50fmol,0.20833333333333334,m166_GvpK_50fmol,0.8333333333333334,m163_GvpF_50fmol,0.20833333333333334,m164_GvpG_50fmol,0.8333333333333334,m168_GvpV_50fmol,0.8333333333333334,m169_GvpW_50fmol,0.20833333333333334,m567_GvpA,10.0,puc19,5.5454803635183385
I8,m167_GvpN_50fmol,0.20833333333333334,m165_GvpJ_50fmol,0.8333333333333334,m166_GvpK_50fmol,0.20833333333333334,m163_GvpF_50fmol,0.8333333333333334,m164_GvpG_50fmol,0.20833333333333334,m168_GvpV_50fmol,0.20833333333333334,m169_GvpW_50fmol,0.20833333333333334,m567_GvpA,10.0,puc19,6.496010892185502
I10,m167_GvpN_50fmol,0.0,m165_GvpJ_50fmol,0.0,m166_GvpK_50fmol,0.0,m163_GvpF_50fmol,0.0,m164_GvpG_50fmol,0.0,m168_GvpV_50fmol,0.0,m169_GvpW_50fmol,0.0,m567_GvpA,0.0,puc19,28.638524543215535
I12,m167_GvpN_50fmol,0.20833333333333334,m165_GvpJ_50fmol,0.20833333333333334,m166_GvpK_50fmol,0.20833333333333334,m163_GvpF_50fmol,0.20833333333333334,m164_GvpG_50fmol,0.20833333333333334,m168_GvpV_50fmol,0.20833333333333334,m169_GvpW_50fmol,0.20833333333333334,m567_GvpA,10.0,puc19,8.87524581400233
I14,m167_GvpN_50fmol,0.20833333333333334,m165_GvpJ_50fmol,0.20833333333333334,m166_GvpK_50fmol,0.8333333333333334,m163_GvpF_50fmol,0.8333333333333334,m164_GvpG_50fmol,0.8333333333333334,m168_GvpV_50fmol,0.20833333333333334,m169_GvpW_50fmol,0.20833333333333334,m567_GvpA,10.0,puc19,5.45589547893159
I16,m167_GvpN_50fmol,0.20833333333333334,m165_GvpJ_50fmol,0.8333333333333334,m166_GvpK_50fmol,0.20833333333333334,m163_GvpF_50fmol,0.8333333333333334,m164_GvpG_50fmol,0.20833333333333334,m168_GvpV_50fmol,0.8333333333333334,m169_GvpW_50fmol,0.20833333333333334,m567_GvpA,10.0,puc19,5.397025411917448
I18,m167_GvpN_50fmol,0.20833333333333334,m165_GvpJ_50fmol,0.20833333333333334,m166_GvpK_50fmol,1.6666666666666667,m163_GvpF_50fmol,0.20833333333333334,m164_GvpG_50fmol,0.20833333333333334,m168_GvpV_50fmol,0.20833333333333334,m169_GvpW_50fmol,0.20833333333333334,m567_GvpA,10.0,puc19,6.248508410180043
I20,m167_GvpN_50fmol,0.20833333333333334,m165_GvpJ_50fmol,0.20833333333333334,m166_GvpK_50fmol,0.8333333333333334,m163_GvpF_50fmol,0.8333333333333334,m164_GvpG_50fmol,0.8333333333333334,m168_GvpV_50fmol,0.20833333333333334,m169_GvpW_50fmol,0.20833333333333334,m567_GvpA,10.0,puc19,5.45589547893159
I22,m167_GvpN_50fmol,0.20833333333333334,m165_GvpJ_50fmol,0.8333333333333334,m166_GvpK_50fmol,0.20833333333333334,m163_GvpF_50fmol,0.20833333333333334,m164_GvpG_50fmol,0.20833333333333334,m168_GvpV_50fmol,0.8333333333333334,m169_GvpW_50fmol,0.20833333333333334,m567_GvpA,10.0,puc19,6.58559577677225
I24,m167_GvpN_50fmol,0.20833333333333334,m165_GvpJ_50fmol,0.8333333333333334,m166_GvpK_50fmol,0.20833333333333334,m163_GvpF_50fmol,0.20833333333333334,m164_GvpG_50fmol,0.20833333333333334,m168_GvpV_50fmol,0.8333333333333334,m169_GvpW_50fmol,0.20833333333333334,m567_GvpA,10.0,puc19,6.58559577677225
K2,m167_GvpN_50fmol,0.20833333333333334,m165_GvpJ_50fmol,0.8333333333333334,m166_GvpK_50fmol,0.20833333333333334,m163_GvpF_50fmol,0.8333333333333334,m164_GvpG_50fmol,0.20833333333333334,m168_GvpV_50fmol,0.8333333333333334,m169_GvpW_50fmol,0.20833333333333334,m567_GvpA,10.0,puc19,5.397025411917448
K4,m167_GvpN_50fmol,0.20833333333333334,m165_GvpJ_50fmol,0.20833333333333334,m166_GvpK_50fmol,0.8333333333333334,m163_GvpF_50fmol,0.20833333333333334,m164_GvpG_50fmol,0.8333333333333334,m168_GvpV_50fmol,0.20833333333333334,m169_GvpW_50fmol,0.20833333333333334,m567_GvpA,10.0,puc19,6.6444658437863975
K6,m167_GvpN_50fmol,0.20833333333333334,m165_GvpJ_50fmol,0.8333333333333334,m166_GvpK_50fmol,0.20833333333333334,m163_GvpF_50fmol,0.8333333333333334,m164_GvpG_50fmol,0.8333333333333334,m168_GvpV_50fmol,0.20833333333333334,m169_GvpW_50fmol,0.20833333333333334,m567_GvpA,10.0,puc19,5.39097552360769
K8,m167_GvpN_50fmol,0.20833333333333334,m165_GvpJ_50fmol,0.8333333333333334,m166_GvpK_50fmol,0.20833333333333334,m163_GvpF_50fmol,0.20833333333333334,m164_GvpG_50fmol,0.8333333333333334,m168_GvpV_50fmol,0.20833333333333334,m169_GvpW_50fmol,0.8333333333333334,m567_GvpA,10.0,puc19,5.404238740286766
K10,m167_GvpN_50fmol,0.20833333333333334,m165_GvpJ_50fmol,0.8333333333333334,m166_GvpK_50fmol,0.20833333333333334,m163_GvpF_50fmol,0.20833333333333334,m164_GvpG_50fmol,0.20833333333333334,m168_GvpV_50fmol,0.8333333333333334,m169_GvpW_50fmol,0.20833333333333334,m567_GvpA,10.0,puc19,6.58559577677225
K12,m167_GvpN_50fmol,0.20833333333333334,m165_GvpJ_50fmol,0.8333333333333334,m166_GvpK_50fmol,0.20833333333333334,m163_GvpF_50fmol,0.8333333333333334,m164_GvpG_50fmol,0.8333333333333334,m168_GvpV_50fmol,0.20833333333333334,m169_GvpW_50fmol,0.20833333333333334,m567_GvpA,10.0,puc19,5.39097552360769
K14,m167_GvpN_50fmol,0.20833333333333334,m165_GvpJ_50fmol,0.8333333333333334,m166_GvpK_50fmol,0.20833333333333334,m163_GvpF_50fmol,0.8333333333333334,m164_GvpG_50fmol,0.20833333333333334,m168_GvpV_50fmol,0.20833333333333334,m169_GvpW_50fmol,0.20833333333333334,m567_GvpA,10.0,puc19,6.496010892185502
K16,m167_GvpN_50fmol,0.20833333333333334,m165_GvpJ_50fmol,0.20833333333333334,m166_GvpK_50fmol,0.8333333333333334,m163_GvpF_50fmol,0.20833333333333334,m164_GvpG_50fmol,0.8333333333333334,m168_GvpV_50fmol,0.20833333333333334,m169_GvpW_50fmol,0.8333333333333334,m567_GvpA,10.0,puc19,5.4691586956106715
K18,m167_GvpN_50fmol,0.20833333333333334,m165_GvpJ_50fmol,0.20833333333333334,m166_GvpK_50fmol,1.6666666666666667,m163_GvpF_50fmol,0.20833333333333334,m164_GvpG_50fmol,0.20833333333333334,m168_GvpV_50fmol,0.20833333333333334,m169_GvpW_50fmol,0.20833333333333334,m567_GvpA,10.0,puc19,6.248508410180043
K20,m167_GvpN_50fmol,0.20833333333333334,m165_GvpJ_50fmol,0.8333333333333334,m166_GvpK_50fmol,0.20833333333333334,m163_GvpF_50fmol,0.20833333333333334,m164_GvpG_50fmol,0.8333333333333334,m168_GvpV_50fmol,0.20833333333333334,m169_GvpW_50fmol,0.8333333333333334,m567_GvpA,10.0,puc19,5.404238740286766
K22,m167_GvpN_50fmol,0.20833333333333334,m165_GvpJ_50fmol,0.8333333333333334,m166_GvpK_50fmol,0.20833333333333334,m163_GvpF_50fmol,0.20833333333333334,m164_GvpG_50fmol,0.8333333333333334,m168_GvpV_50fmol,0.20833333333333334,m169_GvpW_50fmol,0.20833333333333334,m567_GvpA,10.0,puc19,6.579545888462492
K24,m167_GvpN_50fmol,0.20833333333333334,m165_GvpJ_50fmol,0.8333333333333334,m166_GvpK_50fmol,0.8333333333333334,m163_GvpF_50fmol,0.20833333333333334,m164_GvpG_50fmol,0.20833333333333334,m168_GvpV_50fmol,0.20833333333333334,m169_GvpW_50fmol,0.20833333333333334,m567_GvpA,10.0,puc19,6.558836655402181
M2,m167_GvpN_50fmol,0.20833333333333334,m165_GvpJ_50fmol,0.8333333333333334,m166_GvpK_50fmol,0.20833333333333334,m163_GvpF_50fmol,0.8333333333333334,m164_GvpG_50fmol,0.20833333333333334,m168_GvpV_50fmol,0.20833333333333334,m169_GvpW_50fmol,0.20833333333333334,m567_GvpA,10.0,puc19,6.496010892185502
M4,m167_GvpN_50fmol,0.20833333333333334,m165_GvpJ_50fmol,0.8333333333333334,m166_GvpK_50fmol,0.20833333333333334,m163_GvpF_50fmol,0.20833333333333334,m164_GvpG_50fmol,0.20833333333333334,m168_GvpV_50fmol,0.20833333333333334,m169_GvpW_50fmol,0.20833333333333334,m567_GvpA,10.0,puc19,7.684581257040304
M6,m167_GvpN_50fmol,0.20833333333333334,m165_GvpJ_50fmol,0.8333333333333334,m166_GvpK_50fmol,0.20833333333333334,m163_GvpF_50fmol,0.20833333333333334,m164_GvpG_50fmol,0.20833333333333334,m168_GvpV_50fmol,0.8333333333333334,m169_GvpW_50fmol,0.8333333333333334,m567_GvpA,10.0,puc19,5.410288628596524
M8,m167_GvpN_50fmol,0.20833333333333334,m165_GvpJ_50fmol,0.8333333333333334,m166_GvpK_50fmol,0.20833333333333334,m163_GvpF_50fmol,0.20833333333333334,m164_GvpG_50fmol,0.20833333333333334,m168_GvpV_50fmol,0.20833333333333334,m169_GvpW_50fmol,0.8333333333333334,m567_GvpA,10.0,puc19,6.509274108864578
M10,m167_GvpN_50fmol,0.20833333333333334,m165_GvpJ_50fmol,0.20833333333333334,m166_GvpK_50fmol,0.8333333333333334,m163_GvpF_50fmol,0.20833333333333334,m164_GvpG_50fmol,0.8333333333333334,m168_GvpV_50fmol,0.20833333333333334,m169_GvpW_50fmol,0.8333333333333334,m567_GvpA,10.0,puc19,5.4691586956106715
M12,m167_GvpN_50fmol,0.20833333333333334,m165_GvpJ_50fmol,0.8333333333333334,m166_GvpK_50fmol,0.8333333333333334,m163_GvpF_50fmol,0.20833333333333334,m164_GvpG_50fmol,0.20833333333333334,m168_GvpV_50fmol,0.8333333333333334,m169_GvpW_50fmol,0.20833333333333334,m567_GvpA,10.0,puc19,5.459851175134126
M14,m167_GvpN_50fmol,0.20833333333333334,m165_GvpJ_50fmol,0.8333333333333334,m166_GvpK_50fmol,0.8333333333333334,m163_GvpF_50fmol,0.20833333333333334,m164_GvpG_50fmol,0.20833333333333334,m168_GvpV_50fmol,0.20833333333333334,m169_GvpW_50fmol,0.8333333333333334,m567_GvpA,10.0,puc19,5.383529507226459
M16,m167_GvpN_50fmol,0.20833333333333334,m165_GvpJ_50fmol,0.8333333333333334,m166_GvpK_50fmol,0.20833333333333334,m163_GvpF_50fmol,0.20833333333333334,m164_GvpG_50fmol,0.20833333333333334,m168_GvpV_50fmol,0.20833333333333334,m169_GvpW_50fmol,0.20833333333333334,m567_GvpA,10.0,puc19,7.684581257040304
M18,m167_GvpN_50fmol,0.20833333333333334,m165_GvpJ_50fmol,0.8333333333333334,m166_GvpK_50fmol,0.20833333333333334,m163_GvpF_50fmol,0.8333333333333334,m164_GvpG_50fmol,0.20833333333333334,m168_GvpV_50fmol,0.20833333333333334,m169_GvpW_50fmol,0.8333333333333334,m567_GvpA,10.0,puc19,5.3207037440097755
M20,m167_GvpN_50fmol,0.20833333333333334,m165_GvpJ_50fmol,0.8333333333333334,m166_GvpK_50fmol,0.20833333333333334,m163_GvpF_50fmol,0.8333333333333334,m164_GvpG_50fmol,0.8333333333333334,m168_GvpV_50fmol,0.20833333333333334,m169_GvpW_50fmol,0.20833333333333334,m567_GvpA,10.0,puc19,5.39097552360769
M22,m167_GvpN_50fmol,0.20833333333333334,m165_GvpJ_50fmol,0.8333333333333334,m166_GvpK_50fmol,0.20833333333333334,m163_GvpF_50fmol,0.20833333333333334,m164_GvpG_50fmol,0.8333333333333334,m168_GvpV_50fmol,0.20833333333333334,m169_GvpW_50fmol,0.20833333333333334,m567_GvpA,10.0,puc19,6.579545888462492
M24,m167_GvpN_50fmol,0.20833333333333334,m165_GvpJ_50fmol,0.8333333333333334,m166_GvpK_50fmol,0.20833333333333334,m163_GvpF_50fmol,0.20833333333333334,m164_GvpG_50fmol,0.20833333333333334,m168_GvpV_50fmol,0.20833333333333334,m169_GvpW_50fmol,0.20833333333333334,m567_GvpA,10.0,puc19,7.684581257040304
O2,m167_GvpN_50fmol,0.20833333333333334,m165_GvpJ_50fmol,0.20833333333333334,m166_GvpK_50fmol,0.20833333333333334,m163_GvpF_50fmol,0.20833333333333334,m164_GvpG_50fmol,0.20833333333333334,m168_GvpV_50fmol,0.20833333333333334,m169_GvpW_50fmol,0.20833333333333334,m567_GvpA,10.0,puc19,8.87524581400233
O4,m167_GvpN_50fmol,0.20833333333333334,m165_GvpJ_50fmol,0.20833333333333334,m166_GvpK_50fmol,1.6666666666666667,m163_GvpF_50fmol,0.20833333333333334,m164_GvpG_50fmol,0.20833333333333334,m168_GvpV_50fmol,0.20833333333333334,m169_GvpW_50fmol,0.20833333333333334,m567_GvpA,10.0,puc19,6.248508410180043
O6,m167_GvpN_50fmol,0.20833333333333334,m165_GvpJ_50fmol,0.8333333333333334,m166_GvpK_50fmol,0.20833333333333334,m163_GvpF_50fmol,0.8333333333333334,m164_GvpG_50fmol,0.20833333333333334,m168_GvpV_50fmol,0.20833333333333334,m169_GvpW_50fmol,0.8333333333333334,m567_GvpA,10.0,puc19,5.3207037440097755
O8,m167_GvpN_50fmol,0.20833333333333334,m165_GvpJ_50fmol,0.8333333333333334,m166_GvpK_50fmol,0.20833333333333334,m163_GvpF_50fmol,0.20833333333333334,m164_GvpG_50fmol,0.8333333333333334,m168_GvpV_50fmol,0.8333333333333334,m169_GvpW_50fmol,0.20833333333333334,m567_GvpA,10.0,puc19,5.480560408194438
O10,m167_GvpN_50fmol,0.20833333333333334,m165_GvpJ_50fmol,0.20833333333333334,m166_GvpK_50fmol,0.8333333333333334,m163_GvpF_50fmol,0.8333333333333334,m164_GvpG_50fmol,0.20833333333333334,m168_GvpV_50fmol,0.20833333333333334,m169_GvpW_50fmol,0.8333333333333334,m567_GvpA,10.0,puc19,5.385623699333677
O12,m167_GvpN_50fmol,0.20833333333333334,m165_GvpJ_50fmol,0.8333333333333334,m166_GvpK_50fmol,0.20833333333333334,m163_GvpF_50fmol,0.20833333333333334,m164_GvpG_50fmol,0.8333333333333334,m168_GvpV_50fmol,0.20833333333333334,m169_GvpW_50fmol,0.20833333333333334,m567_GvpA,10.0,puc19,6.579545888462492
O14,m167_GvpN_50fmol,0.20833333333333334,m165_GvpJ_50fmol,0.20833333333333334,m166_GvpK_50fmol,0.8333333333333334,m163_GvpF_50fmol,0.8333333333333334,m164_GvpG_50fmol,0.20833333333333334,m168_GvpV_50fmol,0.20833333333333334,m169_GvpW_50fmol,0.8333333333333334,m567_GvpA,10.0,puc19,5.385623699333677
O16,m167_GvpN_50fmol,0.20833333333333334,m165_GvpJ_50fmol,0.8333333333333334,m166_GvpK_50fmol,0.20833333333333334,m163_GvpF_50fmol,0.20833333333333334,m164_GvpG_50fmol,0.8333333333333334,m168_GvpV_50fmol,0.8333333333333334,m169_GvpW_50fmol,0.20833333333333334,m567_GvpA,10.0,puc19,5.480560408194438
O18,m167_GvpN_50fmol,0.20833333333333334,m165_GvpJ_50fmol,0.20833333333333334,m166_GvpK_50fmol,0.8333333333333334,m163_GvpF_50fmol,0.8333333333333334,m164_GvpG_50fmol,0.20833333333333334,m168_GvpV_50fmol,0.8333333333333334,m169_GvpW_50fmol,0.20833333333333334,m567_GvpA,10.0,puc19,5.4619453672413485
O20,m167_GvpN_50fmol,0.20833333333333334,m165_GvpJ_50fmol,0.8333333333333334,m166_GvpK_50fmol,0.20833333333333334,m163_GvpF_50fmol,0.20833333333333334,m164_GvpG_50fmol,0.8333333333333334,m168_GvpV_50fmol,0.20833333333333334,m169_GvpW_50fmol,0.20833333333333334,m567_GvpA,10.0,puc19,6.579545888462492
O22,m167_GvpN_50fmol,0.20833333333333334,m165_GvpJ_50fmol,0.8333333333333334,m166_GvpK_50fmol,0.20833333333333334,m163_GvpF_50fmol,0.8333333333333334,m164_GvpG_50fmol,0.20833333333333334,m168_GvpV_50fmol,0.20833333333333334,m169_GvpW_50fmol,0.8333333333333334,m567_GvpA,10.0,puc19,5.3207037440097755
O24,m167_GvpN_50fmol,0.20833333333333334,m165_GvpJ_50fmol,0.8333333333333334,m166_GvpK_50fmol,0.20833333333333334,m163_GvpF_50fmol,0.8333333333333334,m164_GvpG_50fmol,0.20833333333333334,m168_GvpV_50fmol,0.8333333333333334,m169_GvpW_50fmol,0.20833333333333334,m567_GvpA,10.0,puc19,5.397025411917448
E16,m167_GvpN_50fmol,0.0,m165_GvpJ_50fmol,0.0,m166_GvpK_50fmol,0.0,m163_GvpF_50fmol,0.0,m164_GvpG_50fmol,0.0,m168_GvpV_50fmol,0.0,m169_GvpW_50fmol,0.0,m567_GvpA,0.0,puc19,28.638524543215535
B1,m167_GvpN_50fmol,0.8333333333333334,m165_GvpJ_50fmol,0.20833333333333334,m166_GvpK_50fmol,0.20833333333333334,m163_GvpF_50fmol,0.20833333333333334,m164_GvpG_50fmol,0.8333333333333334,m168_GvpV_50fmol,0.20833333333333334,m169_GvpW_50fmol,0.20833333333333334,m567_GvpA,10.0,puc19,6.51881431735304
B3,m167_GvpN_50fmol,0.8333333333333334,m165_GvpJ_50fmol,0.20833333333333334,m166_GvpK_50fmol,0.20833333333333334,m163_GvpF_50fmol,0.8333333333333334,m164_GvpG_50fmol,0.20833333333333334,m168_GvpV_50fmol,0.20833333333333334,m169_GvpW_50fmol,0.20833333333333334,m567_GvpA,10.0,puc19,6.435279321076045
B5,m167_GvpN_50fmol,0.8333333333333334,m165_GvpJ_50fmol,0.20833333333333334,m166_GvpK_50fmol,0.20833333333333334,m163_GvpF_50fmol,0.20833333333333334,m164_GvpG_50fmol,0.20833333333333334,m168_GvpV_50fmol,0.20833333333333334,m169_GvpW_50fmol,0.20833333333333334,m567_GvpA,10.0,puc19,7.623849685930848
B7,m167_GvpN_50fmol,0.8333333333333334,m165_GvpJ_50fmol,0.8333333333333334,m166_GvpK_50fmol,0.8333333333333334,m163_GvpF_50fmol,0.8333333333333334,m164_GvpG_50fmol,0.8333333333333334,m168_GvpV_50fmol,0.8333333333333334,m169_GvpW_50fmol,0.8333333333333334,m567_GvpA,10.0,puc19,0.7395421654543038
B9,m167_GvpN_50fmol,0.8333333333333334,m165_GvpJ_50fmol,0.20833333333333334,m166_GvpK_50fmol,0.20833333333333334,m163_GvpF_50fmol,0.20833333333333334,m164_GvpG_50fmol,0.20833333333333334,m168_GvpV_50fmol,0.8333333333333334,m169_GvpW_50fmol,0.8333333333333334,m567_GvpA,10.0,puc19,5.349557057487067
B11,m167_GvpN_50fmol,0.8333333333333334,m165_GvpJ_50fmol,0.20833333333333334,m166_GvpK_50fmol,0.20833333333333334,m163_GvpF_50fmol,0.8333333333333334,m164_GvpG_50fmol,0.8333333333333334,m168_GvpV_50fmol,0.20833333333333334,m169_GvpW_50fmol,0.20833333333333334,m567_GvpA,10.0,puc19,5.330243952498233
B13,m167_GvpN_50fmol,0.20833333333333334,m165_GvpJ_50fmol,0.8333333333333334,m166_GvpK_50fmol,0.8333333333333334,m163_GvpF_50fmol,0.8333333333333334,m164_GvpG_50fmol,0.20833333333333334,m168_GvpV_50fmol,0.20833333333333334,m169_GvpW_50fmol,0.20833333333333334,m567_GvpA,10.0,puc19,5.370266290547378
B15,m167_GvpN_50fmol,0.8333333333333334,m165_GvpJ_50fmol,0.20833333333333334,m166_GvpK_50fmol,0.20833333333333334,m163_GvpF_50fmol,0.20833333333333334,m164_GvpG_50fmol,0.20833333333333334,m168_GvpV_50fmol,0.20833333333333334,m169_GvpW_50fmol,0.20833333333333334,m567_GvpA,10.0,puc19,7.623849685930848
B17,m167_GvpN_50fmol,0.8333333333333334,m165_GvpJ_50fmol,0.20833333333333334,m166_GvpK_50fmol,0.20833333333333334,m163_GvpF_50fmol,0.20833333333333334,m164_GvpG_50fmol,0.20833333333333334,m168_GvpV_50fmol,0.20833333333333334,m169_GvpW_50fmol,0.20833333333333334,m567_GvpA,10.0,puc19,7.623849685930848
B19,m167_GvpN_50fmol,0.20833333333333334,m165_GvpJ_50fmol,0.20833333333333334,m166_GvpK_50fmol,0.20833333333333334,m163_GvpF_50fmol,0.20833333333333334,m164_GvpG_50fmol,0.20833333333333334,m168_GvpV_50fmol,0.20833333333333334,m169_GvpW_50fmol,0.20833333333333334,m567_GvpA,10.0,puc19,8.87524581400233
B21,m167_GvpN_50fmol,0.8333333333333334,m165_GvpJ_50fmol,0.20833333333333334,m166_GvpK_50fmol,0.20833333333333334,m163_GvpF_50fmol,0.8333333333333334,m164_GvpG_50fmol,0.8333333333333334,m168_GvpV_50fmol,0.20833333333333334,m169_GvpW_50fmol,0.20833333333333334,m567_GvpA,10.0,puc19,5.330243952498233
B23,m167_GvpN_50fmol,0.8333333333333334,m165_GvpJ_50fmol,0.20833333333333334,m166_GvpK_50fmol,0.20833333333333334,m163_GvpF_50fmol,0.20833333333333334,m164_GvpG_50fmol,0.20833333333333334,m168_GvpV_50fmol,0.20833333333333334,m169_GvpW_50fmol,0.8333333333333334,m567_GvpA,10.0,puc19,6.448542537755121
D1,m167_GvpN_50fmol,0.8333333333333334,m165_GvpJ_50fmol,0.20833333333333334,m166_GvpK_50fmol,0.20833333333333334,m163_GvpF_50fmol,0.20833333333333334,m164_GvpG_50fmol,0.20833333333333334,m168_GvpV_50fmol,0.8333333333333334,m169_GvpW_50fmol,0.8333333333333334,m567_GvpA,10.0,puc19,5.349557057487067
D3,m167_GvpN_50fmol,0.8333333333333334,m165_GvpJ_50fmol,0.20833333333333334,m166_GvpK_50fmol,0.20833333333333334,m163_GvpF_50fmol,0.8333333333333334,m164_GvpG_50fmol,1.6666666666666667,m168_GvpV_50fmol,0.0,m169_GvpW_50fmol,0.8333333333333334,m567_GvpA,10.0,puc19,3.047884806308114
D5,m167_GvpN_50fmol,0.4166666666666667,m165_GvpJ_50fmol,1.25,m166_GvpK_50fmol,0.10416666666666667,m163_GvpF_50fmol,1.25,m164_GvpG_50fmol,1.25,m168_GvpV_50fmol,0.0,m169_GvpW_50fmol,0.8333333333333334,m567_GvpA,10.0,puc19,2.029642066174087
D7,m167_GvpN_50fmol,0.0,m165_GvpJ_50fmol,0.0,m166_GvpK_50fmol,0.0,m163_GvpF_50fmol,0.0,m164_GvpG_50fmol,0.0,m168_GvpV_50fmol,0.0,m169_GvpW_50fmol,0.0,m567_GvpA,0.0,puc19,28.638524543215535
D9,m167_GvpN_50fmol,0.8333333333333334,m165_GvpJ_50fmol,0.20833333333333334,m166_GvpK_50fmol,0.8333333333333334,m163_GvpF_50fmol,0.20833333333333334,m164_GvpG_50fmol,0.8333333333333334,m168_GvpV_50fmol,0.20833333333333334,m169_GvpW_50fmol,0.20833333333333334,m567_GvpA,10.0,puc19,5.3930697157149154
D11,m167_GvpN_50fmol,0.8333333333333334,m165_GvpJ_50fmol,0.20833333333333334,m166_GvpK_50fmol,0.20833333333333334,m163_GvpF_50fmol,0.20833333333333334,m164_GvpG_50fmol,0.20833333333333334,m168_GvpV_50fmol,0.8333333333333334,m169_GvpW_50fmol,0.20833333333333334,m567_GvpA,10.0,puc19,6.5248642056627935
D13,m167_GvpN_50fmol,0.8333333333333334,m165_GvpJ_50fmol,0.20833333333333334,m166_GvpK_50fmol,0.20833333333333334,m163_GvpF_50fmol,0.8333333333333334,m164_GvpG_50fmol,0.20833333333333334,m168_GvpV_50fmol,0.8333333333333334,m169_GvpW_50fmol,0.20833333333333334,m567_GvpA,10.0,puc19,5.336293840807991
D15,m167_GvpN_50fmol,0.8333333333333334,m165_GvpJ_50fmol,0.20833333333333334,m166_GvpK_50fmol,0.8333333333333334,m163_GvpF_50fmol,0.20833333333333334,m164_GvpG_50fmol,0.20833333333333334,m168_GvpV_50fmol,0.8333333333333334,m169_GvpW_50fmol,0.20833333333333334,m567_GvpA,10.0,puc19,5.399119604024669
D17,m167_GvpN_50fmol,0.8333333333333334,m165_GvpJ_50fmol,0.20833333333333334,m166_GvpK_50fmol,0.8333333333333334,m163_GvpF_50fmol,0.20833333333333334,m164_GvpG_50fmol,0.20833333333333334,m168_GvpV_50fmol,0.20833333333333334,m169_GvpW_50fmol,0.20833333333333334,m567_GvpA,10.0,puc19,6.498105084292724
D19,m167_GvpN_50fmol,0.8333333333333334,m165_GvpJ_50fmol,0.20833333333333334,m166_GvpK_50fmol,0.20833333333333334,m163_GvpF_50fmol,0.20833333333333334,m164_GvpG_50fmol,0.20833333333333334,m168_GvpV_50fmol,0.8333333333333334,m169_GvpW_50fmol,0.8333333333333334,m567_GvpA,10.0,puc19,5.349557057487067
D21,m167_GvpN_50fmol,0.20833333333333334,m165_GvpJ_50fmol,0.8333333333333334,m166_GvpK_50fmol,0.8333333333333334,m163_GvpF_50fmol,0.8333333333333334,m164_GvpG_50fmol,0.20833333333333334,m168_GvpV_50fmol,0.20833333333333334,m169_GvpW_50fmol,0.20833333333333334,m567_GvpA,10.0,puc19,5.370266290547378
D23,m167_GvpN_50fmol,0.8333333333333334,m165_GvpJ_50fmol,0.20833333333333334,m166_GvpK_50fmol,0.20833333333333334,m163_GvpF_50fmol,0.8333333333333334,m164_GvpG_50fmol,1.6666666666666667,m168_GvpV_50fmol,0.0,m169_GvpW_50fmol,0.8333333333333334,m567_GvpA,10.0,puc19,3.047884806308114
F1,m167_GvpN_50fmol,0.8333333333333334,m165_GvpJ_50fmol,0.20833333333333334,m166_GvpK_50fmol,0.20833333333333334,m163_GvpF_50fmol,0.20833333333333334,m164_GvpG_50fmol,0.8333333333333334,m168_GvpV_50fmol,0.20833333333333334,m169_GvpW_50fmol,0.8333333333333334,m567_GvpA,10.0,puc19,5.343507169177314
F3,m167_GvpN_50fmol,0.8333333333333334,m165_GvpJ_50fmol,0.20833333333333334,m166_GvpK_50fmol,0.8333333333333334,m163_GvpF_50fmol,0.20833333333333334,m164_GvpG_50fmol,0.8333333333333334,m168_GvpV_50fmol,0.20833333333333334,m169_GvpW_50fmol,0.20833333333333334,m567_GvpA,10.0,puc19,5.3930697157149154
F5,m167_GvpN_50fmol,0.8333333333333334,m165_GvpJ_50fmol,0.20833333333333334,m166_GvpK_50fmol,0.20833333333333334,m163_GvpF_50fmol,0.8333333333333334,m164_GvpG_50fmol,1.6666666666666667,m168_GvpV_50fmol,0.0,m169_GvpW_50fmol,0.8333333333333334,m567_GvpA,10.0,puc19,3.047884806308114
F7,m167_GvpN_50fmol,0.8333333333333334,m165_GvpJ_50fmol,0.20833333333333334,m166_GvpK_50fmol,0.8333333333333334,m163_GvpF_50fmol,0.20833333333333334,m164_GvpG_50fmol,0.8333333333333334,m168_GvpV_50fmol,0.20833333333333334,m169_GvpW_50fmol,0.20833333333333334,m567_GvpA,10.0,puc19,5.3930697157149154
F9,m167_GvpN_50fmol,0.8333333333333334,m165_GvpJ_50fmol,0.20833333333333334,m166_GvpK_50fmol,0.20833333333333334,m163_GvpF_50fmol,0.8333333333333334,m164_GvpG_50fmol,0.20833333333333334,m168_GvpV_50fmol,0.20833333333333334,m169_GvpW_50fmol,0.20833333333333334,m567_GvpA,10.0,puc19,6.435279321076045
F11,m167_GvpN_50fmol,0.8333333333333334,m165_GvpJ_50fmol,0.20833333333333334,m166_GvpK_50fmol,0.20833333333333334,m163_GvpF_50fmol,0.8333333333333334,m164_GvpG_50fmol,0.20833333333333334,m168_GvpV_50fmol,0.8333333333333334,m169_GvpW_50fmol,0.20833333333333334,m567_GvpA,10.0,puc19,5.336293840807991
F13,m167_GvpN_50fmol,0.8333333333333334,m165_GvpJ_50fmol,0.20833333333333334,m166_GvpK_50fmol,0.8333333333333334,m163_GvpF_50fmol,0.20833333333333334,m164_GvpG_50fmol,0.20833333333333334,m168_GvpV_50fmol,0.20833333333333334,m169_GvpW_50fmol,0.8333333333333334,m567_GvpA,10.0,puc19,5.322797936117002
F17,m167_GvpN_50fmol,0.20833333333333334,m165_GvpJ_50fmol,0.8333333333333334,m166_GvpK_50fmol,0.8333333333333334,m163_GvpF_50fmol,0.8333333333333334,m164_GvpG_50fmol,0.20833333333333334,m168_GvpV_50fmol,0.20833333333333334,m169_GvpW_50fmol,0.20833333333333334,m567_GvpA,10.0,puc19,5.370266290547378
F19,m167_GvpN_50fmol,0.8333333333333334,m165_GvpJ_50fmol,0.20833333333333334,m166_GvpK_50fmol,0.8333333333333334,m163_GvpF_50fmol,0.20833333333333334,m164_GvpG_50fmol,0.20833333333333334,m168_GvpV_50fmol,0.8333333333333334,m169_GvpW_50fmol,0.20833333333333334,m567_GvpA,10.0,puc19,5.399119604024669
F21,m167_GvpN_50fmol,0.8333333333333334,m165_GvpJ_50fmol,0.20833333333333334,m166_GvpK_50fmol,0.20833333333333334,m163_GvpF_50fmol,0.8333333333333334,m164_GvpG_50fmol,0.20833333333333334,m168_GvpV_50fmol,0.20833333333333334,m169_GvpW_50fmol,0.8333333333333334,m567_GvpA,10.0,puc19,5.259972172900319
F23,m167_GvpN_50fmol,0.20833333333333334,m165_GvpJ_50fmol,0.8333333333333334,m166_GvpK_50fmol,0.8333333333333334,m163_GvpF_50fmol,0.20833333333333334,m164_GvpG_50fmol,0.8333333333333334,m168_GvpV_50fmol,0.20833333333333334,m169_GvpW_50fmol,0.20833333333333334,m567_GvpA,10.0,puc19,5.453801286824373
H1,m167_GvpN_50fmol,0.8333333333333334,m165_GvpJ_50fmol,0.20833333333333334,m166_GvpK_50fmol,0.20833333333333334,m163_GvpF_50fmol,0.20833333333333334,m164_GvpG_50fmol,0.8333333333333334,m168_GvpV_50fmol,0.8333333333333334,m169_GvpW_50fmol,0.20833333333333334,m567_GvpA,10.0,puc19,5.419828837084981
H3,m167_GvpN_50fmol,0.8333333333333334,m165_GvpJ_50fmol,0.20833333333333334,m166_GvpK_50fmol,0.20833333333333334,m163_GvpF_50fmol,0.20833333333333334,m164_GvpG_50fmol,0.20833333333333334,m168_GvpV_50fmol,0.20833333333333334,m169_GvpW_50fmol,0.20833333333333334,m567_GvpA,10.0,puc19,7.623849685930848
H5,m167_GvpN_50fmol,0.20833333333333334,m165_GvpJ_50fmol,0.20833333333333334,m166_GvpK_50fmol,0.20833333333333334,m163_GvpF_50fmol,0.20833333333333334,m164_GvpG_50fmol,0.20833333333333334,m168_GvpV_50fmol,0.20833333333333334,m169_GvpW_50fmol,0.20833333333333334,m567_GvpA,10.0,puc19,8.87524581400233
H7,m167_GvpN_50fmol,0.8333333333333334,m165_GvpJ_50fmol,0.20833333333333334,m166_GvpK_50fmol,0.20833333333333334,m163_GvpF_50fmol,0.20833333333333334,m164_GvpG_50fmol,0.20833333333333334,m168_GvpV_50fmol,0.8333333333333334,m169_GvpW_50fmol,0.20833333333333334,m567_GvpA,10.0,puc19,6.5248642056627935
H9,m167_GvpN_50fmol,0.8333333333333334,m165_GvpJ_50fmol,0.20833333333333334,m166_GvpK_50fmol,0.20833333333333334,m163_GvpF_50fmol,0.8333333333333334,m164_GvpG_50fmol,0.20833333333333334,m168_GvpV_50fmol,0.20833333333333334,m169_GvpW_50fmol,0.20833333333333334,m567_GvpA,10.0,puc19,6.435279321076045
H11,m167_GvpN_50fmol,0.8333333333333334,m165_GvpJ_50fmol,0.20833333333333334,m166_GvpK_50fmol,0.8333333333333334,m163_GvpF_50fmol,0.20833333333333334,m164_GvpG_50fmol,0.20833333333333334,m168_GvpV_50fmol,0.8333333333333334,m169_GvpW_50fmol,0.20833333333333334,m567_GvpA,10.0,puc19,5.399119604024669
H13,m167_GvpN_50fmol,0.8333333333333334,m165_GvpJ_50fmol,0.20833333333333334,m166_GvpK_50fmol,0.20833333333333334,m163_GvpF_50fmol,0.20833333333333334,m164_GvpG_50fmol,0.8333333333333334,m168_GvpV_50fmol,0.20833333333333334,m169_GvpW_50fmol,0.20833333333333334,m567_GvpA,10.0,puc19,6.51881431735304
H15,m167_GvpN_50fmol,0.8333333333333334,m165_GvpJ_50fmol,0.20833333333333334,m166_GvpK_50fmol,0.20833333333333334,m163_GvpF_50fmol,0.20833333333333334,m164_GvpG_50fmol,0.20833333333333334,m168_GvpV_50fmol,0.20833333333333334,m169_GvpW_50fmol,0.8333333333333334,m567_GvpA,10.0,puc19,6.448542537755121
H17,m167_GvpN_50fmol,0.20833333333333334,m165_GvpJ_50fmol,1.6666666666666667,m166_GvpK_50fmol,0.20833333333333334,m163_GvpF_50fmol,0.20833333333333334,m164_GvpG_50fmol,0.20833333333333334,m168_GvpV_50fmol,0.20833333333333334,m169_GvpW_50fmol,0.20833333333333334,m567_GvpA,10.0,puc19,6.097028514424269
H19,m167_GvpN_50fmol,0.8333333333333334,m165_GvpJ_50fmol,0.20833333333333334,m166_GvpK_50fmol,0.20833333333333334,m163_GvpF_50fmol,0.20833333333333334,m164_GvpG_50fmol,0.8333333333333334,m168_GvpV_50fmol,0.20833333333333334,m169_GvpW_50fmol,0.8333333333333334,m567_GvpA,10.0,puc19,5.343507169177314
H21,m167_GvpN_50fmol,0.4166666666666667,m165_GvpJ_50fmol,1.25,m166_GvpK_50fmol,0.10416666666666667,m163_GvpF_50fmol,1.25,m164_GvpG_50fmol,1.25,m168_GvpV_50fmol,0.0,m169_GvpW_50fmol,0.8333333333333334,m567_GvpA,10.0,puc19,2.029642066174087
H23,m167_GvpN_50fmol,0.20833333333333334,m165_GvpJ_50fmol,1.6666666666666667,m166_GvpK_50fmol,0.20833333333333334,m163_GvpF_50fmol,0.20833333333333334,m164_GvpG_50fmol,0.20833333333333334,m168_GvpV_50fmol,0.20833333333333334,m169_GvpW_50fmol,0.20833333333333334,m567_GvpA,10.0,puc19,6.097028514424269
J1,m167_GvpN_50fmol,0.8333333333333334,m165_GvpJ_50fmol,0.20833333333333334,m166_GvpK_50fmol,0.20833333333333334,m163_GvpF_50fmol,0.20833333333333334,m164_GvpG_50fmol,0.8333333333333334,m168_GvpV_50fmol,0.20833333333333334,m169_GvpW_50fmol,0.20833333333333334,m567_GvpA,10.0,puc19,6.51881431735304
J3,m167_GvpN_50fmol,0.0,m165_GvpJ_50fmol,0.8333333333333334,m166_GvpK_50fmol,0.8333333333333334,m163_GvpF_50fmol,0.8333333333333334,m164_GvpG_50fmol,0.8333333333333334,m168_GvpV_50fmol,0.8333333333333334,m169_GvpW_50fmol,0.8333333333333334,m567_GvpA,10.0,puc19,2.408070336216279
J5,m167_GvpN_50fmol,0.8333333333333334,m165_GvpJ_50fmol,0.20833333333333334,m166_GvpK_50fmol,0.8333333333333334,m163_GvpF_50fmol,0.20833333333333334,m164_GvpG_50fmol,0.20833333333333334,m168_GvpV_50fmol,0.20833333333333334,m169_GvpW_50fmol,0.20833333333333334,m567_GvpA,10.0,puc19,6.498105084292724
J7,m167_GvpN_50fmol,0.8333333333333334,m165_GvpJ_50fmol,0.20833333333333334,m166_GvpK_50fmol,0.20833333333333334,m163_GvpF_50fmol,0.20833333333333334,m164_GvpG_50fmol,0.8333333333333334,m168_GvpV_50fmol,0.20833333333333334,m169_GvpW_50fmol,0.8333333333333334,m567_GvpA,10.0,puc19,5.343507169177314
J9,m167_GvpN_50fmol,0.20833333333333334,m165_GvpJ_50fmol,0.8333333333333334,m166_GvpK_50fmol,0.8333333333333334,m163_GvpF_50fmol,0.8333333333333334,m164_GvpG_50fmol,0.20833333333333334,m168_GvpV_50fmol,0.20833333333333334,m169_GvpW_50fmol,0.20833333333333334,m567_GvpA,10.0,puc19,5.370266290547378
J11,m167_GvpN_50fmol,0.20833333333333334,m165_GvpJ_50fmol,0.8333333333333334,m166_GvpK_50fmol,0.8333333333333334,m163_GvpF_50fmol,0.8333333333333334,m164_GvpG_50fmol,0.8333333333333334,m168_GvpV_50fmol,0.8333333333333334,m169_GvpW_50fmol,0.8333333333333334,m567_GvpA,10.0,puc19,1.9909382935257853
J13,m167_GvpN_50fmol,0.8333333333333334,m165_GvpJ_50fmol,0.20833333333333334,m166_GvpK_50fmol,0.20833333333333334,m163_GvpF_50fmol,0.20833333333333334,m164_GvpG_50fmol,0.20833333333333334,m168_GvpV_50fmol,0.8333333333333334,m169_GvpW_50fmol,0.20833333333333334,m567_GvpA,10.0,puc19,6.5248642056627935
J15,m167_GvpN_50fmol,0.8333333333333334,m165_GvpJ_50fmol,0.20833333333333334,m166_GvpK_50fmol,0.8333333333333334,m163_GvpF_50fmol,0.20833333333333334,m164_GvpG_50fmol,0.20833333333333334,m168_GvpV_50fmol,0.20833333333333334,m169_GvpW_50fmol,0.8333333333333334,m567_GvpA,10.0,puc19,5.322797936117002
J17,m167_GvpN_50fmol,0.8333333333333334,m165_GvpJ_50fmol,0.20833333333333334,m166_GvpK_50fmol,0.20833333333333334,m163_GvpF_50fmol,0.20833333333333334,m164_GvpG_50fmol,0.8333333333333334,m168_GvpV_50fmol,0.20833333333333334,m169_GvpW_50fmol,0.20833333333333334,m567_GvpA,10.0,puc19,6.51881431735304
J19,m167_GvpN_50fmol,0.20833333333333334,m165_GvpJ_50fmol,0.8333333333333334,m166_GvpK_50fmol,0.8333333333333334,m163_GvpF_50fmol,0.8333333333333334,m164_GvpG_50fmol,0.8333333333333334,m168_GvpV_50fmol,0.8333333333333334,m169_GvpW_50fmol,0.8333333333333334,m567_GvpA,10.0,puc19,1.9909382935257853
J21,m167_GvpN_50fmol,0.8333333333333334,m165_GvpJ_50fmol,0.20833333333333334,m166_GvpK_50fmol,0.20833333333333334,m163_GvpF_50fmol,0.20833333333333334,m164_GvpG_50fmol,0.8333333333333334,m168_GvpV_50fmol,0.8333333333333334,m169_GvpW_50fmol,0.20833333333333334,m567_GvpA,10.0,puc19,5.419828837084981
J23,m167_GvpN_50fmol,0.8333333333333334,m165_GvpJ_50fmol,0.20833333333333334,m166_GvpK_50fmol,0.20833333333333334,m163_GvpF_50fmol,0.8333333333333334,m164_GvpG_50fmol,0.20833333333333334,m168_GvpV_50fmol,0.20833333333333334,m169_GvpW_50fmol,0.8333333333333334,m567_GvpA,10.0,puc19,5.259972172900319
L1,m167_GvpN_50fmol,0.20833333333333334,m165_GvpJ_50fmol,0.8333333333333334,m166_GvpK_50fmol,0.8333333333333334,m163_GvpF_50fmol,0.8333333333333334,m164_GvpG_50fmol,0.8333333333333334,m168_GvpV_50fmol,0.8333333333333334,m169_GvpW_50fmol,0.8333333333333334,m567_GvpA,10.0,puc19,1.9909382935257853
L3,m167_GvpN_50fmol,0.8333333333333334,m165_GvpJ_50fmol,0.20833333333333334,m166_GvpK_50fmol,0.20833333333333334,m163_GvpF_50fmol,0.8333333333333334,m164_GvpG_50fmol,0.8333333333333334,m168_GvpV_50fmol,0.20833333333333334,m169_GvpW_50fmol,0.20833333333333334,m567_GvpA,10.0,puc19,5.330243952498233
L5,m167_GvpN_50fmol,0.20833333333333334,m165_GvpJ_50fmol,0.20833333333333334,m166_GvpK_50fmol,0.20833333333333334,m163_GvpF_50fmol,0.20833333333333334,m164_GvpG_50fmol,0.20833333333333334,m168_GvpV_50fmol,0.20833333333333334,m169_GvpW_50fmol,0.20833333333333334,m567_GvpA,10.0,puc19,8.87524581400233
L7,m167_GvpN_50fmol,0.20833333333333334,m165_GvpJ_50fmol,0.8333333333333334,m166_GvpK_50fmol,0.8333333333333334,m163_GvpF_50fmol,0.8333333333333334,m164_GvpG_50fmol,0.8333333333333334,m168_GvpV_50fmol,0.8333333333333334,m169_GvpW_50fmol,0.8333333333333334,m567_GvpA,10.0,puc19,1.9909382935257853
L9,m167_GvpN_50fmol,0.20833333333333334,m165_GvpJ_50fmol,0.8333333333333334,m166_GvpK_50fmol,0.8333333333333334,m163_GvpF_50fmol,0.20833333333333334,m164_GvpG_50fmol,0.8333333333333334,m168_GvpV_50fmol,0.20833333333333334,m169_GvpW_50fmol,0.20833333333333334,m567_GvpA,10.0,puc19,5.453801286824373
L11,m167_GvpN_50fmol,0.20833333333333334,m165_GvpJ_50fmol,1.6666666666666667,m166_GvpK_50fmol,0.20833333333333334,m163_GvpF_50fmol,0.20833333333333334,m164_GvpG_50fmol,0.20833333333333334,m168_GvpV_50fmol,0.20833333333333334,m169_GvpW_50fmol,0.20833333333333334,m567_GvpA,10.0,puc19,6.097028514424269
L13,m167_GvpN_50fmol,0.8333333333333334,m165_GvpJ_50fmol,0.20833333333333334,m166_GvpK_50fmol,0.20833333333333334,m163_GvpF_50fmol,0.8333333333333334,m164_GvpG_50fmol,0.20833333333333334,m168_GvpV_50fmol,0.8333333333333334,m169_GvpW_50fmol,0.20833333333333334,m567_GvpA,10.0,puc19,5.336293840807991
L15,m167_GvpN_50fmol,0.8333333333333334,m165_GvpJ_50fmol,0.20833333333333334,m166_GvpK_50fmol,0.8333333333333334,m163_GvpF_50fmol,0.20833333333333334,m164_GvpG_50fmol,0.20833333333333334,m168_GvpV_50fmol,0.8333333333333334,m169_GvpW_50fmol,0.20833333333333334,m567_GvpA,10.0,puc19,5.399119604024669
L17,m167_GvpN_50fmol,0.8333333333333334,m165_GvpJ_50fmol,0.20833333333333334,m166_GvpK_50fmol,0.20833333333333334,m163_GvpF_50fmol,0.20833333333333334,m164_GvpG_50fmol,0.20833333333333334,m168_GvpV_50fmol,0.20833333333333334,m169_GvpW_50fmol,0.8333333333333334,m567_GvpA,10.0,puc19,6.448542537755121
L19,m167_GvpN_50fmol,0.8333333333333334,m165_GvpJ_50fmol,0.20833333333333334,m166_GvpK_50fmol,0.8333333333333334,m163_GvpF_50fmol,0.20833333333333334,m164_GvpG_50fmol,0.20833333333333334,m168_GvpV_50fmol,0.20833333333333334,m169_GvpW_50fmol,0.8333333333333334,m567_GvpA,10.0,puc19,5.322797936117002
L21,m167_GvpN_50fmol,0.8333333333333334,m165_GvpJ_50fmol,0.20833333333333334,m166_GvpK_50fmol,0.20833333333333334,m163_GvpF_50fmol,0.20833333333333334,m164_GvpG_50fmol,0.8333333333333334,m168_GvpV_50fmol,0.8333333333333334,m169_GvpW_50fmol,0.20833333333333334,m567_GvpA,10.0,puc19,5.419828837084981
L23,m167_GvpN_50fmol,0.8333333333333334,m165_GvpJ_50fmol,0.20833333333333334,m166_GvpK_50fmol,0.20833333333333334,m163_GvpF_50fmol,0.20833333333333334,m164_GvpG_50fmol,0.8333333333333334,m168_GvpV_50fmol,0.8333333333333334,m169_GvpW_50fmol,0.20833333333333334,m567_GvpA,10.0,puc19,5.419828837084981
N1,m167_GvpN_50fmol,0.4166666666666667,m165_GvpJ_50fmol,1.25,m166_GvpK_50fmol,0.10416666666666667,m163_GvpF_50fmol,1.25,m164_GvpG_50fmol,1.25,m168_GvpV_50fmol,0.0,m169_GvpW_50fmol,0.8333333333333334,m567_GvpA,10.0,puc19,2.029642066174087
N3,m167_GvpN_50fmol,0.8333333333333334,m165_GvpJ_50fmol,0.20833333333333334,m166_GvpK_50fmol,0.20833333333333334,m163_GvpF_50fmol,0.8333333333333334,m164_GvpG_50fmol,0.20833333333333334,m168_GvpV_50fmol,0.8333333333333334,m169_GvpW_50fmol,0.20833333333333334,m567_GvpA,10.0,puc19,5.336293840807991
N5,m167_GvpN_50fmol,0.8333333333333334,m165_GvpJ_50fmol,0.20833333333333334,m166_GvpK_50fmol,0.8333333333333334,m163_GvpF_50fmol,0.20833333333333334,m164_GvpG_50fmol,0.20833333333333334,m168_GvpV_50fmol,0.20833333333333334,m169_GvpW_50fmol,0.20833333333333334,m567_GvpA,10.0,puc19,6.498105084292724
N7,m167_GvpN_50fmol,0.4166666666666667,m165_GvpJ_50fmol,1.25,m166_GvpK_50fmol,0.10416666666666667,m163_GvpF_50fmol,1.25,m164_GvpG_50fmol,1.25,m168_GvpV_50fmol,0.0,m169_GvpW_50fmol,0.8333333333333334,m567_GvpA,10.0,puc19,2.029642066174087
N9,m167_GvpN_50fmol,0.8333333333333334,m165_GvpJ_50fmol,0.20833333333333334,m166_GvpK_50fmol,0.20833333333333334,m163_GvpF_50fmol,0.20833333333333334,m164_GvpG_50fmol,0.20833333333333334,m168_GvpV_50fmol,0.20833333333333334,m169_GvpW_50fmol,0.8333333333333334,m567_GvpA,10.0,puc19,6.448542537755121
N11,m167_GvpN_50fmol,0.8333333333333334,m165_GvpJ_50fmol,0.20833333333333334,m166_GvpK_50fmol,0.8333333333333334,m163_GvpF_50fmol,0.20833333333333334,m164_GvpG_50fmol,0.20833333333333334,m168_GvpV_50fmol,0.20833333333333334,m169_GvpW_50fmol,0.8333333333333334,m567_GvpA,10.0,puc19,5.322797936117002
N13,m167_GvpN_50fmol,0.8333333333333334,m165_GvpJ_50fmol,0.20833333333333334,m166_GvpK_50fmol,0.8333333333333334,m163_GvpF_50fmol,0.20833333333333334,m164_GvpG_50fmol,0.20833333333333334,m168_GvpV_50fmol,0.20833333333333334,m169_GvpW_50fmol,0.20833333333333334,m567_GvpA,10.0,puc19,6.498105084292724
N15,m167_GvpN_50fmol,0.8333333333333334,m165_GvpJ_50fmol,0.20833333333333334,m166_GvpK_50fmol,0.20833333333333334,m163_GvpF_50fmol,0.20833333333333334,m164_GvpG_50fmol,0.20833333333333334,m168_GvpV_50fmol,0.8333333333333334,m169_GvpW_50fmol,0.8333333333333334,m567_GvpA,10.0,puc19,5.349557057487067
N17,m167_GvpN_50fmol,0.20833333333333334,m165_GvpJ_50fmol,1.6666666666666667,m166_GvpK_50fmol,0.20833333333333334,m163_GvpF_50fmol,0.20833333333333334,m164_GvpG_50fmol,0.20833333333333334,m168_GvpV_50fmol,0.20833333333333334,m169_GvpW_50fmol,0.20833333333333334,m567_GvpA,10.0,puc19,6.097028514424269
N19,m167_GvpN_50fmol,0.20833333333333334,m165_GvpJ_50fmol,0.8333333333333334,m166_GvpK_50fmol,0.8333333333333334,m163_GvpF_50fmol,0.20833333333333334,m164_GvpG_50fmol,0.8333333333333334,m168_GvpV_50fmol,0.20833333333333334,m169_GvpW_50fmol,0.20833333333333334,m567_GvpA,10.0,puc19,5.453801286824373
N21,m167_GvpN_50fmol,0.8333333333333334,m165_GvpJ_50fmol,0.20833333333333334,m166_GvpK_50fmol,0.20833333333333334,m163_GvpF_50fmol,0.8333333333333334,m164_GvpG_50fmol,0.20833333333333334,m168_GvpV_50fmol,0.20833333333333334,m169_GvpW_50fmol,0.8333333333333334,m567_GvpA,10.0,puc19,5.259972172900319
N23,m167_GvpN_50fmol,0.8333333333333334,m165_GvpJ_50fmol,0.8333333333333334,m166_GvpK_50fmol,0.8333333333333334,m163_GvpF_50fmol,0.8333333333333334,m164_GvpG_50fmol,0.8333333333333334,m168_GvpV_50fmol,0.8333333333333334,m169_GvpW_50fmol,0.8333333333333334,m567_GvpA,10.0,puc19,0.7395421654543038
P1,m167_GvpN_50fmol,0.8333333333333334,m165_GvpJ_50fmol,0.20833333333333334,m166_GvpK_50fmol,0.20833333333333334,m163_GvpF_50fmol,0.8333333333333334,m164_GvpG_50fmol,1.6666666666666667,m168_GvpV_50fmol,0.0,m169_GvpW_50fmol,0.8333333333333334,m567_GvpA,10.0,puc19,3.047884806308114
P3,m167_GvpN_50fmol,0.8333333333333334,m165_GvpJ_50fmol,0.20833333333333334,m166_GvpK_50fmol,0.20833333333333334,m163_GvpF_50fmol,0.8333333333333334,m164_GvpG_50fmol,0.8333333333333334,m168_GvpV_50fmol,0.20833333333333334,m169_GvpW_50fmol,0.20833333333333334,m567_GvpA,10.0,puc19,5.330243952498233
P5,m167_GvpN_50fmol,0.0,m165_GvpJ_50fmol,0.8333333333333334,m166_GvpK_50fmol,0.8333333333333334,m163_GvpF_50fmol,0.8333333333333334,m164_GvpG_50fmol,0.8333333333333334,m168_GvpV_50fmol,0.8333333333333334,m169_GvpW_50fmol,0.8333333333333334,m567_GvpA,10.0,puc19,2.408070336216279
P7,m167_GvpN_50fmol,0.8333333333333334,m165_GvpJ_50fmol,0.20833333333333334,m166_GvpK_50fmol,0.20833333333333334,m163_GvpF_50fmol,0.8333333333333334,m164_GvpG_50fmol,0.20833333333333334,m168_GvpV_50fmol,0.20833333333333334,m169_GvpW_50fmol,0.20833333333333334,m567_GvpA,10.0,puc19,6.435279321076045
P9,m167_GvpN_50fmol,0.0,m165_GvpJ_50fmol,0.8333333333333334,m166_GvpK_50fmol,0.8333333333333334,m163_GvpF_50fmol,0.8333333333333334,m164_GvpG_50fmol,0.8333333333333334,m168_GvpV_50fmol,0.8333333333333334,m169_GvpW_50fmol,0.8333333333333334,m567_GvpA,10.0,puc19,2.408070336216279
P11,m167_GvpN_50fmol,0.8333333333333334,m165_GvpJ_50fmol,0.8333333333333334,m166_GvpK_50fmol,0.8333333333333334,m163_GvpF_50fmol,0.8333333333333334,m164_GvpG_50fmol,0.8333333333333334,m168_GvpV_50fmol,0.8333333333333334,m169_GvpW_50fmol,0.8333333333333334,m567_GvpA,10.0,puc19,0.7395421654543038
P13,m167_GvpN_50fmol,0.8333333333333334,m165_GvpJ_50fmol,0.20833333333333334,m166_GvpK_50fmol,0.8333333333333334,m163_GvpF_50fmol,0.20833333333333334,m164_GvpG_50fmol,0.8333333333333334,m168_GvpV_50fmol,0.20833333333333334,m169_GvpW_50fmol,0.20833333333333334,m567_GvpA,10.0,puc19,5.3930697157149154
P15,m167_GvpN_50fmol,0.20833333333333334,m165_GvpJ_50fmol,0.8333333333333334,m166_GvpK_50fmol,0.8333333333333334,m163_GvpF_50fmol,0.20833333333333334,m164_GvpG_50fmol,0.8333333333333334,m168_GvpV_50fmol,0.20833333333333334,m169_GvpW_50fmol,0.20833333333333334,m567_GvpA,10.0,puc19,5.453801286824373
P17,m167_GvpN_50fmol,0.8333333333333334,m165_GvpJ_50fmol,0.20833333333333334,m166_GvpK_50fmol,0.20833333333333334,m163_GvpF_50fmol,0.8333333333333334,m164_GvpG_50fmol,0.20833333333333334,m168_GvpV_50fmol,0.20833333333333334,m169_GvpW_50fmol,0.8333333333333334,m567_GvpA,10.0,puc19,5.259972172900319
P19,m167_GvpN_50fmol,0.8333333333333334,m165_GvpJ_50fmol,0.20833333333333334,m166_GvpK_50fmol,0.20833333333333334,m163_GvpF_50fmol,0.20833333333333334,m164_GvpG_50fmol,0.8333333333333334,m168_GvpV_50fmol,0.20833333333333334,m169_GvpW_50fmol,0.8333333333333334,m567_GvpA,10.0,puc19,5.343507169177314
P21,m167_GvpN_50fmol,0.8333333333333334,m165_GvpJ_50fmol,0.20833333333333334,m166_GvpK_50fmol,0.20833333333333334,m163_GvpF_50fmol,0.20833333333333334,m164_GvpG_50fmol,0.20833333333333334,m168_GvpV_50fmol,0.8333333333333334,m169_GvpW_50fmol,0.20833333333333334,m567_GvpA,10.0,puc19,6.5248642056627935
P23,m167_GvpN_50fmol,0.0,m165_GvpJ_50fmol,0.8333333333333334,m166_GvpK_50fmol,0.8333333333333334,m163_GvpF_50fmol,0.8333333333333334,m164_GvpG_50fmol,0.8333333333333334,m168_GvpV_50fmol,0.8333333333333334,m169_GvpW_50fmol,0.8333333333333334,m567_GvpA,10.0,puc19,2.408070336216279
F15,m167_GvpN_50fmol,0.0,m165_GvpJ_50fmol,0.0,m166_GvpK_50fmol,0.0,m163_GvpF_50fmol,0.0,m164_GvpG_50fmol,0.0,m168_GvpV_50fmol,0.0,m169_GvpW_50fmol,0.0,m567_GvpA,0.0,puc19,28.638524543215535
B2,m167_GvpN_50fmol,0.8333333333333334,m165_GvpJ_50fmol,0.20833333333333334,m166_GvpK_50fmol,0.8333333333333334,m163_GvpF_50fmol,0.8333333333333334,m164_GvpG_50fmol,0.20833333333333334,m168_GvpV_50fmol,0.20833333333333334,m169_GvpW_50fmol,0.20833333333333334,m567_GvpA,10.0,puc19,5.309534719437921
B4,m167_GvpN_50fmol,0.8333333333333334,m165_GvpJ_50fmol,0.20833333333333334,m166_GvpK_50fmol,0.8333333333333334,m163_GvpF_50fmol,0.8333333333333334,m164_GvpG_50fmol,0.20833333333333334,m168_GvpV_50fmol,0.20833333333333334,m169_GvpW_50fmol,0.20833333333333334,m567_GvpA,10.0,puc19,5.309534719437921
B6,m167_GvpN_50fmol,0.8333333333333334,m165_GvpJ_50fmol,0.8333333333333334,m166_GvpK_50fmol,0.8333333333333334,m163_GvpF_50fmol,0.8333333333333334,m164_GvpG_50fmol,0.8333333333333334,m168_GvpV_50fmol,0.20833333333333334,m169_GvpW_50fmol,0.8333333333333334,m567_GvpA,10.0,puc19,1.8385276457223583
B8,m167_GvpN_50fmol,0.8333333333333334,m165_GvpJ_50fmol,0.8333333333333334,m166_GvpK_50fmol,0.8333333333333334,m163_GvpF_50fmol,0.20833333333333334,m164_GvpG_50fmol,0.8333333333333334,m168_GvpV_50fmol,0.8333333333333334,m169_GvpW_50fmol,0.8333333333333334,m567_GvpA,10.0,puc19,1.9281125303091065
B10,m167_GvpN_50fmol,0.8333333333333334,m165_GvpJ_50fmol,0.8333333333333334,m166_GvpK_50fmol,0.8333333333333334,m163_GvpF_50fmol,0.8333333333333334,m164_GvpG_50fmol,0.8333333333333334,m168_GvpV_50fmol,0.0,m169_GvpW_50fmol,0.8333333333333334,m567_GvpA,10.0,puc19,2.2048561391450434
B12,m167_GvpN_50fmol,0.8333333333333334,m165_GvpJ_50fmol,0.8333333333333334,m166_GvpK_50fmol,0.8333333333333334,m163_GvpF_50fmol,0.8333333333333334,m164_GvpG_50fmol,0.8333333333333334,m168_GvpV_50fmol,0.8333333333333334,m169_GvpW_50fmol,0.0,m567_GvpA,10.0,puc19,2.306618363021936
B14,m167_GvpN_50fmol,0.8333333333333334,m165_GvpJ_50fmol,0.8333333333333334,m166_GvpK_50fmol,0.8333333333333334,m163_GvpF_50fmol,0.8333333333333334,m164_GvpG_50fmol,0.8333333333333334,m168_GvpV_50fmol,0.20833333333333334,m169_GvpW_50fmol,0.8333333333333334,m567_GvpA,10.0,puc19,1.8385276457223583
B16,m167_GvpN_50fmol,0.8333333333333334,m165_GvpJ_50fmol,0.20833333333333334,m166_GvpK_50fmol,0.8333333333333334,m163_GvpF_50fmol,0.8333333333333334,m164_GvpG_50fmol,0.20833333333333334,m168_GvpV_50fmol,0.20833333333333334,m169_GvpW_50fmol,0.20833333333333334,m567_GvpA,10.0,puc19,5.309534719437921
B18,m167_GvpN_50fmol,0.8333333333333334,m165_GvpJ_50fmol,0.8333333333333334,m166_GvpK_50fmol,0.20833333333333334,m163_GvpF_50fmol,0.8333333333333334,m164_GvpG_50fmol,0.20833333333333334,m168_GvpV_50fmol,0.20833333333333334,m169_GvpW_50fmol,0.20833333333333334,m567_GvpA,10.0,puc19,5.24461476411402
B20,m167_GvpN_50fmol,0.8333333333333334,m165_GvpJ_50fmol,0.8333333333333334,m166_GvpK_50fmol,0.20833333333333334,m163_GvpF_50fmol,0.8333333333333334,m164_GvpG_50fmol,0.8333333333333334,m168_GvpV_50fmol,0.8333333333333334,m169_GvpW_50fmol,0.8333333333333334,m567_GvpA,10.0,puc19,1.8652867670924276
B22,m167_GvpN_50fmol,0.8333333333333334,m165_GvpJ_50fmol,0.8333333333333334,m166_GvpK_50fmol,0.0,m163_GvpF_50fmol,0.8333333333333334,m164_GvpG_50fmol,0.8333333333333334,m168_GvpV_50fmol,0.8333333333333334,m169_GvpW_50fmol,0.8333333333333334,m567_GvpA,10.0,puc19,2.240534967638466
B24,m167_GvpN_50fmol,0.8333333333333334,m165_GvpJ_50fmol,0.8333333333333334,m166_GvpK_50fmol,0.8333333333333334,m163_GvpF_50fmol,0.8333333333333334,m164_GvpG_50fmol,0.8333333333333334,m168_GvpV_50fmol,0.8333333333333334,m169_GvpW_50fmol,0.8333333333333334,m567_GvpA,10.0,puc19,0.7395421654543038
D2,m167_GvpN_50fmol,0.8333333333333334,m165_GvpJ_50fmol,0.8333333333333334,m166_GvpK_50fmol,0.8333333333333334,m163_GvpF_50fmol,0.8333333333333334,m164_GvpG_50fmol,0.0,m168_GvpV_50fmol,0.8333333333333334,m169_GvpW_50fmol,0.8333333333333334,m567_GvpA,10.0,puc19,2.2129226568913816
D4,m167_GvpN_50fmol,0.8333333333333334,m165_GvpJ_50fmol,0.20833333333333334,m166_GvpK_50fmol,0.8333333333333334,m163_GvpF_50fmol,0.8333333333333334,m164_GvpG_50fmol,0.8333333333333334,m168_GvpV_50fmol,0.8333333333333334,m169_GvpW_50fmol,0.8333333333333334,m567_GvpA,10.0,puc19,1.9302067224163284
D6,m167_GvpN_50fmol,0.8333333333333334,m165_GvpJ_50fmol,0.8333333333333334,m166_GvpK_50fmol,0.20833333333333334,m163_GvpF_50fmol,0.20833333333333334,m164_GvpG_50fmol,0.20833333333333334,m168_GvpV_50fmol,0.20833333333333334,m169_GvpW_50fmol,0.8333333333333334,m567_GvpA,10.0,puc19,5.257877980793097
D8,m167_GvpN_50fmol,0.8333333333333334,m165_GvpJ_50fmol,0.8333333333333334,m166_GvpK_50fmol,0.8333333333333334,m163_GvpF_50fmol,0.8333333333333334,m164_GvpG_50fmol,0.20833333333333334,m168_GvpV_50fmol,0.8333333333333334,m169_GvpW_50fmol,0.8333333333333334,m567_GvpA,10.0,puc19,1.844577534032116
D10,m167_GvpN_50fmol,0.8333333333333334,m165_GvpJ_50fmol,0.20833333333333334,m166_GvpK_50fmol,0.8333333333333334,m163_GvpF_50fmol,0.8333333333333334,m164_GvpG_50fmol,0.8333333333333334,m168_GvpV_50fmol,0.8333333333333334,m169_GvpW_50fmol,0.8333333333333334,m567_GvpA,10.0,puc19,1.9302067224163284
D12,m167_GvpN_50fmol,0.8333333333333334,m165_GvpJ_50fmol,0.0,m166_GvpK_50fmol,0.8333333333333334,m163_GvpF_50fmol,0.8333333333333334,m164_GvpG_50fmol,0.8333333333333334,m168_GvpV_50fmol,0.8333333333333334,m169_GvpW_50fmol,0.8333333333333334,m567_GvpA,10.0,puc19,2.327094908070339
D14,m167_GvpN_50fmol,0.8333333333333334,m165_GvpJ_50fmol,0.8333333333333334,m166_GvpK_50fmol,0.20833333333333334,m163_GvpF_50fmol,0.20833333333333334,m164_GvpG_50fmol,0.8333333333333334,m168_GvpV_50fmol,0.20833333333333334,m169_GvpW_50fmol,0.20833333333333334,m567_GvpA,10.0,puc19,5.328149760391015
D16,m167_GvpN_50fmol,0.8333333333333334,m165_GvpJ_50fmol,0.8333333333333334,m166_GvpK_50fmol,0.20833333333333334,m163_GvpF_50fmol,0.20833333333333334,m164_GvpG_50fmol,0.20833333333333334,m168_GvpV_50fmol,0.20833333333333334,m169_GvpW_50fmol,0.8333333333333334,m567_GvpA,10.0,puc19,5.257877980793097
D18,m167_GvpN_50fmol,0.8333333333333334,m165_GvpJ_50fmol,0.0,m166_GvpK_50fmol,0.8333333333333334,m163_GvpF_50fmol,0.8333333333333334,m164_GvpG_50fmol,0.8333333333333334,m168_GvpV_50fmol,0.8333333333333334,m169_GvpW_50fmol,0.8333333333333334,m567_GvpA,10.0,puc19,2.327094908070339
D20,m167_GvpN_50fmol,0.8333333333333334,m165_GvpJ_50fmol,0.8333333333333334,m166_GvpK_50fmol,0.20833333333333334,m163_GvpF_50fmol,0.20833333333333334,m164_GvpG_50fmol,0.20833333333333334,m168_GvpV_50fmol,0.20833333333333334,m169_GvpW_50fmol,0.20833333333333334,m567_GvpA,10.0,puc19,6.433185128968823
D22,m167_GvpN_50fmol,0.8333333333333334,m165_GvpJ_50fmol,0.8333333333333334,m166_GvpK_50fmol,0.10416666666666667,m163_GvpF_50fmol,1.6666666666666667,m164_GvpG_50fmol,1.6666666666666667,m168_GvpV_50fmol,0.0,m169_GvpW_50fmol,0.8333333333333334,m567_GvpA,10.0,puc19,0.46008386314604177
D24,m167_GvpN_50fmol,0.8333333333333334,m165_GvpJ_50fmol,0.8333333333333334,m166_GvpK_50fmol,0.8333333333333334,m163_GvpF_50fmol,0.8333333333333334,m164_GvpG_50fmol,0.8333333333333334,m168_GvpV_50fmol,0.20833333333333334,m169_GvpW_50fmol,0.8333333333333334,m567_GvpA,10.0,puc19,1.8385276457223583
F2,m167_GvpN_50fmol,0.8333333333333334,m165_GvpJ_50fmol,0.8333333333333334,m166_GvpK_50fmol,0.10416666666666667,m163_GvpF_50fmol,1.6666666666666667,m164_GvpG_50fmol,1.6666666666666667,m168_GvpV_50fmol,0.0,m169_GvpW_50fmol,0.8333333333333334,m567_GvpA,10.0,puc19,0.46008386314604177
F4,m167_GvpN_50fmol,0.8333333333333334,m165_GvpJ_50fmol,0.8333333333333334,m166_GvpK_50fmol,0.20833333333333334,m163_GvpF_50fmol,0.20833333333333334,m164_GvpG_50fmol,0.20833333333333334,m168_GvpV_50fmol,0.20833333333333334,m169_GvpW_50fmol,0.20833333333333334,m567_GvpA,10.0,puc19,6.433185128968823
F6,m167_GvpN_50fmol,0.8333333333333334,m165_GvpJ_50fmol,0.8333333333333334,m166_GvpK_50fmol,0.20833333333333334,m163_GvpF_50fmol,0.20833333333333334,m164_GvpG_50fmol,0.20833333333333334,m168_GvpV_50fmol,0.20833333333333334,m169_GvpW_50fmol,0.20833333333333334,m567_GvpA,10.0,puc19,6.433185128968823
F8,m167_GvpN_50fmol,0.20833333333333334,m165_GvpJ_50fmol,0.20833333333333334,m166_GvpK_50fmol,0.20833333333333334,m163_GvpF_50fmol,0.20833333333333334,m164_GvpG_50fmol,0.20833333333333334,m168_GvpV_50fmol,0.20833333333333334,m169_GvpW_50fmol,0.20833333333333334,m567_GvpA,10.0,puc19,8.87524581400233
F10,m167_GvpN_50fmol,0.8333333333333334,m165_GvpJ_50fmol,0.8333333333333334,m166_GvpK_50fmol,0.8333333333333334,m163_GvpF_50fmol,0.8333333333333334,m164_GvpG_50fmol,0.20833333333333334,m168_GvpV_50fmol,0.8333333333333334,m169_GvpW_50fmol,0.8333333333333334,m567_GvpA,10.0,puc19,1.844577534032116
F12,m167_GvpN_50fmol,0.8333333333333334,m165_GvpJ_50fmol,0.8333333333333334,m166_GvpK_50fmol,0.20833333333333334,m163_GvpF_50fmol,0.20833333333333334,m164_GvpG_50fmol,0.20833333333333334,m168_GvpV_50fmol,0.8333333333333334,m169_GvpW_50fmol,0.20833333333333334,m567_GvpA,10.0,puc19,5.334199648700764
F14,m167_GvpN_50fmol,0.8333333333333334,m165_GvpJ_50fmol,0.8333333333333334,m166_GvpK_50fmol,0.8333333333333334,m163_GvpF_50fmol,0.8333333333333334,m164_GvpG_50fmol,0.20833333333333334,m168_GvpV_50fmol,0.8333333333333334,m169_GvpW_50fmol,0.8333333333333334,m567_GvpA,10.0,puc19,1.844577534032116
F18,m167_GvpN_50fmol,0.8333333333333334,m165_GvpJ_50fmol,0.8333333333333334,m166_GvpK_50fmol,0.8333333333333334,m163_GvpF_50fmol,0.20833333333333334,m164_GvpG_50fmol,0.8333333333333334,m168_GvpV_50fmol,0.8333333333333334,m169_GvpW_50fmol,0.8333333333333334,m567_GvpA,10.0,puc19,1.9281125303091065
F20,m167_GvpN_50fmol,0.8333333333333334,m165_GvpJ_50fmol,0.20833333333333334,m166_GvpK_50fmol,0.8333333333333334,m163_GvpF_50fmol,0.8333333333333334,m164_GvpG_50fmol,0.8333333333333334,m168_GvpV_50fmol,0.8333333333333334,m169_GvpW_50fmol,0.8333333333333334,m567_GvpA,10.0,puc19,1.9302067224163284
F22,m167_GvpN_50fmol,0.8333333333333334,m165_GvpJ_50fmol,0.8333333333333334,m166_GvpK_50fmol,0.8333333333333334,m163_GvpF_50fmol,0.20833333333333334,m164_GvpG_50fmol,0.20833333333333334,m168_GvpV_50fmol,0.20833333333333334,m169_GvpW_50fmol,0.20833333333333334,m567_GvpA,10.0,puc19,5.3074405273307
F24,m167_GvpN_50fmol,0.8333333333333334,m165_GvpJ_50fmol,0.8333333333333334,m166_GvpK_50fmol,0.20833333333333334,m163_GvpF_50fmol,0.20833333333333334,m164_GvpG_50fmol,0.20833333333333334,m168_GvpV_50fmol,0.8333333333333334,m169_GvpW_50fmol,0.20833333333333334,m567_GvpA,10.0,puc19,5.334199648700764
H2,m167_GvpN_50fmol,0.8333333333333334,m165_GvpJ_50fmol,0.8333333333333334,m166_GvpK_50fmol,0.8333333333333334,m163_GvpF_50fmol,0.8333333333333334,m164_GvpG_50fmol,0.8333333333333334,m168_GvpV_50fmol,0.8333333333333334,m169_GvpW_50fmol,0.8333333333333334,m567_GvpA,10.0,puc19,0.7395421654543038
H4,m167_GvpN_50fmol,0.8333333333333334,m165_GvpJ_50fmol,0.8333333333333334,m166_GvpK_50fmol,0.20833333333333334,m163_GvpF_50fmol,0.8333333333333334,m164_GvpG_50fmol,0.20833333333333334,m168_GvpV_50fmol,0.20833333333333334,m169_GvpW_50fmol,0.20833333333333334,m567_GvpA,10.0,puc19,5.24461476411402
H6,m167_GvpN_50fmol,0.8333333333333334,m165_GvpJ_50fmol,0.8333333333333334,m166_GvpK_50fmol,0.8333333333333334,m163_GvpF_50fmol,0.8333333333333334,m164_GvpG_50fmol,0.0,m168_GvpV_50fmol,0.8333333333333334,m169_GvpW_50fmol,0.8333333333333334,m567_GvpA,10.0,puc19,2.2129226568913816
H8,m167_GvpN_50fmol,0.8333333333333334,m165_GvpJ_50fmol,0.8333333333333334,m166_GvpK_50fmol,0.8333333333333334,m163_GvpF_50fmol,0.20833333333333334,m164_GvpG_50fmol,0.8333333333333334,m168_GvpV_50fmol,0.8333333333333334,m169_GvpW_50fmol,0.8333333333333334,m567_GvpA,10.0,puc19,1.9281125303091065
H10,m167_GvpN_50fmol,0.8333333333333334,m165_GvpJ_50fmol,0.8333333333333334,m166_GvpK_50fmol,0.8333333333333334,m163_GvpF_50fmol,0.8333333333333334,m164_GvpG_50fmol,0.8333333333333334,m168_GvpV_50fmol,0.8333333333333334,m169_GvpW_50fmol,0.20833333333333334,m567_GvpA,10.0,puc19,1.91484931363003
H12,m167_GvpN_50fmol,0.8333333333333334,m165_GvpJ_50fmol,0.8333333333333334,m166_GvpK_50fmol,0.8333333333333334,m163_GvpF_50fmol,0.20833333333333334,m164_GvpG_50fmol,0.20833333333333334,m168_GvpV_50fmol,0.20833333333333334,m169_GvpW_50fmol,0.20833333333333334,m567_GvpA,10.0,puc19,5.3074405273307
H14,m167_GvpN_50fmol,0.20833333333333334,m165_GvpJ_50fmol,0.20833333333333334,m166_GvpK_50fmol,0.20833333333333334,m163_GvpF_50fmol,0.20833333333333334,m164_GvpG_50fmol,0.20833333333333334,m168_GvpV_50fmol,0.20833333333333334,m169_GvpW_50fmol,0.20833333333333334,m567_GvpA,10.0,puc19,8.87524581400233
H16,m167_GvpN_50fmol,0.8333333333333334,m165_GvpJ_50fmol,0.8333333333333334,m166_GvpK_50fmol,0.20833333333333334,m163_GvpF_50fmol,0.20833333333333334,m164_GvpG_50fmol,0.20833333333333334,m168_GvpV_50fmol,0.20833333333333334,m169_GvpW_50fmol,0.8333333333333334,m567_GvpA,10.0,puc19,5.257877980793097
H18,m167_GvpN_50fmol,0.8333333333333334,m165_GvpJ_50fmol,0.8333333333333334,m166_GvpK_50fmol,0.20833333333333334,m163_GvpF_50fmol,0.8333333333333334,m164_GvpG_50fmol,0.20833333333333334,m168_GvpV_50fmol,0.20833333333333334,m169_GvpW_50fmol,0.20833333333333334,m567_GvpA,10.0,puc19,5.24461476411402
H20,m167_GvpN_50fmol,0.8333333333333334,m165_GvpJ_50fmol,0.8333333333333334,m166_GvpK_50fmol,0.20833333333333334,m163_GvpF_50fmol,0.20833333333333334,m164_GvpG_50fmol,0.20833333333333334,m168_GvpV_50fmol,0.20833333333333334,m169_GvpW_50fmol,0.20833333333333334,m567_GvpA,10.0,puc19,6.433185128968823
H22,m167_GvpN_50fmol,0.8333333333333334,m165_GvpJ_50fmol,0.8333333333333334,m166_GvpK_50fmol,0.8333333333333334,m163_GvpF_50fmol,0.8333333333333334,m164_GvpG_50fmol,0.8333333333333334,m168_GvpV_50fmol,0.8333333333333334,m169_GvpW_50fmol,0.20833333333333334,m567_GvpA,10.0,puc19,1.91484931363003
H24,m167_GvpN_50fmol,0.8333333333333334,m165_GvpJ_50fmol,0.8333333333333334,m166_GvpK_50fmol,0.8333333333333334,m163_GvpF_50fmol,0.8333333333333334,m164_GvpG_50fmol,0.0,m168_GvpV_50fmol,0.8333333333333334,m169_GvpW_50fmol,0.8333333333333334,m567_GvpA,10.0,puc19,2.2129226568913816
J2,m167_GvpN_50fmol,0.8333333333333334,m165_GvpJ_50fmol,0.8333333333333334,m166_GvpK_50fmol,0.20833333333333334,m163_GvpF_50fmol,0.8333333333333334,m164_GvpG_50fmol,0.8333333333333334,m168_GvpV_50fmol,0.8333333333333334,m169_GvpW_50fmol,0.8333333333333334,m567_GvpA,10.0,puc19,1.8652867670924276
J4,m167_GvpN_50fmol,0.8333333333333334,m165_GvpJ_50fmol,0.8333333333333334,m166_GvpK_50fmol,0.8333333333333334,m163_GvpF_50fmol,0.20833333333333334,m164_GvpG_50fmol,0.20833333333333334,m168_GvpV_50fmol,0.20833333333333334,m169_GvpW_50fmol,0.20833333333333334,m567_GvpA,10.0,puc19,5.3074405273307
J6,m167_GvpN_50fmol,0.8333333333333334,m165_GvpJ_50fmol,0.8333333333333334,m166_GvpK_50fmol,0.0,m163_GvpF_50fmol,0.8333333333333334,m164_GvpG_50fmol,0.8333333333333334,m168_GvpV_50fmol,0.8333333333333334,m169_GvpW_50fmol,0.8333333333333334,m567_GvpA,10.0,puc19,2.240534967638466
J8,m167_GvpN_50fmol,0.0,m165_GvpJ_50fmol,0.0,m166_GvpK_50fmol,0.0,m163_GvpF_50fmol,0.0,m164_GvpG_50fmol,0.0,m168_GvpV_50fmol,0.0,m169_GvpW_50fmol,0.0,m567_GvpA,0.0,puc19,28.638524543215535
J10,m167_GvpN_50fmol,0.8333333333333334,m165_GvpJ_50fmol,0.8333333333333334,m166_GvpK_50fmol,0.10416666666666667,m163_GvpF_50fmol,1.6666666666666667,m164_GvpG_50fmol,1.6666666666666667,m168_GvpV_50fmol,0.0,m169_GvpW_50fmol,0.8333333333333334,m567_GvpA,10.0,puc19,0.46008386314604177
J12,m167_GvpN_50fmol,0.8333333333333334,m165_GvpJ_50fmol,0.8333333333333334,m166_GvpK_50fmol,0.8333333333333334,m163_GvpF_50fmol,0.0,m164_GvpG_50fmol,0.8333333333333334,m168_GvpV_50fmol,0.8333333333333334,m169_GvpW_50fmol,0.8333333333333334,m567_GvpA,10.0,puc19,2.3243026519273724
J14,m167_GvpN_50fmol,0.8333333333333334,m165_GvpJ_50fmol,0.8333333333333334,m166_GvpK_50fmol,0.8333333333333334,m163_GvpF_50fmol,0.0,m164_GvpG_50fmol,0.8333333333333334,m168_GvpV_50fmol,0.8333333333333334,m169_GvpW_50fmol,0.8333333333333334,m567_GvpA,10.0,puc19,2.3243026519273724
J16,m167_GvpN_50fmol,0.8333333333333334,m165_GvpJ_50fmol,1.25,m166_GvpK_50fmol,0.10416666666666667,m163_GvpF_50fmol,1.25,m164_GvpG_50fmol,1.25,m168_GvpV_50fmol,0.0,m169_GvpW_50fmol,1.25,m567_GvpA,10.0,puc19,0.4118398820092791
J18,m167_GvpN_50fmol,0.8333333333333334,m165_GvpJ_50fmol,0.8333333333333334,m166_GvpK_50fmol,0.8333333333333334,m163_GvpF_50fmol,0.20833333333333334,m164_GvpG_50fmol,0.20833333333333334,m168_GvpV_50fmol,0.20833333333333334,m169_GvpW_50fmol,0.20833333333333334,m567_GvpA,10.0,puc19,5.3074405273307
J20,m167_GvpN_50fmol,0.8333333333333334,m165_GvpJ_50fmol,0.8333333333333334,m166_GvpK_50fmol,0.8333333333333334,m163_GvpF_50fmol,0.8333333333333334,m164_GvpG_50fmol,0.8333333333333334,m168_GvpV_50fmol,0.8333333333333334,m169_GvpW_50fmol,0.20833333333333334,m567_GvpA,10.0,puc19,1.91484931363003
J22,m167_GvpN_50fmol,0.8333333333333334,m165_GvpJ_50fmol,0.8333333333333334,m166_GvpK_50fmol,0.20833333333333334,m163_GvpF_50fmol,0.8333333333333334,m164_GvpG_50fmol,0.8333333333333334,m168_GvpV_50fmol,0.8333333333333334,m169_GvpW_50fmol,0.8333333333333334,m567_GvpA,10.0,puc19,1.8652867670924276
J24,m167_GvpN_50fmol,0.8333333333333334,m165_GvpJ_50fmol,0.0,m166_GvpK_50fmol,0.8333333333333334,m163_GvpF_50fmol,0.8333333333333334,m164_GvpG_50fmol,0.8333333333333334,m168_GvpV_50fmol,0.8333333333333334,m169_GvpW_50fmol,0.8333333333333334,m567_GvpA,10.0,puc19,2.327094908070339
L2,m167_GvpN_50fmol,0.8333333333333334,m165_GvpJ_50fmol,0.8333333333333334,m166_GvpK_50fmol,0.20833333333333334,m163_GvpF_50fmol,0.8333333333333334,m164_GvpG_50fmol,0.8333333333333334,m168_GvpV_50fmol,0.8333333333333334,m169_GvpW_50fmol,0.8333333333333334,m567_GvpA,10.0,puc19,1.8652867670924276
L4,m167_GvpN_50fmol,0.8333333333333334,m165_GvpJ_50fmol,0.8333333333333334,m166_GvpK_50fmol,0.0,m163_GvpF_50fmol,0.8333333333333334,m164_GvpG_50fmol,0.8333333333333334,m168_GvpV_50fmol,0.8333333333333334,m169_GvpW_50fmol,0.8333333333333334,m567_GvpA,10.0,puc19,2.240534967638466
L6,m167_GvpN_50fmol,0.8333333333333334,m165_GvpJ_50fmol,0.20833333333333334,m166_GvpK_50fmol,0.8333333333333334,m163_GvpF_50fmol,0.8333333333333334,m164_GvpG_50fmol,0.8333333333333334,m168_GvpV_50fmol,0.8333333333333334,m169_GvpW_50fmol,0.8333333333333334,m567_GvpA,10.0,puc19,1.9302067224163284
L8,m167_GvpN_50fmol,0.8333333333333334,m165_GvpJ_50fmol,0.8333333333333334,m166_GvpK_50fmol,0.8333333333333334,m163_GvpF_50fmol,0.8333333333333334,m164_GvpG_50fmol,0.8333333333333334,m168_GvpV_50fmol,0.0,m169_GvpW_50fmol,0.8333333333333334,m567_GvpA,10.0,puc19,2.2048561391450434
L10,m167_GvpN_50fmol,1.6666666666666667,m165_GvpJ_50fmol,0.20833333333333334,m166_GvpK_50fmol,0.20833333333333334,m163_GvpF_50fmol,0.20833333333333334,m164_GvpG_50fmol,0.20833333333333334,m168_GvpV_50fmol,0.20833333333333334,m169_GvpW_50fmol,0.20833333333333334,m567_GvpA,10.0,puc19,5.9553215151688725
L12,m167_GvpN_50fmol,0.8333333333333334,m165_GvpJ_50fmol,0.8333333333333334,m166_GvpK_50fmol,0.8333333333333334,m163_GvpF_50fmol,0.8333333333333334,m164_GvpG_50fmol,0.8333333333333334,m168_GvpV_50fmol,0.8333333333333334,m169_GvpW_50fmol,0.8333333333333334,m567_GvpA,10.0,puc19,0.7395421654543038
L14,m167_GvpN_50fmol,0.8333333333333334,m165_GvpJ_50fmol,0.8333333333333334,m166_GvpK_50fmol,0.8333333333333334,m163_GvpF_50fmol,0.8333333333333334,m164_GvpG_50fmol,0.8333333333333334,m168_GvpV_50fmol,0.8333333333333334,m169_GvpW_50fmol,0.0,m567_GvpA,10.0,puc19,2.306618363021936
L16,m167_GvpN_50fmol,0.8333333333333334,m165_GvpJ_50fmol,0.8333333333333334,m166_GvpK_50fmol,0.8333333333333334,m163_GvpF_50fmol,0.8333333333333334,m164_GvpG_50fmol,0.8333333333333334,m168_GvpV_50fmol,0.8333333333333334,m169_GvpW_50fmol,0.0,m567_GvpA,10.0,puc19,2.306618363021936
L18,m167_GvpN_50fmol,0.8333333333333334,m165_GvpJ_50fmol,0.8333333333333334,m166_GvpK_50fmol,0.20833333333333334,m163_GvpF_50fmol,0.20833333333333334,m164_GvpG_50fmol,0.20833333333333334,m168_GvpV_50fmol,0.8333333333333334,m169_GvpW_50fmol,0.20833333333333334,m567_GvpA,10.0,puc19,5.334199648700764
L20,m167_GvpN_50fmol,0.8333333333333334,m165_GvpJ_50fmol,0.8333333333333334,m166_GvpK_50fmol,0.20833333333333334,m163_GvpF_50fmol,0.8333333333333334,m164_GvpG_50fmol,0.20833333333333334,m168_GvpV_50fmol,0.20833333333333334,m169_GvpW_50fmol,0.20833333333333334,m567_GvpA,10.0,puc19,5.24461476411402
L22,m167_GvpN_50fmol,1.6666666666666667,m165_GvpJ_50fmol,0.20833333333333334,m166_GvpK_50fmol,0.20833333333333334,m163_GvpF_50fmol,0.20833333333333334,m164_GvpG_50fmol,0.20833333333333334,m168_GvpV_50fmol,0.20833333333333334,m169_GvpW_50fmol,0.20833333333333334,m567_GvpA,10.0,puc19,5.9553215151688725
L24,m167_GvpN_50fmol,0.8333333333333334,m165_GvpJ_50fmol,0.8333333333333334,m166_GvpK_50fmol,0.8333333333333334,m163_GvpF_50fmol,0.0,m164_GvpG_50fmol,0.8333333333333334,m168_GvpV_50fmol,0.8333333333333334,m169_GvpW_50fmol,0.8333333333333334,m567_GvpA,10.0,puc19,2.3243026519273724
N2,m167_GvpN_50fmol,0.20833333333333334,m165_GvpJ_50fmol,0.20833333333333334,m166_GvpK_50fmol,0.20833333333333334,m163_GvpF_50fmol,0.20833333333333334,m164_GvpG_50fmol,0.20833333333333334,m168_GvpV_50fmol,0.20833333333333334,m169_GvpW_50fmol,0.20833333333333334,m567_GvpA,10.0,puc19,8.87524581400233
N4,m167_GvpN_50fmol,1.6666666666666667,m165_GvpJ_50fmol,0.20833333333333334,m166_GvpK_50fmol,0.20833333333333334,m163_GvpF_50fmol,0.20833333333333334,m164_GvpG_50fmol,0.20833333333333334,m168_GvpV_50fmol,0.20833333333333334,m169_GvpW_50fmol,0.20833333333333334,m567_GvpA,10.0,puc19,5.9553215151688725
N6,m167_GvpN_50fmol,0.8333333333333334,m165_GvpJ_50fmol,0.8333333333333334,m166_GvpK_50fmol,0.10416666666666667,m163_GvpF_50fmol,1.6666666666666667,m164_GvpG_50fmol,1.6666666666666667,m168_GvpV_50fmol,0.0,m169_GvpW_50fmol,0.8333333333333334,m567_GvpA,10.0,puc19,0.46008386314604177
N8,m167_GvpN_50fmol,0.8333333333333334,m165_GvpJ_50fmol,0.8333333333333334,m166_GvpK_50fmol,0.8333333333333334,m163_GvpF_50fmol,0.8333333333333334,m164_GvpG_50fmol,0.8333333333333334,m168_GvpV_50fmol,0.8333333333333334,m169_GvpW_50fmol,0.20833333333333334,m567_GvpA,10.0,puc19,1.91484931363003
N10,m167_GvpN_50fmol,0.8333333333333334,m165_GvpJ_50fmol,0.8333333333333334,m166_GvpK_50fmol,0.20833333333333334,m163_GvpF_50fmol,0.20833333333333334,m164_GvpG_50fmol,0.20833333333333334,m168_GvpV_50fmol,0.20833333333333334,m169_GvpW_50fmol,0.8333333333333334,m567_GvpA,10.0,puc19,5.257877980793097
N12,m167_GvpN_50fmol,0.8333333333333334,m165_GvpJ_50fmol,0.8333333333333334,m166_GvpK_50fmol,0.20833333333333334,m163_GvpF_50fmol,0.20833333333333334,m164_GvpG_50fmol,0.8333333333333334,m168_GvpV_50fmol,0.20833333333333334,m169_GvpW_50fmol,0.20833333333333334,m567_GvpA,10.0,puc19,5.328149760391015
N14,m167_GvpN_50fmol,0.8333333333333334,m165_GvpJ_50fmol,1.25,m166_GvpK_50fmol,0.10416666666666667,m163_GvpF_50fmol,1.25,m164_GvpG_50fmol,1.25,m168_GvpV_50fmol,0.0,m169_GvpW_50fmol,1.25,m567_GvpA,10.0,puc19,0.4118398820092791
N16,m167_GvpN_50fmol,0.8333333333333334,m165_GvpJ_50fmol,0.8333333333333334,m166_GvpK_50fmol,0.8333333333333334,m163_GvpF_50fmol,0.8333333333333334,m164_GvpG_50fmol,0.8333333333333334,m168_GvpV_50fmol,0.8333333333333334,m169_GvpW_50fmol,0.0,m567_GvpA,10.0,puc19,2.306618363021936
N18,m167_GvpN_50fmol,0.8333333333333334,m165_GvpJ_50fmol,0.0,m166_GvpK_50fmol,0.8333333333333334,m163_GvpF_50fmol,0.8333333333333334,m164_GvpG_50fmol,0.8333333333333334,m168_GvpV_50fmol,0.8333333333333334,m169_GvpW_50fmol,0.8333333333333334,m567_GvpA,10.0,puc19,2.327094908070339
N20,m167_GvpN_50fmol,0.8333333333333334,m165_GvpJ_50fmol,0.8333333333333334,m166_GvpK_50fmol,0.0,m163_GvpF_50fmol,0.8333333333333334,m164_GvpG_50fmol,0.8333333333333334,m168_GvpV_50fmol,0.8333333333333334,m169_GvpW_50fmol,0.8333333333333334,m567_GvpA,10.0,puc19,2.240534967638466
N22,m167_GvpN_50fmol,0.8333333333333334,m165_GvpJ_50fmol,0.8333333333333334,m166_GvpK_50fmol,0.8333333333333334,m163_GvpF_50fmol,0.8333333333333334,m164_GvpG_50fmol,0.8333333333333334,m168_GvpV_50fmol,0.0,m169_GvpW_50fmol,0.8333333333333334,m567_GvpA,10.0,puc19,2.2048561391450434
N24,m167_GvpN_50fmol,0.8333333333333334,m165_GvpJ_50fmol,0.8333333333333334,m166_GvpK_50fmol,0.8333333333333334,m163_GvpF_50fmol,0.0,m164_GvpG_50fmol,0.8333333333333334,m168_GvpV_50fmol,0.8333333333333334,m169_GvpW_50fmol,0.8333333333333334,m567_GvpA,10.0,puc19,2.3243026519273724
P2,m167_GvpN_50fmol,0.8333333333333334,m165_GvpJ_50fmol,0.8333333333333334,m166_GvpK_50fmol,0.8333333333333334,m163_GvpF_50fmol,0.20833333333333334,m164_GvpG_50fmol,0.8333333333333334,m168_GvpV_50fmol,0.8333333333333334,m169_GvpW_50fmol,0.8333333333333334,m567_GvpA,10.0,puc19,1.9281125303091065
P4,m167_GvpN_50fmol,0.8333333333333334,m165_GvpJ_50fmol,1.25,m166_GvpK_50fmol,0.10416666666666667,m163_GvpF_50fmol,1.25,m164_GvpG_50fmol,1.25,m168_GvpV_50fmol,0.0,m169_GvpW_50fmol,1.25,m567_GvpA,10.0,puc19,0.4118398820092791
P6,m167_GvpN_50fmol,0.8333333333333334,m165_GvpJ_50fmol,0.8333333333333334,m166_GvpK_50fmol,0.8333333333333334,m163_GvpF_50fmol,0.8333333333333334,m164_GvpG_50fmol,0.0,m168_GvpV_50fmol,0.8333333333333334,m169_GvpW_50fmol,0.8333333333333334,m567_GvpA,10.0,puc19,2.2129226568913816
P8,m167_GvpN_50fmol,0.8333333333333334,m165_GvpJ_50fmol,1.25,m166_GvpK_50fmol,0.10416666666666667,m163_GvpF_50fmol,1.25,m164_GvpG_50fmol,1.25,m168_GvpV_50fmol,0.0,m169_GvpW_50fmol,1.25,m567_GvpA,10.0,puc19,0.4118398820092791
P10,m167_GvpN_50fmol,0.8333333333333334,m165_GvpJ_50fmol,0.8333333333333334,m166_GvpK_50fmol,0.8333333333333334,m163_GvpF_50fmol,0.8333333333333334,m164_GvpG_50fmol,0.8333333333333334,m168_GvpV_50fmol,0.20833333333333334,m169_GvpW_50fmol,0.8333333333333334,m567_GvpA,10.0,puc19,1.8385276457223583
P12,m167_GvpN_50fmol,0.8333333333333334,m165_GvpJ_50fmol,0.8333333333333334,m166_GvpK_50fmol,0.20833333333333334,m163_GvpF_50fmol,0.20833333333333334,m164_GvpG_50fmol,0.8333333333333334,m168_GvpV_50fmol,0.20833333333333334,m169_GvpW_50fmol,0.20833333333333334,m567_GvpA,10.0,puc19,5.328149760391015
P14,m167_GvpN_50fmol,1.6666666666666667,m165_GvpJ_50fmol,0.20833333333333334,m166_GvpK_50fmol,0.20833333333333334,m163_GvpF_50fmol,0.20833333333333334,m164_GvpG_50fmol,0.20833333333333334,m168_GvpV_50fmol,0.20833333333333334,m169_GvpW_50fmol,0.20833333333333334,m567_GvpA,10.0,puc19,5.9553215151688725
P16,m167_GvpN_50fmol,0.8333333333333334,m165_GvpJ_50fmol,0.8333333333333334,m166_GvpK_50fmol,0.8333333333333334,m163_GvpF_50fmol,0.8333333333333334,m164_GvpG_50fmol,0.20833333333333334,m168_GvpV_50fmol,0.8333333333333334,m169_GvpW_50fmol,0.8333333333333334,m567_GvpA,10.0,puc19,1.844577534032116
P18,m167_GvpN_50fmol,0.8333333333333334,m165_GvpJ_50fmol,0.8333333333333334,m166_GvpK_50fmol,0.20833333333333334,m163_GvpF_50fmol,0.20833333333333334,m164_GvpG_50fmol,0.8333333333333334,m168_GvpV_50fmol,0.20833333333333334,m169_GvpW_50fmol,0.20833333333333334,m567_GvpA,10.0,puc19,5.328149760391015
P20,m167_GvpN_50fmol,0.8333333333333334,m165_GvpJ_50fmol,0.20833333333333334,m166_GvpK_50fmol,0.8333333333333334,m163_GvpF_50fmol,0.8333333333333334,m164_GvpG_50fmol,0.20833333333333334,m168_GvpV_50fmol,0.20833333333333334,m169_GvpW_50fmol,0.20833333333333334,m567_GvpA,10.0,puc19,5.309534719437921
P22,m167_GvpN_50fmol,0.8333333333333334,m165_GvpJ_50fmol,0.8333333333333334,m166_GvpK_50fmol,0.20833333333333334,m163_GvpF_50fmol,0.20833333333333334,m164_GvpG_50fmol,0.20833333333333334,m168_GvpV_50fmol,0.8333333333333334,m169_GvpW_50fmol,0.20833333333333334,m567_GvpA,10.0,puc19,5.334199648700764
P24,m167_GvpN_50fmol,0.8333333333333334,m165_GvpJ_50fmol,0.8333333333333334,m166_GvpK_50fmol,0.8333333333333334,m163_GvpF_50fmol,0.8333333333333334,m164_GvpG_50fmol,0.8333333333333334,m168_GvpV_50fmol,0.0,m169_GvpW_50fmol,0.8333333333333334,m567_GvpA,10.0,puc19,2.2048561391450434
F16,m167_GvpN_50fmol,0.0,m165_GvpJ_50fmol,0.0,m166_GvpK_50fmol,0.0,m163_GvpF_50fmol,0.0,m164_GvpG_50fmol,0.0,m168_GvpV_50fmol,0.0,m169_GvpW_50fmol,0.0,m567_GvpA,0.0,puc19,28.638524543215535
