well,ingredient1,concentration1,unit1,ingredient2,...
A1,puc19,11.941455,concentration,m169,0.066285,concentration,m168,0.07182000000000001,concentration,m167,0.06676499999999999,concentration,m166,0.071115,concentration,m165,0.06588000000000001,concentration,m164,0.071475,concentration,m163,0.27305999999999997,concentration,m162,2.8445,concentration,water,0.595,fraction
A10,puc19,11.358945,concentration,m169,0.066285,concentration,m168,0.28728000000000004,concentration,m167,0.06676499999999999,concentration,m166,0.071115,concentration,m165,0.06588000000000001,concentration,m164,0.2859,concentration,m163,0.27305999999999997,concentration,m162,2.8445,concentration,water,0.515,fraction
A11,puc19,11.941455,concentration,m169,0.066285,concentration,m168,0.28728000000000004,concentration,m167,0.06676499999999999,concentration,m166,0.071115,concentration,m165,0.06588000000000001,concentration,m164,0.071475,concentration,m163,0.06826499999999999,concentration,m162,2.8445,concentration,water,0.595,fraction
A12,puc19,16.892789999999998,concentration,m169,0.066285,concentration,m168,0.0,concentration,m167,0.06676499999999999,concentration,m166,0.071115,concentration,m165,0.28548,concentration,m164,0.071475,concentration,m163,0.06826499999999999,concentration,m162,0.5689,concentration,water,0.56,fraction
A13,puc19,11.941455,concentration,m169,0.287235,concentration,m168,0.07182000000000001,concentration,m167,0.06676499999999999,concentration,m166,0.071115,concentration,m165,0.06588000000000001,concentration,m164,0.071475,concentration,m163,0.06826499999999999,concentration,m162,2.8445,concentration,water,0.59,fraction
A14,puc19,10.193925,concentration,m169,0.287235,concentration,m168,0.28728000000000004,concentration,m167,0.26705999999999996,concentration,m166,0.28446,concentration,m165,0.28548,concentration,m164,0.0,concentration,m163,0.27305999999999997,concentration,m162,2.8445,concentration,water,0.405,fraction
A15,puc19,12.523964999999999,concentration,m169,0.066285,concentration,m168,0.07182000000000001,concentration,m167,0.06676499999999999,concentration,m166,0.071115,concentration,m165,0.06588000000000001,concentration,m164,0.071475,concentration,m163,0.06826499999999999,concentration,m162,2.8445,concentration,water,0.63,fraction
A16,puc19,11.358945,concentration,m169,0.287235,concentration,m168,0.07182000000000001,concentration,m167,0.06676499999999999,concentration,m166,0.28446,concentration,m165,0.06588000000000001,concentration,m164,0.071475,concentration,m163,0.27305999999999997,concentration,m162,2.8445,concentration,water,0.51,fraction
A17,puc19,11.6502,concentration,m169,0.066285,concentration,m168,0.07182000000000001,concentration,m167,0.06676499999999999,concentration,m166,0.071115,concentration,m165,0.06588000000000001,concentration,m164,0.2859,concentration,m163,0.27305999999999997,concentration,m162,2.8445,concentration,water,0.555,fraction
A18,puc19,11.941455,concentration,m169,0.066285,concentration,m168,0.07182000000000001,concentration,m167,0.06676499999999999,concentration,m166,0.071115,concentration,m165,0.06588000000000001,concentration,m164,0.071475,concentration,m163,0.27305999999999997,concentration,m162,2.8445,concentration,water,0.595,fraction
A19,puc19,11.6502,concentration,m169,0.066285,concentration,m168,0.07182000000000001,concentration,m167,0.06676499999999999,concentration,m166,0.071115,concentration,m165,0.28548,concentration,m164,0.071475,concentration,m163,0.27305999999999997,concentration,m162,2.8445,concentration,water,0.55,fraction
A2,puc19,16.892789999999998,concentration,m169,0.066285,concentration,m168,0.0,concentration,m167,0.06676499999999999,concentration,m166,0.28446,concentration,m165,0.06588000000000001,concentration,m164,0.071475,concentration,m163,0.06826499999999999,concentration,m162,0.5689,concentration,water,0.565,fraction
A20,puc19,11.6502,concentration,m169,0.066285,concentration,m168,0.07182000000000001,concentration,m167,0.06676499999999999,concentration,m166,0.28446,concentration,m165,0.06588000000000001,concentration,m164,0.071475,concentration,m163,0.27305999999999997,concentration,m162,2.8445,concentration,water,0.555,fraction
A21,puc19,11.6502,concentration,m169,0.066285,concentration,m168,0.07182000000000001,concentration,m167,0.06676499999999999,concentration,m166,0.28446,concentration,m165,0.06588000000000001,concentration,m164,0.071475,concentration,m163,0.27305999999999997,concentration,m162,2.8445,concentration,water,0.555,fraction
A22,puc19,11.358945,concentration,m169,0.287235,concentration,m168,0.07182000000000001,concentration,m167,0.26705999999999996,concentration,m166,0.28446,concentration,m165,0.06588000000000001,concentration,m164,0.071475,concentration,m163,0.06826499999999999,concentration,m162,2.8445,concentration,water,0.51,fraction
A23,puc19,11.6502,concentration,m169,0.066285,concentration,m168,0.07182000000000001,concentration,m167,0.26705999999999996,concentration,m166,0.071115,concentration,m165,0.06588000000000001,concentration,m164,0.071475,concentration,m163,0.27305999999999997,concentration,m162,2.8445,concentration,water,0.555,fraction
A24,puc19,11.358945,concentration,m169,0.066285,concentration,m168,0.07182000000000001,concentration,m167,0.06676499999999999,concentration,m166,0.071115,concentration,m165,0.28548,concentration,m164,0.2859,concentration,m163,0.27305999999999997,concentration,m162,2.8445,concentration,water,0.51,fraction
A3,puc19,11.941455,concentration,m169,0.066285,concentration,m168,0.07182000000000001,concentration,m167,0.06676499999999999,concentration,m166,0.071115,concentration,m165,0.06588000000000001,concentration,m164,0.2859,concentration,m163,0.06826499999999999,concentration,m162,2.8445,concentration,water,0.595,fraction
A4,puc19,16.892789999999998,concentration,m169,0.066285,concentration,m168,0.0,concentration,m167,0.06676499999999999,concentration,m166,0.071115,concentration,m165,0.06588000000000001,concentration,m164,0.071475,concentration,m163,0.27305999999999997,concentration,m162,0.5689,concentration,water,0.565,fraction
A5,puc19,11.941455,concentration,m169,0.066285,concentration,m168,0.07182000000000001,concentration,m167,0.06676499999999999,concentration,m166,0.071115,concentration,m165,0.28548,concentration,m164,0.071475,concentration,m163,0.06826499999999999,concentration,m162,2.8445,concentration,water,0.59,fraction
A6,puc19,10.193925,concentration,m169,0.287235,concentration,m168,0.0,concentration,m167,0.26705999999999996,concentration,m166,0.28446,concentration,m165,0.28548,concentration,m164,0.2859,concentration,m163,0.27305999999999997,concentration,m162,2.8445,concentration,water,0.405,fraction
A7,puc19,11.941455,concentration,m169,0.066285,concentration,m168,0.07182000000000001,concentration,m167,0.06676499999999999,concentration,m166,0.28446,concentration,m165,0.06588000000000001,concentration,m164,0.071475,concentration,m163,0.06826499999999999,concentration,m162,2.8445,concentration,water,0.595,fraction
A8,puc19,10.193925,concentration,m169,0.287235,concentration,m168,0.07182000000000001,concentration,m167,0.26705999999999996,concentration,m166,0.28446,concentration,m165,0.28548,concentration,m164,0.2859,concentration,m163,0.27305999999999997,concentration,m162,2.8445,concentration,water,0.39,fraction
A9,puc19,11.941455,concentration,m169,0.066285,concentration,m168,0.07182000000000001,concentration,m167,0.26705999999999996,concentration,m166,0.071115,concentration,m165,0.06588000000000001,concentration,m164,0.071475,concentration,m163,0.06826499999999999,concentration,m162,2.8445,concentration,water,0.595,fraction
B1,puc19,11.6502,concentration,m169,0.066285,concentration,m168,0.07182000000000001,concentration,m167,0.06676499999999999,concentration,m166,0.28446,concentration,m165,0.28548,concentration,m164,0.071475,concentration,m163,0.06826499999999999,concentration,m162,2.8445,concentration,water,0.55,fraction
B10,puc19,11.358945,concentration,m169,0.287235,concentration,m168,0.07182000000000001,concentration,m167,0.06676499999999999,concentration,m166,0.071115,concentration,m165,0.28548,concentration,m164,0.071475,concentration,m163,0.27305999999999997,concentration,m162,2.8445,concentration,water,0.505,fraction
B11,puc19,11.358945,concentration,m169,0.066285,concentration,m168,0.07182000000000001,concentration,m167,0.26705999999999996,concentration,m166,0.28446,concentration,m165,0.28548,concentration,m164,0.071475,concentration,m163,0.06826499999999999,concentration,m162,2.8445,concentration,water,0.51,fraction
B12,puc19,11.358945,concentration,m169,0.287235,concentration,m168,0.07182000000000001,concentration,m167,0.26705999999999996,concentration,m166,0.28446,concentration,m165,0.06588000000000001,concentration,m164,0.071475,concentration,m163,0.06826499999999999,concentration,m162,2.8445,concentration,water,0.51,fraction
B13,puc19,12.523964999999999,concentration,m169,0.066285,concentration,m168,0.07182000000000001,concentration,m167,0.06676499999999999,concentration,m166,0.071115,concentration,m165,0.06588000000000001,concentration,m164,0.071475,concentration,m163,0.06826499999999999,concentration,m162,2.8445,concentration,water,0.63,fraction
B14,puc19,12.523964999999999,concentration,m169,0.066285,concentration,m168,0.07182000000000001,concentration,m167,0.06676499999999999,concentration,m166,0.071115,concentration,m165,0.06588000000000001,concentration,m164,0.071475,concentration,m163,0.06826499999999999,concentration,m162,2.8445,concentration,water,0.63,fraction
B15,puc19,11.358945,concentration,m169,0.287235,concentration,m168,0.28728000000000004,concentration,m167,0.06676499999999999,concentration,m166,0.071115,concentration,m165,0.28548,concentration,m164,0.071475,concentration,m163,0.06826499999999999,concentration,m162,2.8445,concentration,water,0.505,fraction
B16,puc19,11.6502,concentration,m169,0.287235,concentration,m168,0.07182000000000001,concentration,m167,0.06676499999999999,concentration,m166,0.28446,concentration,m165,0.06588000000000001,concentration,m164,0.071475,concentration,m163,0.06826499999999999,concentration,m162,2.8445,concentration,water,0.55,fraction
B17,puc19,11.6502,concentration,m169,0.066285,concentration,m168,0.07182000000000001,concentration,m167,0.26705999999999996,concentration,m166,0.071115,concentration,m165,0.06588000000000001,concentration,m164,0.071475,concentration,m163,0.27305999999999997,concentration,m162,2.8445,concentration,water,0.555,fraction
B18,puc19,11.6502,concentration,m169,0.066285,concentration,m168,0.07182000000000001,concentration,m167,0.26705999999999996,concentration,m166,0.28446,concentration,m165,0.06588000000000001,concentration,m164,0.071475,concentration,m163,0.06826499999999999,concentration,m162,2.8445,concentration,water,0.555,fraction
B19,puc19,6.1163549999999995,concentration,m169,0.552375,concentration,m168,0.5506200000000001,concentration,m167,0.556375,concentration,m166,0.545215,concentration,m165,0.549,concentration,m164,0.547975,concentration,m163,0.5461199999999999,concentration,m162,2.8445,concentration,water,0.005,fraction
B2,puc19,11.358945,concentration,m169,0.287235,concentration,m168,0.07182000000000001,concentration,m167,0.06676499999999999,concentration,m166,0.28446,concentration,m165,0.06588000000000001,concentration,m164,0.071475,concentration,m163,0.27305999999999997,concentration,m162,2.8445,concentration,water,0.51,fraction
B20,puc19,10.193925,concentration,m169,0.287235,concentration,m168,0.28728000000000004,concentration,m167,0.26705999999999996,concentration,m166,0.071115,concentration,m165,0.28548,concentration,m164,0.2859,concentration,m163,0.27305999999999997,concentration,m162,2.8445,concentration,water,0.39,fraction
B21,puc19,11.6502,concentration,m169,0.066285,concentration,m168,0.07182000000000001,concentration,m167,0.06676499999999999,concentration,m166,0.071115,concentration,m165,0.28548,concentration,m164,0.071475,concentration,m163,0.27305999999999997,concentration,m162,2.8445,concentration,water,0.55,fraction
B22,puc19,11.358945,concentration,m169,0.287235,concentration,m168,0.28728000000000004,concentration,m167,0.26705999999999996,concentration,m166,0.071115,concentration,m165,0.06588000000000001,concentration,m164,0.071475,concentration,m163,0.06826499999999999,concentration,m162,2.8445,concentration,water,0.51,fraction
B23,puc19,11.358945,concentration,m169,0.066285,concentration,m168,0.28728000000000004,concentration,m167,0.06676499999999999,concentration,m166,0.071115,concentration,m165,0.28548,concentration,m164,0.071475,concentration,m163,0.27305999999999997,concentration,m162,2.8445,concentration,water,0.51,fraction
B24,puc19,11.358945,concentration,m169,0.066285,concentration,m168,0.07182000000000001,concentration,m167,0.06676499999999999,concentration,m166,0.071115,concentration,m165,0.28548,concentration,m164,0.2859,concentration,m163,0.27305999999999997,concentration,m162,2.8445,concentration,water,0.51,fraction
B3,puc19,11.941455,concentration,m169,0.066285,concentration,m168,0.07182000000000001,concentration,m167,0.06676499999999999,concentration,m166,0.071115,concentration,m165,0.28548,concentration,m164,0.071475,concentration,m163,0.06826499999999999,concentration,m162,2.8445,concentration,water,0.59,fraction
B4,puc19,11.358945,concentration,m169,0.287235,concentration,m168,0.07182000000000001,concentration,m167,0.06676499999999999,concentration,m166,0.28446,concentration,m165,0.06588000000000001,concentration,m164,0.2859,concentration,m163,0.06826499999999999,concentration,m162,2.8445,concentration,water,0.51,fraction
B5,puc19,9.611415,concentration,m169,0.287235,concentration,m168,0.28728000000000004,concentration,m167,0.26705999999999996,concentration,m166,0.28446,concentration,m165,0.28548,concentration,m164,0.2859,concentration,m163,0.27305999999999997,concentration,m162,2.8445,concentration,water,0.355,fraction
B6,puc19,11.6502,concentration,m169,0.066285,concentration,m168,0.28728000000000004,concentration,m167,0.26705999999999996,concentration,m166,0.071115,concentration,m165,0.06588000000000001,concentration,m164,0.071475,concentration,m163,0.06826499999999999,concentration,m162,2.8445,concentration,water,0.555,fraction
B7,puc19,11.6502,concentration,m169,0.066285,concentration,m168,0.28728000000000004,concentration,m167,0.06676499999999999,concentration,m166,0.071115,concentration,m165,0.28548,concentration,m164,0.071475,concentration,m163,0.06826499999999999,concentration,m162,2.8445,concentration,water,0.55,fraction
B8,puc19,10.193925,concentration,m169,0.287235,concentration,m168,0.28728000000000004,concentration,m167,0.26705999999999996,concentration,m166,0.28446,concentration,m165,0.28548,concentration,m164,0.2859,concentration,m163,0.06826499999999999,concentration,m162,2.8445,concentration,water,0.39,fraction
B9,puc19,11.358945,concentration,m169,0.287235,concentration,m168,0.07182000000000001,concentration,m167,0.26705999999999996,concentration,m166,0.071115,concentration,m165,0.06588000000000001,concentration,m164,0.2859,concentration,m163,0.06826499999999999,concentration,m162,2.8445,concentration,water,0.51,fraction
C1,puc19,11.6502,concentration,m169,0.066285,concentration,m168,0.28728000000000004,concentration,m167,0.06676499999999999,concentration,m166,0.071115,concentration,m165,0.06588000000000001,concentration,m164,0.071475,concentration,m163,0.27305999999999997,concentration,m162,2.8445,concentration,water,0.555,fraction
C10,puc19,11.6502,concentration,m169,0.066285,concentration,m168,0.28728000000000004,concentration,m167,0.06676499999999999,concentration,m166,0.071115,concentration,m165,0.06588000000000001,concentration,m164,0.071475,concentration,m163,0.27305999999999997,concentration,m162,2.8445,concentration,water,0.555,fraction
C11,puc19,11.6502,concentration,m169,0.066285,concentration,m168,0.07182000000000001,concentration,m167,0.26705999999999996,concentration,m166,0.071115,concentration,m165,0.06588000000000001,concentration,m164,0.2859,concentration,m163,0.06826499999999999,concentration,m162,2.8445,concentration,water,0.555,fraction
C12,puc19,11.6502,concentration,m169,0.066285,concentration,m168,0.28728000000000004,concentration,m167,0.06676499999999999,concentration,m166,0.071115,concentration,m165,0.28548,concentration,m164,0.071475,concentration,m163,0.06826499999999999,concentration,m162,2.8445,concentration,water,0.55,fraction
C13,puc19,11.6502,concentration,m169,0.066285,concentration,m168,0.28728000000000004,concentration,m167,0.06676499999999999,concentration,m166,0.071115,concentration,m165,0.06588000000000001,concentration,m164,0.2859,concentration,m163,0.06826499999999999,concentration,m162,2.8445,concentration,water,0.555,fraction
C14,puc19,11.358945,concentration,m169,0.287235,concentration,m168,0.07182000000000001,concentration,m167,0.06676499999999999,concentration,m166,0.28446,concentration,m165,0.06588000000000001,concentration,m164,0.2859,concentration,m163,0.06826499999999999,concentration,m162,2.8445,concentration,water,0.51,fraction
C15,puc19,11.6502,concentration,m169,0.287235,concentration,m168,0.07182000000000001,concentration,m167,0.06676499999999999,concentration,m166,0.071115,concentration,m165,0.06588000000000001,concentration,m164,0.2859,concentration,m163,0.06826499999999999,concentration,m162,2.8445,concentration,water,0.55,fraction
C16,puc19,15.14526,concentration,m169,0.287235,concentration,m168,0.0,concentration,m167,0.26705999999999996,concentration,m166,0.28446,concentration,m165,0.06588000000000001,concentration,m164,0.2859,concentration,m163,0.27305999999999997,concentration,m162,0.5689,concentration,water,0.41,fraction
C17,puc19,11.6502,concentration,m169,0.066285,concentration,m168,0.07182000000000001,concentration,m167,0.06676499999999999,concentration,m166,0.28446,concentration,m165,0.28548,concentration,m164,0.071475,concentration,m163,0.06826499999999999,concentration,m162,2.8445,concentration,water,0.55,fraction
C18,puc19,11.358945,concentration,m169,0.066285,concentration,m168,0.07182000000000001,concentration,m167,0.26705999999999996,concentration,m166,0.28446,concentration,m165,0.06588000000000001,concentration,m164,0.071475,concentration,m163,0.27305999999999997,concentration,m162,2.8445,concentration,water,0.515,fraction
C19,puc19,11.6502,concentration,m169,0.066285,concentration,m168,0.07182000000000001,concentration,m167,0.26705999999999996,concentration,m166,0.071115,concentration,m165,0.28548,concentration,m164,0.071475,concentration,m163,0.06826499999999999,concentration,m162,2.8445,concentration,water,0.55,fraction
C2,puc19,11.6502,concentration,m169,0.066285,concentration,m168,0.28728000000000004,concentration,m167,0.06676499999999999,concentration,m166,0.071115,concentration,m165,0.06588000000000001,concentration,m164,0.2859,concentration,m163,0.06826499999999999,concentration,m162,2.8445,concentration,water,0.555,fraction
C20,puc19,12.523964999999999,concentration,m169,0.066285,concentration,m168,0.07182000000000001,concentration,m167,0.06676499999999999,concentration,m166,0.071115,concentration,m165,0.06588000000000001,concentration,m164,0.071475,concentration,m163,0.06826499999999999,concentration,m162,2.8445,concentration,water,0.63,fraction
C21,puc19,11.6502,concentration,m169,0.066285,concentration,m168,0.28728000000000004,concentration,m167,0.06676499999999999,concentration,m166,0.071115,concentration,m165,0.28548,concentration,m164,0.071475,concentration,m163,0.06826499999999999,concentration,m162,2.8445,concentration,water,0.55,fraction
C22,puc19,9.611415,concentration,m169,0.287235,concentration,m168,0.28728000000000004,concentration,m167,0.26705999999999996,concentration,m166,0.28446,concentration,m165,0.28548,concentration,m164,0.2859,concentration,m163,0.27305999999999997,concentration,m162,2.8445,concentration,water,0.355,fraction
C23,puc19,11.6502,concentration,m169,0.287235,concentration,m168,0.07182000000000001,concentration,m167,0.06676499999999999,concentration,m166,0.071115,concentration,m165,0.28548,concentration,m164,0.071475,concentration,m163,0.06826499999999999,concentration,m162,2.8445,concentration,water,0.545,fraction
C24,puc19,10.193925,concentration,m169,0.287235,concentration,m168,0.28728000000000004,concentration,m167,0.26705999999999996,concentration,m166,0.28446,concentration,m165,0.28548,concentration,m164,0.2859,concentration,m163,0.0,concentration,m162,2.8445,concentration,water,0.405,fraction
C3,puc19,11.6502,concentration,m169,0.287235,concentration,m168,0.07182000000000001,concentration,m167,0.06676499999999999,concentration,m166,0.071115,concentration,m165,0.06588000000000001,concentration,m164,0.071475,concentration,m163,0.27305999999999997,concentration,m162,2.8445,concentration,water,0.55,fraction
C4,puc19,11.941455,concentration,m169,0.066285,concentration,m168,0.07182000000000001,concentration,m167,0.26705999999999996,concentration,m166,0.071115,concentration,m165,0.06588000000000001,concentration,m164,0.071475,concentration,m163,0.06826499999999999,concentration,m162,2.8445,concentration,water,0.595,fraction
C5,puc19,11.6502,concentration,m169,0.066285,concentration,m168,0.07182000000000001,concentration,m167,0.06676499999999999,concentration,m166,0.071115,concentration,m165,0.28548,concentration,m164,0.2859,concentration,m163,0.06826499999999999,concentration,m162,2.8445,concentration,water,0.55,fraction
C6,puc19,11.6502,concentration,m169,0.066285,concentration,m168,0.07182000000000001,concentration,m167,0.06676499999999999,concentration,m166,0.28446,concentration,m165,0.06588000000000001,concentration,m164,0.0,concentration,m163,0.27305999999999997,concentration,m162,2.8445,concentration,water,0.57,fraction
C7,puc19,9.611415,concentration,m169,0.287235,concentration,m168,0.28728000000000004,concentration,m167,0.26705999999999996,concentration,m166,0.28446,concentration,m165,0.28548,concentration,m164,0.2859,concentration,m163,0.27305999999999997,concentration,m162,2.8445,concentration,water,0.355,fraction
C8,puc19,11.6502,concentration,m169,0.287235,concentration,m168,0.07182000000000001,concentration,m167,0.06676499999999999,concentration,m166,0.28446,concentration,m165,0.06588000000000001,concentration,m164,0.071475,concentration,m163,0.06826499999999999,concentration,m162,2.8445,concentration,water,0.55,fraction
C9,puc19,11.6502,concentration,m169,0.066285,concentration,m168,0.07182000000000001,concentration,m167,0.06676499999999999,concentration,m166,0.28446,concentration,m165,0.06588000000000001,concentration,m164,0.2859,concentration,m163,0.06826499999999999,concentration,m162,2.8445,concentration,water,0.555,fraction
D1,puc19,16.892789999999998,concentration,m169,0.287235,concentration,m168,0.0,concentration,m167,0.06676499999999999,concentration,m166,0.071115,concentration,m165,0.06588000000000001,concentration,m164,0.071475,concentration,m163,0.06826499999999999,concentration,m162,0.5689,concentration,water,0.56,fraction
D10,puc19,15.14526,concentration,m169,0.287235,concentration,m168,0.0,concentration,m167,0.06676499999999999,concentration,m166,0.28446,concentration,m165,0.28548,concentration,m164,0.2859,concentration,m163,0.27305999999999997,concentration,m162,0.5689,concentration,water,0.405,fraction
D11,puc19,11.941455,concentration,m169,0.066285,concentration,m168,0.07182000000000001,concentration,m167,0.06676499999999999,concentration,m166,0.071115,concentration,m165,0.06588000000000001,concentration,m164,0.2859,concentration,m163,0.06826499999999999,concentration,m162,2.8445,concentration,water,0.595,fraction
D12,puc19,11.358945,concentration,m169,0.066285,concentration,m168,0.28728000000000004,concentration,m167,0.06676499999999999,concentration,m166,0.071115,concentration,m165,0.06588000000000001,concentration,m164,0.2859,concentration,m163,0.27305999999999997,concentration,m162,2.8445,concentration,water,0.515,fraction
D13,puc19,11.358945,concentration,m169,0.287235,concentration,m168,0.28728000000000004,concentration,m167,0.06676499999999999,concentration,m166,0.071115,concentration,m165,0.06588000000000001,concentration,m164,0.2859,concentration,m163,0.06826499999999999,concentration,m162,2.8445,concentration,water,0.51,fraction
D14,puc19,11.358945,concentration,m169,0.287235,concentration,m168,0.28728000000000004,concentration,m167,0.06676499999999999,concentration,m166,0.071115,concentration,m165,0.28548,concentration,m164,0.071475,concentration,m163,0.06826499999999999,concentration,m162,2.8445,concentration,water,0.505,fraction
D15,puc19,15.14526,concentration,m169,0.287235,concentration,m168,0.0,concentration,m167,0.26705999999999996,concentration,m166,0.28446,concentration,m165,0.28548,concentration,m164,0.071475,concentration,m163,0.27305999999999997,concentration,m162,0.5689,concentration,water,0.405,fraction
D16,puc19,15.14526,concentration,m169,0.287235,concentration,m168,0.0,concentration,m167,0.26705999999999996,concentration,m166,0.28446,concentration,m165,0.28548,concentration,m164,0.2859,concentration,m163,0.06826499999999999,concentration,m162,0.5689,concentration,water,0.405,fraction
D17,puc19,11.358945,concentration,m169,0.287235,concentration,m168,0.07182000000000001,concentration,m167,0.26705999999999996,concentration,m166,0.071115,concentration,m165,0.06588000000000001,concentration,m164,0.071475,concentration,m163,0.27305999999999997,concentration,m162,2.8445,concentration,water,0.51,fraction
D18,puc19,6.1163549999999995,concentration,m169,0.552375,concentration,m168,0.5506200000000001,concentration,m167,0.556375,concentration,m166,0.545215,concentration,m165,0.549,concentration,m164,0.547975,concentration,m163,0.5461199999999999,concentration,m162,2.8445,concentration,water,0.005,fraction
D19,puc19,11.6502,concentration,m169,0.066285,concentration,m168,0.28728000000000004,concentration,m167,0.06676499999999999,concentration,m166,0.071115,concentration,m165,0.06588000000000001,concentration,m164,0.071475,concentration,m163,0.27305999999999997,concentration,m162,2.8445,concentration,water,0.555,fraction
D2,puc19,12.523964999999999,concentration,m169,0.066285,concentration,m168,0.07182000000000001,concentration,m167,0.06676499999999999,concentration,m166,0.071115,concentration,m165,0.06588000000000001,concentration,m164,0.071475,concentration,m163,0.06826499999999999,concentration,m162,2.8445,concentration,water,0.63,fraction
D20,puc19,11.358945,concentration,m169,0.066285,concentration,m168,0.28728000000000004,concentration,m167,0.06676499999999999,concentration,m166,0.071115,concentration,m165,0.28548,concentration,m164,0.071475,concentration,m163,0.27305999999999997,concentration,m162,2.8445,concentration,water,0.51,fraction
D21,puc19,16.892789999999998,concentration,m169,0.066285,concentration,m168,0.0,concentration,m167,0.06676499999999999,concentration,m166,0.071115,concentration,m165,0.06588000000000001,concentration,m164,0.2859,concentration,m163,0.06826499999999999,concentration,m162,0.5689,concentration,water,0.565,fraction
D22,puc19,11.941455,concentration,m169,0.066285,concentration,m168,0.28728000000000004,concentration,m167,0.06676499999999999,concentration,m166,0.071115,concentration,m165,0.06588000000000001,concentration,m164,0.071475,concentration,m163,0.06826499999999999,concentration,m162,2.8445,concentration,water,0.595,fraction
D23,puc19,10.193925,concentration,m169,0.287235,concentration,m168,0.28728000000000004,concentration,m167,0.26705999999999996,concentration,m166,0.28446,concentration,m165,0.28548,concentration,m164,0.071475,concentration,m163,0.27305999999999997,concentration,m162,2.8445,concentration,water,0.39,fraction
D24,puc19,10.193925,concentration,m169,0.287235,concentration,m168,0.28728000000000004,concentration,m167,0.26705999999999996,concentration,m166,0.28446,concentration,m165,0.28548,concentration,m164,0.2859,concentration,m163,0.0,concentration,m162,2.8445,concentration,water,0.405,fraction
D3,puc19,11.941455,concentration,m169,0.066285,concentration,m168,0.07182000000000001,concentration,m167,0.06676499999999999,concentration,m166,0.071115,concentration,m165,0.06588000000000001,concentration,m164,0.071475,concentration,m163,0.27305999999999997,concentration,m162,2.8445,concentration,water,0.595,fraction
D4,puc19,10.193925,concentration,m169,0.287235,concentration,m168,0.28728000000000004,concentration,m167,0.26705999999999996,concentration,m166,0.28446,concentration,m165,0.28548,concentration,m164,0.0,concentration,m163,0.27305999999999997,concentration,m162,2.8445,concentration,water,0.405,fraction
D5,puc19,15.14526,concentration,m169,0.287235,concentration,m168,0.0,concentration,m167,0.26705999999999996,concentration,m166,0.28446,concentration,m165,0.06588000000000001,concentration,m164,0.2859,concentration,m163,0.27305999999999997,concentration,m162,0.5689,concentration,water,0.41,fraction
D6,puc19,11.6502,concentration,m169,0.287235,concentration,m168,0.07182000000000001,concentration,m167,0.06676499999999999,concentration,m166,0.071115,concentration,m165,0.06588000000000001,concentration,m164,0.2859,concentration,m163,0.06826499999999999,concentration,m162,2.8445,concentration,water,0.55,fraction
D7,puc19,11.6502,concentration,m169,0.287235,concentration,m168,0.07182000000000001,concentration,m167,0.06676499999999999,concentration,m166,0.071115,concentration,m165,0.06588000000000001,concentration,m164,0.071475,concentration,m163,0.27305999999999997,concentration,m162,2.8445,concentration,water,0.55,fraction
D8,puc19,10.193925,concentration,m169,0.066285,concentration,m168,0.28728000000000004,concentration,m167,0.26705999999999996,concentration,m166,0.28446,concentration,m165,0.28548,concentration,m164,0.2859,concentration,m163,0.27305999999999997,concentration,m162,2.8445,concentration,water,0.395,fraction
D9,puc19,11.941455,concentration,m169,0.066285,concentration,m168,0.28728000000000004,concentration,m167,0.06676499999999999,concentration,m166,0.071115,concentration,m165,0.06588000000000001,concentration,m164,0.071475,concentration,m163,0.06826499999999999,concentration,m162,2.8445,concentration,water,0.595,fraction
E1,puc19,11.6502,concentration,m169,0.066285,concentration,m168,0.07182000000000001,concentration,m167,0.26705999999999996,concentration,m166,0.28446,concentration,m165,0.06588000000000001,concentration,m164,0.071475,concentration,m163,0.06826499999999999,concentration,m162,2.8445,concentration,water,0.555,fraction
E10,puc19,9.611415,concentration,m169,0.287235,concentration,m168,0.28728000000000004,concentration,m167,0.26705999999999996,concentration,m166,0.28446,concentration,m165,0.28548,concentration,m164,0.2859,concentration,m163,0.27305999999999997,concentration,m162,2.8445,concentration,water,0.355,fraction
E11,puc19,11.6502,concentration,m169,0.287235,concentration,m168,0.28728000000000004,concentration,m167,0.06676499999999999,concentration,m166,0.071115,concentration,m165,0.06588000000000001,concentration,m164,0.071475,concentration,m163,0.06826499999999999,concentration,m162,2.8445,concentration,water,0.55,fraction
E12,puc19,11.358945,concentration,m169,0.287235,concentration,m168,0.07182000000000001,concentration,m167,0.26705999999999996,concentration,m166,0.071115,concentration,m165,0.06588000000000001,concentration,m164,0.2859,concentration,m163,0.06826499999999999,concentration,m162,2.8445,concentration,water,0.51,fraction
E13,puc19,11.358945,concentration,m169,0.066285,concentration,m168,0.07182000000000001,concentration,m167,0.06676499999999999,concentration,m166,0.071115,concentration,m165,0.28548,concentration,m164,0.2859,concentration,m163,0.27305999999999997,concentration,m162,2.8445,concentration,water,0.51,fraction
E14,puc19,11.6502,concentration,m169,0.287235,concentration,m168,0.07182000000000001,concentration,m167,0.26705999999999996,concentration,m166,0.071115,concentration,m165,0.06588000000000001,concentration,m164,0.071475,concentration,m163,0.06826499999999999,concentration,m162,2.8445,concentration,water,0.55,fraction
E15,puc19,11.6502,concentration,m169,0.066285,concentration,m168,0.07182000000000001,concentration,m167,0.06676499999999999,concentration,m166,0.28446,concentration,m165,0.06588000000000001,concentration,m164,0.0,concentration,m163,0.27305999999999997,concentration,m162,2.8445,concentration,water,0.57,fraction
E16,puc19,10.193925,concentration,m169,0.287235,concentration,m168,0.28728000000000004,concentration,m167,0.0,concentration,m166,0.28446,concentration,m165,0.28548,concentration,m164,0.2859,concentration,m163,0.27305999999999997,concentration,m162,2.8445,concentration,water,0.405,fraction
E17,puc19,11.358945,concentration,m169,0.066285,concentration,m168,0.07182000000000001,concentration,m167,0.26705999999999996,concentration,m166,0.071115,concentration,m165,0.06588000000000001,concentration,m164,0.2859,concentration,m163,0.27305999999999997,concentration,m162,2.8445,concentration,water,0.515,fraction
E18,puc19,10.193925,concentration,m169,0.287235,concentration,m168,0.28728000000000004,concentration,m167,0.26705999999999996,concentration,m166,0.28446,concentration,m165,0.0,concentration,m164,0.2859,concentration,m163,0.27305999999999997,concentration,m162,2.8445,concentration,water,0.41,fraction
E19,puc19,11.358945,concentration,m169,0.066285,concentration,m168,0.28728000000000004,concentration,m167,0.06676499999999999,concentration,m166,0.071115,concentration,m165,0.06588000000000001,concentration,m164,0.2859,concentration,m163,0.27305999999999997,concentration,m162,2.8445,concentration,water,0.515,fraction
E2,puc19,15.14526,concentration,m169,0.066285,concentration,m168,0.0,concentration,m167,0.26705999999999996,concentration,m166,0.28446,concentration,m165,0.28548,concentration,m164,0.2859,concentration,m163,0.27305999999999997,concentration,m162,0.5689,concentration,water,0.41,fraction
E20,puc19,11.941455,concentration,m169,0.066285,concentration,m168,0.28728000000000004,concentration,m167,0.06676499999999999,concentration,m166,0.071115,concentration,m165,0.06588000000000001,concentration,m164,0.071475,concentration,m163,0.06826499999999999,concentration,m162,2.8445,concentration,water,0.595,fraction
E21,puc19,11.358945,concentration,m169,0.287235,concentration,m168,0.07182000000000001,concentration,m167,0.06676499999999999,concentration,m166,0.071115,concentration,m165,0.06588000000000001,concentration,m164,0.2859,concentration,m163,0.27305999999999997,concentration,m162,2.8445,concentration,water,0.51,fraction
E22,puc19,11.358945,concentration,m169,0.287235,concentration,m168,0.07182000000000001,concentration,m167,0.26705999999999996,concentration,m166,0.071115,concentration,m165,0.06588000000000001,concentration,m164,0.071475,concentration,m163,0.27305999999999997,concentration,m162,2.8445,concentration,water,0.51,fraction
E23,puc19,11.358945,concentration,m169,0.066285,concentration,m168,0.07182000000000001,concentration,m167,0.06676499999999999,concentration,m166,0.28446,concentration,m165,0.28548,concentration,m164,0.071475,concentration,m163,0.27305999999999997,concentration,m162,2.8445,concentration,water,0.51,fraction
E24,puc19,11.358945,concentration,m169,0.066285,concentration,m168,0.28728000000000004,concentration,m167,0.06676499999999999,concentration,m166,0.071115,concentration,m165,0.28548,concentration,m164,0.2859,concentration,m163,0.06826499999999999,concentration,m162,2.8445,concentration,water,0.51,fraction
E3,puc19,11.6502,concentration,m169,0.066285,concentration,m168,0.28728000000000004,concentration,m167,0.06676499999999999,concentration,m166,0.28446,concentration,m165,0.06588000000000001,concentration,m164,0.071475,concentration,m163,0.06826499999999999,concentration,m162,2.8445,concentration,water,0.555,fraction
E4,puc19,11.6502,concentration,m169,0.066285,concentration,m168,0.07182000000000001,concentration,m167,0.06676499999999999,concentration,m166,0.071115,concentration,m165,0.28548,concentration,m164,0.071475,concentration,m163,0.27305999999999997,concentration,m162,2.8445,concentration,water,0.55,fraction
E5,puc19,11.6502,concentration,m169,0.287235,concentration,m168,0.07182000000000001,concentration,m167,0.06676499999999999,concentration,m166,0.28446,concentration,m165,0.06588000000000001,concentration,m164,0.071475,concentration,m163,0.06826499999999999,concentration,m162,2.8445,concentration,water,0.55,fraction
E6,puc19,11.358945,concentration,m169,0.287235,concentration,m168,0.07182000000000001,concentration,m167,0.06676499999999999,concentration,m166,0.071115,concentration,m165,0.28548,concentration,m164,0.071475,concentration,m163,0.27305999999999997,concentration,m162,2.8445,concentration,water,0.505,fraction
E7,puc19,11.6502,concentration,m169,0.066285,concentration,m168,0.28728000000000004,concentration,m167,0.26705999999999996,concentration,m166,0.071115,concentration,m165,0.06588000000000001,concentration,m164,0.071475,concentration,m163,0.06826499999999999,concentration,m162,2.8445,concentration,water,0.555,fraction
E8,puc19,11.6502,concentration,m169,0.066285,concentration,m168,0.07182000000000001,concentration,m167,0.26705999999999996,concentration,m166,0.071115,concentration,m165,0.06588000000000001,concentration,m164,0.071475,concentration,m163,0.27305999999999997,concentration,m162,2.8445,concentration,water,0.555,fraction
E9,puc19,11.6502,concentration,m169,0.287235,concentration,m168,0.07182000000000001,concentration,m167,0.26705999999999996,concentration,m166,0.071115,concentration,m165,0.06588000000000001,concentration,m164,0.071475,concentration,m163,0.06826499999999999,concentration,m162,2.8445,concentration,water,0.55,fraction
F1,puc19,12.523964999999999,concentration,m169,0.066285,concentration,m168,0.07182000000000001,concentration,m167,0.06676499999999999,concentration,m166,0.071115,concentration,m165,0.06588000000000001,concentration,m164,0.071475,concentration,m163,0.06826499999999999,concentration,m162,2.8445,concentration,water,0.63,fraction
F10,puc19,11.358945,concentration,m169,0.066285,concentration,m168,0.28728000000000004,concentration,m167,0.26705999999999996,concentration,m166,0.071115,concentration,m165,0.06588000000000001,concentration,m164,0.2859,concentration,m163,0.06826499999999999,concentration,m162,2.8445,concentration,water,0.515,fraction
F11,puc19,11.358945,concentration,m169,0.287235,concentration,m168,0.28728000000000004,concentration,m167,0.06676499999999999,concentration,m166,0.071115,concentration,m165,0.06588000000000001,concentration,m164,0.071475,concentration,m163,0.27305999999999997,concentration,m162,2.8445,concentration,water,0.51,fraction
F12,puc19,11.358945,concentration,m169,0.066285,concentration,m168,0.28728000000000004,concentration,m167,0.26705999999999996,concentration,m166,0.071115,concentration,m165,0.28548,concentration,m164,0.071475,concentration,m163,0.06826499999999999,concentration,m162,2.8445,concentration,water,0.51,fraction
F13,puc19,11.6502,concentration,m169,0.066285,concentration,m168,0.07182000000000001,concentration,m167,0.06676499999999999,concentration,m166,0.071115,concentration,m165,0.06588000000000001,concentration,m164,0.2859,concentration,m163,0.27305999999999997,concentration,m162,2.8445,concentration,water,0.555,fraction
F14,puc19,16.892789999999998,concentration,m169,0.066285,concentration,m168,0.0,concentration,m167,0.06676499999999999,concentration,m166,0.28446,concentration,m165,0.06588000000000001,concentration,m164,0.071475,concentration,m163,0.06826499999999999,concentration,m162,0.5689,concentration,water,0.565,fraction
F15,puc19,11.358945,concentration,m169,0.066285,concentration,m168,0.28728000000000004,concentration,m167,0.06676499999999999,concentration,m166,0.071115,concentration,m165,0.06588000000000001,concentration,m164,0.2859,concentration,m163,0.27305999999999997,concentration,m162,2.8445,concentration,water,0.515,fraction
F16,puc19,11.941455,concentration,m169,0.066285,concentration,m168,0.07182000000000001,concentration,m167,0.26705999999999996,concentration,m166,0.071115,concentration,m165,0.06588000000000001,concentration,m164,0.071475,concentration,m163,0.06826499999999999,concentration,m162,2.8445,concentration,water,0.595,fraction
F17,puc19,9.611415,concentration,m169,0.287235,concentration,m168,0.28728000000000004,concentration,m167,0.26705999999999996,concentration,m166,0.28446,concentration,m165,0.28548,concentration,m164,0.2859,concentration,m163,0.27305999999999997,concentration,m162,2.8445,concentration,water,0.355,fraction
F18,puc19,10.193925,concentration,m169,0.287235,concentration,m168,0.28728000000000004,concentration,m167,0.26705999999999996,concentration,m166,0.28446,concentration,m165,0.28548,concentration,m164,0.071475,concentration,m163,0.27305999999999997,concentration,m162,2.8445,concentration,water,0.39,fraction
F19,puc19,11.6502,concentration,m169,0.287235,concentration,m168,0.07182000000000001,concentration,m167,0.06676499999999999,concentration,m166,0.071115,concentration,m165,0.06588000000000001,concentration,m164,0.2859,concentration,m163,0.06826499999999999,concentration,m162,2.8445,concentration,water,0.55,fraction
F2,puc19,11.358945,concentration,m169,0.287235,concentration,m168,0.28728000000000004,concentration,m167,0.06676499999999999,concentration,m166,0.071115,concentration,m165,0.06588000000000001,concentration,m164,0.071475,concentration,m163,0.27305999999999997,concentration,m162,2.8445,concentration,water,0.51,fraction
F20,puc19,11.358945,concentration,m169,0.066285,concentration,m168,0.28728000000000004,concentration,m167,0.06676499999999999,concentration,m166,0.28446,concentration,m165,0.28548,concentration,m164,0.071475,concentration,m163,0.06826499999999999,concentration,m162,2.8445,concentration,water,0.51,fraction
F21,puc19,11.6502,concentration,m169,0.066285,concentration,m168,0.07182000000000001,concentration,m167,0.06676499999999999,concentration,m166,0.071115,concentration,m165,0.28548,concentration,m164,0.2859,concentration,m163,0.06826499999999999,concentration,m162,2.8445,concentration,water,0.55,fraction
F22,puc19,11.941455,concentration,m169,0.066285,concentration,m168,0.07182000000000001,concentration,m167,0.06676499999999999,concentration,m166,0.071115,concentration,m165,0.06588000000000001,concentration,m164,0.071475,concentration,m163,0.27305999999999997,concentration,m162,2.8445,concentration,water,0.595,fraction
F23,puc19,10.193925,concentration,m169,0.287235,concentration,m168,0.28728000000000004,concentration,m167,0.26705999999999996,concentration,m166,0.28446,concentration,m165,0.28548,concentration,m164,0.2859,concentration,m163,0.06826499999999999,concentration,m162,2.8445,concentration,water,0.39,fraction
F24,puc19,11.358945,concentration,m169,0.066285,concentration,m168,0.07182000000000001,concentration,m167,0.26705999999999996,concentration,m166,0.071115,concentration,m165,0.28548,concentration,m164,0.2859,concentration,m163,0.06826499999999999,concentration,m162,2.8445,concentration,water,0.51,fraction
F3,puc19,15.14526,concentration,m169,0.066285,concentration,m168,0.0,concentration,m167,0.26705999999999996,concentration,m166,0.28446,concentration,m165,0.28548,concentration,m164,0.2859,concentration,m163,0.27305999999999997,concentration,m162,0.5689,concentration,water,0.41,fraction
F4,puc19,15.14526,concentration,m169,0.287235,concentration,m168,0.0,concentration,m167,0.26705999999999996,concentration,m166,0.071115,concentration,m165,0.28548,concentration,m164,0.2859,concentration,m163,0.27305999999999997,concentration,m162,0.5689,concentration,water,0.405,fraction
F5,puc19,10.193925,concentration,m169,0.287235,concentration,m168,0.28728000000000004,concentration,m167,0.06676499999999999,concentration,m166,0.28446,concentration,m165,0.28548,concentration,m164,0.2859,concentration,m163,0.27305999999999997,concentration,m162,2.8445,concentration,water,0.39,fraction
F6,puc19,10.193925,concentration,m169,0.287235,concentration,m168,0.28728000000000004,concentration,m167,0.26705999999999996,concentration,m166,0.28446,concentration,m165,0.0,concentration,m164,0.2859,concentration,m163,0.27305999999999997,concentration,m162,2.8445,concentration,water,0.41,fraction
F7,puc19,11.358945,concentration,m169,0.066285,concentration,m168,0.28728000000000004,concentration,m167,0.26705999999999996,concentration,m166,0.071115,concentration,m165,0.06588000000000001,concentration,m164,0.2859,concentration,m163,0.06826499999999999,concentration,m162,2.8445,concentration,water,0.515,fraction
F8,puc19,15.14526,concentration,m169,0.066285,concentration,m168,0.0,concentration,m167,0.26705999999999996,concentration,m166,0.28446,concentration,m165,0.28548,concentration,m164,0.2859,concentration,m163,0.27305999999999997,concentration,m162,0.5689,concentration,water,0.41,fraction
F9,puc19,16.892789999999998,concentration,m169,0.066285,concentration,m168,0.0,concentration,m167,0.06676499999999999,concentration,m166,0.28446,concentration,m165,0.06588000000000001,concentration,m164,0.071475,concentration,m163,0.06826499999999999,concentration,m162,0.5689,concentration,water,0.565,fraction
G1,puc19,11.358945,concentration,m169,0.066285,concentration,m168,0.07182000000000001,concentration,m167,0.26705999999999996,concentration,m166,0.071115,concentration,m165,0.28548,concentration,m164,0.071475,concentration,m163,0.27305999999999997,concentration,m162,2.8445,concentration,water,0.51,fraction
G10,puc19,12.523964999999999,concentration,m169,0.066285,concentration,m168,0.07182000000000001,concentration,m167,0.06676499999999999,concentration,m166,0.071115,concentration,m165,0.06588000000000001,concentration,m164,0.071475,concentration,m163,0.06826499999999999,concentration,m162,2.8445,concentration,water,0.63,fraction
G11,puc19,11.358945,concentration,m169,0.066285,concentration,m168,0.28728000000000004,concentration,m167,0.06676499999999999,concentration,m166,0.28446,concentration,m165,0.06588000000000001,concentration,m164,0.071475,concentration,m163,0.27305999999999997,concentration,m162,2.8445,concentration,water,0.515,fraction
G12,puc19,10.193925,concentration,m169,0.287235,concentration,m168,0.28728000000000004,concentration,m167,0.26705999999999996,concentration,m166,0.28446,concentration,m165,0.06588000000000001,concentration,m164,0.2859,concentration,m163,0.27305999999999997,concentration,m162,2.8445,concentration,water,0.395,fraction
G13,puc19,11.358945,concentration,m169,0.287235,concentration,m168,0.07182000000000001,concentration,m167,0.06676499999999999,concentration,m166,0.28446,concentration,m165,0.06588000000000001,concentration,m164,0.071475,concentration,m163,0.27305999999999997,concentration,m162,2.8445,concentration,water,0.51,fraction
G14,puc19,11.6502,concentration,m169,0.066285,concentration,m168,0.28728000000000004,concentration,m167,0.26705999999999996,concentration,m166,0.071115,concentration,m165,0.06588000000000001,concentration,m164,0.071475,concentration,m163,0.06826499999999999,concentration,m162,2.8445,concentration,water,0.555,fraction
G15,puc19,11.358945,concentration,m169,0.066285,concentration,m168,0.28728000000000004,concentration,m167,0.26705999999999996,concentration,m166,0.071115,concentration,m165,0.06588000000000001,concentration,m164,0.071475,concentration,m163,0.27305999999999997,concentration,m162,2.8445,concentration,water,0.515,fraction
G16,puc19,11.6502,concentration,m169,0.287235,concentration,m168,0.07182000000000001,concentration,m167,0.06676499999999999,concentration,m166,0.071115,concentration,m165,0.06588000000000001,concentration,m164,0.2859,concentration,m163,0.06826499999999999,concentration,m162,2.8445,concentration,water,0.55,fraction
G17,puc19,11.358945,concentration,m169,0.287235,concentration,m168,0.07182000000000001,concentration,m167,0.26705999999999996,concentration,m166,0.071115,concentration,m165,0.06588000000000001,concentration,m164,0.071475,concentration,m163,0.27305999999999997,concentration,m162,2.8445,concentration,water,0.51,fraction
G18,puc19,16.892789999999998,concentration,m169,0.066285,concentration,m168,0.0,concentration,m167,0.06676499999999999,concentration,m166,0.071115,concentration,m165,0.06588000000000001,concentration,m164,0.2859,concentration,m163,0.06826499999999999,concentration,m162,0.5689,concentration,water,0.565,fraction
G19,puc19,9.611415,concentration,m169,0.287235,concentration,m168,0.28728000000000004,concentration,m167,0.26705999999999996,concentration,m166,0.28446,concentration,m165,0.28548,concentration,m164,0.2859,concentration,m163,0.27305999999999997,concentration,m162,2.8445,concentration,water,0.355,fraction
G2,puc19,11.358945,concentration,m169,0.066285,concentration,m168,0.07182000000000001,concentration,m167,0.06676499999999999,concentration,m166,0.28446,concentration,m165,0.28548,concentration,m164,0.071475,concentration,m163,0.27305999999999997,concentration,m162,2.8445,concentration,water,0.51,fraction
G20,puc19,11.6502,concentration,m169,0.066285,concentration,m168,0.28728000000000004,concentration,m167,0.06676499999999999,concentration,m166,0.28446,concentration,m165,0.06588000000000001,concentration,m164,0.071475,concentration,m163,0.06826499999999999,concentration,m162,2.8445,concentration,water,0.555,fraction
G21,puc19,11.358945,concentration,m169,0.287235,concentration,m168,0.28728000000000004,concentration,m167,0.06676499999999999,concentration,m166,0.071115,concentration,m165,0.06588000000000001,concentration,m164,0.071475,concentration,m163,0.27305999999999997,concentration,m162,2.8445,concentration,water,0.51,fraction
G22,puc19,10.193925,concentration,m169,0.287235,concentration,m168,0.28728000000000004,concentration,m167,0.26705999999999996,concentration,m166,0.28446,concentration,m165,0.28548,concentration,m164,0.2859,concentration,m163,0.06826499999999999,concentration,m162,2.8445,concentration,water,0.39,fraction
G23,puc19,11.358945,concentration,m169,0.066285,concentration,m168,0.07182000000000001,concentration,m167,0.06676499999999999,concentration,m166,0.28446,concentration,m165,0.28548,concentration,m164,0.2859,concentration,m163,0.06826499999999999,concentration,m162,2.8445,concentration,water,0.51,fraction
G24,puc19,11.6502,concentration,m169,0.287235,concentration,m168,0.07182000000000001,concentration,m167,0.06676499999999999,concentration,m166,0.071115,concentration,m165,0.06588000000000001,concentration,m164,0.071475,concentration,m163,0.27305999999999997,concentration,m162,2.8445,concentration,water,0.55,fraction
G3,puc19,12.523964999999999,concentration,m169,0.066285,concentration,m168,0.07182000000000001,concentration,m167,0.06676499999999999,concentration,m166,0.071115,concentration,m165,0.06588000000000001,concentration,m164,0.071475,concentration,m163,0.06826499999999999,concentration,m162,2.8445,concentration,water,0.63,fraction
G4,puc19,11.6502,concentration,m169,0.066285,concentration,m168,0.07182000000000001,concentration,m167,0.06676499999999999,concentration,m166,0.28446,concentration,m165,0.06588000000000001,concentration,m164,0.2859,concentration,m163,0.06826499999999999,concentration,m162,2.8445,concentration,water,0.555,fraction
G5,puc19,11.358945,concentration,m169,0.066285,concentration,m168,0.28728000000000004,concentration,m167,0.06676499999999999,concentration,m166,0.071115,concentration,m165,0.28548,concentration,m164,0.071475,concentration,m163,0.27305999999999997,concentration,m162,2.8445,concentration,water,0.51,fraction
G6,puc19,11.358945,concentration,m169,0.066285,concentration,m168,0.07182000000000001,concentration,m167,0.06676499999999999,concentration,m166,0.28446,concentration,m165,0.28548,concentration,m164,0.2859,concentration,m163,0.06826499999999999,concentration,m162,2.8445,concentration,water,0.51,fraction
G7,puc19,11.358945,concentration,m169,0.287235,concentration,m168,0.07182000000000001,concentration,m167,0.06676499999999999,concentration,m166,0.071115,concentration,m165,0.28548,concentration,m164,0.071475,concentration,m163,0.27305999999999997,concentration,m162,2.8445,concentration,water,0.505,fraction
G8,puc19,11.358945,concentration,m169,0.287235,concentration,m168,0.07182000000000001,concentration,m167,0.06676499999999999,concentration,m166,0.071115,concentration,m165,0.06588000000000001,concentration,m164,0.2859,concentration,m163,0.27305999999999997,concentration,m162,2.8445,concentration,water,0.51,fraction
G9,puc19,11.358945,concentration,m169,0.066285,concentration,m168,0.07182000000000001,concentration,m167,0.26705999999999996,concentration,m166,0.28446,concentration,m165,0.06588000000000001,concentration,m164,0.071475,concentration,m163,0.27305999999999997,concentration,m162,2.8445,concentration,water,0.515,fraction
H1,puc19,10.193925,concentration,m169,0.287235,concentration,m168,0.28728000000000004,concentration,m167,0.26705999999999996,concentration,m166,0.28446,concentration,m165,0.06588000000000001,concentration,m164,0.2859,concentration,m163,0.27305999999999997,concentration,m162,2.8445,concentration,water,0.395,fraction
H10,puc19,16.892789999999998,concentration,m169,0.287235,concentration,m168,0.0,concentration,m167,0.06676499999999999,concentration,m166,0.071115,concentration,m165,0.06588000000000001,concentration,m164,0.071475,concentration,m163,0.06826499999999999,concentration,m162,0.5689,concentration,water,0.56,fraction
H11,puc19,11.6502,concentration,m169,0.287235,concentration,m168,0.07182000000000001,concentration,m167,0.06676499999999999,concentration,m166,0.071115,concentration,m165,0.28548,concentration,m164,0.071475,concentration,m163,0.06826499999999999,concentration,m162,2.8445,concentration,water,0.545,fraction
H12,puc19,11.358945,concentration,m169,0.066285,concentration,m168,0.07182000000000001,concentration,m167,0.26705999999999996,concentration,m166,0.28446,concentration,m165,0.06588000000000001,concentration,m164,0.071475,concentration,m163,0.27305999999999997,concentration,m162,2.8445,concentration,water,0.515,fraction
H13,puc19,11.6502,concentration,m169,0.066285,concentration,m168,0.28728000000000004,concentration,m167,0.06676499999999999,concentration,m166,0.071115,concentration,m165,0.06588000000000001,concentration,m164,0.2859,concentration,m163,0.06826499999999999,concentration,m162,2.8445,concentration,water,0.555,fraction
H14,puc19,11.6502,concentration,m169,0.287235,concentration,m168,0.07182000000000001,concentration,m167,0.26705999999999996,concentration,m166,0.071115,concentration,m165,0.06588000000000001,concentration,m164,0.071475,concentration,m163,0.06826499999999999,concentration,m162,2.8445,concentration,water,0.55,fraction
H15,puc19,11.358945,concentration,m169,0.287235,concentration,m168,0.07182000000000001,concentration,m167,0.06676499999999999,concentration,m166,0.28446,concentration,m165,0.06588000000000001,concentration,m164,0.071475,concentration,m163,0.27305999999999997,concentration,m162,2.8445,concentration,water,0.51,fraction
H16,puc19,9.611415,concentration,m169,0.287235,concentration,m168,0.28728000000000004,concentration,m167,0.26705999999999996,concentration,m166,0.28446,concentration,m165,0.28548,concentration,m164,0.2859,concentration,m163,0.27305999999999997,concentration,m162,2.8445,concentration,water,0.355,fraction
H17,puc19,15.14526,concentration,m169,0.287235,concentration,m168,0.0,concentration,m167,0.06676499999999999,concentration,m166,0.28446,concentration,m165,0.28548,concentration,m164,0.2859,concentration,m163,0.27305999999999997,concentration,m162,0.5689,concentration,water,0.405,fraction
H18,puc19,11.358945,concentration,m169,0.066285,concentration,m168,0.07182000000000001,concentration,m167,0.06676499999999999,concentration,m166,0.28446,concentration,m165,0.28548,concentration,m164,0.2859,concentration,m163,0.06826499999999999,concentration,m162,2.8445,concentration,water,0.51,fraction
H19,puc19,15.14526,concentration,m169,0.287235,concentration,m168,0.0,concentration,m167,0.26705999999999996,concentration,m166,0.28446,concentration,m165,0.28548,concentration,m164,0.2859,concentration,m163,0.06826499999999999,concentration,m162,0.5689,concentration,water,0.405,fraction
H2,puc19,11.6502,concentration,m169,0.066285,concentration,m168,0.28728000000000004,concentration,m167,0.06676499999999999,concentration,m166,0.28446,concentration,m165,0.06588000000000001,concentration,m164,0.071475,concentration,m163,0.06826499999999999,concentration,m162,2.8445,concentration,water,0.555,fraction
H20,puc19,11.6502,concentration,m169,0.066285,concentration,m168,0.07182000000000001,concentration,m167,0.26705999999999996,concentration,m166,0.071115,concentration,m165,0.06588000000000001,concentration,m164,0.2859,concentration,m163,0.06826499999999999,concentration,m162,2.8445,concentration,water,0.555,fraction
H21,puc19,11.6502,concentration,m169,0.066285,concentration,m168,0.07182000000000001,concentration,m167,0.06676499999999999,concentration,m166,0.28446,concentration,m165,0.06588000000000001,concentration,m164,0.0,concentration,m163,0.27305999999999997,concentration,m162,2.8445,concentration,water,0.57,fraction
H22,puc19,11.6502,concentration,m169,0.287235,concentration,m168,0.07182000000000001,concentration,m167,0.06676499999999999,concentration,m166,0.071115,concentration,m165,0.06588000000000001,concentration,m164,0.071475,concentration,m163,0.27305999999999997,concentration,m162,2.8445,concentration,water,0.55,fraction
H23,puc19,16.892789999999998,concentration,m169,0.066285,concentration,m168,0.0,concentration,m167,0.06676499999999999,concentration,m166,0.071115,concentration,m165,0.06588000000000001,concentration,m164,0.071475,concentration,m163,0.27305999999999997,concentration,m162,0.5689,concentration,water,0.565,fraction
H24,puc19,11.358945,concentration,m169,0.066285,concentration,m168,0.28728000000000004,concentration,m167,0.26705999999999996,concentration,m166,0.071115,concentration,m165,0.06588000000000001,concentration,m164,0.071475,concentration,m163,0.27305999999999997,concentration,m162,2.8445,concentration,water,0.515,fraction
H3,puc19,11.358945,concentration,m169,0.287235,concentration,m168,0.07182000000000001,concentration,m167,0.06676499999999999,concentration,m166,0.071115,concentration,m165,0.28548,concentration,m164,0.071475,concentration,m163,0.27305999999999997,concentration,m162,2.8445,concentration,water,0.505,fraction
H4,puc19,10.193925,concentration,m169,0.287235,concentration,m168,0.07182000000000001,concentration,m167,0.26705999999999996,concentration,m166,0.28446,concentration,m165,0.28548,concentration,m164,0.2859,concentration,m163,0.27305999999999997,concentration,m162,2.8445,concentration,water,0.39,fraction
H5,puc19,11.6502,concentration,m169,0.066285,concentration,m168,0.07182000000000001,concentration,m167,0.26705999999999996,concentration,m166,0.28446,concentration,m165,0.06588000000000001,concentration,m164,0.071475,concentration,m163,0.06826499999999999,concentration,m162,2.8445,concentration,water,0.555,fraction
H6,puc19,11.358945,concentration,m169,0.066285,concentration,m168,0.07182000000000001,concentration,m167,0.26705999999999996,concentration,m166,0.071115,concentration,m165,0.06588000000000001,concentration,m164,0.2859,concentration,m163,0.27305999999999997,concentration,m162,2.8445,concentration,water,0.515,fraction
H7,puc19,11.941455,concentration,m169,0.287235,concentration,m168,0.07182000000000001,concentration,m167,0.06676499999999999,concentration,m166,0.071115,concentration,m165,0.06588000000000001,concentration,m164,0.071475,concentration,m163,0.06826499999999999,concentration,m162,2.8445,concentration,water,0.59,fraction
H8,puc19,11.358945,concentration,m169,0.066285,concentration,m168,0.28728000000000004,concentration,m167,0.06676499999999999,concentration,m166,0.28446,concentration,m165,0.06588000000000001,concentration,m164,0.2859,concentration,m163,0.06826499999999999,concentration,m162,2.8445,concentration,water,0.515,fraction
H9,puc19,10.193925,concentration,m169,0.287235,concentration,m168,0.28728000000000004,concentration,m167,0.0,concentration,m166,0.28446,concentration,m165,0.28548,concentration,m164,0.2859,concentration,m163,0.27305999999999997,concentration,m162,2.8445,concentration,water,0.405,fraction
I1,puc19,11.358945,concentration,m169,0.066285,concentration,m168,0.07182000000000001,concentration,m167,0.26705999999999996,concentration,m166,0.071115,concentration,m165,0.28548,concentration,m164,0.2859,concentration,m163,0.06826499999999999,concentration,m162,2.8445,concentration,water,0.51,fraction
I10,puc19,11.6502,concentration,m169,0.066285,concentration,m168,0.07182000000000001,concentration,m167,0.06676499999999999,concentration,m166,0.071115,concentration,m165,0.06588000000000001,concentration,m164,0.2859,concentration,m163,0.27305999999999997,concentration,m162,2.8445,concentration,water,0.555,fraction
I11,puc19,11.358945,concentration,m169,0.287235,concentration,m168,0.07182000000000001,concentration,m167,0.06676499999999999,concentration,m166,0.28446,concentration,m165,0.06588000000000001,concentration,m164,0.2859,concentration,m163,0.06826499999999999,concentration,m162,2.8445,concentration,water,0.51,fraction
I12,puc19,9.611415,concentration,m169,0.287235,concentration,m168,0.28728000000000004,concentration,m167,0.26705999999999996,concentration,m166,0.28446,concentration,m165,0.28548,concentration,m164,0.2859,concentration,m163,0.27305999999999997,concentration,m162,2.8445,concentration,water,0.355,fraction
I13,puc19,11.358945,concentration,m169,0.066285,concentration,m168,0.28728000000000004,concentration,m167,0.26705999999999996,concentration,m166,0.071115,concentration,m165,0.06588000000000001,concentration,m164,0.2859,concentration,m163,0.06826499999999999,concentration,m162,2.8445,concentration,water,0.515,fraction
I14,puc19,11.941455,concentration,m169,0.287235,concentration,m168,0.07182000000000001,concentration,m167,0.06676499999999999,concentration,m166,0.071115,concentration,m165,0.06588000000000001,concentration,m164,0.071475,concentration,m163,0.06826499999999999,concentration,m162,2.8445,concentration,water,0.59,fraction
I15,puc19,11.358945,concentration,m169,0.287235,concentration,m168,0.07182000000000001,concentration,m167,0.26705999999999996,concentration,m166,0.071115,concentration,m165,0.06588000000000001,concentration,m164,0.2859,concentration,m163,0.06826499999999999,concentration,m162,2.8445,concentration,water,0.51,fraction
I16,puc19,11.358945,concentration,m169,0.287235,concentration,m168,0.28728000000000004,concentration,m167,0.06676499999999999,concentration,m166,0.071115,concentration,m165,0.28548,concentration,m164,0.071475,concentration,m163,0.06826499999999999,concentration,m162,2.8445,concentration,water,0.505,fraction
I17,puc19,11.358945,concentration,m169,0.287235,concentration,m168,0.28728000000000004,concentration,m167,0.06676499999999999,concentration,m166,0.071115,concentration,m165,0.06588000000000001,concentration,m164,0.2859,concentration,m163,0.06826499999999999,concentration,m162,2.8445,concentration,water,0.51,fraction
I18,puc19,11.358945,concentration,m169,0.066285,concentration,m168,0.07182000000000001,concentration,m167,0.26705999999999996,concentration,m166,0.071115,concentration,m165,0.28548,concentration,m164,0.071475,concentration,m163,0.27305999999999997,concentration,m162,2.8445,concentration,water,0.51,fraction
I19,puc19,11.358945,concentration,m169,0.066285,concentration,m168,0.07182000000000001,concentration,m167,0.26705999999999996,concentration,m166,0.28446,concentration,m165,0.28548,concentration,m164,0.071475,concentration,m163,0.06826499999999999,concentration,m162,2.8445,concentration,water,0.51,fraction
I2,puc19,11.6502,concentration,m169,0.066285,concentration,m168,0.07182000000000001,concentration,m167,0.26705999999999996,concentration,m166,0.28446,concentration,m165,0.06588000000000001,concentration,m164,0.071475,concentration,m163,0.06826499999999999,concentration,m162,2.8445,concentration,water,0.555,fraction
I20,puc19,15.14526,concentration,m169,0.287235,concentration,m168,0.0,concentration,m167,0.26705999999999996,concentration,m166,0.28446,concentration,m165,0.28548,concentration,m164,0.071475,concentration,m163,0.27305999999999997,concentration,m162,0.5689,concentration,water,0.405,fraction
I21,puc19,11.358945,concentration,m169,0.066285,concentration,m168,0.28728000000000004,concentration,m167,0.06676499999999999,concentration,m166,0.28446,concentration,m165,0.28548,concentration,m164,0.071475,concentration,m163,0.06826499999999999,concentration,m162,2.8445,concentration,water,0.51,fraction
I22,puc19,11.358945,concentration,m169,0.287235,concentration,m168,0.28728000000000004,concentration,m167,0.06676499999999999,concentration,m166,0.071115,concentration,m165,0.06588000000000001,concentration,m164,0.2859,concentration,m163,0.06826499999999999,concentration,m162,2.8445,concentration,water,0.51,fraction
I23,puc19,11.358945,concentration,m169,0.287235,concentration,m168,0.07182000000000001,concentration,m167,0.06676499999999999,concentration,m166,0.28446,concentration,m165,0.28548,concentration,m164,0.071475,concentration,m163,0.06826499999999999,concentration,m162,2.8445,concentration,water,0.505,fraction
I24,puc19,10.193925,concentration,m169,0.066285,concentration,m168,0.28728000000000004,concentration,m167,0.26705999999999996,concentration,m166,0.28446,concentration,m165,0.28548,concentration,m164,0.2859,concentration,m163,0.27305999999999997,concentration,m162,2.8445,concentration,water,0.395,fraction
I3,puc19,11.358945,concentration,m169,0.066285,concentration,m168,0.28728000000000004,concentration,m167,0.06676499999999999,concentration,m166,0.071115,concentration,m165,0.28548,concentration,m164,0.2859,concentration,m163,0.06826499999999999,concentration,m162,2.8445,concentration,water,0.51,fraction
I4,puc19,11.941455,concentration,m169,0.066285,concentration,m168,0.07182000000000001,concentration,m167,0.06676499999999999,concentration,m166,0.28446,concentration,m165,0.06588000000000001,concentration,m164,0.071475,concentration,m163,0.06826499999999999,concentration,m162,2.8445,concentration,water,0.595,fraction
I5,puc19,11.358945,concentration,m169,0.287235,concentration,m168,0.07182000000000001,concentration,m167,0.06676499999999999,concentration,m166,0.071115,concentration,m165,0.28548,concentration,m164,0.2859,concentration,m163,0.06826499999999999,concentration,m162,2.8445,concentration,water,0.505,fraction
I6,puc19,11.6502,concentration,m169,0.066285,concentration,m168,0.07182000000000001,concentration,m167,0.26705999999999996,concentration,m166,0.071115,concentration,m165,0.06588000000000001,concentration,m164,0.2859,concentration,m163,0.06826499999999999,concentration,m162,2.8445,concentration,water,0.555,fraction
I7,puc19,11.358945,concentration,m169,0.066285,concentration,m168,0.07182000000000001,concentration,m167,0.26705999999999996,concentration,m166,0.28446,concentration,m165,0.06588000000000001,concentration,m164,0.2859,concentration,m163,0.06826499999999999,concentration,m162,2.8445,concentration,water,0.515,fraction
I8,puc19,11.358945,concentration,m169,0.066285,concentration,m168,0.28728000000000004,concentration,m167,0.06676499999999999,concentration,m166,0.071115,concentration,m165,0.28548,concentration,m164,0.071475,concentration,m163,0.27305999999999997,concentration,m162,2.8445,concentration,water,0.51,fraction
I9,puc19,11.358945,concentration,m169,0.066285,concentration,m168,0.28728000000000004,concentration,m167,0.06676499999999999,concentration,m166,0.28446,concentration,m165,0.06588000000000001,concentration,m164,0.2859,concentration,m163,0.06826499999999999,concentration,m162,2.8445,concentration,water,0.515,fraction
J1,puc19,11.6502,concentration,m169,0.066285,concentration,m168,0.28728000000000004,concentration,m167,0.26705999999999996,concentration,m166,0.071115,concentration,m165,0.06588000000000001,concentration,m164,0.071475,concentration,m163,0.06826499999999999,concentration,m162,2.8445,concentration,water,0.555,fraction
J10,puc19,11.6502,concentration,m169,0.066285,concentration,m168,0.07182000000000001,concentration,m167,0.06676499999999999,concentration,m166,0.28446,concentration,m165,0.06588000000000001,concentration,m164,0.071475,concentration,m163,0.27305999999999997,concentration,m162,2.8445,concentration,water,0.555,fraction
J11,puc19,11.6502,concentration,m169,0.287235,concentration,m168,0.07182000000000001,concentration,m167,0.06676499999999999,concentration,m166,0.28446,concentration,m165,0.06588000000000001,concentration,m164,0.071475,concentration,m163,0.06826499999999999,concentration,m162,2.8445,concentration,water,0.55,fraction
J12,puc19,11.358945,concentration,m169,0.287235,concentration,m168,0.07182000000000001,concentration,m167,0.06676499999999999,concentration,m166,0.071115,concentration,m165,0.06588000000000001,concentration,m164,0.2859,concentration,m163,0.27305999999999997,concentration,m162,2.8445,concentration,water,0.51,fraction
J13,puc19,10.193925,concentration,m169,0.287235,concentration,m168,0.28728000000000004,concentration,m167,0.26705999999999996,concentration,m166,0.28446,concentration,m165,0.0,concentration,m164,0.2859,concentration,m163,0.27305999999999997,concentration,m162,2.8445,concentration,water,0.41,fraction
J14,puc19,16.892789999999998,concentration,m169,0.066285,concentration,m168,0.0,concentration,m167,0.06676499999999999,concentration,m166,0.071115,concentration,m165,0.06588000000000001,concentration,m164,0.071475,concentration,m163,0.27305999999999997,concentration,m162,0.5689,concentration,water,0.565,fraction
J15,puc19,11.6502,concentration,m169,0.287235,concentration,m168,0.28728000000000004,concentration,m167,0.06676499999999999,concentration,m166,0.071115,concentration,m165,0.06588000000000001,concentration,m164,0.071475,concentration,m163,0.06826499999999999,concentration,m162,2.8445,concentration,water,0.55,fraction
J16,puc19,11.358945,concentration,m169,0.066285,concentration,m168,0.28728000000000004,concentration,m167,0.06676499999999999,concentration,m166,0.28446,concentration,m165,0.06588000000000001,concentration,m164,0.071475,concentration,m163,0.27305999999999997,concentration,m162,2.8445,concentration,water,0.515,fraction
J17,puc19,11.6502,concentration,m169,0.066285,concentration,m168,0.28728000000000004,concentration,m167,0.06676499999999999,concentration,m166,0.28446,concentration,m165,0.06588000000000001,concentration,m164,0.071475,concentration,m163,0.06826499999999999,concentration,m162,2.8445,concentration,water,0.555,fraction
J18,puc19,11.6502,concentration,m169,0.066285,concentration,m168,0.07182000000000001,concentration,m167,0.06676499999999999,concentration,m166,0.071115,concentration,m165,0.06588000000000001,concentration,m164,0.2859,concentration,m163,0.27305999999999997,concentration,m162,2.8445,concentration,water,0.555,fraction
J19,puc19,11.358945,concentration,m169,0.066285,concentration,m168,0.28728000000000004,concentration,m167,0.26705999999999996,concentration,m166,0.071115,concentration,m165,0.06588000000000001,concentration,m164,0.071475,concentration,m163,0.27305999999999997,concentration,m162,2.8445,concentration,water,0.515,fraction
J2,puc19,11.6502,concentration,m169,0.066285,concentration,m168,0.07182000000000001,concentration,m167,0.26705999999999996,concentration,m166,0.071115,concentration,m165,0.28548,concentration,m164,0.071475,concentration,m163,0.06826499999999999,concentration,m162,2.8445,concentration,water,0.55,fraction
J20,puc19,11.358945,concentration,m169,0.066285,concentration,m168,0.28728000000000004,concentration,m167,0.06676499999999999,concentration,m166,0.071115,concentration,m165,0.28548,concentration,m164,0.2859,concentration,m163,0.06826499999999999,concentration,m162,2.8445,concentration,water,0.51,fraction
J21,puc19,11.358945,concentration,m169,0.066285,concentration,m168,0.28728000000000004,concentration,m167,0.06676499999999999,concentration,m166,0.28446,concentration,m165,0.06588000000000001,concentration,m164,0.071475,concentration,m163,0.27305999999999997,concentration,m162,2.8445,concentration,water,0.515,fraction
J22,puc19,11.358945,concentration,m169,0.287235,concentration,m168,0.28728000000000004,concentration,m167,0.06676499999999999,concentration,m166,0.071115,concentration,m165,0.06588000000000001,concentration,m164,0.2859,concentration,m163,0.06826499999999999,concentration,m162,2.8445,concentration,water,0.51,fraction
J23,puc19,10.193925,concentration,m169,0.287235,concentration,m168,0.28728000000000004,concentration,m167,0.26705999999999996,concentration,m166,0.0,concentration,m165,0.28548,concentration,m164,0.2859,concentration,m163,0.27305999999999997,concentration,m162,2.8445,concentration,water,0.405,fraction
J24,puc19,11.6502,concentration,m169,0.066285,concentration,m168,0.07182000000000001,concentration,m167,0.06676499999999999,concentration,m166,0.071115,concentration,m165,0.28548,concentration,m164,0.071475,concentration,m163,0.27305999999999997,concentration,m162,2.8445,concentration,water,0.55,fraction
J3,puc19,11.6502,concentration,m169,0.066285,concentration,m168,0.07182000000000001,concentration,m167,0.06676499999999999,concentration,m166,0.28446,concentration,m165,0.06588000000000001,concentration,m164,0.071475,concentration,m163,0.27305999999999997,concentration,m162,2.8445,concentration,water,0.555,fraction
J4,puc19,10.193925,concentration,m169,0.287235,concentration,m168,0.0,concentration,m167,0.26705999999999996,concentration,m166,0.28446,concentration,m165,0.28548,concentration,m164,0.2859,concentration,m163,0.27305999999999997,concentration,m162,2.8445,concentration,water,0.405,fraction
J5,puc19,11.358945,concentration,m169,0.066285,concentration,m168,0.28728000000000004,concentration,m167,0.26705999999999996,concentration,m166,0.28446,concentration,m165,0.06588000000000001,concentration,m164,0.071475,concentration,m163,0.06826499999999999,concentration,m162,2.8445,concentration,water,0.515,fraction
J6,puc19,11.358945,concentration,m169,0.287235,concentration,m168,0.07182000000000001,concentration,m167,0.26705999999999996,concentration,m166,0.071115,concentration,m165,0.06588000000000001,concentration,m164,0.071475,concentration,m163,0.27305999999999997,concentration,m162,2.8445,concentration,water,0.51,fraction
J7,puc19,10.193925,concentration,m169,0.287235,concentration,m168,0.28728000000000004,concentration,m167,0.26705999999999996,concentration,m166,0.28446,concentration,m165,0.28548,concentration,m164,0.0,concentration,m163,0.27305999999999997,concentration,m162,2.8445,concentration,water,0.405,fraction
J8,puc19,11.941455,concentration,m169,0.287235,concentration,m168,0.07182000000000001,concentration,m167,0.06676499999999999,concentration,m166,0.071115,concentration,m165,0.06588000000000001,concentration,m164,0.071475,concentration,m163,0.06826499999999999,concentration,m162,2.8445,concentration,water,0.59,fraction
J9,puc19,10.193925,concentration,m169,0.287235,concentration,m168,0.28728000000000004,concentration,m167,0.26705999999999996,concentration,m166,0.071115,concentration,m165,0.28548,concentration,m164,0.2859,concentration,m163,0.27305999999999997,concentration,m162,2.8445,concentration,water,0.39,fraction
K1,puc19,11.358945,concentration,m169,0.066285,concentration,m168,0.28728000000000004,concentration,m167,0.26705999999999996,concentration,m166,0.071115,concentration,m165,0.28548,concentration,m164,0.071475,concentration,m163,0.06826499999999999,concentration,m162,2.8445,concentration,water,0.51,fraction
K10,puc19,11.358945,concentration,m169,0.287235,concentration,m168,0.28728000000000004,concentration,m167,0.06676499999999999,concentration,m166,0.071115,concentration,m165,0.06588000000000001,concentration,m164,0.071475,concentration,m163,0.27305999999999997,concentration,m162,2.8445,concentration,water,0.51,fraction
K11,puc19,11.358945,concentration,m169,0.287235,concentration,m168,0.28728000000000004,concentration,m167,0.06676499999999999,concentration,m166,0.28446,concentration,m165,0.06588000000000001,concentration,m164,0.071475,concentration,m163,0.06826499999999999,concentration,m162,2.8445,concentration,water,0.51,fraction
K12,puc19,11.358945,concentration,m169,0.287235,concentration,m168,0.28728000000000004,concentration,m167,0.26705999999999996,concentration,m166,0.071115,concentration,m165,0.06588000000000001,concentration,m164,0.071475,concentration,m163,0.06826499999999999,concentration,m162,2.8445,concentration,water,0.51,fraction
K13,puc19,11.358945,concentration,m169,0.287235,concentration,m168,0.28728000000000004,concentration,m167,0.26705999999999996,concentration,m166,0.071115,concentration,m165,0.06588000000000001,concentration,m164,0.071475,concentration,m163,0.06826499999999999,concentration,m162,2.8445,concentration,water,0.51,fraction
K14,puc19,11.358945,concentration,m169,0.287235,concentration,m168,0.07182000000000001,concentration,m167,0.26705999999999996,concentration,m166,0.071115,concentration,m165,0.28548,concentration,m164,0.071475,concentration,m163,0.06826499999999999,concentration,m162,2.8445,concentration,water,0.505,fraction
K15,puc19,12.523964999999999,concentration,m169,0.066285,concentration,m168,0.07182000000000001,concentration,m167,0.06676499999999999,concentration,m166,0.071115,concentration,m165,0.06588000000000001,concentration,m164,0.071475,concentration,m163,0.06826499999999999,concentration,m162,2.8445,concentration,water,0.63,fraction
K16,puc19,10.193925,concentration,m169,0.287235,concentration,m168,0.28728000000000004,concentration,m167,0.06676499999999999,concentration,m166,0.28446,concentration,m165,0.28548,concentration,m164,0.2859,concentration,m163,0.27305999999999997,concentration,m162,2.8445,concentration,water,0.39,fraction
K17,puc19,10.193925,concentration,m169,0.287235,concentration,m168,0.28728000000000004,concentration,m167,0.26705999999999996,concentration,m166,0.28446,concentration,m165,0.28548,concentration,m164,0.2859,concentration,m163,0.0,concentration,m162,2.8445,concentration,water,0.405,fraction
K18,puc19,6.1163549999999995,concentration,m169,0.552375,concentration,m168,0.5506200000000001,concentration,m167,0.556375,concentration,m166,0.545215,concentration,m165,0.549,concentration,m164,0.547975,concentration,m163,0.5461199999999999,concentration,m162,2.8445,concentration,water,0.005,fraction
K19,puc19,10.193925,concentration,m169,0.287235,concentration,m168,0.28728000000000004,concentration,m167,0.26705999999999996,concentration,m166,0.28446,concentration,m165,0.28548,concentration,m164,0.0,concentration,m163,0.27305999999999997,concentration,m162,2.8445,concentration,water,0.405,fraction
K2,puc19,11.358945,concentration,m169,0.066285,concentration,m168,0.28728000000000004,concentration,m167,0.26705999999999996,concentration,m166,0.071115,concentration,m165,0.06588000000000001,concentration,m164,0.2859,concentration,m163,0.06826499999999999,concentration,m162,2.8445,concentration,water,0.515,fraction
K20,puc19,11.358945,concentration,m169,0.066285,concentration,m168,0.28728000000000004,concentration,m167,0.06676499999999999,concentration,m166,0.28446,concentration,m165,0.06588000000000001,concentration,m164,0.071475,concentration,m163,0.27305999999999997,concentration,m162,2.8445,concentration,water,0.515,fraction
K21,puc19,10.193925,concentration,m169,0.287235,concentration,m168,0.28728000000000004,concentration,m167,0.26705999999999996,concentration,m166,0.28446,concentration,m165,0.0,concentration,m164,0.2859,concentration,m163,0.27305999999999997,concentration,m162,2.8445,concentration,water,0.41,fraction
K22,puc19,11.358945,concentration,m169,0.066285,concentration,m168,0.28728000000000004,concentration,m167,0.06676499999999999,concentration,m166,0.28446,concentration,m165,0.28548,concentration,m164,0.071475,concentration,m163,0.06826499999999999,concentration,m162,2.8445,concentration,water,0.51,fraction
K23,puc19,10.193925,concentration,m169,0.287235,concentration,m168,0.28728000000000004,concentration,m167,0.26705999999999996,concentration,m166,0.0,concentration,m165,0.28548,concentration,m164,0.2859,concentration,m163,0.27305999999999997,concentration,m162,2.8445,concentration,water,0.405,fraction
K24,puc19,11.358945,concentration,m169,0.066285,concentration,m168,0.07182000000000001,concentration,m167,0.26705999999999996,concentration,m166,0.071115,concentration,m165,0.28548,concentration,m164,0.2859,concentration,m163,0.06826499999999999,concentration,m162,2.8445,concentration,water,0.51,fraction
K3,puc19,11.358945,concentration,m169,0.287235,concentration,m168,0.07182000000000001,concentration,m167,0.26705999999999996,concentration,m166,0.071115,concentration,m165,0.28548,concentration,m164,0.071475,concentration,m163,0.06826499999999999,concentration,m162,2.8445,concentration,water,0.505,fraction
K4,puc19,11.358945,concentration,m169,0.066285,concentration,m168,0.28728000000000004,concentration,m167,0.26705999999999996,concentration,m166,0.071115,concentration,m165,0.06588000000000001,concentration,m164,0.071475,concentration,m163,0.27305999999999997,concentration,m162,2.8445,concentration,water,0.515,fraction
K5,puc19,11.358945,concentration,m169,0.287235,concentration,m168,0.28728000000000004,concentration,m167,0.06676499999999999,concentration,m166,0.071115,concentration,m165,0.28548,concentration,m164,0.071475,concentration,m163,0.06826499999999999,concentration,m162,2.8445,concentration,water,0.505,fraction
K6,puc19,11.358945,concentration,m169,0.287235,concentration,m168,0.07182000000000001,concentration,m167,0.06676499999999999,concentration,m166,0.071115,concentration,m165,0.28548,concentration,m164,0.2859,concentration,m163,0.06826499999999999,concentration,m162,2.8445,concentration,water,0.505,fraction
K7,puc19,11.358945,concentration,m169,0.066285,concentration,m168,0.28728000000000004,concentration,m167,0.26705999999999996,concentration,m166,0.28446,concentration,m165,0.06588000000000001,concentration,m164,0.071475,concentration,m163,0.06826499999999999,concentration,m162,2.8445,concentration,water,0.515,fraction
K8,puc19,11.358945,concentration,m169,0.287235,concentration,m168,0.28728000000000004,concentration,m167,0.06676499999999999,concentration,m166,0.28446,concentration,m165,0.06588000000000001,concentration,m164,0.071475,concentration,m163,0.06826499999999999,concentration,m162,2.8445,concentration,water,0.51,fraction
K9,puc19,11.358945,concentration,m169,0.287235,concentration,m168,0.07182000000000001,concentration,m167,0.26705999999999996,concentration,m166,0.28446,concentration,m165,0.06588000000000001,concentration,m164,0.071475,concentration,m163,0.06826499999999999,concentration,m162,2.8445,concentration,water,0.51,fraction
L1,puc19,11.941455,concentration,m169,0.066285,concentration,m168,0.07182000000000001,concentration,m167,0.06676499999999999,concentration,m166,0.28446,concentration,m165,0.06588000000000001,concentration,m164,0.071475,concentration,m163,0.06826499999999999,concentration,m162,2.8445,concentration,water,0.595,fraction
L10,puc19,11.6502,concentration,m169,0.066285,concentration,m168,0.28728000000000004,concentration,m167,0.06676499999999999,concentration,m166,0.071115,concentration,m165,0.06588000000000001,concentration,m164,0.071475,concentration,m163,0.27305999999999997,concentration,m162,2.8445,concentration,water,0.555,fraction
L11,puc19,11.358945,concentration,m169,0.287235,concentration,m168,0.07182000000000001,concentration,m167,0.26705999999999996,concentration,m166,0.071115,concentration,m165,0.28548,concentration,m164,0.071475,concentration,m163,0.06826499999999999,concentration,m162,2.8445,concentration,water,0.505,fraction
L12,puc19,11.358945,concentration,m169,0.066285,concentration,m168,0.28728000000000004,concentration,m167,0.26705999999999996,concentration,m166,0.28446,concentration,m165,0.06588000000000001,concentration,m164,0.071475,concentration,m163,0.06826499999999999,concentration,m162,2.8445,concentration,water,0.515,fraction
L13,puc19,12.523964999999999,concentration,m169,0.066285,concentration,m168,0.07182000000000001,concentration,m167,0.06676499999999999,concentration,m166,0.071115,concentration,m165,0.06588000000000001,concentration,m164,0.071475,concentration,m163,0.06826499999999999,concentration,m162,2.8445,concentration,water,0.63,fraction
L14,puc19,16.892789999999998,concentration,m169,0.066285,concentration,m168,0.0,concentration,m167,0.26705999999999996,concentration,m166,0.071115,concentration,m165,0.06588000000000001,concentration,m164,0.071475,concentration,m163,0.06826499999999999,concentration,m162,0.5689,concentration,water,0.565,fraction
L15,puc19,11.6502,concentration,m169,0.287235,concentration,m168,0.07182000000000001,concentration,m167,0.26705999999999996,concentration,m166,0.071115,concentration,m165,0.06588000000000001,concentration,m164,0.071475,concentration,m163,0.06826499999999999,concentration,m162,2.8445,concentration,water,0.55,fraction
L16,puc19,11.6502,concentration,m169,0.287235,concentration,m168,0.28728000000000004,concentration,m167,0.06676499999999999,concentration,m166,0.071115,concentration,m165,0.06588000000000001,concentration,m164,0.071475,concentration,m163,0.06826499999999999,concentration,m162,2.8445,concentration,water,0.55,fraction
L17,puc19,10.193925,concentration,m169,0.066285,concentration,m168,0.28728000000000004,concentration,m167,0.26705999999999996,concentration,m166,0.28446,concentration,m165,0.28548,concentration,m164,0.2859,concentration,m163,0.27305999999999997,concentration,m162,2.8445,concentration,water,0.395,fraction
L18,puc19,9.611415,concentration,m169,0.287235,concentration,m168,0.28728000000000004,concentration,m167,0.26705999999999996,concentration,m166,0.28446,concentration,m165,0.28548,concentration,m164,0.2859,concentration,m163,0.27305999999999997,concentration,m162,2.8445,concentration,water,0.355,fraction
L19,puc19,11.358945,concentration,m169,0.066285,concentration,m168,0.28728000000000004,concentration,m167,0.06676499999999999,concentration,m166,0.28446,concentration,m165,0.06588000000000001,concentration,m164,0.2859,concentration,m163,0.06826499999999999,concentration,m162,2.8445,concentration,water,0.515,fraction
L2,puc19,11.358945,concentration,m169,0.287235,concentration,m168,0.28728000000000004,concentration,m167,0.06676499999999999,concentration,m166,0.28446,concentration,m165,0.06588000000000001,concentration,m164,0.071475,concentration,m163,0.06826499999999999,concentration,m162,2.8445,concentration,water,0.51,fraction
L20,puc19,11.358945,concentration,m169,0.287235,concentration,m168,0.07182000000000001,concentration,m167,0.06676499999999999,concentration,m166,0.071115,concentration,m165,0.28548,concentration,m164,0.2859,concentration,m163,0.06826499999999999,concentration,m162,2.8445,concentration,water,0.505,fraction
L21,puc19,11.358945,concentration,m169,0.066285,concentration,m168,0.07182000000000001,concentration,m167,0.26705999999999996,concentration,m166,0.071115,concentration,m165,0.28548,concentration,m164,0.2859,concentration,m163,0.06826499999999999,concentration,m162,2.8445,concentration,water,0.51,fraction
L22,puc19,11.358945,concentration,m169,0.066285,concentration,m168,0.07182000000000001,concentration,m167,0.26705999999999996,concentration,m166,0.28446,concentration,m165,0.06588000000000001,concentration,m164,0.2859,concentration,m163,0.06826499999999999,concentration,m162,2.8445,concentration,water,0.515,fraction
L23,puc19,16.892789999999998,concentration,m169,0.066285,concentration,m168,0.0,concentration,m167,0.06676499999999999,concentration,m166,0.071115,concentration,m165,0.28548,concentration,m164,0.071475,concentration,m163,0.06826499999999999,concentration,m162,0.5689,concentration,water,0.56,fraction
L24,puc19,11.6502,concentration,m169,0.066285,concentration,m168,0.07182000000000001,concentration,m167,0.06676499999999999,concentration,m166,0.28446,concentration,m165,0.06588000000000001,concentration,m164,0.2859,concentration,m163,0.06826499999999999,concentration,m162,2.8445,concentration,water,0.555,fraction
L3,puc19,10.193925,concentration,m169,0.287235,concentration,m168,0.0,concentration,m167,0.26705999999999996,concentration,m166,0.28446,concentration,m165,0.28548,concentration,m164,0.2859,concentration,m163,0.27305999999999997,concentration,m162,2.8445,concentration,water,0.405,fraction
L4,puc19,10.193925,concentration,m169,0.287235,concentration,m168,0.28728000000000004,concentration,m167,0.06676499999999999,concentration,m166,0.28446,concentration,m165,0.28548,concentration,m164,0.2859,concentration,m163,0.27305999999999997,concentration,m162,2.8445,concentration,water,0.39,fraction
L5,puc19,11.358945,concentration,m169,0.287235,concentration,m168,0.07182000000000001,concentration,m167,0.06676499999999999,concentration,m166,0.28446,concentration,m165,0.06588000000000001,concentration,m164,0.2859,concentration,m163,0.06826499999999999,concentration,m162,2.8445,concentration,water,0.51,fraction
L6,puc19,11.6502,concentration,m169,0.066285,concentration,m168,0.07182000000000001,concentration,m167,0.26705999999999996,concentration,m166,0.071115,concentration,m165,0.06588000000000001,concentration,m164,0.071475,concentration,m163,0.27305999999999997,concentration,m162,2.8445,concentration,water,0.555,fraction
L7,puc19,11.358945,concentration,m169,0.066285,concentration,m168,0.07182000000000001,concentration,m167,0.26705999999999996,concentration,m166,0.28446,concentration,m165,0.06588000000000001,concentration,m164,0.071475,concentration,m163,0.27305999999999997,concentration,m162,2.8445,concentration,water,0.515,fraction
L8,puc19,11.941455,concentration,m169,0.066285,concentration,m168,0.07182000000000001,concentration,m167,0.06676499999999999,concentration,m166,0.071115,concentration,m165,0.28548,concentration,m164,0.071475,concentration,m163,0.06826499999999999,concentration,m162,2.8445,concentration,water,0.59,fraction
L9,puc19,10.193925,concentration,m169,0.0,concentration,m168,0.28728000000000004,concentration,m167,0.26705999999999996,concentration,m166,0.28446,concentration,m165,0.28548,concentration,m164,0.2859,concentration,m163,0.27305999999999997,concentration,m162,2.8445,concentration,water,0.41,fraction
M1,puc19,10.193925,concentration,m169,0.287235,concentration,m168,0.28728000000000004,concentration,m167,0.0,concentration,m166,0.28446,concentration,m165,0.28548,concentration,m164,0.2859,concentration,m163,0.27305999999999997,concentration,m162,2.8445,concentration,water,0.405,fraction
M10,puc19,11.358945,concentration,m169,0.287235,concentration,m168,0.07182000000000001,concentration,m167,0.06676499999999999,concentration,m166,0.28446,concentration,m165,0.28548,concentration,m164,0.071475,concentration,m163,0.06826499999999999,concentration,m162,2.8445,concentration,water,0.505,fraction
M11,puc19,16.892789999999998,concentration,m169,0.066285,concentration,m168,0.0,concentration,m167,0.06676499999999999,concentration,m166,0.071115,concentration,m165,0.06588000000000001,concentration,m164,0.071475,concentration,m163,0.27305999999999997,concentration,m162,0.5689,concentration,water,0.565,fraction
M12,puc19,11.358945,concentration,m169,0.066285,concentration,m168,0.28728000000000004,concentration,m167,0.26705999999999996,concentration,m166,0.28446,concentration,m165,0.06588000000000001,concentration,m164,0.071475,concentration,m163,0.06826499999999999,concentration,m162,2.8445,concentration,water,0.515,fraction
M13,puc19,16.892789999999998,concentration,m169,0.066285,concentration,m168,0.0,concentration,m167,0.06676499999999999,concentration,m166,0.071115,concentration,m165,0.06588000000000001,concentration,m164,0.2859,concentration,m163,0.06826499999999999,concentration,m162,0.5689,concentration,water,0.565,fraction
M14,puc19,16.892789999999998,concentration,m169,0.066285,concentration,m168,0.0,concentration,m167,0.26705999999999996,concentration,m166,0.071115,concentration,m165,0.06588000000000001,concentration,m164,0.071475,concentration,m163,0.06826499999999999,concentration,m162,0.5689,concentration,water,0.565,fraction
M15,puc19,16.892789999999998,concentration,m169,0.066285,concentration,m168,0.0,concentration,m167,0.06676499999999999,concentration,m166,0.071115,concentration,m165,0.28548,concentration,m164,0.071475,concentration,m163,0.06826499999999999,concentration,m162,0.5689,concentration,water,0.56,fraction
M16,puc19,12.523964999999999,concentration,m169,0.066285,concentration,m168,0.07182000000000001,concentration,m167,0.06676499999999999,concentration,m166,0.071115,concentration,m165,0.06588000000000001,concentration,m164,0.071475,concentration,m163,0.06826499999999999,concentration,m162,2.8445,concentration,water,0.63,fraction
M17,puc19,16.892789999999998,concentration,m169,0.066285,concentration,m168,0.0,concentration,m167,0.06676499999999999,concentration,m166,0.28446,concentration,m165,0.06588000000000001,concentration,m164,0.071475,concentration,m163,0.06826499999999999,concentration,m162,0.5689,concentration,water,0.565,fraction
M18,puc19,11.6502,concentration,m169,0.287235,concentration,m168,0.28728000000000004,concentration,m167,0.06676499999999999,concentration,m166,0.071115,concentration,m165,0.06588000000000001,concentration,m164,0.071475,concentration,m163,0.06826499999999999,concentration,m162,2.8445,concentration,water,0.55,fraction
M19,puc19,16.892789999999998,concentration,m169,0.066285,concentration,m168,0.0,concentration,m167,0.26705999999999996,concentration,m166,0.071115,concentration,m165,0.06588000000000001,concentration,m164,0.071475,concentration,m163,0.06826499999999999,concentration,m162,0.5689,concentration,water,0.565,fraction
M2,puc19,15.14526,concentration,m169,0.287235,concentration,m168,0.0,concentration,m167,0.26705999999999996,concentration,m166,0.28446,concentration,m165,0.28548,concentration,m164,0.2859,concentration,m163,0.06826499999999999,concentration,m162,0.5689,concentration,water,0.405,fraction
M20,puc19,11.941455,concentration,m169,0.066285,concentration,m168,0.07182000000000001,concentration,m167,0.06676499999999999,concentration,m166,0.071115,concentration,m165,0.06588000000000001,concentration,m164,0.2859,concentration,m163,0.06826499999999999,concentration,m162,2.8445,concentration,water,0.595,fraction
M21,puc19,16.892789999999998,concentration,m169,0.287235,concentration,m168,0.0,concentration,m167,0.06676499999999999,concentration,m166,0.071115,concentration,m165,0.06588000000000001,concentration,m164,0.071475,concentration,m163,0.06826499999999999,concentration,m162,0.5689,concentration,water,0.56,fraction
M22,puc19,11.358945,concentration,m169,0.066285,concentration,m168,0.28728000000000004,concentration,m167,0.06676499999999999,concentration,m166,0.28446,concentration,m165,0.06588000000000001,concentration,m164,0.2859,concentration,m163,0.06826499999999999,concentration,m162,2.8445,concentration,water,0.515,fraction
M23,puc19,15.14526,concentration,m169,0.287235,concentration,m168,0.0,concentration,m167,0.26705999999999996,concentration,m166,0.28446,concentration,m165,0.28548,concentration,m164,0.2859,concentration,m163,0.06826499999999999,concentration,m162,0.5689,concentration,water,0.405,fraction
M24,puc19,11.6502,concentration,m169,0.066285,concentration,m168,0.07182000000000001,concentration,m167,0.26705999999999996,concentration,m166,0.071115,concentration,m165,0.28548,concentration,m164,0.071475,concentration,m163,0.06826499999999999,concentration,m162,2.8445,concentration,water,0.55,fraction
M3,puc19,10.193925,concentration,m169,0.287235,concentration,m168,0.0,concentration,m167,0.26705999999999996,concentration,m166,0.28446,concentration,m165,0.28548,concentration,m164,0.2859,concentration,m163,0.27305999999999997,concentration,m162,2.8445,concentration,water,0.405,fraction
M4,puc19,11.358945,concentration,m169,0.066285,concentration,m168,0.07182000000000001,concentration,m167,0.26705999999999996,concentration,m166,0.28446,concentration,m165,0.28548,concentration,m164,0.071475,concentration,m163,0.06826499999999999,concentration,m162,2.8445,concentration,water,0.51,fraction
M5,puc19,10.193925,concentration,m169,0.0,concentration,m168,0.28728000000000004,concentration,m167,0.26705999999999996,concentration,m166,0.28446,concentration,m165,0.28548,concentration,m164,0.2859,concentration,m163,0.27305999999999997,concentration,m162,2.8445,concentration,water,0.41,fraction
M6,puc19,11.358945,concentration,m169,0.066285,concentration,m168,0.07182000000000001,concentration,m167,0.26705999999999996,concentration,m166,0.071115,concentration,m165,0.06588000000000001,concentration,m164,0.2859,concentration,m163,0.27305999999999997,concentration,m162,2.8445,concentration,water,0.515,fraction
M7,puc19,9.611415,concentration,m169,0.287235,concentration,m168,0.28728000000000004,concentration,m167,0.26705999999999996,concentration,m166,0.28446,concentration,m165,0.28548,concentration,m164,0.2859,concentration,m163,0.27305999999999997,concentration,m162,2.8445,concentration,water,0.355,fraction
M8,puc19,10.193925,concentration,m169,0.287235,concentration,m168,0.28728000000000004,concentration,m167,0.26705999999999996,concentration,m166,0.28446,concentration,m165,0.28548,concentration,m164,0.071475,concentration,m163,0.27305999999999997,concentration,m162,2.8445,concentration,water,0.39,fraction
M9,puc19,6.1163549999999995,concentration,m169,0.552375,concentration,m168,0.5506200000000001,concentration,m167,0.556375,concentration,m166,0.545215,concentration,m165,0.549,concentration,m164,0.547975,concentration,m163,0.5461199999999999,concentration,m162,2.8445,concentration,water,0.005,fraction
N1,puc19,11.358945,concentration,m169,0.066285,concentration,m168,0.28728000000000004,concentration,m167,0.26705999999999996,concentration,m166,0.071115,concentration,m165,0.28548,concentration,m164,0.071475,concentration,m163,0.06826499999999999,concentration,m162,2.8445,concentration,water,0.51,fraction
N10,puc19,11.6502,concentration,m169,0.066285,concentration,m168,0.07182000000000001,concentration,m167,0.06676499999999999,concentration,m166,0.28446,concentration,m165,0.06588000000000001,concentration,m164,0.0,concentration,m163,0.27305999999999997,concentration,m162,2.8445,concentration,water,0.57,fraction
N11,puc19,15.14526,concentration,m169,0.287235,concentration,m168,0.0,concentration,m167,0.26705999999999996,concentration,m166,0.071115,concentration,m165,0.28548,concentration,m164,0.2859,concentration,m163,0.27305999999999997,concentration,m162,0.5689,concentration,water,0.405,fraction
N12,puc19,16.892789999999998,concentration,m169,0.066285,concentration,m168,0.0,concentration,m167,0.06676499999999999,concentration,m166,0.071115,concentration,m165,0.28548,concentration,m164,0.071475,concentration,m163,0.06826499999999999,concentration,m162,0.5689,concentration,water,0.56,fraction
N13,puc19,16.892789999999998,concentration,m169,0.066285,concentration,m168,0.0,concentration,m167,0.26705999999999996,concentration,m166,0.071115,concentration,m165,0.06588000000000001,concentration,m164,0.071475,concentration,m163,0.06826499999999999,concentration,m162,0.5689,concentration,water,0.565,fraction
N14,puc19,10.193925,concentration,m169,0.0,concentration,m168,0.28728000000000004,concentration,m167,0.26705999999999996,concentration,m166,0.28446,concentration,m165,0.28548,concentration,m164,0.2859,concentration,m163,0.27305999999999997,concentration,m162,2.8445,concentration,water,0.41,fraction
N15,puc19,11.358945,concentration,m169,0.287235,concentration,m168,0.07182000000000001,concentration,m167,0.06676499999999999,concentration,m166,0.071115,concentration,m165,0.06588000000000001,concentration,m164,0.2859,concentration,m163,0.27305999999999997,concentration,m162,2.8445,concentration,water,0.51,fraction
N16,puc19,11.358945,concentration,m169,0.066285,concentration,m168,0.07182000000000001,concentration,m167,0.26705999999999996,concentration,m166,0.071115,concentration,m165,0.28548,concentration,m164,0.071475,concentration,m163,0.27305999999999997,concentration,m162,2.8445,concentration,water,0.51,fraction
N17,puc19,11.358945,concentration,m169,0.287235,concentration,m168,0.28728000000000004,concentration,m167,0.06676499999999999,concentration,m166,0.28446,concentration,m165,0.06588000000000001,concentration,m164,0.071475,concentration,m163,0.06826499999999999,concentration,m162,2.8445,concentration,water,0.51,fraction
N18,puc19,11.6502,concentration,m169,0.066285,concentration,m168,0.07182000000000001,concentration,m167,0.06676499999999999,concentration,m166,0.071115,concentration,m165,0.28548,concentration,m164,0.2859,concentration,m163,0.06826499999999999,concentration,m162,2.8445,concentration,water,0.55,fraction
N19,puc19,9.611415,concentration,m169,0.287235,concentration,m168,0.28728000000000004,concentration,m167,0.26705999999999996,concentration,m166,0.28446,concentration,m165,0.28548,concentration,m164,0.2859,concentration,m163,0.27305999999999997,concentration,m162,2.8445,concentration,water,0.355,fraction
N2,puc19,16.892789999999998,concentration,m169,0.066285,concentration,m168,0.0,concentration,m167,0.06676499999999999,concentration,m166,0.071115,concentration,m165,0.06588000000000001,concentration,m164,0.2859,concentration,m163,0.06826499999999999,concentration,m162,0.5689,concentration,water,0.565,fraction
N20,puc19,11.941455,concentration,m169,0.066285,concentration,m168,0.07182000000000001,concentration,m167,0.06676499999999999,concentration,m166,0.071115,concentration,m165,0.06588000000000001,concentration,m164,0.2859,concentration,m163,0.06826499999999999,concentration,m162,2.8445,concentration,water,0.595,fraction
N21,puc19,11.358945,concentration,m169,0.287235,concentration,m168,0.07182000000000001,concentration,m167,0.06676499999999999,concentration,m166,0.071115,concentration,m165,0.28548,concentration,m164,0.2859,concentration,m163,0.06826499999999999,concentration,m162,2.8445,concentration,water,0.505,fraction
N22,puc19,11.358945,concentration,m169,0.066285,concentration,m168,0.07182000000000001,concentration,m167,0.26705999999999996,concentration,m166,0.28446,concentration,m165,0.28548,concentration,m164,0.071475,concentration,m163,0.06826499999999999,concentration,m162,2.8445,concentration,water,0.51,fraction
N23,puc19,11.358945,concentration,m169,0.066285,concentration,m168,0.07182000000000001,concentration,m167,0.06676499999999999,concentration,m166,0.28446,concentration,m165,0.28548,concentration,m164,0.071475,concentration,m163,0.27305999999999997,concentration,m162,2.8445,concentration,water,0.51,fraction
N24,puc19,15.14526,concentration,m169,0.287235,concentration,m168,0.0,concentration,m167,0.26705999999999996,concentration,m166,0.28446,concentration,m165,0.06588000000000001,concentration,m164,0.2859,concentration,m163,0.27305999999999997,concentration,m162,0.5689,concentration,water,0.41,fraction
N3,puc19,11.358945,concentration,m169,0.066285,concentration,m168,0.07182000000000001,concentration,m167,0.26705999999999996,concentration,m166,0.071115,concentration,m165,0.06588000000000001,concentration,m164,0.2859,concentration,m163,0.27305999999999997,concentration,m162,2.8445,concentration,water,0.515,fraction
N4,puc19,11.358945,concentration,m169,0.287235,concentration,m168,0.07182000000000001,concentration,m167,0.26705999999999996,concentration,m166,0.071115,concentration,m165,0.28548,concentration,m164,0.071475,concentration,m163,0.06826499999999999,concentration,m162,2.8445,concentration,water,0.505,fraction
N5,puc19,11.358945,concentration,m169,0.066285,concentration,m168,0.07182000000000001,concentration,m167,0.06676499999999999,concentration,m166,0.28446,concentration,m165,0.28548,concentration,m164,0.2859,concentration,m163,0.06826499999999999,concentration,m162,2.8445,concentration,water,0.51,fraction
N6,puc19,10.193925,concentration,m169,0.287235,concentration,m168,0.28728000000000004,concentration,m167,0.0,concentration,m166,0.28446,concentration,m165,0.28548,concentration,m164,0.2859,concentration,m163,0.27305999999999997,concentration,m162,2.8445,concentration,water,0.405,fraction
N7,puc19,11.358945,concentration,m169,0.066285,concentration,m168,0.07182000000000001,concentration,m167,0.26705999999999996,concentration,m166,0.071115,concentration,m165,0.28548,concentration,m164,0.071475,concentration,m163,0.27305999999999997,concentration,m162,2.8445,concentration,water,0.51,fraction
N8,puc19,11.6502,concentration,m169,0.066285,concentration,m168,0.28728000000000004,concentration,m167,0.06676499999999999,concentration,m166,0.071115,concentration,m165,0.06588000000000001,concentration,m164,0.2859,concentration,m163,0.06826499999999999,concentration,m162,2.8445,concentration,water,0.555,fraction
N9,puc19,11.941455,concentration,m169,0.066285,concentration,m168,0.07182000000000001,concentration,m167,0.26705999999999996,concentration,m166,0.071115,concentration,m165,0.06588000000000001,concentration,m164,0.071475,concentration,m163,0.06826499999999999,concentration,m162,2.8445,concentration,water,0.595,fraction
O1,puc19,15.14526,concentration,m169,0.287235,concentration,m168,0.0,concentration,m167,0.26705999999999996,concentration,m166,0.28446,concentration,m165,0.28548,concentration,m164,0.071475,concentration,m163,0.27305999999999997,concentration,m162,0.5689,concentration,water,0.405,fraction
O10,puc19,15.14526,concentration,m169,0.287235,concentration,m168,0.0,concentration,m167,0.26705999999999996,concentration,m166,0.071115,concentration,m165,0.28548,concentration,m164,0.2859,concentration,m163,0.27305999999999997,concentration,m162,0.5689,concentration,water,0.405,fraction
O11,puc19,10.193925,concentration,m169,0.287235,concentration,m168,0.28728000000000004,concentration,m167,0.26705999999999996,concentration,m166,0.28446,concentration,m165,0.28548,concentration,m164,0.2859,concentration,m163,0.06826499999999999,concentration,m162,2.8445,concentration,water,0.39,fraction
O12,puc19,16.892789999999998,concentration,m169,0.287235,concentration,m168,0.0,concentration,m167,0.06676499999999999,concentration,m166,0.071115,concentration,m165,0.06588000000000001,concentration,m164,0.071475,concentration,m163,0.06826499999999999,concentration,m162,0.5689,concentration,water,0.56,fraction
O13,puc19,10.193925,concentration,m169,0.287235,concentration,m168,0.28728000000000004,concentration,m167,0.26705999999999996,concentration,m166,0.28446,concentration,m165,0.28548,concentration,m164,0.071475,concentration,m163,0.27305999999999997,concentration,m162,2.8445,concentration,water,0.39,fraction
O14,puc19,11.6502,concentration,m169,0.066285,concentration,m168,0.07182000000000001,concentration,m167,0.06676499999999999,concentration,m166,0.28446,concentration,m165,0.28548,concentration,m164,0.071475,concentration,m163,0.06826499999999999,concentration,m162,2.8445,concentration,water,0.55,fraction
O15,puc19,10.193925,concentration,m169,0.287235,concentration,m168,0.28728000000000004,concentration,m167,0.26705999999999996,concentration,m166,0.28446,concentration,m165,0.06588000000000001,concentration,m164,0.2859,concentration,m163,0.27305999999999997,concentration,m162,2.8445,concentration,water,0.395,fraction
O16,puc19,11.358945,concentration,m169,0.066285,concentration,m168,0.28728000000000004,concentration,m167,0.26705999999999996,concentration,m166,0.071115,concentration,m165,0.28548,concentration,m164,0.071475,concentration,m163,0.06826499999999999,concentration,m162,2.8445,concentration,water,0.51,fraction
O17,puc19,10.193925,concentration,m169,0.287235,concentration,m168,0.28728000000000004,concentration,m167,0.26705999999999996,concentration,m166,0.071115,concentration,m165,0.28548,concentration,m164,0.2859,concentration,m163,0.27305999999999997,concentration,m162,2.8445,concentration,water,0.39,fraction
O18,puc19,10.193925,concentration,m169,0.287235,concentration,m168,0.28728000000000004,concentration,m167,0.26705999999999996,concentration,m166,0.0,concentration,m165,0.28548,concentration,m164,0.2859,concentration,m163,0.27305999999999997,concentration,m162,2.8445,concentration,water,0.405,fraction
O19,puc19,10.193925,concentration,m169,0.287235,concentration,m168,0.28728000000000004,concentration,m167,0.06676499999999999,concentration,m166,0.28446,concentration,m165,0.28548,concentration,m164,0.2859,concentration,m163,0.27305999999999997,concentration,m162,2.8445,concentration,water,0.39,fraction
O2,puc19,11.941455,concentration,m169,0.066285,concentration,m168,0.07182000000000001,concentration,m167,0.06676499999999999,concentration,m166,0.071115,concentration,m165,0.28548,concentration,m164,0.071475,concentration,m163,0.06826499999999999,concentration,m162,2.8445,concentration,water,0.59,fraction
O20,puc19,11.6502,concentration,m169,0.066285,concentration,m168,0.07182000000000001,concentration,m167,0.06676499999999999,concentration,m166,0.071115,concentration,m165,0.28548,concentration,m164,0.2859,concentration,m163,0.06826499999999999,concentration,m162,2.8445,concentration,water,0.55,fraction
O21,puc19,10.193925,concentration,m169,0.287235,concentration,m168,0.07182000000000001,concentration,m167,0.26705999999999996,concentration,m166,0.28446,concentration,m165,0.28548,concentration,m164,0.2859,concentration,m163,0.27305999999999997,concentration,m162,2.8445,concentration,water,0.39,fraction
O22,puc19,10.193925,concentration,m169,0.287235,concentration,m168,0.28728000000000004,concentration,m167,0.26705999999999996,concentration,m166,0.071115,concentration,m165,0.28548,concentration,m164,0.2859,concentration,m163,0.27305999999999997,concentration,m162,2.8445,concentration,water,0.39,fraction
O23,puc19,10.193925,concentration,m169,0.066285,concentration,m168,0.28728000000000004,concentration,m167,0.26705999999999996,concentration,m166,0.28446,concentration,m165,0.28548,concentration,m164,0.2859,concentration,m163,0.27305999999999997,concentration,m162,2.8445,concentration,water,0.395,fraction
O24,puc19,11.358945,concentration,m169,0.066285,concentration,m168,0.07182000000000001,concentration,m167,0.26705999999999996,concentration,m166,0.28446,concentration,m165,0.06588000000000001,concentration,m164,0.2859,concentration,m163,0.06826499999999999,concentration,m162,2.8445,concentration,water,0.515,fraction
O3,puc19,15.14526,concentration,m169,0.287235,concentration,m168,0.0,concentration,m167,0.26705999999999996,concentration,m166,0.28446,concentration,m165,0.06588000000000001,concentration,m164,0.2859,concentration,m163,0.27305999999999997,concentration,m162,0.5689,concentration,water,0.41,fraction
O4,puc19,11.6502,concentration,m169,0.287235,concentration,m168,0.07182000000000001,concentration,m167,0.06676499999999999,concentration,m166,0.071115,concentration,m165,0.28548,concentration,m164,0.071475,concentration,m163,0.06826499999999999,concentration,m162,2.8445,concentration,water,0.545,fraction
O5,puc19,15.14526,concentration,m169,0.287235,concentration,m168,0.0,concentration,m167,0.26705999999999996,concentration,m166,0.071115,concentration,m165,0.28548,concentration,m164,0.2859,concentration,m163,0.27305999999999997,concentration,m162,0.5689,concentration,water,0.405,fraction
O6,puc19,15.14526,concentration,m169,0.287235,concentration,m168,0.0,concentration,m167,0.06676499999999999,concentration,m166,0.28446,concentration,m165,0.28548,concentration,m164,0.2859,concentration,m163,0.27305999999999997,concentration,m162,0.5689,concentration,water,0.405,fraction
O7,puc19,15.14526,concentration,m169,0.287235,concentration,m168,0.0,concentration,m167,0.06676499999999999,concentration,m166,0.28446,concentration,m165,0.28548,concentration,m164,0.2859,concentration,m163,0.27305999999999997,concentration,m162,0.5689,concentration,water,0.405,fraction
O8,puc19,10.193925,concentration,m169,0.0,concentration,m168,0.28728000000000004,concentration,m167,0.26705999999999996,concentration,m166,0.28446,concentration,m165,0.28548,concentration,m164,0.2859,concentration,m163,0.27305999999999997,concentration,m162,2.8445,concentration,water,0.41,fraction
O9,puc19,15.14526,concentration,m169,0.066285,concentration,m168,0.0,concentration,m167,0.26705999999999996,concentration,m166,0.28446,concentration,m165,0.28548,concentration,m164,0.2859,concentration,m163,0.27305999999999997,concentration,m162,0.5689,concentration,water,0.41,fraction
P1,puc19,10.193925,concentration,m169,0.287235,concentration,m168,0.07182000000000001,concentration,m167,0.26705999999999996,concentration,m166,0.28446,concentration,m165,0.28548,concentration,m164,0.2859,concentration,m163,0.27305999999999997,concentration,m162,2.8445,concentration,water,0.39,fraction
P10,puc19,11.6502,concentration,m169,0.287235,concentration,m168,0.07182000000000001,concentration,m167,0.06676499999999999,concentration,m166,0.071115,concentration,m165,0.28548,concentration,m164,0.071475,concentration,m163,0.06826499999999999,concentration,m162,2.8445,concentration,water,0.545,fraction
P11,puc19,11.358945,concentration,m169,0.066285,concentration,m168,0.07182000000000001,concentration,m167,0.26705999999999996,concentration,m166,0.28446,concentration,m165,0.06588000000000001,concentration,m164,0.2859,concentration,m163,0.06826499999999999,concentration,m162,2.8445,concentration,water,0.515,fraction
P12,puc19,10.193925,concentration,m169,0.287235,concentration,m168,0.28728000000000004,concentration,m167,0.26705999999999996,concentration,m166,0.28446,concentration,m165,0.06588000000000001,concentration,m164,0.2859,concentration,m163,0.27305999999999997,concentration,m162,2.8445,concentration,water,0.395,fraction
P13,puc19,11.6502,concentration,m169,0.066285,concentration,m168,0.07182000000000001,concentration,m167,0.06676499999999999,concentration,m166,0.28446,concentration,m165,0.06588000000000001,concentration,m164,0.2859,concentration,m163,0.06826499999999999,concentration,m162,2.8445,concentration,water,0.555,fraction
P14,puc19,15.14526,concentration,m169,0.287235,concentration,m168,0.0,concentration,m167,0.26705999999999996,concentration,m166,0.28446,concentration,m165,0.28548,concentration,m164,0.071475,concentration,m163,0.27305999999999997,concentration,m162,0.5689,concentration,water,0.405,fraction
P15,puc19,11.358945,concentration,m169,0.066285,concentration,m168,0.28728000000000004,concentration,m167,0.06676499999999999,concentration,m166,0.28446,concentration,m165,0.28548,concentration,m164,0.071475,concentration,m163,0.06826499999999999,concentration,m162,2.8445,concentration,water,0.51,fraction
P16,puc19,11.941455,concentration,m169,0.066285,concentration,m168,0.07182000000000001,concentration,m167,0.06676499999999999,concentration,m166,0.28446,concentration,m165,0.06588000000000001,concentration,m164,0.071475,concentration,m163,0.06826499999999999,concentration,m162,2.8445,concentration,water,0.595,fraction
P17,puc19,11.6502,concentration,m169,0.066285,concentration,m168,0.07182000000000001,concentration,m167,0.26705999999999996,concentration,m166,0.071115,concentration,m165,0.28548,concentration,m164,0.071475,concentration,m163,0.06826499999999999,concentration,m162,2.8445,concentration,water,0.55,fraction
P18,puc19,11.358945,concentration,m169,0.287235,concentration,m168,0.07182000000000001,concentration,m167,0.06676499999999999,concentration,m166,0.28446,concentration,m165,0.28548,concentration,m164,0.071475,concentration,m163,0.06826499999999999,concentration,m162,2.8445,concentration,water,0.505,fraction
P19,puc19,11.358945,concentration,m169,0.066285,concentration,m168,0.28728000000000004,concentration,m167,0.06676499999999999,concentration,m166,0.071115,concentration,m165,0.28548,concentration,m164,0.2859,concentration,m163,0.06826499999999999,concentration,m162,2.8445,concentration,water,0.51,fraction
P2,puc19,10.193925,concentration,m169,0.287235,concentration,m168,0.28728000000000004,concentration,m167,0.26705999999999996,concentration,m166,0.0,concentration,m165,0.28548,concentration,m164,0.2859,concentration,m163,0.27305999999999997,concentration,m162,2.8445,concentration,water,0.405,fraction
P20,puc19,9.611415,concentration,m169,0.287235,concentration,m168,0.28728000000000004,concentration,m167,0.26705999999999996,concentration,m166,0.28446,concentration,m165,0.28548,concentration,m164,0.2859,concentration,m163,0.27305999999999997,concentration,m162,2.8445,concentration,water,0.355,fraction
P21,puc19,11.358945,concentration,m169,0.287235,concentration,m168,0.07182000000000001,concentration,m167,0.26705999999999996,concentration,m166,0.28446,concentration,m165,0.06588000000000001,concentration,m164,0.071475,concentration,m163,0.06826499999999999,concentration,m162,2.8445,concentration,water,0.51,fraction
P22,puc19,11.358945,concentration,m169,0.066285,concentration,m168,0.07182000000000001,concentration,m167,0.06676499999999999,concentration,m166,0.28446,concentration,m165,0.28548,concentration,m164,0.071475,concentration,m163,0.27305999999999997,concentration,m162,2.8445,concentration,water,0.51,fraction
P23,puc19,10.193925,concentration,m169,0.287235,concentration,m168,0.28728000000000004,concentration,m167,0.26705999999999996,concentration,m166,0.28446,concentration,m165,0.28548,concentration,m164,0.2859,concentration,m163,0.0,concentration,m162,2.8445,concentration,water,0.405,fraction
P24,puc19,11.6502,concentration,m169,0.066285,concentration,m168,0.07182000000000001,concentration,m167,0.06676499999999999,concentration,m166,0.28446,concentration,m165,0.28548,concentration,m164,0.071475,concentration,m163,0.06826499999999999,concentration,m162,2.8445,concentration,water,0.55,fraction
P3,puc19,11.358945,concentration,m169,0.066285,concentration,m168,0.07182000000000001,concentration,m167,0.06676499999999999,concentration,m166,0.071115,concentration,m165,0.28548,concentration,m164,0.2859,concentration,m163,0.27305999999999997,concentration,m162,2.8445,concentration,water,0.51,fraction
P4,puc19,12.523964999999999,concentration,m169,0.066285,concentration,m168,0.07182000000000001,concentration,m167,0.06676499999999999,concentration,m166,0.071115,concentration,m165,0.06588000000000001,concentration,m164,0.071475,concentration,m163,0.06826499999999999,concentration,m162,2.8445,concentration,water,0.63,fraction
P5,puc19,11.358945,concentration,m169,0.287235,concentration,m168,0.28728000000000004,concentration,m167,0.26705999999999996,concentration,m166,0.071115,concentration,m165,0.06588000000000001,concentration,m164,0.071475,concentration,m163,0.06826499999999999,concentration,m162,2.8445,concentration,water,0.51,fraction
P6,puc19,11.6502,concentration,m169,0.066285,concentration,m168,0.28728000000000004,concentration,m167,0.06676499999999999,concentration,m166,0.071115,concentration,m165,0.28548,concentration,m164,0.071475,concentration,m163,0.06826499999999999,concentration,m162,2.8445,concentration,water,0.55,fraction
P7,puc19,11.358945,concentration,m169,0.287235,concentration,m168,0.07182000000000001,concentration,m167,0.06676499999999999,concentration,m166,0.28446,concentration,m165,0.28548,concentration,m164,0.071475,concentration,m163,0.06826499999999999,concentration,m162,2.8445,concentration,water,0.505,fraction
P8,puc19,11.358945,concentration,m169,0.287235,concentration,m168,0.07182000000000001,concentration,m167,0.26705999999999996,concentration,m166,0.071115,concentration,m165,0.06588000000000001,concentration,m164,0.2859,concentration,m163,0.06826499999999999,concentration,m162,2.8445,concentration,water,0.51,fraction
P9,puc19,11.6502,concentration,m169,0.066285,concentration,m168,0.07182000000000001,concentration,m167,0.26705999999999996,concentration,m166,0.071115,concentration,m165,0.06588000000000001,concentration,m164,0.2859,concentration,m163,0.06826499999999999,concentration,m162,2.8445,concentration,water,0.555,fraction
