Source Plate,Source Plate Type,Source Well,Sample ID,Destination Plate Name,Destination Well,Transfer Volume,Sample Comment
384_source_c1,384PP_AQ_BP,B2,m162,Axygen 384,A1,250,Actual concentration: 2.84
384_source_c1,384PP_AQ_BP,B2,m162,Axygen 384,A3,250,Actual concentration: 2.84
384_source_c1,384PP_AQ_BP,B2,m162,Axygen 384,A5,250,Actual concentration: 2.84
384_source_c1,384PP_AQ_BP,B2,m162,Axygen 384,A7,250,Actual concentration: 2.84
384_source_c1,384PP_AQ_BP,B2,m162,Axygen 384,A9,250,Actual concentration: 2.84
384_source_c1,384PP_AQ_BP,B2,m162,Axygen 384,A11,250,Actual concentration: 2.84
384_source_c1,384PP_AQ_BP,B2,m162,Axygen 384,A13,250,Actual concentration: 2.84
384_source_c1,384PP_AQ_BP,B2,m162,Axygen 384,A15,250,Actual concentration: 2.84
384_source_c1,384PP_AQ_BP,B2,m162,Axygen 384,A17,250,Actual concentration: 2.84
384_source_c1,384PP_AQ_BP,B2,m162,Axygen 384,A19,250,Actual concentration: 2.84
384_source_c1,384PP_AQ_BP,B2,m162,Axygen 384,A21,250,Actual concentration: 2.84
384_source_c1,384PP_AQ_BP,B2,m162,Axygen 384,A23,250,Actual concentration: 2.84
384_source_c1,384PP_AQ_BP,B2,m162,Axygen 384,C1,250,Actual concentration: 2.84
384_source_c1,384PP_AQ_BP,B2,m162,Axygen 384,C3,250,Actual concentration: 2.84
384_source_c1,384PP_AQ_BP,B2,m162,Axygen 384,C5,250,Actual concentration: 2.84
384_source_c1,384PP_AQ_BP,B2,m162,Axygen 384,C7,250,Actual concentration: 2.84
384_source_c1,384PP_AQ_BP,B2,m162,Axygen 384,C9,250,Actual concentration: 2.84
384_source_c1,384PP_AQ_BP,B2,m162,Axygen 384,C11,250,Actual concentration: 2.84
384_source_c1,384PP_AQ_BP,B2,m162,Axygen 384,C13,250,Actual concentration: 2.84
384_source_c1,384PP_AQ_BP,B2,m162,Axygen 384,C15,250,Actual concentration: 2.84
384_source_c1,384PP_AQ_BP,B2,m162,Axygen 384,C17,250,Actual concentration: 2.84
384_source_c1,384PP_AQ_BP,B2,m162,Axygen 384,C19,250,Actual concentration: 2.84
384_source_c1,384PP_AQ_BP,B2,m162,Axygen 384,C21,250,Actual concentration: 2.84
384_source_c1,384PP_AQ_BP,B2,m162,Axygen 384,C23,250,Actual concentration: 2.84
384_source_c1,384PP_AQ_BP,B2,m162,Axygen 384,E1,250,Actual concentration: 2.84
384_source_c1,384PP_AQ_BP,B2,m162,Axygen 384,E3,250,Actual concentration: 2.84
384_source_c1,384PP_AQ_BP,B2,m162,Axygen 384,E5,250,Actual concentration: 2.84
384_source_c1,384PP_AQ_BP,B2,m162,Axygen 384,E7,250,Actual concentration: 2.84
384_source_c1,384PP_AQ_BP,B2,m162,Axygen 384,E9,250,Actual concentration: 2.84
384_source_c1,384PP_AQ_BP,B2,m162,Axygen 384,E11,250,Actual concentration: 2.84
384_source_c1,384PP_AQ_BP,B2,m162,Axygen 384,E13,250,Actual concentration: 2.84
384_source_c1,384PP_AQ_BP,B2,m162,Axygen 384,E15,250,Actual concentration: 2.84
384_source_c1,384PP_AQ_BP,B2,m162,Axygen 384,E17,250,Actual concentration: 2.84
384_source_c1,384PP_AQ_BP,B2,m162,Axygen 384,E19,250,Actual concentration: 2.84
384_source_c1,384PP_AQ_BP,B2,m162,Axygen 384,E21,250,Actual concentration: 2.84
384_source_c1,384PP_AQ_BP,B2,m162,Axygen 384,E23,250,Actual concentration: 2.84
384_source_c1,384PP_AQ_BP,B2,m162,Axygen 384,G1,250,Actual concentration: 2.84
384_source_c1,384PP_AQ_BP,B2,m162,Axygen 384,G3,250,Actual concentration: 2.84
384_source_c1,384PP_AQ_BP,B2,m162,Axygen 384,G5,250,Actual concentration: 2.84
384_source_c1,384PP_AQ_BP,B2,m162,Axygen 384,G7,250,Actual concentration: 2.84
384_source_c1,384PP_AQ_BP,B4,m162,Axygen 384,G9,250,Actual concentration: 2.84
384_source_c1,384PP_AQ_BP,B4,m162,Axygen 384,G11,250,Actual concentration: 2.84
384_source_c1,384PP_AQ_BP,B4,m162,Axygen 384,G13,250,Actual concentration: 2.84
384_source_c1,384PP_AQ_BP,B4,m162,Axygen 384,G15,250,Actual concentration: 2.84
384_source_c1,384PP_AQ_BP,B4,m162,Axygen 384,G17,250,Actual concentration: 2.84
384_source_c1,384PP_AQ_BP,B4,m162,Axygen 384,G19,250,Actual concentration: 2.84
384_source_c1,384PP_AQ_BP,B4,m162,Axygen 384,G21,250,Actual concentration: 2.84
384_source_c1,384PP_AQ_BP,B4,m162,Axygen 384,G23,250,Actual concentration: 2.84
384_source_c1,384PP_AQ_BP,B4,m162,Axygen 384,I1,250,Actual concentration: 2.84
384_source_c1,384PP_AQ_BP,B4,m162,Axygen 384,I3,250,Actual concentration: 2.84
384_source_c1,384PP_AQ_BP,B4,m162,Axygen 384,I5,250,Actual concentration: 2.84
384_source_c1,384PP_AQ_BP,B4,m162,Axygen 384,I7,250,Actual concentration: 2.84
384_source_c1,384PP_AQ_BP,B4,m162,Axygen 384,I9,250,Actual concentration: 2.84
384_source_c1,384PP_AQ_BP,B4,m162,Axygen 384,I11,250,Actual concentration: 2.84
384_source_c1,384PP_AQ_BP,B4,m162,Axygen 384,I13,250,Actual concentration: 2.84
384_source_c1,384PP_AQ_BP,B4,m162,Axygen 384,I15,250,Actual concentration: 2.84
384_source_c1,384PP_AQ_BP,B4,m162,Axygen 384,I17,250,Actual concentration: 2.84
384_source_c1,384PP_AQ_BP,B4,m162,Axygen 384,I19,250,Actual concentration: 2.84
384_source_c1,384PP_AQ_BP,B4,m162,Axygen 384,I21,250,Actual concentration: 2.84
384_source_c1,384PP_AQ_BP,B4,m162,Axygen 384,I23,250,Actual concentration: 2.84
384_source_c1,384PP_AQ_BP,B4,m162,Axygen 384,K1,250,Actual concentration: 2.84
384_source_c1,384PP_AQ_BP,B4,m162,Axygen 384,K3,250,Actual concentration: 2.84
384_source_c1,384PP_AQ_BP,B4,m162,Axygen 384,K5,250,Actual concentration: 2.84
384_source_c1,384PP_AQ_BP,B4,m162,Axygen 384,K7,250,Actual concentration: 2.84
384_source_c1,384PP_AQ_BP,B4,m162,Axygen 384,K9,250,Actual concentration: 2.84
384_source_c1,384PP_AQ_BP,B4,m162,Axygen 384,K11,250,Actual concentration: 2.84
384_source_c1,384PP_AQ_BP,B4,m162,Axygen 384,K13,250,Actual concentration: 2.84
384_source_c1,384PP_AQ_BP,B4,m162,Axygen 384,K15,250,Actual concentration: 2.84
384_source_c1,384PP_AQ_BP,B4,m162,Axygen 384,K17,250,Actual concentration: 2.84
384_source_c1,384PP_AQ_BP,B4,m162,Axygen 384,K19,250,Actual concentration: 2.84
384_source_c1,384PP_AQ_BP,B4,m162,Axygen 384,K21,250,Actual concentration: 2.84
384_source_c1,384PP_AQ_BP,B4,m162,Axygen 384,K23,250,Actual concentration: 2.84
384_source_c1,384PP_AQ_BP,B4,m162,Axygen 384,M1,250,Actual concentration: 2.84
384_source_c1,384PP_AQ_BP,B4,m162,Axygen 384,M3,250,Actual concentration: 2.84
384_source_c1,384PP_AQ_BP,B4,m162,Axygen 384,M5,250,Actual concentration: 2.84
384_source_c1,384PP_AQ_BP,B4,m162,Axygen 384,M7,250,Actual concentration: 2.84
384_source_c1,384PP_AQ_BP,B4,m162,Axygen 384,M9,250,Actual concentration: 2.84
384_source_c1,384PP_AQ_BP,B4,m162,Axygen 384,M11,50,Actual concentration: 0.57
384_source_c1,384PP_AQ_BP,B4,m162,Axygen 384,M13,50,Actual concentration: 0.57
384_source_c1,384PP_AQ_BP,B4,m162,Axygen 384,M15,50,Actual concentration: 0.57
384_source_c1,384PP_AQ_BP,B4,m162,Axygen 384,M17,50,Actual concentration: 0.57
384_source_c1,384PP_AQ_BP,B4,m162,Axygen 384,M19,50,Actual concentration: 0.57
384_source_c1,384PP_AQ_BP,B4,m162,Axygen 384,M21,50,Actual concentration: 0.57
384_source_c1,384PP_AQ_BP,B4,m162,Axygen 384,M23,50,Actual concentration: 0.57
384_source_c1,384PP_AQ_BP,B4,m162,Axygen 384,O1,50,Actual concentration: 0.57
384_source_c1,384PP_AQ_BP,B4,m162,Axygen 384,O3,50,Actual concentration: 0.57
384_source_c1,384PP_AQ_BP,B4,m162,Axygen 384,O5,50,Actual concentration: 0.57
384_source_c1,384PP_AQ_BP,B4,m162,Axygen 384,O7,50,Actual concentration: 0.57
384_source_c1,384PP_AQ_BP,B4,m162,Axygen 384,O9,50,Actual concentration: 0.57
384_source_c1,384PP_AQ_BP,B4,m162,Axygen 384,O11,150,Actual concentration: 1.71
384_source_c1,384PP_AQ_BP,B6,m162,Axygen 384,O11,100,Actual concentration: 1.14
384_source_c1,384PP_AQ_BP,B6,m162,Axygen 384,O13,250,Actual concentration: 2.84
384_source_c1,384PP_AQ_BP,B6,m162,Axygen 384,O15,250,Actual concentration: 2.84
384_source_c1,384PP_AQ_BP,B6,m162,Axygen 384,O17,250,Actual concentration: 2.84
384_source_c1,384PP_AQ_BP,B6,m162,Axygen 384,O19,250,Actual concentration: 2.84
384_source_c1,384PP_AQ_BP,B6,m162,Axygen 384,O21,250,Actual concentration: 2.84
384_source_c1,384PP_AQ_BP,B6,m162,Axygen 384,O23,250,Actual concentration: 2.84
384_source_c1,384PP_AQ_BP,B6,m162,Axygen 384,A2,50,Actual concentration: 0.57
384_source_c1,384PP_AQ_BP,B6,m162,Axygen 384,A4,50,Actual concentration: 0.57
384_source_c1,384PP_AQ_BP,B6,m162,Axygen 384,A6,250,Actual concentration: 2.84
384_source_c1,384PP_AQ_BP,B6,m162,Axygen 384,A8,250,Actual concentration: 2.84
384_source_c1,384PP_AQ_BP,B6,m162,Axygen 384,A10,250,Actual concentration: 2.84
384_source_c1,384PP_AQ_BP,B6,m162,Axygen 384,A12,50,Actual concentration: 0.57
384_source_c1,384PP_AQ_BP,B6,m162,Axygen 384,A14,250,Actual concentration: 2.84
384_source_c1,384PP_AQ_BP,B6,m162,Axygen 384,A16,250,Actual concentration: 2.84
384_source_c1,384PP_AQ_BP,B6,m162,Axygen 384,A18,250,Actual concentration: 2.84
384_source_c1,384PP_AQ_BP,B6,m162,Axygen 384,A20,250,Actual concentration: 2.84
384_source_c1,384PP_AQ_BP,B6,m162,Axygen 384,A22,250,Actual concentration: 2.84
384_source_c1,384PP_AQ_BP,B6,m162,Axygen 384,A24,250,Actual concentration: 2.84
384_source_c1,384PP_AQ_BP,B6,m162,Axygen 384,C2,250,Actual concentration: 2.84
384_source_c1,384PP_AQ_BP,B6,m162,Axygen 384,C4,250,Actual concentration: 2.84
384_source_c1,384PP_AQ_BP,B6,m162,Axygen 384,C6,250,Actual concentration: 2.84
384_source_c1,384PP_AQ_BP,B6,m162,Axygen 384,C8,250,Actual concentration: 2.84
384_source_c1,384PP_AQ_BP,B6,m162,Axygen 384,C10,250,Actual concentration: 2.84
384_source_c1,384PP_AQ_BP,B6,m162,Axygen 384,C12,250,Actual concentration: 2.84
384_source_c1,384PP_AQ_BP,B6,m162,Axygen 384,C14,250,Actual concentration: 2.84
384_source_c1,384PP_AQ_BP,B6,m162,Axygen 384,C16,50,Actual concentration: 0.57
384_source_c1,384PP_AQ_BP,B6,m162,Axygen 384,C18,250,Actual concentration: 2.84
384_source_c1,384PP_AQ_BP,B6,m162,Axygen 384,C20,250,Actual concentration: 2.84
384_source_c1,384PP_AQ_BP,B6,m162,Axygen 384,C22,250,Actual concentration: 2.84
384_source_c1,384PP_AQ_BP,B6,m162,Axygen 384,C24,250,Actual concentration: 2.84
384_source_c1,384PP_AQ_BP,B6,m162,Axygen 384,E2,50,Actual concentration: 0.57
384_source_c1,384PP_AQ_BP,B6,m162,Axygen 384,E4,250,Actual concentration: 2.84
384_source_c1,384PP_AQ_BP,B6,m162,Axygen 384,E6,250,Actual concentration: 2.84
384_source_c1,384PP_AQ_BP,B6,m162,Axygen 384,E8,250,Actual concentration: 2.84
384_source_c1,384PP_AQ_BP,B6,m162,Axygen 384,E10,250,Actual concentration: 2.84
384_source_c1,384PP_AQ_BP,B6,m162,Axygen 384,E12,250,Actual concentration: 2.84
384_source_c1,384PP_AQ_BP,B6,m162,Axygen 384,E14,250,Actual concentration: 2.84
384_source_c1,384PP_AQ_BP,B6,m162,Axygen 384,E16,250,Actual concentration: 2.84
384_source_c1,384PP_AQ_BP,B6,m162,Axygen 384,E18,250,Actual concentration: 2.84
384_source_c1,384PP_AQ_BP,B6,m162,Axygen 384,E20,250,Actual concentration: 2.84
384_source_c1,384PP_AQ_BP,B6,m162,Axygen 384,E22,250,Actual concentration: 2.84
384_source_c1,384PP_AQ_BP,B6,m162,Axygen 384,E24,250,Actual concentration: 2.84
384_source_c1,384PP_AQ_BP,B6,m162,Axygen 384,G2,250,Actual concentration: 2.84
384_source_c1,384PP_AQ_BP,B6,m162,Axygen 384,G4,150,Actual concentration: 1.71
384_source_c1,384PP_AQ_BP,B8,m162,Axygen 384,G4,100,Actual concentration: 1.14
384_source_c1,384PP_AQ_BP,B8,m162,Axygen 384,G6,250,Actual concentration: 2.84
384_source_c1,384PP_AQ_BP,B8,m162,Axygen 384,G8,250,Actual concentration: 2.84
384_source_c1,384PP_AQ_BP,B8,m162,Axygen 384,G10,250,Actual concentration: 2.84
384_source_c1,384PP_AQ_BP,B8,m162,Axygen 384,G12,250,Actual concentration: 2.84
384_source_c1,384PP_AQ_BP,B8,m162,Axygen 384,G14,250,Actual concentration: 2.84
384_source_c1,384PP_AQ_BP,B8,m162,Axygen 384,G16,250,Actual concentration: 2.84
384_source_c1,384PP_AQ_BP,B8,m162,Axygen 384,G18,50,Actual concentration: 0.57
384_source_c1,384PP_AQ_BP,B8,m162,Axygen 384,G20,250,Actual concentration: 2.84
384_source_c1,384PP_AQ_BP,B8,m162,Axygen 384,G22,250,Actual concentration: 2.84
384_source_c1,384PP_AQ_BP,B8,m162,Axygen 384,G24,250,Actual concentration: 2.84
384_source_c1,384PP_AQ_BP,B8,m162,Axygen 384,I2,250,Actual concentration: 2.84
384_source_c1,384PP_AQ_BP,B8,m162,Axygen 384,I4,250,Actual concentration: 2.84
384_source_c1,384PP_AQ_BP,B8,m162,Axygen 384,I6,250,Actual concentration: 2.84
384_source_c1,384PP_AQ_BP,B8,m162,Axygen 384,I8,250,Actual concentration: 2.84
384_source_c1,384PP_AQ_BP,B8,m162,Axygen 384,I10,250,Actual concentration: 2.84
384_source_c1,384PP_AQ_BP,B8,m162,Axygen 384,I12,250,Actual concentration: 2.84
384_source_c1,384PP_AQ_BP,B8,m162,Axygen 384,I14,250,Actual concentration: 2.84
384_source_c1,384PP_AQ_BP,B8,m162,Axygen 384,I16,250,Actual concentration: 2.84
384_source_c1,384PP_AQ_BP,B8,m162,Axygen 384,I18,250,Actual concentration: 2.84
384_source_c1,384PP_AQ_BP,B8,m162,Axygen 384,I20,50,Actual concentration: 0.57
384_source_c1,384PP_AQ_BP,B8,m162,Axygen 384,I22,250,Actual concentration: 2.84
384_source_c1,384PP_AQ_BP,B8,m162,Axygen 384,I24,250,Actual concentration: 2.84
384_source_c1,384PP_AQ_BP,B8,m162,Axygen 384,K2,250,Actual concentration: 2.84
384_source_c1,384PP_AQ_BP,B8,m162,Axygen 384,K4,250,Actual concentration: 2.84
384_source_c1,384PP_AQ_BP,B8,m162,Axygen 384,K6,250,Actual concentration: 2.84
384_source_c1,384PP_AQ_BP,B8,m162,Axygen 384,K8,250,Actual concentration: 2.84
384_source_c1,384PP_AQ_BP,B8,m162,Axygen 384,K10,250,Actual concentration: 2.84
384_source_c1,384PP_AQ_BP,B8,m162,Axygen 384,K12,250,Actual concentration: 2.84
384_source_c1,384PP_AQ_BP,B8,m162,Axygen 384,K14,250,Actual concentration: 2.84
384_source_c1,384PP_AQ_BP,B8,m162,Axygen 384,K16,250,Actual concentration: 2.84
384_source_c1,384PP_AQ_BP,B8,m162,Axygen 384,K18,250,Actual concentration: 2.84
384_source_c1,384PP_AQ_BP,B8,m162,Axygen 384,K20,250,Actual concentration: 2.84
384_source_c1,384PP_AQ_BP,B8,m162,Axygen 384,K22,250,Actual concentration: 2.84
384_source_c1,384PP_AQ_BP,B8,m162,Axygen 384,K24,250,Actual concentration: 2.84
384_source_c1,384PP_AQ_BP,B8,m162,Axygen 384,M2,50,Actual concentration: 0.57
384_source_c1,384PP_AQ_BP,B8,m162,Axygen 384,M4,250,Actual concentration: 2.84
384_source_c1,384PP_AQ_BP,B8,m162,Axygen 384,M6,250,Actual concentration: 2.84
384_source_c1,384PP_AQ_BP,B8,m162,Axygen 384,M8,250,Actual concentration: 2.84
384_source_c1,384PP_AQ_BP,B8,m162,Axygen 384,M10,250,Actual concentration: 2.84
384_source_c1,384PP_AQ_BP,B8,m162,Axygen 384,M12,250,Actual concentration: 2.84
384_source_c1,384PP_AQ_BP,B8,m162,Axygen 384,M14,50,Actual concentration: 0.57
384_source_c1,384PP_AQ_BP,B8,m162,Axygen 384,M16,250,Actual concentration: 2.84
384_source_c1,384PP_AQ_BP,B8,m162,Axygen 384,M18,200,Actual concentration: 2.28
384_source_c1,384PP_AQ_BP,B10,m162,Axygen 384,M18,50,Actual concentration: 0.57
384_source_c1,384PP_AQ_BP,B10,m162,Axygen 384,M20,250,Actual concentration: 2.84
384_source_c1,384PP_AQ_BP,B10,m162,Axygen 384,M22,250,Actual concentration: 2.84
384_source_c1,384PP_AQ_BP,B10,m162,Axygen 384,M24,250,Actual concentration: 2.84
384_source_c1,384PP_AQ_BP,B10,m162,Axygen 384,O2,250,Actual concentration: 2.84
384_source_c1,384PP_AQ_BP,B10,m162,Axygen 384,O4,250,Actual concentration: 2.84
384_source_c1,384PP_AQ_BP,B10,m162,Axygen 384,O6,50,Actual concentration: 0.57
384_source_c1,384PP_AQ_BP,B10,m162,Axygen 384,O8,250,Actual concentration: 2.84
384_source_c1,384PP_AQ_BP,B10,m162,Axygen 384,O10,50,Actual concentration: 0.57
384_source_c1,384PP_AQ_BP,B10,m162,Axygen 384,O12,50,Actual concentration: 0.57
384_source_c1,384PP_AQ_BP,B10,m162,Axygen 384,O14,250,Actual concentration: 2.84
384_source_c1,384PP_AQ_BP,B10,m162,Axygen 384,O16,250,Actual concentration: 2.84
384_source_c1,384PP_AQ_BP,B10,m162,Axygen 384,O18,250,Actual concentration: 2.84
384_source_c1,384PP_AQ_BP,B10,m162,Axygen 384,O20,250,Actual concentration: 2.84
384_source_c1,384PP_AQ_BP,B10,m162,Axygen 384,O22,250,Actual concentration: 2.84
384_source_c1,384PP_AQ_BP,B10,m162,Axygen 384,O24,250,Actual concentration: 2.84
384_source_c1,384PP_AQ_BP,B10,m162,Axygen 384,B1,250,Actual concentration: 2.84
384_source_c1,384PP_AQ_BP,B10,m162,Axygen 384,B3,250,Actual concentration: 2.84
384_source_c1,384PP_AQ_BP,B10,m162,Axygen 384,B5,250,Actual concentration: 2.84
384_source_c1,384PP_AQ_BP,B10,m162,Axygen 384,B7,250,Actual concentration: 2.84
384_source_c1,384PP_AQ_BP,B10,m162,Axygen 384,B9,250,Actual concentration: 2.84
384_source_c1,384PP_AQ_BP,B10,m162,Axygen 384,B11,250,Actual concentration: 2.84
384_source_c1,384PP_AQ_BP,B10,m162,Axygen 384,B13,250,Actual concentration: 2.84
384_source_c1,384PP_AQ_BP,B10,m162,Axygen 384,B15,250,Actual concentration: 2.84
384_source_c1,384PP_AQ_BP,B10,m162,Axygen 384,B17,250,Actual concentration: 2.84
384_source_c1,384PP_AQ_BP,B10,m162,Axygen 384,B19,250,Actual concentration: 2.84
384_source_c1,384PP_AQ_BP,B10,m162,Axygen 384,B21,250,Actual concentration: 2.84
384_source_c1,384PP_AQ_BP,B10,m162,Axygen 384,B23,250,Actual concentration: 2.84
384_source_c1,384PP_AQ_BP,B10,m162,Axygen 384,D1,50,Actual concentration: 0.57
384_source_c1,384PP_AQ_BP,B10,m162,Axygen 384,D3,250,Actual concentration: 2.84
384_source_c1,384PP_AQ_BP,B10,m162,Axygen 384,D5,50,Actual concentration: 0.57
384_source_c1,384PP_AQ_BP,B10,m162,Axygen 384,D7,250,Actual concentration: 2.84
384_source_c1,384PP_AQ_BP,B10,m162,Axygen 384,D9,250,Actual concentration: 2.84
384_source_c1,384PP_AQ_BP,B10,m162,Axygen 384,D11,250,Actual concentration: 2.84
384_source_c1,384PP_AQ_BP,B10,m162,Axygen 384,D13,250,Actual concentration: 2.84
384_source_c1,384PP_AQ_BP,B10,m162,Axygen 384,D15,50,Actual concentration: 0.57
384_source_c1,384PP_AQ_BP,B10,m162,Axygen 384,D17,250,Actual concentration: 2.84
384_source_c1,384PP_AQ_BP,B10,m162,Axygen 384,D19,250,Actual concentration: 2.84
384_source_c1,384PP_AQ_BP,B10,m162,Axygen 384,D21,50,Actual concentration: 0.57
384_source_c1,384PP_AQ_BP,B10,m162,Axygen 384,D23,250,Actual concentration: 2.84
384_source_c1,384PP_AQ_BP,B10,m162,Axygen 384,F1,250,Actual concentration: 2.84
384_source_c1,384PP_AQ_BP,B10,m162,Axygen 384,F3,50,Actual concentration: 0.57
384_source_c1,384PP_AQ_BP,B10,m162,Axygen 384,F5,250,Actual concentration: 2.84
384_source_c1,384PP_AQ_BP,B10,m162,Axygen 384,F7,250,Actual concentration: 2.84
384_source_c1,384PP_AQ_BP,B10,m162,Axygen 384,F9,50,Actual concentration: 0.57
384_source_c1,384PP_AQ_BP,B10,m162,Axygen 384,F11,250,Actual concentration: 2.84
384_source_c1,384PP_AQ_BP,B10,m162,Axygen 384,F13,250,Actual concentration: 2.84
384_source_c1,384PP_AQ_BP,B10,m162,Axygen 384,F15,250,Actual concentration: 2.84
384_source_c1,384PP_AQ_BP,B12,m162,Axygen 384,F17,250,Actual concentration: 2.84
384_source_c1,384PP_AQ_BP,B12,m162,Axygen 384,F19,250,Actual concentration: 2.84
384_source_c1,384PP_AQ_BP,B12,m162,Axygen 384,F21,250,Actual concentration: 2.84
384_source_c1,384PP_AQ_BP,B12,m162,Axygen 384,F23,250,Actual concentration: 2.84
384_source_c1,384PP_AQ_BP,B12,m162,Axygen 384,H1,250,Actual concentration: 2.84
384_source_c1,384PP_AQ_BP,B12,m162,Axygen 384,H3,250,Actual concentration: 2.84
384_source_c1,384PP_AQ_BP,B12,m162,Axygen 384,H5,250,Actual concentration: 2.84
384_source_c1,384PP_AQ_BP,B12,m162,Axygen 384,H7,250,Actual concentration: 2.84
384_source_c1,384PP_AQ_BP,B12,m162,Axygen 384,H9,250,Actual concentration: 2.84
384_source_c1,384PP_AQ_BP,B12,m162,Axygen 384,H11,250,Actual concentration: 2.84
384_source_c1,384PP_AQ_BP,B12,m162,Axygen 384,H13,250,Actual concentration: 2.84
384_source_c1,384PP_AQ_BP,B12,m162,Axygen 384,H15,250,Actual concentration: 2.84
384_source_c1,384PP_AQ_BP,B12,m162,Axygen 384,H17,50,Actual concentration: 0.57
384_source_c1,384PP_AQ_BP,B12,m162,Axygen 384,H19,50,Actual concentration: 0.57
384_source_c1,384PP_AQ_BP,B12,m162,Axygen 384,H21,250,Actual concentration: 2.84
384_source_c1,384PP_AQ_BP,B12,m162,Axygen 384,H23,50,Actual concentration: 0.57
384_source_c1,384PP_AQ_BP,B12,m162,Axygen 384,J1,250,Actual concentration: 2.84
384_source_c1,384PP_AQ_BP,B12,m162,Axygen 384,J3,250,Actual concentration: 2.84
384_source_c1,384PP_AQ_BP,B12,m162,Axygen 384,J5,250,Actual concentration: 2.84
384_source_c1,384PP_AQ_BP,B12,m162,Axygen 384,J7,250,Actual concentration: 2.84
384_source_c1,384PP_AQ_BP,B12,m162,Axygen 384,J9,250,Actual concentration: 2.84
384_source_c1,384PP_AQ_BP,B12,m162,Axygen 384,J11,250,Actual concentration: 2.84
384_source_c1,384PP_AQ_BP,B12,m162,Axygen 384,J13,250,Actual concentration: 2.84
384_source_c1,384PP_AQ_BP,B12,m162,Axygen 384,J15,250,Actual concentration: 2.84
384_source_c1,384PP_AQ_BP,B12,m162,Axygen 384,J17,250,Actual concentration: 2.84
384_source_c1,384PP_AQ_BP,B12,m162,Axygen 384,J19,250,Actual concentration: 2.84
384_source_c1,384PP_AQ_BP,B12,m162,Axygen 384,J21,250,Actual concentration: 2.84
384_source_c1,384PP_AQ_BP,B12,m162,Axygen 384,J23,250,Actual concentration: 2.84
384_source_c1,384PP_AQ_BP,B12,m162,Axygen 384,L1,250,Actual concentration: 2.84
384_source_c1,384PP_AQ_BP,B12,m162,Axygen 384,L3,250,Actual concentration: 2.84
384_source_c1,384PP_AQ_BP,B12,m162,Axygen 384,L5,250,Actual concentration: 2.84
384_source_c1,384PP_AQ_BP,B12,m162,Axygen 384,L7,250,Actual concentration: 2.84
384_source_c1,384PP_AQ_BP,B12,m162,Axygen 384,L9,250,Actual concentration: 2.84
384_source_c1,384PP_AQ_BP,B12,m162,Axygen 384,L11,250,Actual concentration: 2.84
384_source_c1,384PP_AQ_BP,B12,m162,Axygen 384,L13,250,Actual concentration: 2.84
384_source_c1,384PP_AQ_BP,B12,m162,Axygen 384,L15,250,Actual concentration: 2.84
384_source_c1,384PP_AQ_BP,B12,m162,Axygen 384,L17,250,Actual concentration: 2.84
384_source_c1,384PP_AQ_BP,B12,m162,Axygen 384,L19,250,Actual concentration: 2.84
384_source_c1,384PP_AQ_BP,B12,m162,Axygen 384,L21,250,Actual concentration: 2.84
384_source_c1,384PP_AQ_BP,B12,m162,Axygen 384,L23,50,Actual concentration: 0.57
384_source_c1,384PP_AQ_BP,B12,m162,Axygen 384,N1,250,Actual concentration: 2.84
384_source_c1,384PP_AQ_BP,B12,m162,Axygen 384,N3,250,Actual concentration: 2.84
384_source_c1,384PP_AQ_BP,B12,m162,Axygen 384,N5,250,Actual concentration: 2.84
384_source_c1,384PP_AQ_BP,B12,m162,Axygen 384,N7,50,Actual concentration: 0.57
384_source_c1,384PP_AQ_BP,B14,m162,Axygen 384,N7,200,Actual concentration: 2.28
384_source_c1,384PP_AQ_BP,B14,m162,Axygen 384,N9,250,Actual concentration: 2.84
384_source_c1,384PP_AQ_BP,B14,m162,Axygen 384,N11,50,Actual concentration: 0.57
384_source_c1,384PP_AQ_BP,B14,m162,Axygen 384,N13,50,Actual concentration: 0.57
384_source_c1,384PP_AQ_BP,B14,m162,Axygen 384,N15,250,Actual concentration: 2.84
384_source_c1,384PP_AQ_BP,B14,m162,Axygen 384,N17,250,Actual concentration: 2.84
384_source_c1,384PP_AQ_BP,B14,m162,Axygen 384,N19,250,Actual concentration: 2.84
384_source_c1,384PP_AQ_BP,B14,m162,Axygen 384,N21,250,Actual concentration: 2.84
384_source_c1,384PP_AQ_BP,B14,m162,Axygen 384,N23,250,Actual concentration: 2.84
384_source_c1,384PP_AQ_BP,B14,m162,Axygen 384,P1,250,Actual concentration: 2.84
384_source_c1,384PP_AQ_BP,B14,m162,Axygen 384,P3,250,Actual concentration: 2.84
384_source_c1,384PP_AQ_BP,B14,m162,Axygen 384,P5,250,Actual concentration: 2.84
384_source_c1,384PP_AQ_BP,B14,m162,Axygen 384,P7,250,Actual concentration: 2.84
384_source_c1,384PP_AQ_BP,B14,m162,Axygen 384,P9,250,Actual concentration: 2.84
384_source_c1,384PP_AQ_BP,B14,m162,Axygen 384,P11,250,Actual concentration: 2.84
384_source_c1,384PP_AQ_BP,B14,m162,Axygen 384,P13,250,Actual concentration: 2.84
384_source_c1,384PP_AQ_BP,B14,m162,Axygen 384,P15,250,Actual concentration: 2.84
384_source_c1,384PP_AQ_BP,B14,m162,Axygen 384,P17,250,Actual concentration: 2.84
384_source_c1,384PP_AQ_BP,B14,m162,Axygen 384,P19,250,Actual concentration: 2.84
384_source_c1,384PP_AQ_BP,B14,m162,Axygen 384,P21,250,Actual concentration: 2.84
384_source_c1,384PP_AQ_BP,B14,m162,Axygen 384,P23,250,Actual concentration: 2.84
384_source_c1,384PP_AQ_BP,B14,m162,Axygen 384,B2,250,Actual concentration: 2.84
384_source_c1,384PP_AQ_BP,B14,m162,Axygen 384,B4,250,Actual concentration: 2.84
384_source_c1,384PP_AQ_BP,B14,m162,Axygen 384,B6,250,Actual concentration: 2.84
384_source_c1,384PP_AQ_BP,B14,m162,Axygen 384,B8,250,Actual concentration: 2.84
384_source_c1,384PP_AQ_BP,B14,m162,Axygen 384,B10,250,Actual concentration: 2.84
384_source_c1,384PP_AQ_BP,B14,m162,Axygen 384,B12,250,Actual concentration: 2.84
384_source_c1,384PP_AQ_BP,B14,m162,Axygen 384,B14,250,Actual concentration: 2.84
384_source_c1,384PP_AQ_BP,B14,m162,Axygen 384,B16,250,Actual concentration: 2.84
384_source_c1,384PP_AQ_BP,B14,m162,Axygen 384,B18,250,Actual concentration: 2.84
384_source_c1,384PP_AQ_BP,B14,m162,Axygen 384,B20,250,Actual concentration: 2.84
384_source_c1,384PP_AQ_BP,B14,m162,Axygen 384,B22,250,Actual concentration: 2.84
384_source_c1,384PP_AQ_BP,B14,m162,Axygen 384,B24,250,Actual concentration: 2.84
384_source_c1,384PP_AQ_BP,B14,m162,Axygen 384,D2,250,Actual concentration: 2.84
384_source_c1,384PP_AQ_BP,B14,m162,Axygen 384,D4,250,Actual concentration: 2.84
384_source_c1,384PP_AQ_BP,B14,m162,Axygen 384,D6,250,Actual concentration: 2.84
384_source_c1,384PP_AQ_BP,B14,m162,Axygen 384,D8,250,Actual concentration: 2.84
384_source_c1,384PP_AQ_BP,B14,m162,Axygen 384,D10,50,Actual concentration: 0.57
384_source_c1,384PP_AQ_BP,B14,m162,Axygen 384,D12,250,Actual concentration: 2.84
384_source_c1,384PP_AQ_BP,B14,m162,Axygen 384,D14,250,Actual concentration: 2.84
384_source_c1,384PP_AQ_BP,B14,m162,Axygen 384,D16,50,Actual concentration: 0.57
384_source_c1,384PP_AQ_BP,B14,m162,Axygen 384,D18,250,Actual concentration: 2.84
384_source_c1,384PP_AQ_BP,B14,m162,Axygen 384,D20,250,Actual concentration: 2.84
384_source_c1,384PP_AQ_BP,B14,m162,Axygen 384,D22,100,Actual concentration: 1.14
384_source_c1,384PP_AQ_BP,B16,m162,Axygen 384,D22,150,Actual concentration: 1.71
384_source_c1,384PP_AQ_BP,B16,m162,Axygen 384,D24,250,Actual concentration: 2.84
384_source_c1,384PP_AQ_BP,B16,m162,Axygen 384,F2,250,Actual concentration: 2.84
384_source_c1,384PP_AQ_BP,B16,m162,Axygen 384,F4,50,Actual concentration: 0.57
384_source_c1,384PP_AQ_BP,B16,m162,Axygen 384,F6,250,Actual concentration: 2.84
384_source_c1,384PP_AQ_BP,B16,m162,Axygen 384,F8,50,Actual concentration: 0.57
384_source_c1,384PP_AQ_BP,B16,m162,Axygen 384,F10,250,Actual concentration: 2.84
384_source_c1,384PP_AQ_BP,B16,m162,Axygen 384,F12,250,Actual concentration: 2.84
384_source_c1,384PP_AQ_BP,B16,m162,Axygen 384,F14,50,Actual concentration: 0.57
384_source_c1,384PP_AQ_BP,B16,m162,Axygen 384,F16,250,Actual concentration: 2.84
384_source_c1,384PP_AQ_BP,B16,m162,Axygen 384,F18,250,Actual concentration: 2.84
384_source_c1,384PP_AQ_BP,B16,m162,Axygen 384,F20,250,Actual concentration: 2.84
384_source_c1,384PP_AQ_BP,B16,m162,Axygen 384,F22,250,Actual concentration: 2.84
384_source_c1,384PP_AQ_BP,B16,m162,Axygen 384,F24,250,Actual concentration: 2.84
384_source_c1,384PP_AQ_BP,B16,m162,Axygen 384,H2,250,Actual concentration: 2.84
384_source_c1,384PP_AQ_BP,B16,m162,Axygen 384,H4,250,Actual concentration: 2.84
384_source_c1,384PP_AQ_BP,B16,m162,Axygen 384,H6,250,Actual concentration: 2.84
384_source_c1,384PP_AQ_BP,B16,m162,Axygen 384,H8,250,Actual concentration: 2.84
384_source_c1,384PP_AQ_BP,B16,m162,Axygen 384,H10,50,Actual concentration: 0.57
384_source_c1,384PP_AQ_BP,B16,m162,Axygen 384,H12,250,Actual concentration: 2.84
384_source_c1,384PP_AQ_BP,B16,m162,Axygen 384,H14,250,Actual concentration: 2.84
384_source_c1,384PP_AQ_BP,B16,m162,Axygen 384,H16,250,Actual concentration: 2.84
384_source_c1,384PP_AQ_BP,B16,m162,Axygen 384,H18,250,Actual concentration: 2.84
384_source_c1,384PP_AQ_BP,B16,m162,Axygen 384,H20,250,Actual concentration: 2.84
384_source_c1,384PP_AQ_BP,B16,m162,Axygen 384,H22,250,Actual concentration: 2.84
384_source_c1,384PP_AQ_BP,B16,m162,Axygen 384,H24,250,Actual concentration: 2.84
384_source_c1,384PP_AQ_BP,B16,m162,Axygen 384,J2,250,Actual concentration: 2.84
384_source_c1,384PP_AQ_BP,B16,m162,Axygen 384,J4,250,Actual concentration: 2.84
384_source_c1,384PP_AQ_BP,B16,m162,Axygen 384,J6,250,Actual concentration: 2.84
384_source_c1,384PP_AQ_BP,B16,m162,Axygen 384,J8,250,Actual concentration: 2.84
384_source_c1,384PP_AQ_BP,B16,m162,Axygen 384,J10,250,Actual concentration: 2.84
384_source_c1,384PP_AQ_BP,B16,m162,Axygen 384,J12,250,Actual concentration: 2.84
384_source_c1,384PP_AQ_BP,B16,m162,Axygen 384,J14,50,Actual concentration: 0.57
384_source_c1,384PP_AQ_BP,B16,m162,Axygen 384,J16,250,Actual concentration: 2.84
384_source_c1,384PP_AQ_BP,B16,m162,Axygen 384,J18,250,Actual concentration: 2.84
384_source_c1,384PP_AQ_BP,B16,m162,Axygen 384,J20,250,Actual concentration: 2.84
384_source_c1,384PP_AQ_BP,B16,m162,Axygen 384,J22,250,Actual concentration: 2.84
384_source_c1,384PP_AQ_BP,B16,m162,Axygen 384,J24,250,Actual concentration: 2.84
384_source_c1,384PP_AQ_BP,B16,m162,Axygen 384,L2,250,Actual concentration: 2.84
384_source_c1,384PP_AQ_BP,B16,m162,Axygen 384,L4,250,Actual concentration: 2.84
384_source_c1,384PP_AQ_BP,B16,m162,Axygen 384,L6,250,Actual concentration: 2.84
384_source_c1,384PP_AQ_BP,B16,m162,Axygen 384,L8,250,Actual concentration: 2.84
384_source_c1,384PP_AQ_BP,B16,m162,Axygen 384,L10,250,Actual concentration: 2.84
384_source_c1,384PP_AQ_BP,B16,m162,Axygen 384,L12,250,Actual concentration: 2.84
384_source_c1,384PP_AQ_BP,B16,m162,Axygen 384,L14,50,Actual concentration: 0.57
384_source_c1,384PP_AQ_BP,B16,m162,Axygen 384,L16,50,Actual concentration: 0.57
384_source_c1,384PP_AQ_BP,B18,m162,Axygen 384,L16,200,Actual concentration: 2.28
384_source_c1,384PP_AQ_BP,B18,m162,Axygen 384,L18,250,Actual concentration: 2.84
384_source_c1,384PP_AQ_BP,B18,m162,Axygen 384,L20,250,Actual concentration: 2.84
384_source_c1,384PP_AQ_BP,B18,m162,Axygen 384,L22,250,Actual concentration: 2.84
384_source_c1,384PP_AQ_BP,B18,m162,Axygen 384,L24,250,Actual concentration: 2.84
384_source_c1,384PP_AQ_BP,B18,m162,Axygen 384,N2,50,Actual concentration: 0.57
384_source_c1,384PP_AQ_BP,B18,m162,Axygen 384,N4,250,Actual concentration: 2.84
384_source_c1,384PP_AQ_BP,B18,m162,Axygen 384,N6,250,Actual concentration: 2.84
384_source_c1,384PP_AQ_BP,B18,m162,Axygen 384,N8,250,Actual concentration: 2.84
384_source_c1,384PP_AQ_BP,B18,m162,Axygen 384,N10,250,Actual concentration: 2.84
384_source_c1,384PP_AQ_BP,B18,m162,Axygen 384,N12,50,Actual concentration: 0.57
384_source_c1,384PP_AQ_BP,B18,m162,Axygen 384,N14,250,Actual concentration: 2.84
384_source_c1,384PP_AQ_BP,B18,m162,Axygen 384,N16,250,Actual concentration: 2.84
384_source_c1,384PP_AQ_BP,B18,m162,Axygen 384,N18,250,Actual concentration: 2.84
384_source_c1,384PP_AQ_BP,B18,m162,Axygen 384,N20,250,Actual concentration: 2.84
384_source_c1,384PP_AQ_BP,B18,m162,Axygen 384,N22,250,Actual concentration: 2.84
384_source_c1,384PP_AQ_BP,B18,m162,Axygen 384,N24,50,Actual concentration: 0.57
384_source_c1,384PP_AQ_BP,B18,m162,Axygen 384,P2,250,Actual concentration: 2.84
384_source_c1,384PP_AQ_BP,B18,m162,Axygen 384,P4,250,Actual concentration: 2.84
384_source_c1,384PP_AQ_BP,B18,m162,Axygen 384,P6,250,Actual concentration: 2.84
384_source_c1,384PP_AQ_BP,B18,m162,Axygen 384,P8,250,Actual concentration: 2.84
384_source_c1,384PP_AQ_BP,B18,m162,Axygen 384,P10,250,Actual concentration: 2.84
384_source_c1,384PP_AQ_BP,B18,m162,Axygen 384,P12,250,Actual concentration: 2.84
384_source_c1,384PP_AQ_BP,B18,m162,Axygen 384,P14,50,Actual concentration: 0.57
384_source_c1,384PP_AQ_BP,B18,m162,Axygen 384,P16,250,Actual concentration: 2.84
384_source_c1,384PP_AQ_BP,B18,m162,Axygen 384,P18,250,Actual concentration: 2.84
384_source_c1,384PP_AQ_BP,B18,m162,Axygen 384,P20,250,Actual concentration: 2.84
384_source_c1,384PP_AQ_BP,B18,m162,Axygen 384,P22,250,Actual concentration: 2.84
384_source_c1,384PP_AQ_BP,B18,m162,Axygen 384,P24,250,Actual concentration: 2.84
384_source_c1,384PP_AQ_BP,D2,m163,Axygen 384,A1,300,Actual concentration: 0.27
384_source_c1,384PP_AQ_BP,D2,m163,Axygen 384,A3,75,Actual concentration: 0.07
384_source_c1,384PP_AQ_BP,D2,m163,Axygen 384,A5,75,Actual concentration: 0.07
384_source_c1,384PP_AQ_BP,D2,m163,Axygen 384,A7,75,Actual concentration: 0.07
384_source_c1,384PP_AQ_BP,D2,m163,Axygen 384,A9,75,Actual concentration: 0.07
384_source_c1,384PP_AQ_BP,D2,m163,Axygen 384,A11,75,Actual concentration: 0.07
384_source_c1,384PP_AQ_BP,D2,m163,Axygen 384,A13,75,Actual concentration: 0.07
384_source_c1,384PP_AQ_BP,D2,m163,Axygen 384,A15,75,Actual concentration: 0.07
384_source_c1,384PP_AQ_BP,D2,m163,Axygen 384,A17,300,Actual concentration: 0.27
384_source_c1,384PP_AQ_BP,D2,m163,Axygen 384,A19,300,Actual concentration: 0.27
384_source_c1,384PP_AQ_BP,D2,m163,Axygen 384,A21,300,Actual concentration: 0.27
384_source_c1,384PP_AQ_BP,D2,m163,Axygen 384,A23,300,Actual concentration: 0.27
384_source_c1,384PP_AQ_BP,D2,m163,Axygen 384,C1,300,Actual concentration: 0.27
384_source_c1,384PP_AQ_BP,D2,m163,Axygen 384,C3,300,Actual concentration: 0.27
384_source_c1,384PP_AQ_BP,D2,m163,Axygen 384,C5,75,Actual concentration: 0.07
384_source_c1,384PP_AQ_BP,D2,m163,Axygen 384,C7,300,Actual concentration: 0.27
384_source_c1,384PP_AQ_BP,D2,m163,Axygen 384,C9,75,Actual concentration: 0.07
384_source_c1,384PP_AQ_BP,D2,m163,Axygen 384,C11,75,Actual concentration: 0.07
384_source_c1,384PP_AQ_BP,D2,m163,Axygen 384,C13,75,Actual concentration: 0.07
384_source_c1,384PP_AQ_BP,D2,m163,Axygen 384,C15,75,Actual concentration: 0.07
384_source_c1,384PP_AQ_BP,D2,m163,Axygen 384,C17,75,Actual concentration: 0.07
384_source_c1,384PP_AQ_BP,D2,m163,Axygen 384,C19,75,Actual concentration: 0.07
384_source_c1,384PP_AQ_BP,D2,m163,Axygen 384,C21,75,Actual concentration: 0.07
384_source_c1,384PP_AQ_BP,D2,m163,Axygen 384,C23,75,Actual concentration: 0.07
384_source_c1,384PP_AQ_BP,D2,m163,Axygen 384,E1,75,Actual concentration: 0.07
384_source_c1,384PP_AQ_BP,D2,m163,Axygen 384,E3,75,Actual concentration: 0.07
384_source_c1,384PP_AQ_BP,D2,m163,Axygen 384,E5,75,Actual concentration: 0.07
384_source_c1,384PP_AQ_BP,D2,m163,Axygen 384,E7,75,Actual concentration: 0.07
384_source_c1,384PP_AQ_BP,D2,m163,Axygen 384,E9,75,Actual concentration: 0.07
384_source_c1,384PP_AQ_BP,D2,m163,Axygen 384,E11,75,Actual concentration: 0.07
384_source_c1,384PP_AQ_BP,D2,m163,Axygen 384,E13,300,Actual concentration: 0.27
384_source_c1,384PP_AQ_BP,D2,m163,Axygen 384,E15,300,Actual concentration: 0.27
384_source_c1,384PP_AQ_BP,D2,m163,Axygen 384,E17,300,Actual concentration: 0.27
384_source_c1,384PP_AQ_BP,D2,m163,Axygen 384,E19,300,Actual concentration: 0.27
384_source_c1,384PP_AQ_BP,D2,m163,Axygen 384,E21,300,Actual concentration: 0.27
384_source_c1,384PP_AQ_BP,D2,m163,Axygen 384,E23,300,Actual concentration: 0.27
384_source_c1,384PP_AQ_BP,D2,m163,Axygen 384,G1,300,Actual concentration: 0.27
384_source_c1,384PP_AQ_BP,D2,m163,Axygen 384,G3,75,Actual concentration: 0.07
384_source_c1,384PP_AQ_BP,D2,m163,Axygen 384,G5,300,Actual concentration: 0.27
384_source_c1,384PP_AQ_BP,D2,m163,Axygen 384,G7,300,Actual concentration: 0.27
384_source_c1,384PP_AQ_BP,D2,m163,Axygen 384,G9,300,Actual concentration: 0.27
384_source_c1,384PP_AQ_BP,D2,m163,Axygen 384,G11,300,Actual concentration: 0.27
384_source_c1,384PP_AQ_BP,D2,m163,Axygen 384,G13,300,Actual concentration: 0.27
384_source_c1,384PP_AQ_BP,D2,m163,Axygen 384,G15,300,Actual concentration: 0.27
384_source_c1,384PP_AQ_BP,D2,m163,Axygen 384,G17,300,Actual concentration: 0.27
384_source_c1,384PP_AQ_BP,D2,m163,Axygen 384,G19,300,Actual concentration: 0.27
384_source_c1,384PP_AQ_BP,D2,m163,Axygen 384,G21,300,Actual concentration: 0.27
384_source_c1,384PP_AQ_BP,D2,m163,Axygen 384,G23,75,Actual concentration: 0.07
384_source_c1,384PP_AQ_BP,D2,m163,Axygen 384,I1,75,Actual concentration: 0.07
384_source_c1,384PP_AQ_BP,D2,m163,Axygen 384,I3,75,Actual concentration: 0.07
384_source_c1,384PP_AQ_BP,D2,m163,Axygen 384,I5,75,Actual concentration: 0.07
384_source_c1,384PP_AQ_BP,D2,m163,Axygen 384,I7,75,Actual concentration: 0.07
384_source_c1,384PP_AQ_BP,D2,m163,Axygen 384,I9,75,Actual concentration: 0.07
384_source_c1,384PP_AQ_BP,D2,m163,Axygen 384,I11,75,Actual concentration: 0.07
384_source_c1,384PP_AQ_BP,D2,m163,Axygen 384,I13,75,Actual concentration: 0.07
384_source_c1,384PP_AQ_BP,D2,m163,Axygen 384,I15,75,Actual concentration: 0.07
384_source_c1,384PP_AQ_BP,D2,m163,Axygen 384,I17,75,Actual concentration: 0.07
384_source_c1,384PP_AQ_BP,D2,m163,Axygen 384,I19,75,Actual concentration: 0.07
384_source_c1,384PP_AQ_BP,D2,m163,Axygen 384,I21,75,Actual concentration: 0.07
384_source_c1,384PP_AQ_BP,D2,m163,Axygen 384,I23,75,Actual concentration: 0.07
384_source_c1,384PP_AQ_BP,D2,m163,Axygen 384,K1,75,Actual concentration: 0.07
384_source_c1,384PP_AQ_BP,D2,m163,Axygen 384,K3,25,Actual concentration: 0.02
384_source_c1,384PP_AQ_BP,D4,m163,Axygen 384,K3,50,Actual concentration: 0.05
384_source_c1,384PP_AQ_BP,D4,m163,Axygen 384,K5,75,Actual concentration: 0.07
384_source_c1,384PP_AQ_BP,D4,m163,Axygen 384,K7,75,Actual concentration: 0.07
384_source_c1,384PP_AQ_BP,D4,m163,Axygen 384,K9,75,Actual concentration: 0.07
384_source_c1,384PP_AQ_BP,D4,m163,Axygen 384,K11,75,Actual concentration: 0.07
384_source_c1,384PP_AQ_BP,D4,m163,Axygen 384,K13,75,Actual concentration: 0.07
384_source_c1,384PP_AQ_BP,D4,m163,Axygen 384,K15,75,Actual concentration: 0.07
384_source_c1,384PP_AQ_BP,D4,m163,Axygen 384,K19,300,Actual concentration: 0.27
384_source_c1,384PP_AQ_BP,D4,m163,Axygen 384,K21,300,Actual concentration: 0.27
384_source_c1,384PP_AQ_BP,D4,m163,Axygen 384,K23,300,Actual concentration: 0.27
384_source_c1,384PP_AQ_BP,D4,m163,Axygen 384,M1,300,Actual concentration: 0.27
384_source_c1,384PP_AQ_BP,D4,m163,Axygen 384,M3,300,Actual concentration: 0.27
384_source_c1,384PP_AQ_BP,D4,m163,Axygen 384,M5,300,Actual concentration: 0.27
384_source_c1,384PP_AQ_BP,D4,m163,Axygen 384,M7,300,Actual concentration: 0.27
384_source_c1,384PP_AQ_BP,D4,m163,Axygen 384,M9,600,Actual concentration: 0.55
384_source_c1,384PP_AQ_BP,D4,m163,Axygen 384,M11,300,Actual concentration: 0.27
384_source_c1,384PP_AQ_BP,D4,m163,Axygen 384,M13,75,Actual concentration: 0.07
384_source_c1,384PP_AQ_BP,D4,m163,Axygen 384,M15,75,Actual concentration: 0.07
384_source_c1,384PP_AQ_BP,D4,m163,Axygen 384,M17,75,Actual concentration: 0.07
384_source_c1,384PP_AQ_BP,D4,m163,Axygen 384,M19,75,Actual concentration: 0.07
384_source_c1,384PP_AQ_BP,D4,m163,Axygen 384,M21,75,Actual concentration: 0.07
384_source_c1,384PP_AQ_BP,D4,m163,Axygen 384,M23,75,Actual concentration: 0.07
384_source_c1,384PP_AQ_BP,D4,m163,Axygen 384,O1,300,Actual concentration: 0.27
384_source_c1,384PP_AQ_BP,D4,m163,Axygen 384,O3,300,Actual concentration: 0.27
384_source_c1,384PP_AQ_BP,D4,m163,Axygen 384,O5,300,Actual concentration: 0.27
384_source_c1,384PP_AQ_BP,D4,m163,Axygen 384,O7,300,Actual concentration: 0.27
384_source_c1,384PP_AQ_BP,D4,m163,Axygen 384,O9,300,Actual concentration: 0.27
384_source_c1,384PP_AQ_BP,D4,m163,Axygen 384,O11,75,Actual concentration: 0.07
384_source_c1,384PP_AQ_BP,D4,m163,Axygen 384,O13,300,Actual concentration: 0.27
384_source_c1,384PP_AQ_BP,D4,m163,Axygen 384,O15,300,Actual concentration: 0.27
384_source_c1,384PP_AQ_BP,D4,m163,Axygen 384,O17,300,Actual concentration: 0.27
384_source_c1,384PP_AQ_BP,D4,m163,Axygen 384,O19,300,Actual concentration: 0.27
384_source_c1,384PP_AQ_BP,D4,m163,Axygen 384,O21,300,Actual concentration: 0.27
384_source_c1,384PP_AQ_BP,D4,m163,Axygen 384,O23,300,Actual concentration: 0.27
384_source_c1,384PP_AQ_BP,D4,m163,Axygen 384,A2,75,Actual concentration: 0.07
384_source_c1,384PP_AQ_BP,D4,m163,Axygen 384,A4,300,Actual concentration: 0.27
384_source_c1,384PP_AQ_BP,D4,m163,Axygen 384,A6,300,Actual concentration: 0.27
384_source_c1,384PP_AQ_BP,D4,m163,Axygen 384,A8,300,Actual concentration: 0.27
384_source_c1,384PP_AQ_BP,D4,m163,Axygen 384,A10,300,Actual concentration: 0.27
384_source_c1,384PP_AQ_BP,D4,m163,Axygen 384,A12,75,Actual concentration: 0.07
384_source_c1,384PP_AQ_BP,D4,m163,Axygen 384,A14,300,Actual concentration: 0.27
384_source_c1,384PP_AQ_BP,D4,m163,Axygen 384,A16,300,Actual concentration: 0.27
384_source_c1,384PP_AQ_BP,D4,m163,Axygen 384,A18,300,Actual concentration: 0.27
384_source_c1,384PP_AQ_BP,D4,m163,Axygen 384,A20,300,Actual concentration: 0.27
384_source_c1,384PP_AQ_BP,D4,m163,Axygen 384,A22,75,Actual concentration: 0.07
384_source_c1,384PP_AQ_BP,D4,m163,Axygen 384,A24,50,Actual concentration: 0.05
384_source_c1,384PP_AQ_BP,D6,m163,Axygen 384,A24,250,Actual concentration: 0.23
384_source_c1,384PP_AQ_BP,D6,m163,Axygen 384,C2,75,Actual concentration: 0.07
384_source_c1,384PP_AQ_BP,D6,m163,Axygen 384,C4,75,Actual concentration: 0.07
384_source_c1,384PP_AQ_BP,D6,m163,Axygen 384,C6,300,Actual concentration: 0.27
384_source_c1,384PP_AQ_BP,D6,m163,Axygen 384,C8,75,Actual concentration: 0.07
384_source_c1,384PP_AQ_BP,D6,m163,Axygen 384,C10,300,Actual concentration: 0.27
384_source_c1,384PP_AQ_BP,D6,m163,Axygen 384,C12,75,Actual concentration: 0.07
384_source_c1,384PP_AQ_BP,D6,m163,Axygen 384,C14,75,Actual concentration: 0.07
384_source_c1,384PP_AQ_BP,D6,m163,Axygen 384,C16,300,Actual concentration: 0.27
384_source_c1,384PP_AQ_BP,D6,m163,Axygen 384,C18,300,Actual concentration: 0.27
384_source_c1,384PP_AQ_BP,D6,m163,Axygen 384,C20,75,Actual concentration: 0.07
384_source_c1,384PP_AQ_BP,D6,m163,Axygen 384,C22,300,Actual concentration: 0.27
384_source_c1,384PP_AQ_BP,D6,m163,Axygen 384,E2,300,Actual concentration: 0.27
384_source_c1,384PP_AQ_BP,D6,m163,Axygen 384,E4,300,Actual concentration: 0.27
384_source_c1,384PP_AQ_BP,D6,m163,Axygen 384,E6,300,Actual concentration: 0.27
384_source_c1,384PP_AQ_BP,D6,m163,Axygen 384,E8,300,Actual concentration: 0.27
384_source_c1,384PP_AQ_BP,D6,m163,Axygen 384,E10,300,Actual concentration: 0.27
384_source_c1,384PP_AQ_BP,D6,m163,Axygen 384,E12,75,Actual concentration: 0.07
384_source_c1,384PP_AQ_BP,D6,m163,Axygen 384,E14,75,Actual concentration: 0.07
384_source_c1,384PP_AQ_BP,D6,m163,Axygen 384,E16,300,Actual concentration: 0.27
384_source_c1,384PP_AQ_BP,D6,m163,Axygen 384,E18,300,Actual concentration: 0.27
384_source_c1,384PP_AQ_BP,D6,m163,Axygen 384,E20,75,Actual concentration: 0.07
384_source_c1,384PP_AQ_BP,D6,m163,Axygen 384,E22,300,Actual concentration: 0.27
384_source_c1,384PP_AQ_BP,D6,m163,Axygen 384,E24,75,Actual concentration: 0.07
384_source_c1,384PP_AQ_BP,D6,m163,Axygen 384,G2,300,Actual concentration: 0.27
384_source_c1,384PP_AQ_BP,D6,m163,Axygen 384,G4,75,Actual concentration: 0.07
384_source_c1,384PP_AQ_BP,D6,m163,Axygen 384,G6,75,Actual concentration: 0.07
384_source_c1,384PP_AQ_BP,D6,m163,Axygen 384,G8,300,Actual concentration: 0.27
384_source_c1,384PP_AQ_BP,D6,m163,Axygen 384,G10,75,Actual concentration: 0.07
384_source_c1,384PP_AQ_BP,D6,m163,Axygen 384,G12,300,Actual concentration: 0.27
384_source_c1,384PP_AQ_BP,D6,m163,Axygen 384,G14,75,Actual concentration: 0.07
384_source_c1,384PP_AQ_BP,D6,m163,Axygen 384,G16,75,Actual concentration: 0.07
384_source_c1,384PP_AQ_BP,D6,m163,Axygen 384,G18,75,Actual concentration: 0.07
384_source_c1,384PP_AQ_BP,D6,m163,Axygen 384,G20,75,Actual concentration: 0.07
384_source_c1,384PP_AQ_BP,D6,m163,Axygen 384,G22,75,Actual concentration: 0.07
384_source_c1,384PP_AQ_BP,D6,m163,Axygen 384,G24,300,Actual concentration: 0.27
384_source_c1,384PP_AQ_BP,D6,m163,Axygen 384,I2,75,Actual concentration: 0.07
384_source_c1,384PP_AQ_BP,D6,m163,Axygen 384,I4,75,Actual concentration: 0.07
384_source_c1,384PP_AQ_BP,D6,m163,Axygen 384,I6,75,Actual concentration: 0.07
384_source_c1,384PP_AQ_BP,D6,m163,Axygen 384,I8,300,Actual concentration: 0.27
384_source_c1,384PP_AQ_BP,D6,m163,Axygen 384,I10,300,Actual concentration: 0.27
384_source_c1,384PP_AQ_BP,D6,m163,Axygen 384,I12,300,Actual concentration: 0.27
384_source_c1,384PP_AQ_BP,D6,m163,Axygen 384,I14,75,Actual concentration: 0.07
384_source_c1,384PP_AQ_BP,D6,m163,Axygen 384,I16,75,Actual concentration: 0.07
384_source_c1,384PP_AQ_BP,D6,m163,Axygen 384,I18,300,Actual concentration: 0.27
384_source_c1,384PP_AQ_BP,D6,m163,Axygen 384,I20,300,Actual concentration: 0.27
384_source_c1,384PP_AQ_BP,D6,m163,Axygen 384,I22,75,Actual concentration: 0.07
384_source_c1,384PP_AQ_BP,D6,m163,Axygen 384,I24,300,Actual concentration: 0.27
384_source_c1,384PP_AQ_BP,D6,m163,Axygen 384,K2,75,Actual concentration: 0.07
384_source_c1,384PP_AQ_BP,D6,m163,Axygen 384,K4,300,Actual concentration: 0.27
384_source_c1,384PP_AQ_BP,D6,m163,Axygen 384,K6,75,Actual concentration: 0.07
384_source_c1,384PP_AQ_BP,D6,m163,Axygen 384,K8,75,Actual concentration: 0.07
384_source_c1,384PP_AQ_BP,D6,m163,Axygen 384,K10,300,Actual concentration: 0.27
384_source_c1,384PP_AQ_BP,D6,m163,Axygen 384,K12,75,Actual concentration: 0.07
384_source_c1,384PP_AQ_BP,D6,m163,Axygen 384,K14,75,Actual concentration: 0.07
384_source_c1,384PP_AQ_BP,D6,m163,Axygen 384,K16,75,Actual concentration: 0.07
384_source_c1,384PP_AQ_BP,D8,m163,Axygen 384,K16,225,Actual concentration: 0.20
384_source_c1,384PP_AQ_BP,D8,m163,Axygen 384,K18,600,Actual concentration: 0.55
384_source_c1,384PP_AQ_BP,D8,m163,Axygen 384,K20,300,Actual concentration: 0.27
384_source_c1,384PP_AQ_BP,D8,m163,Axygen 384,K22,75,Actual concentration: 0.07
384_source_c1,384PP_AQ_BP,D8,m163,Axygen 384,K24,75,Actual concentration: 0.07
384_source_c1,384PP_AQ_BP,D8,m163,Axygen 384,M2,75,Actual concentration: 0.07
384_source_c1,384PP_AQ_BP,D8,m163,Axygen 384,M4,75,Actual concentration: 0.07
384_source_c1,384PP_AQ_BP,D8,m163,Axygen 384,M6,300,Actual concentration: 0.27
384_source_c1,384PP_AQ_BP,D8,m163,Axygen 384,M8,300,Actual concentration: 0.27
384_source_c1,384PP_AQ_BP,D8,m163,Axygen 384,M10,75,Actual concentration: 0.07
384_source_c1,384PP_AQ_BP,D8,m163,Axygen 384,M12,75,Actual concentration: 0.07
384_source_c1,384PP_AQ_BP,D8,m163,Axygen 384,M14,75,Actual concentration: 0.07
384_source_c1,384PP_AQ_BP,D8,m163,Axygen 384,M16,75,Actual concentration: 0.07
384_source_c1,384PP_AQ_BP,D8,m163,Axygen 384,M18,75,Actual concentration: 0.07
384_source_c1,384PP_AQ_BP,D8,m163,Axygen 384,M20,75,Actual concentration: 0.07
384_source_c1,384PP_AQ_BP,D8,m163,Axygen 384,M22,75,Actual concentration: 0.07
384_source_c1,384PP_AQ_BP,D8,m163,Axygen 384,M24,75,Actual concentration: 0.07
384_source_c1,384PP_AQ_BP,D8,m163,Axygen 384,O2,75,Actual concentration: 0.07
384_source_c1,384PP_AQ_BP,D8,m163,Axygen 384,O4,75,Actual concentration: 0.07
384_source_c1,384PP_AQ_BP,D8,m163,Axygen 384,O6,300,Actual concentration: 0.27
384_source_c1,384PP_AQ_BP,D8,m163,Axygen 384,O8,300,Actual concentration: 0.27
384_source_c1,384PP_AQ_BP,D8,m163,Axygen 384,O10,300,Actual concentration: 0.27
384_source_c1,384PP_AQ_BP,D8,m163,Axygen 384,O12,75,Actual concentration: 0.07
384_source_c1,384PP_AQ_BP,D8,m163,Axygen 384,O14,75,Actual concentration: 0.07
384_source_c1,384PP_AQ_BP,D8,m163,Axygen 384,O16,75,Actual concentration: 0.07
384_source_c1,384PP_AQ_BP,D8,m163,Axygen 384,O18,300,Actual concentration: 0.27
384_source_c1,384PP_AQ_BP,D8,m163,Axygen 384,O20,75,Actual concentration: 0.07
384_source_c1,384PP_AQ_BP,D8,m163,Axygen 384,O22,300,Actual concentration: 0.27
384_source_c1,384PP_AQ_BP,D8,m163,Axygen 384,O24,75,Actual concentration: 0.07
384_source_c1,384PP_AQ_BP,D8,m163,Axygen 384,B1,75,Actual concentration: 0.07
384_source_c1,384PP_AQ_BP,D8,m163,Axygen 384,B3,75,Actual concentration: 0.07
384_source_c1,384PP_AQ_BP,D8,m163,Axygen 384,B5,300,Actual concentration: 0.27
384_source_c1,384PP_AQ_BP,D8,m163,Axygen 384,B7,75,Actual concentration: 0.07
384_source_c1,384PP_AQ_BP,D8,m163,Axygen 384,B9,75,Actual concentration: 0.07
384_source_c1,384PP_AQ_BP,D8,m163,Axygen 384,B11,75,Actual concentration: 0.07
384_source_c1,384PP_AQ_BP,D8,m163,Axygen 384,B13,75,Actual concentration: 0.07
384_source_c1,384PP_AQ_BP,D8,m163,Axygen 384,B15,75,Actual concentration: 0.07
384_source_c1,384PP_AQ_BP,D8,m163,Axygen 384,B17,300,Actual concentration: 0.27
384_source_c1,384PP_AQ_BP,D8,m163,Axygen 384,B19,600,Actual concentration: 0.55
384_source_c1,384PP_AQ_BP,D8,m163,Axygen 384,B21,300,Actual concentration: 0.27
384_source_c1,384PP_AQ_BP,D8,m163,Axygen 384,B23,300,Actual concentration: 0.27
384_source_c1,384PP_AQ_BP,D8,m163,Axygen 384,D1,75,Actual concentration: 0.07
384_source_c1,384PP_AQ_BP,D8,m163,Axygen 384,D3,300,Actual concentration: 0.27
384_source_c1,384PP_AQ_BP,D8,m163,Axygen 384,D5,300,Actual concentration: 0.27
384_source_c1,384PP_AQ_BP,D8,m163,Axygen 384,D7,300,Actual concentration: 0.27
384_source_c1,384PP_AQ_BP,D8,m163,Axygen 384,D9,75,Actual concentration: 0.07
384_source_c1,384PP_AQ_BP,D8,m163,Axygen 384,D11,75,Actual concentration: 0.07
384_source_c1,384PP_AQ_BP,D8,m163,Axygen 384,D13,75,Actual concentration: 0.07
384_source_c1,384PP_AQ_BP,D8,m163,Axygen 384,D15,300,Actual concentration: 0.27
384_source_c1,384PP_AQ_BP,D8,m163,Axygen 384,D17,300,Actual concentration: 0.27
384_source_c1,384PP_AQ_BP,D8,m163,Axygen 384,D19,300,Actual concentration: 0.27
384_source_c1,384PP_AQ_BP,D8,m163,Axygen 384,D21,75,Actual concentration: 0.07
384_source_c1,384PP_AQ_BP,D8,m163,Axygen 384,D23,300,Actual concentration: 0.27
384_source_c1,384PP_AQ_BP,D8,m163,Axygen 384,F1,75,Actual concentration: 0.07
384_source_c1,384PP_AQ_BP,D8,m163,Axygen 384,F3,300,Actual concentration: 0.27
384_source_c1,384PP_AQ_BP,D8,m163,Axygen 384,F5,175,Actual concentration: 0.16
384_source_c1,384PP_AQ_BP,D10,m163,Axygen 384,F5,125,Actual concentration: 0.11
384_source_c1,384PP_AQ_BP,D10,m163,Axygen 384,F7,75,Actual concentration: 0.07
384_source_c1,384PP_AQ_BP,D10,m163,Axygen 384,F9,75,Actual concentration: 0.07
384_source_c1,384PP_AQ_BP,D10,m163,Axygen 384,F11,300,Actual concentration: 0.27
384_source_c1,384PP_AQ_BP,D10,m163,Axygen 384,F13,300,Actual concentration: 0.27
384_source_c1,384PP_AQ_BP,D10,m163,Axygen 384,F15,300,Actual concentration: 0.27
384_source_c1,384PP_AQ_BP,D10,m163,Axygen 384,F17,300,Actual concentration: 0.27
384_source_c1,384PP_AQ_BP,D10,m163,Axygen 384,F19,75,Actual concentration: 0.07
384_source_c1,384PP_AQ_BP,D10,m163,Axygen 384,F21,75,Actual concentration: 0.07
384_source_c1,384PP_AQ_BP,D10,m163,Axygen 384,F23,75,Actual concentration: 0.07
384_source_c1,384PP_AQ_BP,D10,m163,Axygen 384,H1,300,Actual concentration: 0.27
384_source_c1,384PP_AQ_BP,D10,m163,Axygen 384,H3,300,Actual concentration: 0.27
384_source_c1,384PP_AQ_BP,D10,m163,Axygen 384,H5,75,Actual concentration: 0.07
384_source_c1,384PP_AQ_BP,D10,m163,Axygen 384,H7,75,Actual concentration: 0.07
384_source_c1,384PP_AQ_BP,D10,m163,Axygen 384,H9,300,Actual concentration: 0.27
384_source_c1,384PP_AQ_BP,D10,m163,Axygen 384,H11,75,Actual concentration: 0.07
384_source_c1,384PP_AQ_BP,D10,m163,Axygen 384,H13,75,Actual concentration: 0.07
384_source_c1,384PP_AQ_BP,D10,m163,Axygen 384,H15,300,Actual concentration: 0.27
384_source_c1,384PP_AQ_BP,D10,m163,Axygen 384,H17,300,Actual concentration: 0.27
384_source_c1,384PP_AQ_BP,D10,m163,Axygen 384,H19,75,Actual concentration: 0.07
384_source_c1,384PP_AQ_BP,D10,m163,Axygen 384,H21,300,Actual concentration: 0.27
384_source_c1,384PP_AQ_BP,D10,m163,Axygen 384,H23,300,Actual concentration: 0.27
384_source_c1,384PP_AQ_BP,D10,m163,Axygen 384,J1,75,Actual concentration: 0.07
384_source_c1,384PP_AQ_BP,D10,m163,Axygen 384,J3,300,Actual concentration: 0.27
384_source_c1,384PP_AQ_BP,D10,m163,Axygen 384,J5,75,Actual concentration: 0.07
384_source_c1,384PP_AQ_BP,D10,m163,Axygen 384,J7,300,Actual concentration: 0.27
384_source_c1,384PP_AQ_BP,D10,m163,Axygen 384,J9,300,Actual concentration: 0.27
384_source_c1,384PP_AQ_BP,D10,m163,Axygen 384,J11,75,Actual concentration: 0.07
384_source_c1,384PP_AQ_BP,D10,m163,Axygen 384,J13,300,Actual concentration: 0.27
384_source_c1,384PP_AQ_BP,D10,m163,Axygen 384,J15,75,Actual concentration: 0.07
384_source_c1,384PP_AQ_BP,D10,m163,Axygen 384,J17,75,Actual concentration: 0.07
384_source_c1,384PP_AQ_BP,D10,m163,Axygen 384,J19,300,Actual concentration: 0.27
384_source_c1,384PP_AQ_BP,D10,m163,Axygen 384,J21,300,Actual concentration: 0.27
384_source_c1,384PP_AQ_BP,D10,m163,Axygen 384,J23,300,Actual concentration: 0.27
384_source_c1,384PP_AQ_BP,D10,m163,Axygen 384,L1,75,Actual concentration: 0.07
384_source_c1,384PP_AQ_BP,D10,m163,Axygen 384,L3,300,Actual concentration: 0.27
384_source_c1,384PP_AQ_BP,D10,m163,Axygen 384,L5,75,Actual concentration: 0.07
384_source_c1,384PP_AQ_BP,D10,m163,Axygen 384,L7,300,Actual concentration: 0.27
384_source_c1,384PP_AQ_BP,D10,m163,Axygen 384,L9,300,Actual concentration: 0.27
384_source_c1,384PP_AQ_BP,D10,m163,Axygen 384,L11,75,Actual concentration: 0.07
384_source_c1,384PP_AQ_BP,D10,m163,Axygen 384,L13,75,Actual concentration: 0.07
384_source_c1,384PP_AQ_BP,D10,m163,Axygen 384,L15,75,Actual concentration: 0.07
384_source_c1,384PP_AQ_BP,D10,m163,Axygen 384,L17,300,Actual concentration: 0.27
384_source_c1,384PP_AQ_BP,D10,m163,Axygen 384,L19,75,Actual concentration: 0.07
384_source_c1,384PP_AQ_BP,D10,m163,Axygen 384,L21,75,Actual concentration: 0.07
384_source_c1,384PP_AQ_BP,D10,m163,Axygen 384,L23,75,Actual concentration: 0.07
384_source_c1,384PP_AQ_BP,D10,m163,Axygen 384,N1,75,Actual concentration: 0.07
384_source_c1,384PP_AQ_BP,D10,m163,Axygen 384,N3,300,Actual concentration: 0.27
384_source_c1,384PP_AQ_BP,D10,m163,Axygen 384,N5,75,Actual concentration: 0.07
384_source_c1,384PP_AQ_BP,D10,m163,Axygen 384,N7,300,Actual concentration: 0.27
384_source_c1,384PP_AQ_BP,D10,m163,Axygen 384,N9,75,Actual concentration: 0.07
384_source_c1,384PP_AQ_BP,D10,m163,Axygen 384,N11,300,Actual concentration: 0.27
384_source_c1,384PP_AQ_BP,D10,m163,Axygen 384,N13,75,Actual concentration: 0.07
384_source_c1,384PP_AQ_BP,D10,m163,Axygen 384,N15,300,Actual concentration: 0.27
384_source_c1,384PP_AQ_BP,D10,m163,Axygen 384,N17,50,Actual concentration: 0.05
384_source_c1,384PP_AQ_BP,D12,m163,Axygen 384,N17,25,Actual concentration: 0.02
384_source_c1,384PP_AQ_BP,D12,m163,Axygen 384,N19,300,Actual concentration: 0.27
384_source_c1,384PP_AQ_BP,D12,m163,Axygen 384,N21,75,Actual concentration: 0.07
384_source_c1,384PP_AQ_BP,D12,m163,Axygen 384,N23,300,Actual concentration: 0.27
384_source_c1,384PP_AQ_BP,D12,m163,Axygen 384,P1,300,Actual concentration: 0.27
384_source_c1,384PP_AQ_BP,D12,m163,Axygen 384,P3,300,Actual concentration: 0.27
384_source_c1,384PP_AQ_BP,D12,m163,Axygen 384,P5,75,Actual concentration: 0.07
384_source_c1,384PP_AQ_BP,D12,m163,Axygen 384,P7,75,Actual concentration: 0.07
384_source_c1,384PP_AQ_BP,D12,m163,Axygen 384,P9,75,Actual concentration: 0.07
384_source_c1,384PP_AQ_BP,D12,m163,Axygen 384,P11,75,Actual concentration: 0.07
384_source_c1,384PP_AQ_BP,D12,m163,Axygen 384,P13,75,Actual concentration: 0.07
384_source_c1,384PP_AQ_BP,D12,m163,Axygen 384,P15,75,Actual concentration: 0.07
384_source_c1,384PP_AQ_BP,D12,m163,Axygen 384,P17,75,Actual concentration: 0.07
384_source_c1,384PP_AQ_BP,D12,m163,Axygen 384,P19,75,Actual concentration: 0.07
384_source_c1,384PP_AQ_BP,D12,m163,Axygen 384,P21,75,Actual concentration: 0.07
384_source_c1,384PP_AQ_BP,D12,m163,Axygen 384,B2,300,Actual concentration: 0.27
384_source_c1,384PP_AQ_BP,D12,m163,Axygen 384,B4,75,Actual concentration: 0.07
384_source_c1,384PP_AQ_BP,D12,m163,Axygen 384,B6,75,Actual concentration: 0.07
384_source_c1,384PP_AQ_BP,D12,m163,Axygen 384,B8,75,Actual concentration: 0.07
384_source_c1,384PP_AQ_BP,D12,m163,Axygen 384,B10,300,Actual concentration: 0.27
384_source_c1,384PP_AQ_BP,D12,m163,Axygen 384,B12,75,Actual concentration: 0.07
384_source_c1,384PP_AQ_BP,D12,m163,Axygen 384,B14,75,Actual concentration: 0.07
384_source_c1,384PP_AQ_BP,D12,m163,Axygen 384,B16,75,Actual concentration: 0.07
384_source_c1,384PP_AQ_BP,D12,m163,Axygen 384,B18,75,Actual concentration: 0.07
384_source_c1,384PP_AQ_BP,D12,m163,Axygen 384,B20,300,Actual concentration: 0.27
384_source_c1,384PP_AQ_BP,D12,m163,Axygen 384,B22,75,Actual concentration: 0.07
384_source_c1,384PP_AQ_BP,D12,m163,Axygen 384,B24,300,Actual concentration: 0.27
384_source_c1,384PP_AQ_BP,D12,m163,Axygen 384,D2,75,Actual concentration: 0.07
384_source_c1,384PP_AQ_BP,D12,m163,Axygen 384,D4,300,Actual concentration: 0.27
384_source_c1,384PP_AQ_BP,D12,m163,Axygen 384,D6,75,Actual concentration: 0.07
384_source_c1,384PP_AQ_BP,D12,m163,Axygen 384,D8,300,Actual concentration: 0.27
384_source_c1,384PP_AQ_BP,D12,m163,Axygen 384,D10,300,Actual concentration: 0.27
384_source_c1,384PP_AQ_BP,D12,m163,Axygen 384,D12,300,Actual concentration: 0.27
384_source_c1,384PP_AQ_BP,D12,m163,Axygen 384,D14,75,Actual concentration: 0.07
384_source_c1,384PP_AQ_BP,D12,m163,Axygen 384,D16,75,Actual concentration: 0.07
384_source_c1,384PP_AQ_BP,D12,m163,Axygen 384,D18,600,Actual concentration: 0.55
384_source_c1,384PP_AQ_BP,D12,m163,Axygen 384,D20,300,Actual concentration: 0.27
384_source_c1,384PP_AQ_BP,D12,m163,Axygen 384,D22,75,Actual concentration: 0.07
384_source_c1,384PP_AQ_BP,D12,m163,Axygen 384,F2,300,Actual concentration: 0.27
384_source_c1,384PP_AQ_BP,D12,m163,Axygen 384,F4,300,Actual concentration: 0.27
384_source_c1,384PP_AQ_BP,D12,m163,Axygen 384,F6,300,Actual concentration: 0.27
384_source_c1,384PP_AQ_BP,D12,m163,Axygen 384,F8,300,Actual concentration: 0.27
384_source_c1,384PP_AQ_BP,D12,m163,Axygen 384,F10,75,Actual concentration: 0.07
384_source_c1,384PP_AQ_BP,D12,m163,Axygen 384,F12,75,Actual concentration: 0.07
384_source_c1,384PP_AQ_BP,D12,m163,Axygen 384,F14,75,Actual concentration: 0.07
384_source_c1,384PP_AQ_BP,D12,m163,Axygen 384,F16,75,Actual concentration: 0.07
384_source_c1,384PP_AQ_BP,D12,m163,Axygen 384,F18,300,Actual concentration: 0.27
384_source_c1,384PP_AQ_BP,D12,m163,Axygen 384,F20,75,Actual concentration: 0.07
384_source_c1,384PP_AQ_BP,D12,m163,Axygen 384,F22,300,Actual concentration: 0.27
384_source_c1,384PP_AQ_BP,D12,m163,Axygen 384,F24,75,Actual concentration: 0.07
384_source_c1,384PP_AQ_BP,D12,m163,Axygen 384,H2,75,Actual concentration: 0.07
384_source_c1,384PP_AQ_BP,D12,m163,Axygen 384,H4,300,Actual concentration: 0.27
384_source_c1,384PP_AQ_BP,D12,m163,Axygen 384,H6,300,Actual concentration: 0.27
384_source_c1,384PP_AQ_BP,D12,m163,Axygen 384,H8,75,Actual concentration: 0.07
384_source_c1,384PP_AQ_BP,D12,m163,Axygen 384,H10,75,Actual concentration: 0.07
384_source_c1,384PP_AQ_BP,D12,m163,Axygen 384,H12,300,Actual concentration: 0.27
384_source_c1,384PP_AQ_BP,D12,m163,Axygen 384,H14,75,Actual concentration: 0.07
384_source_c1,384PP_AQ_BP,D12,m163,Axygen 384,H16,300,Actual concentration: 0.27
384_source_c1,384PP_AQ_BP,D14,m163,Axygen 384,H18,75,Actual concentration: 0.07
384_source_c1,384PP_AQ_BP,D14,m163,Axygen 384,H20,75,Actual concentration: 0.07
384_source_c1,384PP_AQ_BP,D14,m163,Axygen 384,H22,300,Actual concentration: 0.27
384_source_c1,384PP_AQ_BP,D14,m163,Axygen 384,H24,300,Actual concentration: 0.27
384_source_c1,384PP_AQ_BP,D14,m163,Axygen 384,J2,75,Actual concentration: 0.07
384_source_c1,384PP_AQ_BP,D14,m163,Axygen 384,J4,300,Actual concentration: 0.27
384_source_c1,384PP_AQ_BP,D14,m163,Axygen 384,J6,300,Actual concentration: 0.27
384_source_c1,384PP_AQ_BP,D14,m163,Axygen 384,J8,75,Actual concentration: 0.07
384_source_c1,384PP_AQ_BP,D14,m163,Axygen 384,J10,300,Actual concentration: 0.27
384_source_c1,384PP_AQ_BP,D14,m163,Axygen 384,J12,300,Actual concentration: 0.27
384_source_c1,384PP_AQ_BP,D14,m163,Axygen 384,J14,300,Actual concentration: 0.27
384_source_c1,384PP_AQ_BP,D14,m163,Axygen 384,J16,300,Actual concentration: 0.27
384_source_c1,384PP_AQ_BP,D14,m163,Axygen 384,J18,300,Actual concentration: 0.27
384_source_c1,384PP_AQ_BP,D14,m163,Axygen 384,J20,75,Actual concentration: 0.07
384_source_c1,384PP_AQ_BP,D14,m163,Axygen 384,J22,75,Actual concentration: 0.07
384_source_c1,384PP_AQ_BP,D14,m163,Axygen 384,J24,300,Actual concentration: 0.27
384_source_c1,384PP_AQ_BP,D14,m163,Axygen 384,L2,75,Actual concentration: 0.07
384_source_c1,384PP_AQ_BP,D14,m163,Axygen 384,L4,300,Actual concentration: 0.27
384_source_c1,384PP_AQ_BP,D14,m163,Axygen 384,L6,300,Actual concentration: 0.27
384_source_c1,384PP_AQ_BP,D14,m163,Axygen 384,L8,75,Actual concentration: 0.07
384_source_c1,384PP_AQ_BP,D14,m163,Axygen 384,L10,300,Actual concentration: 0.27
384_source_c1,384PP_AQ_BP,D14,m163,Axygen 384,L12,75,Actual concentration: 0.07
384_source_c1,384PP_AQ_BP,D14,m163,Axygen 384,L14,75,Actual concentration: 0.07
384_source_c1,384PP_AQ_BP,D14,m163,Axygen 384,L16,75,Actual concentration: 0.07
384_source_c1,384PP_AQ_BP,D14,m163,Axygen 384,L18,300,Actual concentration: 0.27
384_source_c1,384PP_AQ_BP,D14,m163,Axygen 384,L20,75,Actual concentration: 0.07
384_source_c1,384PP_AQ_BP,D14,m163,Axygen 384,L22,75,Actual concentration: 0.07
384_source_c1,384PP_AQ_BP,D14,m163,Axygen 384,L24,75,Actual concentration: 0.07
384_source_c1,384PP_AQ_BP,D14,m163,Axygen 384,N2,75,Actual concentration: 0.07
384_source_c1,384PP_AQ_BP,D14,m163,Axygen 384,N4,75,Actual concentration: 0.07
384_source_c1,384PP_AQ_BP,D14,m163,Axygen 384,N6,300,Actual concentration: 0.27
384_source_c1,384PP_AQ_BP,D14,m163,Axygen 384,N8,75,Actual concentration: 0.07
384_source_c1,384PP_AQ_BP,D14,m163,Axygen 384,N10,300,Actual concentration: 0.27
384_source_c1,384PP_AQ_BP,D14,m163,Axygen 384,N12,75,Actual concentration: 0.07
384_source_c1,384PP_AQ_BP,D14,m163,Axygen 384,N14,300,Actual concentration: 0.27
384_source_c1,384PP_AQ_BP,D14,m163,Axygen 384,N16,300,Actual concentration: 0.27
384_source_c1,384PP_AQ_BP,D14,m163,Axygen 384,N18,75,Actual concentration: 0.07
384_source_c1,384PP_AQ_BP,D14,m163,Axygen 384,N20,75,Actual concentration: 0.07
384_source_c1,384PP_AQ_BP,D14,m163,Axygen 384,N22,75,Actual concentration: 0.07
384_source_c1,384PP_AQ_BP,D14,m163,Axygen 384,N24,300,Actual concentration: 0.27
384_source_c1,384PP_AQ_BP,D14,m163,Axygen 384,P2,300,Actual concentration: 0.27
384_source_c1,384PP_AQ_BP,D14,m163,Axygen 384,P4,75,Actual concentration: 0.07
384_source_c1,384PP_AQ_BP,D14,m163,Axygen 384,P6,75,Actual concentration: 0.07
384_source_c1,384PP_AQ_BP,D14,m163,Axygen 384,P8,75,Actual concentration: 0.07
384_source_c1,384PP_AQ_BP,D14,m163,Axygen 384,P10,75,Actual concentration: 0.07
384_source_c1,384PP_AQ_BP,D14,m163,Axygen 384,P12,300,Actual concentration: 0.27
384_source_c1,384PP_AQ_BP,D14,m163,Axygen 384,P14,300,Actual concentration: 0.27
384_source_c1,384PP_AQ_BP,D14,m163,Axygen 384,P16,75,Actual concentration: 0.07
384_source_c1,384PP_AQ_BP,D14,m163,Axygen 384,P18,75,Actual concentration: 0.07
384_source_c1,384PP_AQ_BP,D14,m163,Axygen 384,P20,300,Actual concentration: 0.27
384_source_c1,384PP_AQ_BP,D14,m163,Axygen 384,P22,300,Actual concentration: 0.27
384_source_c1,384PP_AQ_BP,D14,m163,Axygen 384,P24,75,Actual concentration: 0.07
384_source_c1,384PP_AQ_BP,F2,m164,Axygen 384,A1,75,Actual concentration: 0.07
384_source_c1,384PP_AQ_BP,F2,m164,Axygen 384,A3,300,Actual concentration: 0.29
384_source_c1,384PP_AQ_BP,F2,m164,Axygen 384,A5,75,Actual concentration: 0.07
384_source_c1,384PP_AQ_BP,F2,m164,Axygen 384,A7,75,Actual concentration: 0.07
384_source_c1,384PP_AQ_BP,F2,m164,Axygen 384,A9,75,Actual concentration: 0.07
384_source_c1,384PP_AQ_BP,F2,m164,Axygen 384,A11,75,Actual concentration: 0.07
384_source_c1,384PP_AQ_BP,F2,m164,Axygen 384,A13,75,Actual concentration: 0.07
384_source_c1,384PP_AQ_BP,F2,m164,Axygen 384,A15,75,Actual concentration: 0.07
384_source_c1,384PP_AQ_BP,F2,m164,Axygen 384,A17,300,Actual concentration: 0.29
384_source_c1,384PP_AQ_BP,F2,m164,Axygen 384,A19,75,Actual concentration: 0.07
384_source_c1,384PP_AQ_BP,F2,m164,Axygen 384,A21,75,Actual concentration: 0.07
384_source_c1,384PP_AQ_BP,F2,m164,Axygen 384,A23,75,Actual concentration: 0.07
384_source_c1,384PP_AQ_BP,F2,m164,Axygen 384,C1,75,Actual concentration: 0.07
384_source_c1,384PP_AQ_BP,F2,m164,Axygen 384,C3,75,Actual concentration: 0.07
384_source_c1,384PP_AQ_BP,F2,m164,Axygen 384,C5,300,Actual concentration: 0.29
384_source_c1,384PP_AQ_BP,F2,m164,Axygen 384,C7,300,Actual concentration: 0.29
384_source_c1,384PP_AQ_BP,F2,m164,Axygen 384,C9,300,Actual concentration: 0.29
384_source_c1,384PP_AQ_BP,F2,m164,Axygen 384,C11,300,Actual concentration: 0.29
384_source_c1,384PP_AQ_BP,F2,m164,Axygen 384,C13,300,Actual concentration: 0.29
384_source_c1,384PP_AQ_BP,F2,m164,Axygen 384,C15,300,Actual concentration: 0.29
384_source_c1,384PP_AQ_BP,F2,m164,Axygen 384,C17,75,Actual concentration: 0.07
384_source_c1,384PP_AQ_BP,F2,m164,Axygen 384,C19,75,Actual concentration: 0.07
384_source_c1,384PP_AQ_BP,F2,m164,Axygen 384,C21,75,Actual concentration: 0.07
384_source_c1,384PP_AQ_BP,F2,m164,Axygen 384,C23,75,Actual concentration: 0.07
384_source_c1,384PP_AQ_BP,F2,m164,Axygen 384,E1,75,Actual concentration: 0.07
384_source_c1,384PP_AQ_BP,F2,m164,Axygen 384,E3,75,Actual concentration: 0.07
384_source_c1,384PP_AQ_BP,F2,m164,Axygen 384,E5,75,Actual concentration: 0.07
384_source_c1,384PP_AQ_BP,F2,m164,Axygen 384,E7,75,Actual concentration: 0.07
384_source_c1,384PP_AQ_BP,F2,m164,Axygen 384,E9,75,Actual concentration: 0.07
384_source_c1,384PP_AQ_BP,F2,m164,Axygen 384,E11,75,Actual concentration: 0.07
384_source_c1,384PP_AQ_BP,F2,m164,Axygen 384,E13,300,Actual concentration: 0.29
384_source_c1,384PP_AQ_BP,F2,m164,Axygen 384,E17,300,Actual concentration: 0.29
384_source_c1,384PP_AQ_BP,F2,m164,Axygen 384,E19,300,Actual concentration: 0.29
384_source_c1,384PP_AQ_BP,F2,m164,Axygen 384,E21,300,Actual concentration: 0.29
384_source_c1,384PP_AQ_BP,F2,m164,Axygen 384,E23,75,Actual concentration: 0.07
384_source_c1,384PP_AQ_BP,F2,m164,Axygen 384,G1,75,Actual concentration: 0.07
384_source_c1,384PP_AQ_BP,F2,m164,Axygen 384,G3,75,Actual concentration: 0.07
384_source_c1,384PP_AQ_BP,F2,m164,Axygen 384,G5,75,Actual concentration: 0.07
384_source_c1,384PP_AQ_BP,F2,m164,Axygen 384,G7,75,Actual concentration: 0.07
384_source_c1,384PP_AQ_BP,F2,m164,Axygen 384,G9,75,Actual concentration: 0.07
384_source_c1,384PP_AQ_BP,F2,m164,Axygen 384,G11,75,Actual concentration: 0.07
384_source_c1,384PP_AQ_BP,F2,m164,Axygen 384,G13,75,Actual concentration: 0.07
384_source_c1,384PP_AQ_BP,F2,m164,Axygen 384,G15,75,Actual concentration: 0.07
384_source_c1,384PP_AQ_BP,F2,m164,Axygen 384,G17,75,Actual concentration: 0.07
384_source_c1,384PP_AQ_BP,F2,m164,Axygen 384,G19,300,Actual concentration: 0.29
384_source_c1,384PP_AQ_BP,F2,m164,Axygen 384,G21,75,Actual concentration: 0.07
384_source_c1,384PP_AQ_BP,F2,m164,Axygen 384,G23,300,Actual concentration: 0.29
384_source_c1,384PP_AQ_BP,F2,m164,Axygen 384,I1,300,Actual concentration: 0.29
384_source_c1,384PP_AQ_BP,F2,m164,Axygen 384,I3,300,Actual concentration: 0.29
384_source_c1,384PP_AQ_BP,F2,m164,Axygen 384,I5,300,Actual concentration: 0.29
384_source_c1,384PP_AQ_BP,F2,m164,Axygen 384,I7,300,Actual concentration: 0.29
384_source_c1,384PP_AQ_BP,F2,m164,Axygen 384,I9,300,Actual concentration: 0.29
384_source_c1,384PP_AQ_BP,F2,m164,Axygen 384,I11,300,Actual concentration: 0.29
384_source_c1,384PP_AQ_BP,F2,m164,Axygen 384,I13,300,Actual concentration: 0.29
384_source_c1,384PP_AQ_BP,F2,m164,Axygen 384,I15,300,Actual concentration: 0.29
384_source_c1,384PP_AQ_BP,F2,m164,Axygen 384,I17,300,Actual concentration: 0.29
384_source_c1,384PP_AQ_BP,F2,m164,Axygen 384,I19,75,Actual concentration: 0.07
384_source_c1,384PP_AQ_BP,F2,m164,Axygen 384,I21,75,Actual concentration: 0.07
384_source_c1,384PP_AQ_BP,F2,m164,Axygen 384,I23,75,Actual concentration: 0.07
384_source_c1,384PP_AQ_BP,F2,m164,Axygen 384,K1,75,Actual concentration: 0.07
384_source_c1,384PP_AQ_BP,F2,m164,Axygen 384,K3,75,Actual concentration: 0.07
384_source_c1,384PP_AQ_BP,F2,m164,Axygen 384,K5,75,Actual concentration: 0.07
384_source_c1,384PP_AQ_BP,F2,m164,Axygen 384,K7,75,Actual concentration: 0.07
384_source_c1,384PP_AQ_BP,F2,m164,Axygen 384,K9,75,Actual concentration: 0.07
384_source_c1,384PP_AQ_BP,F2,m164,Axygen 384,K11,25,Actual concentration: 0.02
384_source_c1,384PP_AQ_BP,F4,m164,Axygen 384,K11,50,Actual concentration: 0.05
384_source_c1,384PP_AQ_BP,F4,m164,Axygen 384,K13,75,Actual concentration: 0.07
384_source_c1,384PP_AQ_BP,F4,m164,Axygen 384,K15,75,Actual concentration: 0.07
384_source_c1,384PP_AQ_BP,F4,m164,Axygen 384,K17,300,Actual concentration: 0.29
384_source_c1,384PP_AQ_BP,F4,m164,Axygen 384,K21,300,Actual concentration: 0.29
384_source_c1,384PP_AQ_BP,F4,m164,Axygen 384,K23,300,Actual concentration: 0.29
384_source_c1,384PP_AQ_BP,F4,m164,Axygen 384,M1,300,Actual concentration: 0.29
384_source_c1,384PP_AQ_BP,F4,m164,Axygen 384,M3,300,Actual concentration: 0.29
384_source_c1,384PP_AQ_BP,F4,m164,Axygen 384,M5,300,Actual concentration: 0.29
384_source_c1,384PP_AQ_BP,F4,m164,Axygen 384,M7,300,Actual concentration: 0.29
384_source_c1,384PP_AQ_BP,F4,m164,Axygen 384,M9,575,Actual concentration: 0.55
384_source_c1,384PP_AQ_BP,F4,m164,Axygen 384,M11,75,Actual concentration: 0.07
384_source_c1,384PP_AQ_BP,F4,m164,Axygen 384,M13,300,Actual concentration: 0.29
384_source_c1,384PP_AQ_BP,F4,m164,Axygen 384,M15,75,Actual concentration: 0.07
384_source_c1,384PP_AQ_BP,F4,m164,Axygen 384,M17,75,Actual concentration: 0.07
384_source_c1,384PP_AQ_BP,F4,m164,Axygen 384,M19,75,Actual concentration: 0.07
384_source_c1,384PP_AQ_BP,F4,m164,Axygen 384,M21,75,Actual concentration: 0.07
384_source_c1,384PP_AQ_BP,F4,m164,Axygen 384,M23,300,Actual concentration: 0.29
384_source_c1,384PP_AQ_BP,F4,m164,Axygen 384,O1,75,Actual concentration: 0.07
384_source_c1,384PP_AQ_BP,F4,m164,Axygen 384,O3,300,Actual concentration: 0.29
384_source_c1,384PP_AQ_BP,F4,m164,Axygen 384,O5,300,Actual concentration: 0.29
384_source_c1,384PP_AQ_BP,F4,m164,Axygen 384,O7,300,Actual concentration: 0.29
384_source_c1,384PP_AQ_BP,F4,m164,Axygen 384,O9,300,Actual concentration: 0.29
384_source_c1,384PP_AQ_BP,F4,m164,Axygen 384,O11,300,Actual concentration: 0.29
384_source_c1,384PP_AQ_BP,F4,m164,Axygen 384,O13,75,Actual concentration: 0.07
384_source_c1,384PP_AQ_BP,F4,m164,Axygen 384,O15,300,Actual concentration: 0.29
384_source_c1,384PP_AQ_BP,F4,m164,Axygen 384,O17,300,Actual concentration: 0.29
384_source_c1,384PP_AQ_BP,F4,m164,Axygen 384,O19,300,Actual concentration: 0.29
384_source_c1,384PP_AQ_BP,F4,m164,Axygen 384,O21,300,Actual concentration: 0.29
384_source_c1,384PP_AQ_BP,F4,m164,Axygen 384,O23,300,Actual concentration: 0.29
384_source_c1,384PP_AQ_BP,F4,m164,Axygen 384,A2,75,Actual concentration: 0.07
384_source_c1,384PP_AQ_BP,F4,m164,Axygen 384,A4,75,Actual concentration: 0.07
384_source_c1,384PP_AQ_BP,F4,m164,Axygen 384,A6,300,Actual concentration: 0.29
384_source_c1,384PP_AQ_BP,F4,m164,Axygen 384,A8,300,Actual concentration: 0.29
384_source_c1,384PP_AQ_BP,F4,m164,Axygen 384,A10,300,Actual concentration: 0.29
384_source_c1,384PP_AQ_BP,F4,m164,Axygen 384,A12,75,Actual concentration: 0.07
384_source_c1,384PP_AQ_BP,F4,m164,Axygen 384,A16,75,Actual concentration: 0.07
384_source_c1,384PP_AQ_BP,F4,m164,Axygen 384,A18,75,Actual concentration: 0.07
384_source_c1,384PP_AQ_BP,F4,m164,Axygen 384,A20,75,Actual concentration: 0.07
384_source_c1,384PP_AQ_BP,F4,m164,Axygen 384,A22,75,Actual concentration: 0.07
384_source_c1,384PP_AQ_BP,F4,m164,Axygen 384,A24,300,Actual concentration: 0.29
384_source_c1,384PP_AQ_BP,F4,m164,Axygen 384,C2,300,Actual concentration: 0.29
384_source_c1,384PP_AQ_BP,F4,m164,Axygen 384,C4,75,Actual concentration: 0.07
384_source_c1,384PP_AQ_BP,F4,m164,Axygen 384,C8,75,Actual concentration: 0.07
384_source_c1,384PP_AQ_BP,F4,m164,Axygen 384,C10,75,Actual concentration: 0.07
384_source_c1,384PP_AQ_BP,F4,m164,Axygen 384,C12,75,Actual concentration: 0.07
384_source_c1,384PP_AQ_BP,F4,m164,Axygen 384,C14,300,Actual concentration: 0.29
384_source_c1,384PP_AQ_BP,F4,m164,Axygen 384,C16,300,Actual concentration: 0.29
384_source_c1,384PP_AQ_BP,F4,m164,Axygen 384,C18,75,Actual concentration: 0.07
384_source_c1,384PP_AQ_BP,F6,m164,Axygen 384,C20,75,Actual concentration: 0.07
384_source_c1,384PP_AQ_BP,F6,m164,Axygen 384,C22,300,Actual concentration: 0.29
384_source_c1,384PP_AQ_BP,F6,m164,Axygen 384,C24,300,Actual concentration: 0.29
384_source_c1,384PP_AQ_BP,F6,m164,Axygen 384,E2,300,Actual concentration: 0.29
384_source_c1,384PP_AQ_BP,F6,m164,Axygen 384,E4,75,Actual concentration: 0.07
384_source_c1,384PP_AQ_BP,F6,m164,Axygen 384,E6,75,Actual concentration: 0.07
384_source_c1,384PP_AQ_BP,F6,m164,Axygen 384,E8,75,Actual concentration: 0.07
384_source_c1,384PP_AQ_BP,F6,m164,Axygen 384,E10,300,Actual concentration: 0.29
384_source_c1,384PP_AQ_BP,F6,m164,Axygen 384,E12,300,Actual concentration: 0.29
384_source_c1,384PP_AQ_BP,F6,m164,Axygen 384,E14,75,Actual concentration: 0.07
384_source_c1,384PP_AQ_BP,F6,m164,Axygen 384,E16,300,Actual concentration: 0.29
384_source_c1,384PP_AQ_BP,F6,m164,Axygen 384,E18,300,Actual concentration: 0.29
384_source_c1,384PP_AQ_BP,F6,m164,Axygen 384,E20,75,Actual concentration: 0.07
384_source_c1,384PP_AQ_BP,F6,m164,Axygen 384,E22,75,Actual concentration: 0.07
384_source_c1,384PP_AQ_BP,F6,m164,Axygen 384,E24,300,Actual concentration: 0.29
384_source_c1,384PP_AQ_BP,F6,m164,Axygen 384,G2,75,Actual concentration: 0.07
384_source_c1,384PP_AQ_BP,F6,m164,Axygen 384,G4,300,Actual concentration: 0.29
384_source_c1,384PP_AQ_BP,F6,m164,Axygen 384,G6,300,Actual concentration: 0.29
384_source_c1,384PP_AQ_BP,F6,m164,Axygen 384,G8,300,Actual concentration: 0.29
384_source_c1,384PP_AQ_BP,F6,m164,Axygen 384,G10,75,Actual concentration: 0.07
384_source_c1,384PP_AQ_BP,F6,m164,Axygen 384,G12,300,Actual concentration: 0.29
384_source_c1,384PP_AQ_BP,F6,m164,Axygen 384,G14,75,Actual concentration: 0.07
384_source_c1,384PP_AQ_BP,F6,m164,Axygen 384,G16,300,Actual concentration: 0.29
384_source_c1,384PP_AQ_BP,F6,m164,Axygen 384,G18,300,Actual concentration: 0.29
384_source_c1,384PP_AQ_BP,F6,m164,Axygen 384,G20,75,Actual concentration: 0.07
384_source_c1,384PP_AQ_BP,F6,m164,Axygen 384,G22,300,Actual concentration: 0.29
384_source_c1,384PP_AQ_BP,F6,m164,Axygen 384,G24,75,Actual concentration: 0.07
384_source_c1,384PP_AQ_BP,F6,m164,Axygen 384,I2,75,Actual concentration: 0.07
384_source_c1,384PP_AQ_BP,F6,m164,Axygen 384,I4,75,Actual concentration: 0.07
384_source_c1,384PP_AQ_BP,F6,m164,Axygen 384,I6,300,Actual concentration: 0.29
384_source_c1,384PP_AQ_BP,F6,m164,Axygen 384,I8,75,Actual concentration: 0.07
384_source_c1,384PP_AQ_BP,F6,m164,Axygen 384,I10,300,Actual concentration: 0.29
384_source_c1,384PP_AQ_BP,F6,m164,Axygen 384,I12,300,Actual concentration: 0.29
384_source_c1,384PP_AQ_BP,F6,m164,Axygen 384,I14,75,Actual concentration: 0.07
384_source_c1,384PP_AQ_BP,F6,m164,Axygen 384,I16,75,Actual concentration: 0.07
384_source_c1,384PP_AQ_BP,F6,m164,Axygen 384,I18,75,Actual concentration: 0.07
384_source_c1,384PP_AQ_BP,F6,m164,Axygen 384,I20,75,Actual concentration: 0.07
384_source_c1,384PP_AQ_BP,F6,m164,Axygen 384,I22,300,Actual concentration: 0.29
384_source_c1,384PP_AQ_BP,F6,m164,Axygen 384,I24,300,Actual concentration: 0.29
384_source_c1,384PP_AQ_BP,F6,m164,Axygen 384,K2,300,Actual concentration: 0.29
384_source_c1,384PP_AQ_BP,F6,m164,Axygen 384,K4,75,Actual concentration: 0.07
384_source_c1,384PP_AQ_BP,F6,m164,Axygen 384,K6,300,Actual concentration: 0.29
384_source_c1,384PP_AQ_BP,F6,m164,Axygen 384,K8,75,Actual concentration: 0.07
384_source_c1,384PP_AQ_BP,F6,m164,Axygen 384,K10,75,Actual concentration: 0.07
384_source_c1,384PP_AQ_BP,F6,m164,Axygen 384,K12,75,Actual concentration: 0.07
384_source_c1,384PP_AQ_BP,F6,m164,Axygen 384,K14,75,Actual concentration: 0.07
384_source_c1,384PP_AQ_BP,F6,m164,Axygen 384,K16,300,Actual concentration: 0.29
384_source_c1,384PP_AQ_BP,F6,m164,Axygen 384,K18,575,Actual concentration: 0.55
384_source_c1,384PP_AQ_BP,F6,m164,Axygen 384,K20,75,Actual concentration: 0.07
384_source_c1,384PP_AQ_BP,F6,m164,Axygen 384,K22,75,Actual concentration: 0.07
384_source_c1,384PP_AQ_BP,F6,m164,Axygen 384,K24,300,Actual concentration: 0.29
384_source_c1,384PP_AQ_BP,F6,m164,Axygen 384,M2,275,Actual concentration: 0.26
384_source_c1,384PP_AQ_BP,F8,m164,Axygen 384,M2,25,Actual concentration: 0.02
384_source_c1,384PP_AQ_BP,F8,m164,Axygen 384,M4,75,Actual concentration: 0.07
384_source_c1,384PP_AQ_BP,F8,m164,Axygen 384,M6,300,Actual concentration: 0.29
384_source_c1,384PP_AQ_BP,F8,m164,Axygen 384,M8,75,Actual concentration: 0.07
384_source_c1,384PP_AQ_BP,F8,m164,Axygen 384,M10,75,Actual concentration: 0.07
384_source_c1,384PP_AQ_BP,F8,m164,Axygen 384,M12,75,Actual concentration: 0.07
384_source_c1,384PP_AQ_BP,F8,m164,Axygen 384,M14,75,Actual concentration: 0.07
384_source_c1,384PP_AQ_BP,F8,m164,Axygen 384,M16,75,Actual concentration: 0.07
384_source_c1,384PP_AQ_BP,F8,m164,Axygen 384,M18,75,Actual concentration: 0.07
384_source_c1,384PP_AQ_BP,F8,m164,Axygen 384,M20,300,Actual concentration: 0.29
384_source_c1,384PP_AQ_BP,F8,m164,Axygen 384,M22,300,Actual concentration: 0.29
384_source_c1,384PP_AQ_BP,F8,m164,Axygen 384,M24,75,Actual concentration: 0.07
384_source_c1,384PP_AQ_BP,F8,m164,Axygen 384,O2,75,Actual concentration: 0.07
384_source_c1,384PP_AQ_BP,F8,m164,Axygen 384,O4,75,Actual concentration: 0.07
384_source_c1,384PP_AQ_BP,F8,m164,Axygen 384,O6,300,Actual concentration: 0.29
384_source_c1,384PP_AQ_BP,F8,m164,Axygen 384,O8,300,Actual concentration: 0.29
384_source_c1,384PP_AQ_BP,F8,m164,Axygen 384,O10,300,Actual concentration: 0.29
384_source_c1,384PP_AQ_BP,F8,m164,Axygen 384,O12,75,Actual concentration: 0.07
384_source_c1,384PP_AQ_BP,F8,m164,Axygen 384,O14,75,Actual concentration: 0.07
384_source_c1,384PP_AQ_BP,F8,m164,Axygen 384,O16,75,Actual concentration: 0.07
384_source_c1,384PP_AQ_BP,F8,m164,Axygen 384,O18,300,Actual concentration: 0.29
384_source_c1,384PP_AQ_BP,F8,m164,Axygen 384,O20,300,Actual concentration: 0.29
384_source_c1,384PP_AQ_BP,F8,m164,Axygen 384,O22,300,Actual concentration: 0.29
384_source_c1,384PP_AQ_BP,F8,m164,Axygen 384,O24,300,Actual concentration: 0.29
384_source_c1,384PP_AQ_BP,F8,m164,Axygen 384,B1,75,Actual concentration: 0.07
384_source_c1,384PP_AQ_BP,F8,m164,Axygen 384,B3,75,Actual concentration: 0.07
384_source_c1,384PP_AQ_BP,F8,m164,Axygen 384,B5,300,Actual concentration: 0.29
384_source_c1,384PP_AQ_BP,F8,m164,Axygen 384,B7,75,Actual concentration: 0.07
384_source_c1,384PP_AQ_BP,F8,m164,Axygen 384,B9,300,Actual concentration: 0.29
384_source_c1,384PP_AQ_BP,F8,m164,Axygen 384,B11,75,Actual concentration: 0.07
384_source_c1,384PP_AQ_BP,F8,m164,Axygen 384,B13,75,Actual concentration: 0.07
384_source_c1,384PP_AQ_BP,F8,m164,Axygen 384,B15,75,Actual concentration: 0.07
384_source_c1,384PP_AQ_BP,F8,m164,Axygen 384,B17,75,Actual concentration: 0.07
384_source_c1,384PP_AQ_BP,F8,m164,Axygen 384,B19,575,Actual concentration: 0.55
384_source_c1,384PP_AQ_BP,F8,m164,Axygen 384,B21,75,Actual concentration: 0.07
384_source_c1,384PP_AQ_BP,F8,m164,Axygen 384,B23,75,Actual concentration: 0.07
384_source_c1,384PP_AQ_BP,F8,m164,Axygen 384,D1,75,Actual concentration: 0.07
384_source_c1,384PP_AQ_BP,F8,m164,Axygen 384,D3,75,Actual concentration: 0.07
384_source_c1,384PP_AQ_BP,F8,m164,Axygen 384,D5,300,Actual concentration: 0.29
384_source_c1,384PP_AQ_BP,F8,m164,Axygen 384,D7,75,Actual concentration: 0.07
384_source_c1,384PP_AQ_BP,F8,m164,Axygen 384,D9,75,Actual concentration: 0.07
384_source_c1,384PP_AQ_BP,F8,m164,Axygen 384,D11,300,Actual concentration: 0.29
384_source_c1,384PP_AQ_BP,F8,m164,Axygen 384,D13,300,Actual concentration: 0.29
384_source_c1,384PP_AQ_BP,F8,m164,Axygen 384,D15,75,Actual concentration: 0.07
384_source_c1,384PP_AQ_BP,F8,m164,Axygen 384,D17,75,Actual concentration: 0.07
384_source_c1,384PP_AQ_BP,F8,m164,Axygen 384,D19,75,Actual concentration: 0.07
384_source_c1,384PP_AQ_BP,F8,m164,Axygen 384,D21,300,Actual concentration: 0.29
384_source_c1,384PP_AQ_BP,F8,m164,Axygen 384,D23,75,Actual concentration: 0.07
384_source_c1,384PP_AQ_BP,F8,m164,Axygen 384,F1,75,Actual concentration: 0.07
384_source_c1,384PP_AQ_BP,F8,m164,Axygen 384,F3,300,Actual concentration: 0.29
384_source_c1,384PP_AQ_BP,F8,m164,Axygen 384,F5,300,Actual concentration: 0.29
384_source_c1,384PP_AQ_BP,F8,m164,Axygen 384,F7,300,Actual concentration: 0.29
384_source_c1,384PP_AQ_BP,F8,m164,Axygen 384,F9,75,Actual concentration: 0.07
384_source_c1,384PP_AQ_BP,F8,m164,Axygen 384,F11,75,Actual concentration: 0.07
384_source_c1,384PP_AQ_BP,F8,m164,Axygen 384,F13,300,Actual concentration: 0.29
384_source_c1,384PP_AQ_BP,F8,m164,Axygen 384,F15,300,Actual concentration: 0.29
384_source_c1,384PP_AQ_BP,F8,m164,Axygen 384,F17,300,Actual concentration: 0.29
384_source_c1,384PP_AQ_BP,F8,m164,Axygen 384,F19,300,Actual concentration: 0.29
384_source_c1,384PP_AQ_BP,F8,m164,Axygen 384,F21,25,Actual concentration: 0.02
384_source_c1,384PP_AQ_BP,F10,m164,Axygen 384,F21,275,Actual concentration: 0.26
384_source_c1,384PP_AQ_BP,F10,m164,Axygen 384,F23,300,Actual concentration: 0.29
384_source_c1,384PP_AQ_BP,F10,m164,Axygen 384,H1,300,Actual concentration: 0.29
384_source_c1,384PP_AQ_BP,F10,m164,Axygen 384,H3,75,Actual concentration: 0.07
384_source_c1,384PP_AQ_BP,F10,m164,Axygen 384,H5,75,Actual concentration: 0.07
384_source_c1,384PP_AQ_BP,F10,m164,Axygen 384,H7,75,Actual concentration: 0.07
384_source_c1,384PP_AQ_BP,F10,m164,Axygen 384,H9,300,Actual concentration: 0.29
384_source_c1,384PP_AQ_BP,F10,m164,Axygen 384,H11,75,Actual concentration: 0.07
384_source_c1,384PP_AQ_BP,F10,m164,Axygen 384,H13,300,Actual concentration: 0.29
384_source_c1,384PP_AQ_BP,F10,m164,Axygen 384,H15,75,Actual concentration: 0.07
384_source_c1,384PP_AQ_BP,F10,m164,Axygen 384,H17,300,Actual concentration: 0.29
384_source_c1,384PP_AQ_BP,F10,m164,Axygen 384,H19,300,Actual concentration: 0.29
384_source_c1,384PP_AQ_BP,F10,m164,Axygen 384,H23,75,Actual concentration: 0.07
384_source_c1,384PP_AQ_BP,F10,m164,Axygen 384,J1,75,Actual concentration: 0.07
384_source_c1,384PP_AQ_BP,F10,m164,Axygen 384,J3,75,Actual concentration: 0.07
384_source_c1,384PP_AQ_BP,F10,m164,Axygen 384,J5,75,Actual concentration: 0.07
384_source_c1,384PP_AQ_BP,F10,m164,Axygen 384,J9,300,Actual concentration: 0.29
384_source_c1,384PP_AQ_BP,F10,m164,Axygen 384,J11,75,Actual concentration: 0.07
384_source_c1,384PP_AQ_BP,F10,m164,Axygen 384,J13,300,Actual concentration: 0.29
384_source_c1,384PP_AQ_BP,F10,m164,Axygen 384,J15,75,Actual concentration: 0.07
384_source_c1,384PP_AQ_BP,F10,m164,Axygen 384,J17,75,Actual concentration: 0.07
384_source_c1,384PP_AQ_BP,F10,m164,Axygen 384,J19,75,Actual concentration: 0.07
384_source_c1,384PP_AQ_BP,F10,m164,Axygen 384,J21,75,Actual concentration: 0.07
384_source_c1,384PP_AQ_BP,F10,m164,Axygen 384,J23,300,Actual concentration: 0.29
384_source_c1,384PP_AQ_BP,F10,m164,Axygen 384,L1,75,Actual concentration: 0.07
384_source_c1,384PP_AQ_BP,F10,m164,Axygen 384,L3,300,Actual concentration: 0.29
384_source_c1,384PP_AQ_BP,F10,m164,Axygen 384,L5,300,Actual concentration: 0.29
384_source_c1,384PP_AQ_BP,F10,m164,Axygen 384,L7,75,Actual concentration: 0.07
384_source_c1,384PP_AQ_BP,F10,m164,Axygen 384,L9,300,Actual concentration: 0.29
384_source_c1,384PP_AQ_BP,F10,m164,Axygen 384,L11,75,Actual concentration: 0.07
384_source_c1,384PP_AQ_BP,F10,m164,Axygen 384,L13,75,Actual concentration: 0.07
384_source_c1,384PP_AQ_BP,F10,m164,Axygen 384,L15,75,Actual concentration: 0.07
384_source_c1,384PP_AQ_BP,F10,m164,Axygen 384,L17,300,Actual concentration: 0.29
384_source_c1,384PP_AQ_BP,F10,m164,Axygen 384,L19,300,Actual concentration: 0.29
384_source_c1,384PP_AQ_BP,F10,m164,Axygen 384,L21,300,Actual concentration: 0.29
384_source_c1,384PP_AQ_BP,F10,m164,Axygen 384,L23,75,Actual concentration: 0.07
384_source_c1,384PP_AQ_BP,F10,m164,Axygen 384,N1,75,Actual concentration: 0.07
384_source_c1,384PP_AQ_BP,F10,m164,Axygen 384,N3,300,Actual concentration: 0.29
384_source_c1,384PP_AQ_BP,F10,m164,Axygen 384,N5,300,Actual concentration: 0.29
384_source_c1,384PP_AQ_BP,F10,m164,Axygen 384,N7,75,Actual concentration: 0.07
384_source_c1,384PP_AQ_BP,F10,m164,Axygen 384,N9,75,Actual concentration: 0.07
384_source_c1,384PP_AQ_BP,F10,m164,Axygen 384,N11,300,Actual concentration: 0.29
384_source_c1,384PP_AQ_BP,F10,m164,Axygen 384,N13,75,Actual concentration: 0.07
384_source_c1,384PP_AQ_BP,F10,m164,Axygen 384,N15,300,Actual concentration: 0.29
384_source_c1,384PP_AQ_BP,F10,m164,Axygen 384,N17,75,Actual concentration: 0.07
384_source_c1,384PP_AQ_BP,F10,m164,Axygen 384,N19,300,Actual concentration: 0.29
384_source_c1,384PP_AQ_BP,F10,m164,Axygen 384,N21,300,Actual concentration: 0.29
384_source_c1,384PP_AQ_BP,F10,m164,Axygen 384,N23,75,Actual concentration: 0.07
384_source_c1,384PP_AQ_BP,F10,m164,Axygen 384,P1,300,Actual concentration: 0.29
384_source_c1,384PP_AQ_BP,F10,m164,Axygen 384,P3,300,Actual concentration: 0.29
384_source_c1,384PP_AQ_BP,F10,m164,Axygen 384,P5,75,Actual concentration: 0.07
384_source_c1,384PP_AQ_BP,F10,m164,Axygen 384,P7,75,Actual concentration: 0.07
384_source_c1,384PP_AQ_BP,F10,m164,Axygen 384,P9,300,Actual concentration: 0.29
384_source_c1,384PP_AQ_BP,F10,m164,Axygen 384,P11,300,Actual concentration: 0.29
384_source_c1,384PP_AQ_BP,F10,m164,Axygen 384,P13,125,Actual concentration: 0.12
384_source_c1,384PP_AQ_BP,F12,m164,Axygen 384,P13,175,Actual concentration: 0.17
384_source_c1,384PP_AQ_BP,F12,m164,Axygen 384,P15,75,Actual concentration: 0.07
384_source_c1,384PP_AQ_BP,F12,m164,Axygen 384,P17,75,Actual concentration: 0.07
384_source_c1,384PP_AQ_BP,F12,m164,Axygen 384,P19,300,Actual concentration: 0.29
384_source_c1,384PP_AQ_BP,F12,m164,Axygen 384,P21,75,Actual concentration: 0.07
384_source_c1,384PP_AQ_BP,F12,m164,Axygen 384,P23,300,Actual concentration: 0.29
384_source_c1,384PP_AQ_BP,F12,m164,Axygen 384,B2,75,Actual concentration: 0.07
384_source_c1,384PP_AQ_BP,F12,m164,Axygen 384,B4,300,Actual concentration: 0.29
384_source_c1,384PP_AQ_BP,F12,m164,Axygen 384,B6,75,Actual concentration: 0.07
384_source_c1,384PP_AQ_BP,F12,m164,Axygen 384,B8,300,Actual concentration: 0.29
384_source_c1,384PP_AQ_BP,F12,m164,Axygen 384,B10,75,Actual concentration: 0.07
384_source_c1,384PP_AQ_BP,F12,m164,Axygen 384,B12,75,Actual concentration: 0.07
384_source_c1,384PP_AQ_BP,F12,m164,Axygen 384,B14,75,Actual concentration: 0.07
384_source_c1,384PP_AQ_BP,F12,m164,Axygen 384,B16,75,Actual concentration: 0.07
384_source_c1,384PP_AQ_BP,F12,m164,Axygen 384,B18,75,Actual concentration: 0.07
384_source_c1,384PP_AQ_BP,F12,m164,Axygen 384,B20,300,Actual concentration: 0.29
384_source_c1,384PP_AQ_BP,F12,m164,Axygen 384,B22,75,Actual concentration: 0.07
384_source_c1,384PP_AQ_BP,F12,m164,Axygen 384,B24,300,Actual concentration: 0.29
384_source_c1,384PP_AQ_BP,F12,m164,Axygen 384,D2,75,Actual concentration: 0.07
384_source_c1,384PP_AQ_BP,F12,m164,Axygen 384,D6,300,Actual concentration: 0.29
384_source_c1,384PP_AQ_BP,F12,m164,Axygen 384,D8,300,Actual concentration: 0.29
384_source_c1,384PP_AQ_BP,F12,m164,Axygen 384,D10,300,Actual concentration: 0.29
384_source_c1,384PP_AQ_BP,F12,m164,Axygen 384,D12,300,Actual concentration: 0.29
384_source_c1,384PP_AQ_BP,F12,m164,Axygen 384,D14,75,Actual concentration: 0.07
384_source_c1,384PP_AQ_BP,F12,m164,Axygen 384,D16,300,Actual concentration: 0.29
384_source_c1,384PP_AQ_BP,F12,m164,Axygen 384,D18,575,Actual concentration: 0.55
384_source_c1,384PP_AQ_BP,F12,m164,Axygen 384,D20,75,Actual concentration: 0.07
384_source_c1,384PP_AQ_BP,F12,m164,Axygen 384,D22,75,Actual concentration: 0.07
384_source_c1,384PP_AQ_BP,F12,m164,Axygen 384,D24,300,Actual concentration: 0.29
384_source_c1,384PP_AQ_BP,F12,m164,Axygen 384,F2,75,Actual concentration: 0.07
384_source_c1,384PP_AQ_BP,F12,m164,Axygen 384,F4,300,Actual concentration: 0.29
384_source_c1,384PP_AQ_BP,F12,m164,Axygen 384,F6,300,Actual concentration: 0.29
384_source_c1,384PP_AQ_BP,F12,m164,Axygen 384,F8,300,Actual concentration: 0.29
384_source_c1,384PP_AQ_BP,F12,m164,Axygen 384,F10,300,Actual concentration: 0.29
384_source_c1,384PP_AQ_BP,F12,m164,Axygen 384,F12,75,Actual concentration: 0.07
384_source_c1,384PP_AQ_BP,F12,m164,Axygen 384,F14,75,Actual concentration: 0.07
384_source_c1,384PP_AQ_BP,F12,m164,Axygen 384,F16,75,Actual concentration: 0.07
384_source_c1,384PP_AQ_BP,F12,m164,Axygen 384,F18,75,Actual concentration: 0.07
384_source_c1,384PP_AQ_BP,F12,m164,Axygen 384,F20,75,Actual concentration: 0.07
384_source_c1,384PP_AQ_BP,F12,m164,Axygen 384,F22,75,Actual concentration: 0.07
384_source_c1,384PP_AQ_BP,F12,m164,Axygen 384,F24,300,Actual concentration: 0.29
384_source_c1,384PP_AQ_BP,F12,m164,Axygen 384,H2,75,Actual concentration: 0.07
384_source_c1,384PP_AQ_BP,F12,m164,Axygen 384,H4,300,Actual concentration: 0.29
384_source_c1,384PP_AQ_BP,F12,m164,Axygen 384,H6,300,Actual concentration: 0.29
384_source_c1,384PP_AQ_BP,F12,m164,Axygen 384,H8,300,Actual concentration: 0.29
384_source_c1,384PP_AQ_BP,F12,m164,Axygen 384,H10,75,Actual concentration: 0.07
384_source_c1,384PP_AQ_BP,F12,m164,Axygen 384,H12,75,Actual concentration: 0.07
384_source_c1,384PP_AQ_BP,F12,m164,Axygen 384,H14,75,Actual concentration: 0.07
384_source_c1,384PP_AQ_BP,F12,m164,Axygen 384,H16,300,Actual concentration: 0.29
384_source_c1,384PP_AQ_BP,F12,m164,Axygen 384,H18,300,Actual concentration: 0.29
384_source_c1,384PP_AQ_BP,F12,m164,Axygen 384,H20,300,Actual concentration: 0.29
384_source_c1,384PP_AQ_BP,F12,m164,Axygen 384,H22,75,Actual concentration: 0.07
384_source_c1,384PP_AQ_BP,F12,m164,Axygen 384,H24,75,Actual concentration: 0.07
384_source_c1,384PP_AQ_BP,F12,m164,Axygen 384,J2,75,Actual concentration: 0.07
384_source_c1,384PP_AQ_BP,F12,m164,Axygen 384,J4,175,Actual concentration: 0.17
384_source_c1,384PP_AQ_BP,F14,m164,Axygen 384,J4,125,Actual concentration: 0.12
384_source_c1,384PP_AQ_BP,F14,m164,Axygen 384,J6,75,Actual concentration: 0.07
384_source_c1,384PP_AQ_BP,F14,m164,Axygen 384,J8,75,Actual concentration: 0.07
384_source_c1,384PP_AQ_BP,F14,m164,Axygen 384,J10,75,Actual concentration: 0.07
384_source_c1,384PP_AQ_BP,F14,m164,Axygen 384,J12,300,Actual concentration: 0.29
384_source_c1,384PP_AQ_BP,F14,m164,Axygen 384,J14,75,Actual concentration: 0.07
384_source_c1,384PP_AQ_BP,F14,m164,Axygen 384,J16,75,Actual concentration: 0.07
384_source_c1,384PP_AQ_BP,F14,m164,Axygen 384,J18,300,Actual concentration: 0.29
384_source_c1,384PP_AQ_BP,F14,m164,Axygen 384,J20,300,Actual concentration: 0.29
384_source_c1,384PP_AQ_BP,F14,m164,Axygen 384,J22,300,Actual concentration: 0.29
384_source_c1,384PP_AQ_BP,F14,m164,Axygen 384,J24,75,Actual concentration: 0.07
384_source_c1,384PP_AQ_BP,F14,m164,Axygen 384,L2,75,Actual concentration: 0.07
384_source_c1,384PP_AQ_BP,F14,m164,Axygen 384,L4,300,Actual concentration: 0.29
384_source_c1,384PP_AQ_BP,F14,m164,Axygen 384,L6,75,Actual concentration: 0.07
384_source_c1,384PP_AQ_BP,F14,m164,Axygen 384,L8,75,Actual concentration: 0.07
384_source_c1,384PP_AQ_BP,F14,m164,Axygen 384,L10,75,Actual concentration: 0.07
384_source_c1,384PP_AQ_BP,F14,m164,Axygen 384,L12,75,Actual concentration: 0.07
384_source_c1,384PP_AQ_BP,F14,m164,Axygen 384,L14,75,Actual concentration: 0.07
384_source_c1,384PP_AQ_BP,F14,m164,Axygen 384,L16,75,Actual concentration: 0.07
384_source_c1,384PP_AQ_BP,F14,m164,Axygen 384,L18,300,Actual concentration: 0.29
384_source_c1,384PP_AQ_BP,F14,m164,Axygen 384,L20,300,Actual concentration: 0.29
384_source_c1,384PP_AQ_BP,F14,m164,Axygen 384,L22,300,Actual concentration: 0.29
384_source_c1,384PP_AQ_BP,F14,m164,Axygen 384,L24,300,Actual concentration: 0.29
384_source_c1,384PP_AQ_BP,F14,m164,Axygen 384,N2,300,Actual concentration: 0.29
384_source_c1,384PP_AQ_BP,F14,m164,Axygen 384,N4,75,Actual concentration: 0.07
384_source_c1,384PP_AQ_BP,F14,m164,Axygen 384,N6,300,Actual concentration: 0.29
384_source_c1,384PP_AQ_BP,F14,m164,Axygen 384,N8,300,Actual concentration: 0.29
384_source_c1,384PP_AQ_BP,F14,m164,Axygen 384,N12,75,Actual concentration: 0.07
384_source_c1,384PP_AQ_BP,F14,m164,Axygen 384,N14,300,Actual concentration: 0.29
384_source_c1,384PP_AQ_BP,F14,m164,Axygen 384,N16,75,Actual concentration: 0.07
384_source_c1,384PP_AQ_BP,F14,m164,Axygen 384,N18,300,Actual concentration: 0.29
384_source_c1,384PP_AQ_BP,F14,m164,Axygen 384,N20,300,Actual concentration: 0.29
384_source_c1,384PP_AQ_BP,F14,m164,Axygen 384,N22,75,Actual concentration: 0.07
384_source_c1,384PP_AQ_BP,F14,m164,Axygen 384,N24,300,Actual concentration: 0.29
384_source_c1,384PP_AQ_BP,F14,m164,Axygen 384,P2,300,Actual concentration: 0.29
384_source_c1,384PP_AQ_BP,F14,m164,Axygen 384,P4,75,Actual concentration: 0.07
384_source_c1,384PP_AQ_BP,F14,m164,Axygen 384,P6,75,Actual concentration: 0.07
384_source_c1,384PP_AQ_BP,F14,m164,Axygen 384,P8,300,Actual concentration: 0.29
384_source_c1,384PP_AQ_BP,F14,m164,Axygen 384,P10,75,Actual concentration: 0.07
384_source_c1,384PP_AQ_BP,F14,m164,Axygen 384,P12,300,Actual concentration: 0.29
384_source_c1,384PP_AQ_BP,F14,m164,Axygen 384,P14,75,Actual concentration: 0.07
384_source_c1,384PP_AQ_BP,F14,m164,Axygen 384,P16,75,Actual concentration: 0.07
384_source_c1,384PP_AQ_BP,F14,m164,Axygen 384,P18,75,Actual concentration: 0.07
384_source_c1,384PP_AQ_BP,F14,m164,Axygen 384,P20,300,Actual concentration: 0.29
384_source_c1,384PP_AQ_BP,F14,m164,Axygen 384,P22,75,Actual concentration: 0.07
384_source_c1,384PP_AQ_BP,F14,m164,Axygen 384,P24,75,Actual concentration: 0.07
384_source_c1,384PP_AQ_BP,H2,m165,Axygen 384,A1,75,Actual concentration: 0.07
384_source_c1,384PP_AQ_BP,H2,m165,Axygen 384,A3,75,Actual concentration: 0.07
384_source_c1,384PP_AQ_BP,H2,m165,Axygen 384,A5,325,Actual concentration: 0.29
384_source_c1,384PP_AQ_BP,H2,m165,Axygen 384,A7,75,Actual concentration: 0.07
384_source_c1,384PP_AQ_BP,H2,m165,Axygen 384,A9,75,Actual concentration: 0.07
384_source_c1,384PP_AQ_BP,H2,m165,Axygen 384,A11,75,Actual concentration: 0.07
384_source_c1,384PP_AQ_BP,H2,m165,Axygen 384,A13,75,Actual concentration: 0.07
384_source_c1,384PP_AQ_BP,H2,m165,Axygen 384,A15,75,Actual concentration: 0.07
384_source_c1,384PP_AQ_BP,H2,m165,Axygen 384,A17,75,Actual concentration: 0.07
384_source_c1,384PP_AQ_BP,H2,m165,Axygen 384,A19,325,Actual concentration: 0.29
384_source_c1,384PP_AQ_BP,H2,m165,Axygen 384,A21,75,Actual concentration: 0.07
384_source_c1,384PP_AQ_BP,H2,m165,Axygen 384,A23,75,Actual concentration: 0.07
384_source_c1,384PP_AQ_BP,H2,m165,Axygen 384,C1,75,Actual concentration: 0.07
384_source_c1,384PP_AQ_BP,H2,m165,Axygen 384,C3,75,Actual concentration: 0.07
384_source_c1,384PP_AQ_BP,H2,m165,Axygen 384,C5,325,Actual concentration: 0.29
384_source_c1,384PP_AQ_BP,H2,m165,Axygen 384,C7,325,Actual concentration: 0.29
384_source_c1,384PP_AQ_BP,H2,m165,Axygen 384,C9,75,Actual concentration: 0.07
384_source_c1,384PP_AQ_BP,H2,m165,Axygen 384,C11,75,Actual concentration: 0.07
384_source_c1,384PP_AQ_BP,H2,m165,Axygen 384,C13,75,Actual concentration: 0.07
384_source_c1,384PP_AQ_BP,H2,m165,Axygen 384,C15,75,Actual concentration: 0.07
384_source_c1,384PP_AQ_BP,H2,m165,Axygen 384,C17,325,Actual concentration: 0.29
384_source_c1,384PP_AQ_BP,H2,m165,Axygen 384,C19,325,Actual concentration: 0.29
384_source_c1,384PP_AQ_BP,H2,m165,Axygen 384,C21,325,Actual concentration: 0.29
384_source_c1,384PP_AQ_BP,H2,m165,Axygen 384,C23,325,Actual concentration: 0.29
384_source_c1,384PP_AQ_BP,H2,m165,Axygen 384,E1,75,Actual concentration: 0.07
384_source_c1,384PP_AQ_BP,H2,m165,Axygen 384,E3,75,Actual concentration: 0.07
384_source_c1,384PP_AQ_BP,H2,m165,Axygen 384,E5,75,Actual concentration: 0.07
384_source_c1,384PP_AQ_BP,H2,m165,Axygen 384,E7,75,Actual concentration: 0.07
384_source_c1,384PP_AQ_BP,H2,m165,Axygen 384,E9,75,Actual concentration: 0.07
384_source_c1,384PP_AQ_BP,H2,m165,Axygen 384,E11,75,Actual concentration: 0.07
384_source_c1,384PP_AQ_BP,H2,m165,Axygen 384,E13,325,Actual concentration: 0.29
384_source_c1,384PP_AQ_BP,H2,m165,Axygen 384,E15,75,Actual concentration: 0.07
384_source_c1,384PP_AQ_BP,H2,m165,Axygen 384,E17,75,Actual concentration: 0.07
384_source_c1,384PP_AQ_BP,H2,m165,Axygen 384,E19,75,Actual concentration: 0.07
384_source_c1,384PP_AQ_BP,H2,m165,Axygen 384,E21,75,Actual concentration: 0.07
384_source_c1,384PP_AQ_BP,H2,m165,Axygen 384,E23,325,Actual concentration: 0.29
384_source_c1,384PP_AQ_BP,H2,m165,Axygen 384,G1,325,Actual concentration: 0.29
384_source_c1,384PP_AQ_BP,H2,m165,Axygen 384,G3,75,Actual concentration: 0.07
384_source_c1,384PP_AQ_BP,H2,m165,Axygen 384,G5,325,Actual concentration: 0.29
384_source_c1,384PP_AQ_BP,H2,m165,Axygen 384,G7,325,Actual concentration: 0.29
384_source_c1,384PP_AQ_BP,H2,m165,Axygen 384,G9,75,Actual concentration: 0.07
384_source_c1,384PP_AQ_BP,H2,m165,Axygen 384,G11,75,Actual concentration: 0.07
384_source_c1,384PP_AQ_BP,H2,m165,Axygen 384,G13,75,Actual concentration: 0.07
384_source_c1,384PP_AQ_BP,H2,m165,Axygen 384,G15,75,Actual concentration: 0.07
384_source_c1,384PP_AQ_BP,H2,m165,Axygen 384,G17,75,Actual concentration: 0.07
384_source_c1,384PP_AQ_BP,H2,m165,Axygen 384,G19,325,Actual concentration: 0.29
384_source_c1,384PP_AQ_BP,H2,m165,Axygen 384,G21,75,Actual concentration: 0.07
384_source_c1,384PP_AQ_BP,H2,m165,Axygen 384,G23,325,Actual concentration: 0.29
384_source_c1,384PP_AQ_BP,H2,m165,Axygen 384,I1,325,Actual concentration: 0.29
384_source_c1,384PP_AQ_BP,H2,m165,Axygen 384,I3,325,Actual concentration: 0.29
384_source_c1,384PP_AQ_BP,H2,m165,Axygen 384,I5,325,Actual concentration: 0.29
384_source_c1,384PP_AQ_BP,H2,m165,Axygen 384,I7,75,Actual concentration: 0.07
384_source_c1,384PP_AQ_BP,H2,m165,Axygen 384,I9,75,Actual concentration: 0.07
384_source_c1,384PP_AQ_BP,H2,m165,Axygen 384,I11,75,Actual concentration: 0.07
384_source_c1,384PP_AQ_BP,H2,m165,Axygen 384,I13,75,Actual concentration: 0.07
384_source_c1,384PP_AQ_BP,H2,m165,Axygen 384,I15,75,Actual concentration: 0.07
384_source_c1,384PP_AQ_BP,H2,m165,Axygen 384,I17,75,Actual concentration: 0.07
384_source_c1,384PP_AQ_BP,H2,m165,Axygen 384,I19,325,Actual concentration: 0.29
384_source_c1,384PP_AQ_BP,H2,m165,Axygen 384,I21,325,Actual concentration: 0.29
384_source_c1,384PP_AQ_BP,H2,m165,Axygen 384,I23,325,Actual concentration: 0.29
384_source_c1,384PP_AQ_BP,H2,m165,Axygen 384,K1,250,Actual concentration: 0.22
384_source_c1,384PP_AQ_BP,H4,m165,Axygen 384,K1,75,Actual concentration: 0.07
384_source_c1,384PP_AQ_BP,H4,m165,Axygen 384,K3,325,Actual concentration: 0.29
384_source_c1,384PP_AQ_BP,H4,m165,Axygen 384,K5,325,Actual concentration: 0.29
384_source_c1,384PP_AQ_BP,H4,m165,Axygen 384,K7,75,Actual concentration: 0.07
384_source_c1,384PP_AQ_BP,H4,m165,Axygen 384,K9,75,Actual concentration: 0.07
384_source_c1,384PP_AQ_BP,H4,m165,Axygen 384,K11,75,Actual concentration: 0.07
384_source_c1,384PP_AQ_BP,H4,m165,Axygen 384,K13,75,Actual concentration: 0.07
384_source_c1,384PP_AQ_BP,H4,m165,Axygen 384,K15,75,Actual concentration: 0.07
384_source_c1,384PP_AQ_BP,H4,m165,Axygen 384,K17,325,Actual concentration: 0.29
384_source_c1,384PP_AQ_BP,H4,m165,Axygen 384,K19,325,Actual concentration: 0.29
384_source_c1,384PP_AQ_BP,H4,m165,Axygen 384,K23,325,Actual concentration: 0.29
384_source_c1,384PP_AQ_BP,H4,m165,Axygen 384,M1,325,Actual concentration: 0.29
384_source_c1,384PP_AQ_BP,H4,m165,Axygen 384,M3,325,Actual concentration: 0.29
384_source_c1,384PP_AQ_BP,H4,m165,Axygen 384,M5,325,Actual concentration: 0.29
384_source_c1,384PP_AQ_BP,H4,m165,Axygen 384,M7,325,Actual concentration: 0.29
384_source_c1,384PP_AQ_BP,H4,m165,Axygen 384,M9,625,Actual concentration: 0.55
384_source_c1,384PP_AQ_BP,H4,m165,Axygen 384,M11,75,Actual concentration: 0.07
384_source_c1,384PP_AQ_BP,H4,m165,Axygen 384,M13,75,Actual concentration: 0.07
384_source_c1,384PP_AQ_BP,H4,m165,Axygen 384,M15,325,Actual concentration: 0.29
384_source_c1,384PP_AQ_BP,H4,m165,Axygen 384,M17,75,Actual concentration: 0.07
384_source_c1,384PP_AQ_BP,H4,m165,Axygen 384,M19,75,Actual concentration: 0.07
384_source_c1,384PP_AQ_BP,H4,m165,Axygen 384,M21,75,Actual concentration: 0.07
384_source_c1,384PP_AQ_BP,H4,m165,Axygen 384,M23,325,Actual concentration: 0.29
384_source_c1,384PP_AQ_BP,H4,m165,Axygen 384,O1,325,Actual concentration: 0.29
384_source_c1,384PP_AQ_BP,H4,m165,Axygen 384,O3,75,Actual concentration: 0.07
384_source_c1,384PP_AQ_BP,H4,m165,Axygen 384,O5,325,Actual concentration: 0.29
384_source_c1,384PP_AQ_BP,H4,m165,Axygen 384,O7,325,Actual concentration: 0.29
384_source_c1,384PP_AQ_BP,H4,m165,Axygen 384,O9,325,Actual concentration: 0.29
384_source_c1,384PP_AQ_BP,H4,m165,Axygen 384,O11,325,Actual concentration: 0.29
384_source_c1,384PP_AQ_BP,H4,m165,Axygen 384,O13,325,Actual concentration: 0.29
384_source_c1,384PP_AQ_BP,H4,m165,Axygen 384,O15,75,Actual concentration: 0.07
384_source_c1,384PP_AQ_BP,H4,m165,Axygen 384,O17,325,Actual concentration: 0.29
384_source_c1,384PP_AQ_BP,H4,m165,Axygen 384,O19,325,Actual concentration: 0.29
384_source_c1,384PP_AQ_BP,H4,m165,Axygen 384,O21,325,Actual concentration: 0.29
384_source_c1,384PP_AQ_BP,H4,m165,Axygen 384,O23,325,Actual concentration: 0.29
384_source_c1,384PP_AQ_BP,H4,m165,Axygen 384,A2,75,Actual concentration: 0.07
384_source_c1,384PP_AQ_BP,H4,m165,Axygen 384,A4,75,Actual concentration: 0.07
384_source_c1,384PP_AQ_BP,H4,m165,Axygen 384,A6,325,Actual concentration: 0.29
384_source_c1,384PP_AQ_BP,H4,m165,Axygen 384,A8,325,Actual concentration: 0.29
384_source_c1,384PP_AQ_BP,H4,m165,Axygen 384,A10,75,Actual concentration: 0.07
384_source_c1,384PP_AQ_BP,H4,m165,Axygen 384,A12,325,Actual concentration: 0.29
384_source_c1,384PP_AQ_BP,H4,m165,Axygen 384,A14,325,Actual concentration: 0.29
384_source_c1,384PP_AQ_BP,H4,m165,Axygen 384,A16,50,Actual concentration: 0.04
384_source_c1,384PP_AQ_BP,H6,m165,Axygen 384,A16,25,Actual concentration: 0.02
384_source_c1,384PP_AQ_BP,H6,m165,Axygen 384,A18,75,Actual concentration: 0.07
384_source_c1,384PP_AQ_BP,H6,m165,Axygen 384,A20,75,Actual concentration: 0.07
384_source_c1,384PP_AQ_BP,H6,m165,Axygen 384,A22,75,Actual concentration: 0.07
384_source_c1,384PP_AQ_BP,H6,m165,Axygen 384,A24,325,Actual concentration: 0.29
384_source_c1,384PP_AQ_BP,H6,m165,Axygen 384,C2,75,Actual concentration: 0.07
384_source_c1,384PP_AQ_BP,H6,m165,Axygen 384,C4,75,Actual concentration: 0.07
384_source_c1,384PP_AQ_BP,H6,m165,Axygen 384,C6,75,Actual concentration: 0.07
384_source_c1,384PP_AQ_BP,H6,m165,Axygen 384,C8,75,Actual concentration: 0.07
384_source_c1,384PP_AQ_BP,H6,m165,Axygen 384,C10,75,Actual concentration: 0.07
384_source_c1,384PP_AQ_BP,H6,m165,Axygen 384,C12,325,Actual concentration: 0.29
384_source_c1,384PP_AQ_BP,H6,m165,Axygen 384,C14,75,Actual concentration: 0.07
384_source_c1,384PP_AQ_BP,H6,m165,Axygen 384,C16,75,Actual concentration: 0.07
384_source_c1,384PP_AQ_BP,H6,m165,Axygen 384,C18,75,Actual concentration: 0.07
384_source_c1,384PP_AQ_BP,H6,m165,Axygen 384,C20,75,Actual concentration: 0.07
384_source_c1,384PP_AQ_BP,H6,m165,Axygen 384,C22,325,Actual concentration: 0.29
384_source_c1,384PP_AQ_BP,H6,m165,Axygen 384,C24,325,Actual concentration: 0.29
384_source_c1,384PP_AQ_BP,H6,m165,Axygen 384,E2,325,Actual concentration: 0.29
384_source_c1,384PP_AQ_BP,H6,m165,Axygen 384,E4,325,Actual concentration: 0.29
384_source_c1,384PP_AQ_BP,H6,m165,Axygen 384,E6,325,Actual concentration: 0.29
384_source_c1,384PP_AQ_BP,H6,m165,Axygen 384,E8,75,Actual concentration: 0.07
384_source_c1,384PP_AQ_BP,H6,m165,Axygen 384,E10,325,Actual concentration: 0.29
384_source_c1,384PP_AQ_BP,H6,m165,Axygen 384,E12,75,Actual concentration: 0.07
384_source_c1,384PP_AQ_BP,H6,m165,Axygen 384,E14,75,Actual concentration: 0.07
384_source_c1,384PP_AQ_BP,H6,m165,Axygen 384,E16,325,Actual concentration: 0.29
384_source_c1,384PP_AQ_BP,H6,m165,Axygen 384,E20,75,Actual concentration: 0.07
384_source_c1,384PP_AQ_BP,H6,m165,Axygen 384,E22,75,Actual concentration: 0.07
384_source_c1,384PP_AQ_BP,H6,m165,Axygen 384,E24,325,Actual concentration: 0.29
384_source_c1,384PP_AQ_BP,H6,m165,Axygen 384,G2,325,Actual concentration: 0.29
384_source_c1,384PP_AQ_BP,H6,m165,Axygen 384,G4,75,Actual concentration: 0.07
384_source_c1,384PP_AQ_BP,H6,m165,Axygen 384,G6,325,Actual concentration: 0.29
384_source_c1,384PP_AQ_BP,H6,m165,Axygen 384,G8,75,Actual concentration: 0.07
384_source_c1,384PP_AQ_BP,H6,m165,Axygen 384,G10,75,Actual concentration: 0.07
384_source_c1,384PP_AQ_BP,H6,m165,Axygen 384,G12,75,Actual concentration: 0.07
384_source_c1,384PP_AQ_BP,H6,m165,Axygen 384,G14,75,Actual concentration: 0.07
384_source_c1,384PP_AQ_BP,H6,m165,Axygen 384,G16,75,Actual concentration: 0.07
384_source_c1,384PP_AQ_BP,H6,m165,Axygen 384,G18,75,Actual concentration: 0.07
384_source_c1,384PP_AQ_BP,H6,m165,Axygen 384,G20,75,Actual concentration: 0.07
384_source_c1,384PP_AQ_BP,H6,m165,Axygen 384,G22,325,Actual concentration: 0.29
384_source_c1,384PP_AQ_BP,H6,m165,Axygen 384,G24,75,Actual concentration: 0.07
384_source_c1,384PP_AQ_BP,H6,m165,Axygen 384,I2,75,Actual concentration: 0.07
384_source_c1,384PP_AQ_BP,H6,m165,Axygen 384,I4,75,Actual concentration: 0.07
384_source_c1,384PP_AQ_BP,H6,m165,Axygen 384,I6,75,Actual concentration: 0.07
384_source_c1,384PP_AQ_BP,H6,m165,Axygen 384,I8,325,Actual concentration: 0.29
384_source_c1,384PP_AQ_BP,H6,m165,Axygen 384,I10,75,Actual concentration: 0.07
384_source_c1,384PP_AQ_BP,H6,m165,Axygen 384,I12,325,Actual concentration: 0.29
384_source_c1,384PP_AQ_BP,H6,m165,Axygen 384,I14,75,Actual concentration: 0.07
384_source_c1,384PP_AQ_BP,H6,m165,Axygen 384,I16,325,Actual concentration: 0.29
384_source_c1,384PP_AQ_BP,H6,m165,Axygen 384,I18,325,Actual concentration: 0.29
384_source_c1,384PP_AQ_BP,H6,m165,Axygen 384,I20,325,Actual concentration: 0.29
384_source_c1,384PP_AQ_BP,H6,m165,Axygen 384,I22,75,Actual concentration: 0.07
384_source_c1,384PP_AQ_BP,H6,m165,Axygen 384,I24,325,Actual concentration: 0.29
384_source_c1,384PP_AQ_BP,H6,m165,Axygen 384,K2,75,Actual concentration: 0.07
384_source_c1,384PP_AQ_BP,H6,m165,Axygen 384,K4,75,Actual concentration: 0.07
384_source_c1,384PP_AQ_BP,H6,m165,Axygen 384,K6,325,Actual concentration: 0.29
384_source_c1,384PP_AQ_BP,H6,m165,Axygen 384,K8,75,Actual concentration: 0.07
384_source_c1,384PP_AQ_BP,H6,m165,Axygen 384,K10,75,Actual concentration: 0.07
384_source_c1,384PP_AQ_BP,H6,m165,Axygen 384,K12,75,Actual concentration: 0.07
384_source_c1,384PP_AQ_BP,H6,m165,Axygen 384,K14,325,Actual concentration: 0.29
384_source_c1,384PP_AQ_BP,H6,m165,Axygen 384,K16,325,Actual concentration: 0.29
384_source_c1,384PP_AQ_BP,H6,m165,Axygen 384,K18,50,Actual concentration: 0.04
384_source_c1,384PP_AQ_BP,H8,m165,Axygen 384,K18,575,Actual concentration: 0.51
384_source_c1,384PP_AQ_BP,H8,m165,Axygen 384,K20,75,Actual concentration: 0.07
384_source_c1,384PP_AQ_BP,H8,m165,Axygen 384,K22,325,Actual concentration: 0.29
384_source_c1,384PP_AQ_BP,H8,m165,Axygen 384,K24,325,Actual concentration: 0.29
384_source_c1,384PP_AQ_BP,H8,m165,Axygen 384,M2,325,Actual concentration: 0.29
384_source_c1,384PP_AQ_BP,H8,m165,Axygen 384,M4,325,Actual concentration: 0.29
384_source_c1,384PP_AQ_BP,H8,m165,Axygen 384,M6,75,Actual concentration: 0.07
384_source_c1,384PP_AQ_BP,H8,m165,Axygen 384,M8,325,Actual concentration: 0.29
384_source_c1,384PP_AQ_BP,H8,m165,Axygen 384,M10,325,Actual concentration: 0.29
384_source_c1,384PP_AQ_BP,H8,m165,Axygen 384,M12,75,Actual concentration: 0.07
384_source_c1,384PP_AQ_BP,H8,m165,Axygen 384,M14,75,Actual concentration: 0.07
384_source_c1,384PP_AQ_BP,H8,m165,Axygen 384,M16,75,Actual concentration: 0.07
384_source_c1,384PP_AQ_BP,H8,m165,Axygen 384,M18,75,Actual concentration: 0.07
384_source_c1,384PP_AQ_BP,H8,m165,Axygen 384,M20,75,Actual concentration: 0.07
384_source_c1,384PP_AQ_BP,H8,m165,Axygen 384,M22,75,Actual concentration: 0.07
384_source_c1,384PP_AQ_BP,H8,m165,Axygen 384,M24,325,Actual concentration: 0.29
384_source_c1,384PP_AQ_BP,H8,m165,Axygen 384,O2,325,Actual concentration: 0.29
384_source_c1,384PP_AQ_BP,H8,m165,Axygen 384,O4,325,Actual concentration: 0.29
384_source_c1,384PP_AQ_BP,H8,m165,Axygen 384,O6,325,Actual concentration: 0.29
384_source_c1,384PP_AQ_BP,H8,m165,Axygen 384,O8,325,Actual concentration: 0.29
384_source_c1,384PP_AQ_BP,H8,m165,Axygen 384,O10,325,Actual concentration: 0.29
384_source_c1,384PP_AQ_BP,H8,m165,Axygen 384,O12,75,Actual concentration: 0.07
384_source_c1,384PP_AQ_BP,H8,m165,Axygen 384,O14,325,Actual concentration: 0.29
384_source_c1,384PP_AQ_BP,H8,m165,Axygen 384,O16,325,Actual concentration: 0.29
384_source_c1,384PP_AQ_BP,H8,m165,Axygen 384,O18,325,Actual concentration: 0.29
384_source_c1,384PP_AQ_BP,H8,m165,Axygen 384,O20,325,Actual concentration: 0.29
384_source_c1,384PP_AQ_BP,H8,m165,Axygen 384,O22,325,Actual concentration: 0.29
384_source_c1,384PP_AQ_BP,H8,m165,Axygen 384,O24,75,Actual concentration: 0.07
384_source_c1,384PP_AQ_BP,H8,m165,Axygen 384,B1,325,Actual concentration: 0.29
384_source_c1,384PP_AQ_BP,H8,m165,Axygen 384,B3,325,Actual concentration: 0.29
384_source_c1,384PP_AQ_BP,H8,m165,Axygen 384,B5,325,Actual concentration: 0.29
384_source_c1,384PP_AQ_BP,H8,m165,Axygen 384,B7,325,Actual concentration: 0.29
384_source_c1,384PP_AQ_BP,H8,m165,Axygen 384,B9,75,Actual concentration: 0.07
384_source_c1,384PP_AQ_BP,H8,m165,Axygen 384,B11,325,Actual concentration: 0.29
384_source_c1,384PP_AQ_BP,H8,m165,Axygen 384,B13,75,Actual concentration: 0.07
384_source_c1,384PP_AQ_BP,H8,m165,Axygen 384,B15,325,Actual concentration: 0.29
384_source_c1,384PP_AQ_BP,H8,m165,Axygen 384,B17,75,Actual concentration: 0.07
384_source_c1,384PP_AQ_BP,H8,m165,Axygen 384,B19,625,Actual concentration: 0.55
384_source_c1,384PP_AQ_BP,H8,m165,Axygen 384,B21,325,Actual concentration: 0.29
384_source_c1,384PP_AQ_BP,H8,m165,Axygen 384,B23,25,Actual concentration: 0.02
384_source_c1,384PP_AQ_BP,H10,m165,Axygen 384,B23,300,Actual concentration: 0.26
384_source_c1,384PP_AQ_BP,H10,m165,Axygen 384,D1,75,Actual concentration: 0.07
384_source_c1,384PP_AQ_BP,H10,m165,Axygen 384,D3,75,Actual concentration: 0.07
384_source_c1,384PP_AQ_BP,H10,m165,Axygen 384,D5,75,Actual concentration: 0.07
384_source_c1,384PP_AQ_BP,H10,m165,Axygen 384,D7,75,Actual concentration: 0.07
384_source_c1,384PP_AQ_BP,H10,m165,Axygen 384,D9,75,Actual concentration: 0.07
384_source_c1,384PP_AQ_BP,H10,m165,Axygen 384,D11,75,Actual concentration: 0.07
384_source_c1,384PP_AQ_BP,H10,m165,Axygen 384,D13,75,Actual concentration: 0.07
384_source_c1,384PP_AQ_BP,H10,m165,Axygen 384,D15,325,Actual concentration: 0.29
384_source_c1,384PP_AQ_BP,H10,m165,Axygen 384,D17,75,Actual concentration: 0.07
384_source_c1,384PP_AQ_BP,H10,m165,Axygen 384,D19,75,Actual concentration: 0.07
384_source_c1,384PP_AQ_BP,H10,m165,Axygen 384,D21,75,Actual concentration: 0.07
384_source_c1,384PP_AQ_BP,H10,m165,Axygen 384,D23,325,Actual concentration: 0.29
384_source_c1,384PP_AQ_BP,H10,m165,Axygen 384,F1,75,Actual concentration: 0.07
384_source_c1,384PP_AQ_BP,H10,m165,Axygen 384,F3,325,Actual concentration: 0.29
384_source_c1,384PP_AQ_BP,H10,m165,Axygen 384,F5,325,Actual concentration: 0.29
384_source_c1,384PP_AQ_BP,H10,m165,Axygen 384,F7,75,Actual concentration: 0.07
384_source_c1,384PP_AQ_BP,H10,m165,Axygen 384,F9,75,Actual concentration: 0.07
384_source_c1,384PP_AQ_BP,H10,m165,Axygen 384,F11,75,Actual concentration: 0.07
384_source_c1,384PP_AQ_BP,H10,m165,Axygen 384,F13,75,Actual concentration: 0.07
384_source_c1,384PP_AQ_BP,H10,m165,Axygen 384,F15,75,Actual concentration: 0.07
384_source_c1,384PP_AQ_BP,H10,m165,Axygen 384,F17,325,Actual concentration: 0.29
384_source_c1,384PP_AQ_BP,H10,m165,Axygen 384,F19,75,Actual concentration: 0.07
384_source_c1,384PP_AQ_BP,H10,m165,Axygen 384,F21,325,Actual concentration: 0.29
384_source_c1,384PP_AQ_BP,H10,m165,Axygen 384,F23,325,Actual concentration: 0.29
384_source_c1,384PP_AQ_BP,H10,m165,Axygen 384,H1,75,Actual concentration: 0.07
384_source_c1,384PP_AQ_BP,H10,m165,Axygen 384,H3,325,Actual concentration: 0.29
384_source_c1,384PP_AQ_BP,H10,m165,Axygen 384,H5,75,Actual concentration: 0.07
384_source_c1,384PP_AQ_BP,H10,m165,Axygen 384,H7,75,Actual concentration: 0.07
384_source_c1,384PP_AQ_BP,H10,m165,Axygen 384,H9,325,Actual concentration: 0.29
384_source_c1,384PP_AQ_BP,H10,m165,Axygen 384,H11,325,Actual concentration: 0.29
384_source_c1,384PP_AQ_BP,H10,m165,Axygen 384,H13,75,Actual concentration: 0.07
384_source_c1,384PP_AQ_BP,H10,m165,Axygen 384,H15,75,Actual concentration: 0.07
384_source_c1,384PP_AQ_BP,H10,m165,Axygen 384,H17,325,Actual concentration: 0.29
384_source_c1,384PP_AQ_BP,H10,m165,Axygen 384,H19,325,Actual concentration: 0.29
384_source_c1,384PP_AQ_BP,H10,m165,Axygen 384,H21,75,Actual concentration: 0.07
384_source_c1,384PP_AQ_BP,H10,m165,Axygen 384,H23,75,Actual concentration: 0.07
384_source_c1,384PP_AQ_BP,H10,m165,Axygen 384,J1,75,Actual concentration: 0.07
384_source_c1,384PP_AQ_BP,H10,m165,Axygen 384,J3,75,Actual concentration: 0.07
384_source_c1,384PP_AQ_BP,H10,m165,Axygen 384,J5,75,Actual concentration: 0.07
384_source_c1,384PP_AQ_BP,H10,m165,Axygen 384,J7,325,Actual concentration: 0.29
384_source_c1,384PP_AQ_BP,H10,m165,Axygen 384,J9,325,Actual concentration: 0.29
384_source_c1,384PP_AQ_BP,H10,m165,Axygen 384,J11,75,Actual concentration: 0.07
384_source_c1,384PP_AQ_BP,H10,m165,Axygen 384,J15,75,Actual concentration: 0.07
384_source_c1,384PP_AQ_BP,H10,m165,Axygen 384,J17,75,Actual concentration: 0.07
384_source_c1,384PP_AQ_BP,H10,m165,Axygen 384,J19,75,Actual concentration: 0.07
384_source_c1,384PP_AQ_BP,H10,m165,Axygen 384,J21,75,Actual concentration: 0.07
384_source_c1,384PP_AQ_BP,H10,m165,Axygen 384,J23,325,Actual concentration: 0.29
384_source_c1,384PP_AQ_BP,H10,m165,Axygen 384,L1,75,Actual concentration: 0.07
384_source_c1,384PP_AQ_BP,H10,m165,Axygen 384,L3,325,Actual concentration: 0.29
384_source_c1,384PP_AQ_BP,H10,m165,Axygen 384,L5,75,Actual concentration: 0.07
384_source_c1,384PP_AQ_BP,H10,m165,Axygen 384,L7,75,Actual concentration: 0.07
384_source_c1,384PP_AQ_BP,H10,m165,Axygen 384,L9,325,Actual concentration: 0.29
384_source_c1,384PP_AQ_BP,H10,m165,Axygen 384,L11,325,Actual concentration: 0.29
384_source_c1,384PP_AQ_BP,H10,m165,Axygen 384,L13,75,Actual concentration: 0.07
384_source_c1,384PP_AQ_BP,H10,m165,Axygen 384,L15,75,Actual concentration: 0.07
384_source_c1,384PP_AQ_BP,H10,m165,Axygen 384,L17,325,Actual concentration: 0.29
384_source_c1,384PP_AQ_BP,H10,m165,Axygen 384,L19,75,Actual concentration: 0.07
384_source_c1,384PP_AQ_BP,H10,m165,Axygen 384,L21,325,Actual concentration: 0.29
384_source_c1,384PP_AQ_BP,H10,m165,Axygen 384,L23,325,Actual concentration: 0.29
384_source_c1,384PP_AQ_BP,H10,m165,Axygen 384,N1,25,Actual concentration: 0.02
384_source_c1,384PP_AQ_BP,H12,m165,Axygen 384,N1,300,Actual concentration: 0.26
384_source_c1,384PP_AQ_BP,H12,m165,Axygen 384,N3,75,Actual concentration: 0.07
384_source_c1,384PP_AQ_BP,H12,m165,Axygen 384,N5,325,Actual concentration: 0.29
384_source_c1,384PP_AQ_BP,H12,m165,Axygen 384,N7,325,Actual concentration: 0.29
384_source_c1,384PP_AQ_BP,H12,m165,Axygen 384,N9,75,Actual concentration: 0.07
384_source_c1,384PP_AQ_BP,H12,m165,Axygen 384,N11,325,Actual concentration: 0.29
384_source_c1,384PP_AQ_BP,H12,m165,Axygen 384,N13,75,Actual concentration: 0.07
384_source_c1,384PP_AQ_BP,H12,m165,Axygen 384,N15,75,Actual concentration: 0.07
384_source_c1,384PP_AQ_BP,H12,m165,Axygen 384,N17,75,Actual concentration: 0.07
384_source_c1,384PP_AQ_BP,H12,m165,Axygen 384,N19,325,Actual concentration: 0.29
384_source_c1,384PP_AQ_BP,H12,m165,Axygen 384,N21,325,Actual concentration: 0.29
384_source_c1,384PP_AQ_BP,H12,m165,Axygen 384,N23,325,Actual concentration: 0.29
384_source_c1,384PP_AQ_BP,H12,m165,Axygen 384,P1,325,Actual concentration: 0.29
384_source_c1,384PP_AQ_BP,H12,m165,Axygen 384,P3,325,Actual concentration: 0.29
384_source_c1,384PP_AQ_BP,H12,m165,Axygen 384,P5,75,Actual concentration: 0.07
384_source_c1,384PP_AQ_BP,H12,m165,Axygen 384,P7,325,Actual concentration: 0.29
384_source_c1,384PP_AQ_BP,H12,m165,Axygen 384,P9,75,Actual concentration: 0.07
384_source_c1,384PP_AQ_BP,H12,m165,Axygen 384,P11,75,Actual concentration: 0.07
384_source_c1,384PP_AQ_BP,H12,m165,Axygen 384,P13,75,Actual concentration: 0.07
384_source_c1,384PP_AQ_BP,H12,m165,Axygen 384,P15,325,Actual concentration: 0.29
384_source_c1,384PP_AQ_BP,H12,m165,Axygen 384,P17,325,Actual concentration: 0.29
384_source_c1,384PP_AQ_BP,H12,m165,Axygen 384,P19,325,Actual concentration: 0.29
384_source_c1,384PP_AQ_BP,H12,m165,Axygen 384,P21,75,Actual concentration: 0.07
384_source_c1,384PP_AQ_BP,H12,m165,Axygen 384,P23,325,Actual concentration: 0.29
384_source_c1,384PP_AQ_BP,H12,m165,Axygen 384,B2,75,Actual concentration: 0.07
384_source_c1,384PP_AQ_BP,H12,m165,Axygen 384,B4,75,Actual concentration: 0.07
384_source_c1,384PP_AQ_BP,H12,m165,Axygen 384,B6,75,Actual concentration: 0.07
384_source_c1,384PP_AQ_BP,H12,m165,Axygen 384,B8,325,Actual concentration: 0.29
384_source_c1,384PP_AQ_BP,H12,m165,Axygen 384,B10,325,Actual concentration: 0.29
384_source_c1,384PP_AQ_BP,H12,m165,Axygen 384,B12,75,Actual concentration: 0.07
384_source_c1,384PP_AQ_BP,H12,m165,Axygen 384,B14,75,Actual concentration: 0.07
384_source_c1,384PP_AQ_BP,H12,m165,Axygen 384,B16,75,Actual concentration: 0.07
384_source_c1,384PP_AQ_BP,H12,m165,Axygen 384,B18,75,Actual concentration: 0.07
384_source_c1,384PP_AQ_BP,H12,m165,Axygen 384,B20,325,Actual concentration: 0.29
384_source_c1,384PP_AQ_BP,H12,m165,Axygen 384,B22,75,Actual concentration: 0.07
384_source_c1,384PP_AQ_BP,H12,m165,Axygen 384,B24,325,Actual concentration: 0.29
384_source_c1,384PP_AQ_BP,H12,m165,Axygen 384,D2,75,Actual concentration: 0.07
384_source_c1,384PP_AQ_BP,H12,m165,Axygen 384,D4,325,Actual concentration: 0.29
384_source_c1,384PP_AQ_BP,H12,m165,Axygen 384,D6,75,Actual concentration: 0.07
384_source_c1,384PP_AQ_BP,H12,m165,Axygen 384,D8,325,Actual concentration: 0.29
384_source_c1,384PP_AQ_BP,H12,m165,Axygen 384,D10,325,Actual concentration: 0.29
384_source_c1,384PP_AQ_BP,H12,m165,Axygen 384,D12,75,Actual concentration: 0.07
384_source_c1,384PP_AQ_BP,H12,m165,Axygen 384,D14,325,Actual concentration: 0.29
384_source_c1,384PP_AQ_BP,H12,m165,Axygen 384,D16,325,Actual concentration: 0.29
384_source_c1,384PP_AQ_BP,H12,m165,Axygen 384,D18,625,Actual concentration: 0.55
384_source_c1,384PP_AQ_BP,H12,m165,Axygen 384,D20,325,Actual concentration: 0.29
384_source_c1,384PP_AQ_BP,H12,m165,Axygen 384,D22,25,Actual concentration: 0.02
384_source_c1,384PP_AQ_BP,H14,m165,Axygen 384,D22,50,Actual concentration: 0.04
384_source_c1,384PP_AQ_BP,H14,m165,Axygen 384,D24,325,Actual concentration: 0.29
384_source_c1,384PP_AQ_BP,H14,m165,Axygen 384,F2,75,Actual concentration: 0.07
384_source_c1,384PP_AQ_BP,H14,m165,Axygen 384,F4,325,Actual concentration: 0.29
384_source_c1,384PP_AQ_BP,H14,m165,Axygen 384,F8,325,Actual concentration: 0.29
384_source_c1,384PP_AQ_BP,H14,m165,Axygen 384,F10,75,Actual concentration: 0.07
384_source_c1,384PP_AQ_BP,H14,m165,Axygen 384,F12,325,Actual concentration: 0.29
384_source_c1,384PP_AQ_BP,H14,m165,Axygen 384,F14,75,Actual concentration: 0.07
384_source_c1,384PP_AQ_BP,H14,m165,Axygen 384,F16,75,Actual concentration: 0.07
384_source_c1,384PP_AQ_BP,H14,m165,Axygen 384,F18,325,Actual concentration: 0.29
384_source_c1,384PP_AQ_BP,H14,m165,Axygen 384,F20,325,Actual concentration: 0.29
384_source_c1,384PP_AQ_BP,H14,m165,Axygen 384,F22,75,Actual concentration: 0.07
384_source_c1,384PP_AQ_BP,H14,m165,Axygen 384,F24,325,Actual concentration: 0.29
384_source_c1,384PP_AQ_BP,H14,m165,Axygen 384,H2,75,Actual concentration: 0.07
384_source_c1,384PP_AQ_BP,H14,m165,Axygen 384,H4,325,Actual concentration: 0.29
384_source_c1,384PP_AQ_BP,H14,m165,Axygen 384,H6,75,Actual concentration: 0.07
384_source_c1,384PP_AQ_BP,H14,m165,Axygen 384,H8,75,Actual concentration: 0.07
384_source_c1,384PP_AQ_BP,H14,m165,Axygen 384,H10,75,Actual concentration: 0.07
384_source_c1,384PP_AQ_BP,H14,m165,Axygen 384,H12,75,Actual concentration: 0.07
384_source_c1,384PP_AQ_BP,H14,m165,Axygen 384,H14,75,Actual concentration: 0.07
384_source_c1,384PP_AQ_BP,H14,m165,Axygen 384,H16,325,Actual concentration: 0.29
384_source_c1,384PP_AQ_BP,H14,m165,Axygen 384,H18,325,Actual concentration: 0.29
384_source_c1,384PP_AQ_BP,H14,m165,Axygen 384,H20,75,Actual concentration: 0.07
384_source_c1,384PP_AQ_BP,H14,m165,Axygen 384,H22,75,Actual concentration: 0.07
384_source_c1,384PP_AQ_BP,H14,m165,Axygen 384,H24,75,Actual concentration: 0.07
384_source_c1,384PP_AQ_BP,H14,m165,Axygen 384,J2,325,Actual concentration: 0.29
384_source_c1,384PP_AQ_BP,H14,m165,Axygen 384,J4,325,Actual concentration: 0.29
384_source_c1,384PP_AQ_BP,H14,m165,Axygen 384,J6,75,Actual concentration: 0.07
384_source_c1,384PP_AQ_BP,H14,m165,Axygen 384,J8,75,Actual concentration: 0.07
384_source_c1,384PP_AQ_BP,H14,m165,Axygen 384,J10,75,Actual concentration: 0.07
384_source_c1,384PP_AQ_BP,H14,m165,Axygen 384,J12,75,Actual concentration: 0.07
384_source_c1,384PP_AQ_BP,H14,m165,Axygen 384,J14,75,Actual concentration: 0.07
384_source_c1,384PP_AQ_BP,H14,m165,Axygen 384,J16,75,Actual concentration: 0.07
384_source_c1,384PP_AQ_BP,H14,m165,Axygen 384,J18,75,Actual concentration: 0.07
384_source_c1,384PP_AQ_BP,H14,m165,Axygen 384,J20,325,Actual concentration: 0.29
384_source_c1,384PP_AQ_BP,H14,m165,Axygen 384,J22,75,Actual concentration: 0.07
384_source_c1,384PP_AQ_BP,H14,m165,Axygen 384,J24,325,Actual concentration: 0.29
384_source_c1,384PP_AQ_BP,H14,m165,Axygen 384,L2,75,Actual concentration: 0.07
384_source_c1,384PP_AQ_BP,H14,m165,Axygen 384,L4,325,Actual concentration: 0.29
384_source_c1,384PP_AQ_BP,H14,m165,Axygen 384,L6,75,Actual concentration: 0.07
384_source_c1,384PP_AQ_BP,H14,m165,Axygen 384,L8,325,Actual concentration: 0.29
384_source_c1,384PP_AQ_BP,H14,m165,Axygen 384,L10,75,Actual concentration: 0.07
384_source_c1,384PP_AQ_BP,H14,m165,Axygen 384,L12,75,Actual concentration: 0.07
384_source_c1,384PP_AQ_BP,H14,m165,Axygen 384,L14,75,Actual concentration: 0.07
384_source_c1,384PP_AQ_BP,H14,m165,Axygen 384,L16,75,Actual concentration: 0.07
384_source_c1,384PP_AQ_BP,H14,m165,Axygen 384,L18,325,Actual concentration: 0.29
384_source_c1,384PP_AQ_BP,H14,m165,Axygen 384,L20,325,Actual concentration: 0.29
384_source_c1,384PP_AQ_BP,H14,m165,Axygen 384,L22,75,Actual concentration: 0.07
384_source_c1,384PP_AQ_BP,H14,m165,Axygen 384,L24,75,Actual concentration: 0.07
384_source_c1,384PP_AQ_BP,H14,m165,Axygen 384,N2,75,Actual concentration: 0.07
384_source_c1,384PP_AQ_BP,H14,m165,Axygen 384,N4,325,Actual concentration: 0.29
384_source_c1,384PP_AQ_BP,H14,m165,Axygen 384,N6,325,Actual concentration: 0.29
384_source_c1,384PP_AQ_BP,H14,m165,Axygen 384,N8,75,Actual concentration: 0.07
384_source_c1,384PP_AQ_BP,H14,m165,Axygen 384,N10,75,Actual concentration: 0.07
384_source_c1,384PP_AQ_BP,H14,m165,Axygen 384,N12,325,Actual concentration: 0.29
384_source_c1,384PP_AQ_BP,H14,m165,Axygen 384,N14,325,Actual concentration: 0.29
384_source_c1,384PP_AQ_BP,H14,m165,Axygen 384,N16,325,Actual concentration: 0.29
384_source_c1,384PP_AQ_BP,H16,m165,Axygen 384,N18,325,Actual concentration: 0.29
384_source_c1,384PP_AQ_BP,H16,m165,Axygen 384,N20,75,Actual concentration: 0.07
384_source_c1,384PP_AQ_BP,H16,m165,Axygen 384,N22,325,Actual concentration: 0.29
384_source_c1,384PP_AQ_BP,H16,m165,Axygen 384,N24,75,Actual concentration: 0.07
384_source_c1,384PP_AQ_BP,H16,m165,Axygen 384,P2,325,Actual concentration: 0.29
384_source_c1,384PP_AQ_BP,H16,m165,Axygen 384,P4,75,Actual concentration: 0.07
384_source_c1,384PP_AQ_BP,H16,m165,Axygen 384,P6,325,Actual concentration: 0.29
384_source_c1,384PP_AQ_BP,H16,m165,Axygen 384,P8,75,Actual concentration: 0.07
384_source_c1,384PP_AQ_BP,H16,m165,Axygen 384,P10,325,Actual concentration: 0.29
384_source_c1,384PP_AQ_BP,H16,m165,Axygen 384,P12,75,Actual concentration: 0.07
384_source_c1,384PP_AQ_BP,H16,m165,Axygen 384,P14,325,Actual concentration: 0.29
384_source_c1,384PP_AQ_BP,H16,m165,Axygen 384,P16,75,Actual concentration: 0.07
384_source_c1,384PP_AQ_BP,H16,m165,Axygen 384,P18,325,Actual concentration: 0.29
384_source_c1,384PP_AQ_BP,H16,m165,Axygen 384,P20,325,Actual concentration: 0.29
384_source_c1,384PP_AQ_BP,H16,m165,Axygen 384,P22,325,Actual concentration: 0.29
384_source_c1,384PP_AQ_BP,H16,m165,Axygen 384,P24,325,Actual concentration: 0.29
384_source_c1,384PP_AQ_BP,J2,m166,Axygen 384,A1,75,Actual concentration: 0.07
384_source_c1,384PP_AQ_BP,J2,m166,Axygen 384,A3,75,Actual concentration: 0.07
384_source_c1,384PP_AQ_BP,J2,m166,Axygen 384,A5,75,Actual concentration: 0.07
384_source_c1,384PP_AQ_BP,J2,m166,Axygen 384,A7,300,Actual concentration: 0.28
384_source_c1,384PP_AQ_BP,J2,m166,Axygen 384,A9,75,Actual concentration: 0.07
384_source_c1,384PP_AQ_BP,J2,m166,Axygen 384,A11,75,Actual concentration: 0.07
384_source_c1,384PP_AQ_BP,J2,m166,Axygen 384,A13,75,Actual concentration: 0.07
384_source_c1,384PP_AQ_BP,J2,m166,Axygen 384,A15,75,Actual concentration: 0.07
384_source_c1,384PP_AQ_BP,J2,m166,Axygen 384,A17,75,Actual concentration: 0.07
384_source_c1,384PP_AQ_BP,J2,m166,Axygen 384,A19,75,Actual concentration: 0.07
384_source_c1,384PP_AQ_BP,J2,m166,Axygen 384,A21,300,Actual concentration: 0.28
384_source_c1,384PP_AQ_BP,J2,m166,Axygen 384,A23,75,Actual concentration: 0.07
384_source_c1,384PP_AQ_BP,J2,m166,Axygen 384,C1,75,Actual concentration: 0.07
384_source_c1,384PP_AQ_BP,J2,m166,Axygen 384,C3,75,Actual concentration: 0.07
384_source_c1,384PP_AQ_BP,J2,m166,Axygen 384,C5,75,Actual concentration: 0.07
384_source_c1,384PP_AQ_BP,J2,m166,Axygen 384,C7,300,Actual concentration: 0.28
384_source_c1,384PP_AQ_BP,J2,m166,Axygen 384,C9,300,Actual concentration: 0.28
384_source_c1,384PP_AQ_BP,J2,m166,Axygen 384,C11,75,Actual concentration: 0.07
384_source_c1,384PP_AQ_BP,J2,m166,Axygen 384,C13,75,Actual concentration: 0.07
384_source_c1,384PP_AQ_BP,J2,m166,Axygen 384,C15,75,Actual concentration: 0.07
384_source_c1,384PP_AQ_BP,J2,m166,Axygen 384,C17,300,Actual concentration: 0.28
384_source_c1,384PP_AQ_BP,J2,m166,Axygen 384,C19,75,Actual concentration: 0.07
384_source_c1,384PP_AQ_BP,J2,m166,Axygen 384,C21,75,Actual concentration: 0.07
384_source_c1,384PP_AQ_BP,J2,m166,Axygen 384,C23,75,Actual concentration: 0.07
384_source_c1,384PP_AQ_BP,J2,m166,Axygen 384,E1,300,Actual concentration: 0.28
384_source_c1,384PP_AQ_BP,J2,m166,Axygen 384,E3,300,Actual concentration: 0.28
384_source_c1,384PP_AQ_BP,J2,m166,Axygen 384,E5,300,Actual concentration: 0.28
384_source_c1,384PP_AQ_BP,J2,m166,Axygen 384,E7,75,Actual concentration: 0.07
384_source_c1,384PP_AQ_BP,J2,m166,Axygen 384,E9,75,Actual concentration: 0.07
384_source_c1,384PP_AQ_BP,J2,m166,Axygen 384,E11,75,Actual concentration: 0.07
384_source_c1,384PP_AQ_BP,J2,m166,Axygen 384,E13,75,Actual concentration: 0.07
384_source_c1,384PP_AQ_BP,J2,m166,Axygen 384,E15,300,Actual concentration: 0.28
384_source_c1,384PP_AQ_BP,J2,m166,Axygen 384,E17,75,Actual concentration: 0.07
384_source_c1,384PP_AQ_BP,J2,m166,Axygen 384,E19,75,Actual concentration: 0.07
384_source_c1,384PP_AQ_BP,J2,m166,Axygen 384,E21,75,Actual concentration: 0.07
384_source_c1,384PP_AQ_BP,J2,m166,Axygen 384,E23,300,Actual concentration: 0.28
384_source_c1,384PP_AQ_BP,J2,m166,Axygen 384,G1,75,Actual concentration: 0.07
384_source_c1,384PP_AQ_BP,J2,m166,Axygen 384,G3,75,Actual concentration: 0.07
384_source_c1,384PP_AQ_BP,J2,m166,Axygen 384,G5,75,Actual concentration: 0.07
384_source_c1,384PP_AQ_BP,J2,m166,Axygen 384,G7,75,Actual concentration: 0.07
384_source_c1,384PP_AQ_BP,J2,m166,Axygen 384,G9,300,Actual concentration: 0.28
384_source_c1,384PP_AQ_BP,J2,m166,Axygen 384,G11,300,Actual concentration: 0.28
384_source_c1,384PP_AQ_BP,J2,m166,Axygen 384,G13,300,Actual concentration: 0.28
384_source_c1,384PP_AQ_BP,J2,m166,Axygen 384,G15,75,Actual concentration: 0.07
384_source_c1,384PP_AQ_BP,J2,m166,Axygen 384,G17,75,Actual concentration: 0.07
384_source_c1,384PP_AQ_BP,J2,m166,Axygen 384,G19,300,Actual concentration: 0.28
384_source_c1,384PP_AQ_BP,J2,m166,Axygen 384,G21,75,Actual concentration: 0.07
384_source_c1,384PP_AQ_BP,J2,m166,Axygen 384,G23,300,Actual concentration: 0.28
384_source_c1,384PP_AQ_BP,J2,m166,Axygen 384,I1,75,Actual concentration: 0.07
384_source_c1,384PP_AQ_BP,J2,m166,Axygen 384,I3,75,Actual concentration: 0.07
384_source_c1,384PP_AQ_BP,J2,m166,Axygen 384,I5,75,Actual concentration: 0.07
384_source_c1,384PP_AQ_BP,J2,m166,Axygen 384,I7,300,Actual concentration: 0.28
384_source_c1,384PP_AQ_BP,J2,m166,Axygen 384,I9,300,Actual concentration: 0.28
384_source_c1,384PP_AQ_BP,J2,m166,Axygen 384,I11,300,Actual concentration: 0.28
384_source_c1,384PP_AQ_BP,J2,m166,Axygen 384,I13,75,Actual concentration: 0.07
384_source_c1,384PP_AQ_BP,J2,m166,Axygen 384,I15,75,Actual concentration: 0.07
384_source_c1,384PP_AQ_BP,J2,m166,Axygen 384,I17,75,Actual concentration: 0.07
384_source_c1,384PP_AQ_BP,J2,m166,Axygen 384,I19,300,Actual concentration: 0.28
384_source_c1,384PP_AQ_BP,J2,m166,Axygen 384,I21,300,Actual concentration: 0.28
384_source_c1,384PP_AQ_BP,J2,m166,Axygen 384,I23,300,Actual concentration: 0.28
384_source_c1,384PP_AQ_BP,J2,m166,Axygen 384,K1,75,Actual concentration: 0.07
384_source_c1,384PP_AQ_BP,J2,m166,Axygen 384,K3,75,Actual concentration: 0.07
384_source_c1,384PP_AQ_BP,J2,m166,Axygen 384,K5,75,Actual concentration: 0.07
384_source_c1,384PP_AQ_BP,J2,m166,Axygen 384,K7,300,Actual concentration: 0.28
384_source_c1,384PP_AQ_BP,J2,m166,Axygen 384,K9,250,Actual concentration: 0.24
384_source_c1,384PP_AQ_BP,J4,m166,Axygen 384,K9,50,Actual concentration: 0.05
384_source_c1,384PP_AQ_BP,J4,m166,Axygen 384,K11,300,Actual concentration: 0.28
384_source_c1,384PP_AQ_BP,J4,m166,Axygen 384,K13,75,Actual concentration: 0.07
384_source_c1,384PP_AQ_BP,J4,m166,Axygen 384,K15,75,Actual concentration: 0.07
384_source_c1,384PP_AQ_BP,J4,m166,Axygen 384,K17,300,Actual concentration: 0.28
384_source_c1,384PP_AQ_BP,J4,m166,Axygen 384,K19,300,Actual concentration: 0.28
384_source_c1,384PP_AQ_BP,J4,m166,Axygen 384,K21,300,Actual concentration: 0.28
384_source_c1,384PP_AQ_BP,J4,m166,Axygen 384,M1,300,Actual concentration: 0.28
384_source_c1,384PP_AQ_BP,J4,m166,Axygen 384,M3,300,Actual concentration: 0.28
384_source_c1,384PP_AQ_BP,J4,m166,Axygen 384,M5,300,Actual concentration: 0.28
384_source_c1,384PP_AQ_BP,J4,m166,Axygen 384,M7,300,Actual concentration: 0.28
384_source_c1,384PP_AQ_BP,J4,m166,Axygen 384,M9,575,Actual concentration: 0.55
384_source_c1,384PP_AQ_BP,J4,m166,Axygen 384,M11,75,Actual concentration: 0.07
384_source_c1,384PP_AQ_BP,J4,m166,Axygen 384,M13,75,Actual concentration: 0.07
384_source_c1,384PP_AQ_BP,J4,m166,Axygen 384,M15,75,Actual concentration: 0.07
384_source_c1,384PP_AQ_BP,J4,m166,Axygen 384,M17,300,Actual concentration: 0.28
384_source_c1,384PP_AQ_BP,J4,m166,Axygen 384,M19,75,Actual concentration: 0.07
384_source_c1,384PP_AQ_BP,J4,m166,Axygen 384,M21,75,Actual concentration: 0.07
384_source_c1,384PP_AQ_BP,J4,m166,Axygen 384,M23,300,Actual concentration: 0.28
384_source_c1,384PP_AQ_BP,J4,m166,Axygen 384,O1,300,Actual concentration: 0.28
384_source_c1,384PP_AQ_BP,J4,m166,Axygen 384,O3,300,Actual concentration: 0.28
384_source_c1,384PP_AQ_BP,J4,m166,Axygen 384,O5,75,Actual concentration: 0.07
384_source_c1,384PP_AQ_BP,J4,m166,Axygen 384,O7,300,Actual concentration: 0.28
384_source_c1,384PP_AQ_BP,J4,m166,Axygen 384,O9,300,Actual concentration: 0.28
384_source_c1,384PP_AQ_BP,J4,m166,Axygen 384,O11,300,Actual concentration: 0.28
384_source_c1,384PP_AQ_BP,J4,m166,Axygen 384,O13,300,Actual concentration: 0.28
384_source_c1,384PP_AQ_BP,J4,m166,Axygen 384,O15,300,Actual concentration: 0.28
384_source_c1,384PP_AQ_BP,J4,m166,Axygen 384,O17,75,Actual concentration: 0.07
384_source_c1,384PP_AQ_BP,J4,m166,Axygen 384,O19,300,Actual concentration: 0.28
384_source_c1,384PP_AQ_BP,J4,m166,Axygen 384,O21,300,Actual concentration: 0.28
384_source_c1,384PP_AQ_BP,J4,m166,Axygen 384,O23,300,Actual concentration: 0.28
384_source_c1,384PP_AQ_BP,J4,m166,Axygen 384,A2,300,Actual concentration: 0.28
384_source_c1,384PP_AQ_BP,J4,m166,Axygen 384,A4,75,Actual concentration: 0.07
384_source_c1,384PP_AQ_BP,J4,m166,Axygen 384,A6,300,Actual concentration: 0.28
384_source_c1,384PP_AQ_BP,J4,m166,Axygen 384,A8,300,Actual concentration: 0.28
384_source_c1,384PP_AQ_BP,J4,m166,Axygen 384,A10,75,Actual concentration: 0.07
384_source_c1,384PP_AQ_BP,J4,m166,Axygen 384,A12,75,Actual concentration: 0.07
384_source_c1,384PP_AQ_BP,J4,m166,Axygen 384,A14,300,Actual concentration: 0.28
384_source_c1,384PP_AQ_BP,J4,m166,Axygen 384,A16,300,Actual concentration: 0.28
384_source_c1,384PP_AQ_BP,J4,m166,Axygen 384,A18,75,Actual concentration: 0.07
384_source_c1,384PP_AQ_BP,J4,m166,Axygen 384,A20,300,Actual concentration: 0.28
384_source_c1,384PP_AQ_BP,J4,m166,Axygen 384,A22,300,Actual concentration: 0.28
384_source_c1,384PP_AQ_BP,J4,m166,Axygen 384,A24,75,Actual concentration: 0.07
384_source_c1,384PP_AQ_BP,J4,m166,Axygen 384,C2,75,Actual concentration: 0.07
384_source_c1,384PP_AQ_BP,J4,m166,Axygen 384,C4,75,Actual concentration: 0.07
384_source_c1,384PP_AQ_BP,J4,m166,Axygen 384,C6,75,Actual concentration: 0.07
384_source_c1,384PP_AQ_BP,J6,m166,Axygen 384,C6,225,Actual concentration: 0.21
384_source_c1,384PP_AQ_BP,J6,m166,Axygen 384,C8,300,Actual concentration: 0.28
384_source_c1,384PP_AQ_BP,J6,m166,Axygen 384,C10,75,Actual concentration: 0.07
384_source_c1,384PP_AQ_BP,J6,m166,Axygen 384,C12,75,Actual concentration: 0.07
384_source_c1,384PP_AQ_BP,J6,m166,Axygen 384,C14,300,Actual concentration: 0.28
384_source_c1,384PP_AQ_BP,J6,m166,Axygen 384,C16,300,Actual concentration: 0.28
384_source_c1,384PP_AQ_BP,J6,m166,Axygen 384,C18,300,Actual concentration: 0.28
384_source_c1,384PP_AQ_BP,J6,m166,Axygen 384,C20,75,Actual concentration: 0.07
384_source_c1,384PP_AQ_BP,J6,m166,Axygen 384,C22,300,Actual concentration: 0.28
384_source_c1,384PP_AQ_BP,J6,m166,Axygen 384,C24,300,Actual concentration: 0.28
384_source_c1,384PP_AQ_BP,J6,m166,Axygen 384,E2,300,Actual concentration: 0.28
384_source_c1,384PP_AQ_BP,J6,m166,Axygen 384,E4,75,Actual concentration: 0.07
384_source_c1,384PP_AQ_BP,J6,m166,Axygen 384,E6,75,Actual concentration: 0.07
384_source_c1,384PP_AQ_BP,J6,m166,Axygen 384,E8,75,Actual concentration: 0.07
384_source_c1,384PP_AQ_BP,J6,m166,Axygen 384,E10,300,Actual concentration: 0.28
384_source_c1,384PP_AQ_BP,J6,m166,Axygen 384,E12,75,Actual concentration: 0.07
384_source_c1,384PP_AQ_BP,J6,m166,Axygen 384,E14,75,Actual concentration: 0.07
384_source_c1,384PP_AQ_BP,J6,m166,Axygen 384,E16,300,Actual concentration: 0.28
384_source_c1,384PP_AQ_BP,J6,m166,Axygen 384,E18,300,Actual concentration: 0.28
384_source_c1,384PP_AQ_BP,J6,m166,Axygen 384,E20,75,Actual concentration: 0.07
384_source_c1,384PP_AQ_BP,J6,m166,Axygen 384,E22,75,Actual concentration: 0.07
384_source_c1,384PP_AQ_BP,J6,m166,Axygen 384,E24,75,Actual concentration: 0.07
384_source_c1,384PP_AQ_BP,J6,m166,Axygen 384,G2,300,Actual concentration: 0.28
384_source_c1,384PP_AQ_BP,J6,m166,Axygen 384,G4,300,Actual concentration: 0.28
384_source_c1,384PP_AQ_BP,J6,m166,Axygen 384,G6,300,Actual concentration: 0.28
384_source_c1,384PP_AQ_BP,J6,m166,Axygen 384,G8,75,Actual concentration: 0.07
384_source_c1,384PP_AQ_BP,J6,m166,Axygen 384,G10,75,Actual concentration: 0.07
384_source_c1,384PP_AQ_BP,J6,m166,Axygen 384,G12,300,Actual concentration: 0.28
384_source_c1,384PP_AQ_BP,J6,m166,Axygen 384,G14,75,Actual concentration: 0.07
384_source_c1,384PP_AQ_BP,J6,m166,Axygen 384,G16,75,Actual concentration: 0.07
384_source_c1,384PP_AQ_BP,J6,m166,Axygen 384,G18,75,Actual concentration: 0.07
384_source_c1,384PP_AQ_BP,J6,m166,Axygen 384,G20,300,Actual concentration: 0.28
384_source_c1,384PP_AQ_BP,J6,m166,Axygen 384,G22,300,Actual concentration: 0.28
384_source_c1,384PP_AQ_BP,J6,m166,Axygen 384,G24,75,Actual concentration: 0.07
384_source_c1,384PP_AQ_BP,J6,m166,Axygen 384,I2,300,Actual concentration: 0.28
384_source_c1,384PP_AQ_BP,J6,m166,Axygen 384,I4,300,Actual concentration: 0.28
384_source_c1,384PP_AQ_BP,J6,m166,Axygen 384,I6,75,Actual concentration: 0.07
384_source_c1,384PP_AQ_BP,J6,m166,Axygen 384,I8,75,Actual concentration: 0.07
384_source_c1,384PP_AQ_BP,J6,m166,Axygen 384,I10,75,Actual concentration: 0.07
384_source_c1,384PP_AQ_BP,J6,m166,Axygen 384,I12,300,Actual concentration: 0.28
384_source_c1,384PP_AQ_BP,J6,m166,Axygen 384,I14,75,Actual concentration: 0.07
384_source_c1,384PP_AQ_BP,J6,m166,Axygen 384,I16,75,Actual concentration: 0.07
384_source_c1,384PP_AQ_BP,J6,m166,Axygen 384,I18,75,Actual concentration: 0.07
384_source_c1,384PP_AQ_BP,J6,m166,Axygen 384,I20,300,Actual concentration: 0.28
384_source_c1,384PP_AQ_BP,J6,m166,Axygen 384,I22,75,Actual concentration: 0.07
384_source_c1,384PP_AQ_BP,J6,m166,Axygen 384,I24,300,Actual concentration: 0.28
384_source_c1,384PP_AQ_BP,J6,m166,Axygen 384,K2,75,Actual concentration: 0.07
384_source_c1,384PP_AQ_BP,J6,m166,Axygen 384,K4,75,Actual concentration: 0.07
384_source_c1,384PP_AQ_BP,J6,m166,Axygen 384,K6,75,Actual concentration: 0.07
384_source_c1,384PP_AQ_BP,J6,m166,Axygen 384,K8,300,Actual concentration: 0.28
384_source_c1,384PP_AQ_BP,J6,m166,Axygen 384,K10,75,Actual concentration: 0.07
384_source_c1,384PP_AQ_BP,J6,m166,Axygen 384,K12,75,Actual concentration: 0.07
384_source_c1,384PP_AQ_BP,J6,m166,Axygen 384,K14,75,Actual concentration: 0.07
384_source_c1,384PP_AQ_BP,J6,m166,Axygen 384,K16,300,Actual concentration: 0.28
384_source_c1,384PP_AQ_BP,J6,m166,Axygen 384,K18,575,Actual concentration: 0.55
384_source_c1,384PP_AQ_BP,J6,m166,Axygen 384,K20,50,Actual concentration: 0.05
384_source_c1,384PP_AQ_BP,J8,m166,Axygen 384,K20,250,Actual concentration: 0.24
384_source_c1,384PP_AQ_BP,J8,m166,Axygen 384,K22,300,Actual concentration: 0.28
384_source_c1,384PP_AQ_BP,J8,m166,Axygen 384,K24,75,Actual concentration: 0.07
384_source_c1,384PP_AQ_BP,J8,m166,Axygen 384,M2,300,Actual concentration: 0.28
384_source_c1,384PP_AQ_BP,J8,m166,Axygen 384,M4,300,Actual concentration: 0.28
384_source_c1,384PP_AQ_BP,J8,m166,Axygen 384,M6,75,Actual concentration: 0.07
384_source_c1,384PP_AQ_BP,J8,m166,Axygen 384,M8,300,Actual concentration: 0.28
384_source_c1,384PP_AQ_BP,J8,m166,Axygen 384,M10,300,Actual concentration: 0.28
384_source_c1,384PP_AQ_BP,J8,m166,Axygen 384,M12,300,Actual concentration: 0.28
384_source_c1,384PP_AQ_BP,J8,m166,Axygen 384,M14,75,Actual concentration: 0.07
384_source_c1,384PP_AQ_BP,J8,m166,Axygen 384,M16,75,Actual concentration: 0.07
384_source_c1,384PP_AQ_BP,J8,m166,Axygen 384,M18,75,Actual concentration: 0.07
384_source_c1,384PP_AQ_BP,J8,m166,Axygen 384,M20,75,Actual concentration: 0.07
384_source_c1,384PP_AQ_BP,J8,m166,Axygen 384,M22,300,Actual concentration: 0.28
384_source_c1,384PP_AQ_BP,J8,m166,Axygen 384,M24,75,Actual concentration: 0.07
384_source_c1,384PP_AQ_BP,J8,m166,Axygen 384,O2,75,Actual concentration: 0.07
384_source_c1,384PP_AQ_BP,J8,m166,Axygen 384,O4,75,Actual concentration: 0.07
384_source_c1,384PP_AQ_BP,J8,m166,Axygen 384,O6,300,Actual concentration: 0.28
384_source_c1,384PP_AQ_BP,J8,m166,Axygen 384,O8,300,Actual concentration: 0.28
384_source_c1,384PP_AQ_BP,J8,m166,Axygen 384,O10,75,Actual concentration: 0.07
384_source_c1,384PP_AQ_BP,J8,m166,Axygen 384,O12,75,Actual concentration: 0.07
384_source_c1,384PP_AQ_BP,J8,m166,Axygen 384,O14,300,Actual concentration: 0.28
384_source_c1,384PP_AQ_BP,J8,m166,Axygen 384,O16,75,Actual concentration: 0.07
384_source_c1,384PP_AQ_BP,J8,m166,Axygen 384,O20,75,Actual concentration: 0.07
384_source_c1,384PP_AQ_BP,J8,m166,Axygen 384,O22,75,Actual concentration: 0.07
384_source_c1,384PP_AQ_BP,J8,m166,Axygen 384,O24,300,Actual concentration: 0.28
384_source_c1,384PP_AQ_BP,J8,m166,Axygen 384,B1,300,Actual concentration: 0.28
384_source_c1,384PP_AQ_BP,J8,m166,Axygen 384,B3,75,Actual concentration: 0.07
384_source_c1,384PP_AQ_BP,J8,m166,Axygen 384,B5,300,Actual concentration: 0.28
384_source_c1,384PP_AQ_BP,J8,m166,Axygen 384,B7,75,Actual concentration: 0.07
384_source_c1,384PP_AQ_BP,J8,m166,Axygen 384,B9,75,Actual concentration: 0.07
384_source_c1,384PP_AQ_BP,J8,m166,Axygen 384,B11,300,Actual concentration: 0.28
384_source_c1,384PP_AQ_BP,J8,m166,Axygen 384,B13,75,Actual concentration: 0.07
384_source_c1,384PP_AQ_BP,J8,m166,Axygen 384,B15,75,Actual concentration: 0.07
384_source_c1,384PP_AQ_BP,J8,m166,Axygen 384,B17,75,Actual concentration: 0.07
384_source_c1,384PP_AQ_BP,J8,m166,Axygen 384,B19,575,Actual concentration: 0.55
384_source_c1,384PP_AQ_BP,J8,m166,Axygen 384,B21,75,Actual concentration: 0.07
384_source_c1,384PP_AQ_BP,J8,m166,Axygen 384,B23,75,Actual concentration: 0.07
384_source_c1,384PP_AQ_BP,J8,m166,Axygen 384,D1,75,Actual concentration: 0.07
384_source_c1,384PP_AQ_BP,J8,m166,Axygen 384,D3,75,Actual concentration: 0.07
384_source_c1,384PP_AQ_BP,J8,m166,Axygen 384,D5,300,Actual concentration: 0.28
384_source_c1,384PP_AQ_BP,J8,m166,Axygen 384,D7,75,Actual concentration: 0.07
384_source_c1,384PP_AQ_BP,J8,m166,Axygen 384,D9,75,Actual concentration: 0.07
384_source_c1,384PP_AQ_BP,J8,m166,Axygen 384,D11,75,Actual concentration: 0.07
384_source_c1,384PP_AQ_BP,J8,m166,Axygen 384,D13,75,Actual concentration: 0.07
384_source_c1,384PP_AQ_BP,J8,m166,Axygen 384,D15,300,Actual concentration: 0.28
384_source_c1,384PP_AQ_BP,J8,m166,Axygen 384,D17,75,Actual concentration: 0.07
384_source_c1,384PP_AQ_BP,J8,m166,Axygen 384,D19,75,Actual concentration: 0.07
384_source_c1,384PP_AQ_BP,J8,m166,Axygen 384,D21,75,Actual concentration: 0.07
384_source_c1,384PP_AQ_BP,J8,m166,Axygen 384,D23,300,Actual concentration: 0.28
384_source_c1,384PP_AQ_BP,J8,m166,Axygen 384,F1,75,Actual concentration: 0.07
384_source_c1,384PP_AQ_BP,J8,m166,Axygen 384,F3,300,Actual concentration: 0.28
384_source_c1,384PP_AQ_BP,J8,m166,Axygen 384,F5,300,Actual concentration: 0.28
384_source_c1,384PP_AQ_BP,J8,m166,Axygen 384,F7,75,Actual concentration: 0.07
384_source_c1,384PP_AQ_BP,J8,m166,Axygen 384,F9,300,Actual concentration: 0.28
384_source_c1,384PP_AQ_BP,J8,m166,Axygen 384,F11,75,Actual concentration: 0.07
384_source_c1,384PP_AQ_BP,J8,m166,Axygen 384,F13,75,Actual concentration: 0.07
384_source_c1,384PP_AQ_BP,J8,m166,Axygen 384,F15,75,Actual concentration: 0.07
384_source_c1,384PP_AQ_BP,J8,m166,Axygen 384,F17,300,Actual concentration: 0.28
384_source_c1,384PP_AQ_BP,J8,m166,Axygen 384,F19,75,Actual concentration: 0.07
384_source_c1,384PP_AQ_BP,J8,m166,Axygen 384,F21,75,Actual concentration: 0.07
384_source_c1,384PP_AQ_BP,J8,m166,Axygen 384,F23,25,Actual concentration: 0.02
384_source_c1,384PP_AQ_BP,J10,m166,Axygen 384,F23,275,Actual concentration: 0.26
384_source_c1,384PP_AQ_BP,J10,m166,Axygen 384,H1,300,Actual concentration: 0.28
384_source_c1,384PP_AQ_BP,J10,m166,Axygen 384,H3,75,Actual concentration: 0.07
384_source_c1,384PP_AQ_BP,J10,m166,Axygen 384,H5,300,Actual concentration: 0.28
384_source_c1,384PP_AQ_BP,J10,m166,Axygen 384,H7,75,Actual concentration: 0.07
384_source_c1,384PP_AQ_BP,J10,m166,Axygen 384,H9,300,Actual concentration: 0.28
384_source_c1,384PP_AQ_BP,J10,m166,Axygen 384,H11,75,Actual concentration: 0.07
384_source_c1,384PP_AQ_BP,J10,m166,Axygen 384,H13,75,Actual concentration: 0.07
384_source_c1,384PP_AQ_BP,J10,m166,Axygen 384,H15,300,Actual concentration: 0.28
384_source_c1,384PP_AQ_BP,J10,m166,Axygen 384,H17,300,Actual concentration: 0.28
384_source_c1,384PP_AQ_BP,J10,m166,Axygen 384,H19,300,Actual concentration: 0.28
384_source_c1,384PP_AQ_BP,J10,m166,Axygen 384,H21,300,Actual concentration: 0.28
384_source_c1,384PP_AQ_BP,J10,m166,Axygen 384,H23,75,Actual concentration: 0.07
384_source_c1,384PP_AQ_BP,J10,m166,Axygen 384,J1,75,Actual concentration: 0.07
384_source_c1,384PP_AQ_BP,J10,m166,Axygen 384,J3,300,Actual concentration: 0.28
384_source_c1,384PP_AQ_BP,J10,m166,Axygen 384,J5,300,Actual concentration: 0.28
384_source_c1,384PP_AQ_BP,J10,m166,Axygen 384,J7,300,Actual concentration: 0.28
384_source_c1,384PP_AQ_BP,J10,m166,Axygen 384,J9,75,Actual concentration: 0.07
384_source_c1,384PP_AQ_BP,J10,m166,Axygen 384,J11,300,Actual concentration: 0.28
384_source_c1,384PP_AQ_BP,J10,m166,Axygen 384,J13,300,Actual concentration: 0.28
384_source_c1,384PP_AQ_BP,J10,m166,Axygen 384,J15,75,Actual concentration: 0.07
384_source_c1,384PP_AQ_BP,J10,m166,Axygen 384,J17,300,Actual concentration: 0.28
384_source_c1,384PP_AQ_BP,J10,m166,Axygen 384,J19,75,Actual concentration: 0.07
384_source_c1,384PP_AQ_BP,J10,m166,Axygen 384,J21,300,Actual concentration: 0.28
384_source_c1,384PP_AQ_BP,J10,m166,Axygen 384,L1,300,Actual concentration: 0.28
384_source_c1,384PP_AQ_BP,J10,m166,Axygen 384,L3,300,Actual concentration: 0.28
384_source_c1,384PP_AQ_BP,J10,m166,Axygen 384,L5,300,Actual concentration: 0.28
384_source_c1,384PP_AQ_BP,J10,m166,Axygen 384,L7,300,Actual concentration: 0.28
384_source_c1,384PP_AQ_BP,J10,m166,Axygen 384,L9,300,Actual concentration: 0.28
384_source_c1,384PP_AQ_BP,J10,m166,Axygen 384,L11,75,Actual concentration: 0.07
384_source_c1,384PP_AQ_BP,J10,m166,Axygen 384,L13,75,Actual concentration: 0.07
384_source_c1,384PP_AQ_BP,J10,m166,Axygen 384,L15,75,Actual concentration: 0.07
384_source_c1,384PP_AQ_BP,J10,m166,Axygen 384,L17,300,Actual concentration: 0.28
384_source_c1,384PP_AQ_BP,J10,m166,Axygen 384,L19,300,Actual concentration: 0.28
384_source_c1,384PP_AQ_BP,J10,m166,Axygen 384,L21,75,Actual concentration: 0.07
384_source_c1,384PP_AQ_BP,J10,m166,Axygen 384,L23,75,Actual concentration: 0.07
384_source_c1,384PP_AQ_BP,J10,m166,Axygen 384,N1,75,Actual concentration: 0.07
384_source_c1,384PP_AQ_BP,J10,m166,Axygen 384,N3,75,Actual concentration: 0.07
384_source_c1,384PP_AQ_BP,J10,m166,Axygen 384,N5,300,Actual concentration: 0.28
384_source_c1,384PP_AQ_BP,J10,m166,Axygen 384,N7,75,Actual concentration: 0.07
384_source_c1,384PP_AQ_BP,J10,m166,Axygen 384,N9,75,Actual concentration: 0.07
384_source_c1,384PP_AQ_BP,J10,m166,Axygen 384,N11,75,Actual concentration: 0.07
384_source_c1,384PP_AQ_BP,J10,m166,Axygen 384,N13,75,Actual concentration: 0.07
384_source_c1,384PP_AQ_BP,J10,m166,Axygen 384,N15,75,Actual concentration: 0.07
384_source_c1,384PP_AQ_BP,J10,m166,Axygen 384,N17,300,Actual concentration: 0.28
384_source_c1,384PP_AQ_BP,J10,m166,Axygen 384,N19,300,Actual concentration: 0.28
384_source_c1,384PP_AQ_BP,J10,m166,Axygen 384,N21,75,Actual concentration: 0.07
384_source_c1,384PP_AQ_BP,J10,m166,Axygen 384,N23,300,Actual concentration: 0.28
384_source_c1,384PP_AQ_BP,J10,m166,Axygen 384,P1,300,Actual concentration: 0.28
384_source_c1,384PP_AQ_BP,J10,m166,Axygen 384,P3,75,Actual concentration: 0.07
384_source_c1,384PP_AQ_BP,J10,m166,Axygen 384,P5,75,Actual concentration: 0.07
384_source_c1,384PP_AQ_BP,J10,m166,Axygen 384,P7,125,Actual concentration: 0.12
384_source_c1,384PP_AQ_BP,J12,m166,Axygen 384,P7,175,Actual concentration: 0.17
384_source_c1,384PP_AQ_BP,J12,m166,Axygen 384,P9,75,Actual concentration: 0.07
384_source_c1,384PP_AQ_BP,J12,m166,Axygen 384,P11,300,Actual concentration: 0.28
384_source_c1,384PP_AQ_BP,J12,m166,Axygen 384,P13,300,Actual concentration: 0.28
384_source_c1,384PP_AQ_BP,J12,m166,Axygen 384,P15,300,Actual concentration: 0.28
384_source_c1,384PP_AQ_BP,J12,m166,Axygen 384,P17,75,Actual concentration: 0.07
384_source_c1,384PP_AQ_BP,J12,m166,Axygen 384,P19,75,Actual concentration: 0.07
384_source_c1,384PP_AQ_BP,J12,m166,Axygen 384,P21,300,Actual concentration: 0.28
384_source_c1,384PP_AQ_BP,J12,m166,Axygen 384,P23,300,Actual concentration: 0.28
384_source_c1,384PP_AQ_BP,J12,m166,Axygen 384,B2,300,Actual concentration: 0.28
384_source_c1,384PP_AQ_BP,J12,m166,Axygen 384,B4,300,Actual concentration: 0.28
384_source_c1,384PP_AQ_BP,J12,m166,Axygen 384,B6,75,Actual concentration: 0.07
384_source_c1,384PP_AQ_BP,J12,m166,Axygen 384,B8,300,Actual concentration: 0.28
384_source_c1,384PP_AQ_BP,J12,m166,Axygen 384,B10,75,Actual concentration: 0.07
384_source_c1,384PP_AQ_BP,J12,m166,Axygen 384,B12,300,Actual concentration: 0.28
384_source_c1,384PP_AQ_BP,J12,m166,Axygen 384,B14,75,Actual concentration: 0.07
384_source_c1,384PP_AQ_BP,J12,m166,Axygen 384,B16,300,Actual concentration: 0.28
384_source_c1,384PP_AQ_BP,J12,m166,Axygen 384,B18,300,Actual concentration: 0.28
384_source_c1,384PP_AQ_BP,J12,m166,Axygen 384,B20,75,Actual concentration: 0.07
384_source_c1,384PP_AQ_BP,J12,m166,Axygen 384,B22,75,Actual concentration: 0.07
384_source_c1,384PP_AQ_BP,J12,m166,Axygen 384,B24,75,Actual concentration: 0.07
384_source_c1,384PP_AQ_BP,J12,m166,Axygen 384,D2,75,Actual concentration: 0.07
384_source_c1,384PP_AQ_BP,J12,m166,Axygen 384,D4,300,Actual concentration: 0.28
384_source_c1,384PP_AQ_BP,J12,m166,Axygen 384,D6,75,Actual concentration: 0.07
384_source_c1,384PP_AQ_BP,J12,m166,Axygen 384,D8,300,Actual concentration: 0.28
384_source_c1,384PP_AQ_BP,J12,m166,Axygen 384,D10,300,Actual concentration: 0.28
384_source_c1,384PP_AQ_BP,J12,m166,Axygen 384,D12,75,Actual concentration: 0.07
384_source_c1,384PP_AQ_BP,J12,m166,Axygen 384,D14,75,Actual concentration: 0.07
384_source_c1,384PP_AQ_BP,J12,m166,Axygen 384,D16,300,Actual concentration: 0.28
384_source_c1,384PP_AQ_BP,J12,m166,Axygen 384,D18,575,Actual concentration: 0.55
384_source_c1,384PP_AQ_BP,J12,m166,Axygen 384,D20,75,Actual concentration: 0.07
384_source_c1,384PP_AQ_BP,J12,m166,Axygen 384,D22,75,Actual concentration: 0.07
384_source_c1,384PP_AQ_BP,J12,m166,Axygen 384,D24,300,Actual concentration: 0.28
384_source_c1,384PP_AQ_BP,J12,m166,Axygen 384,F2,75,Actual concentration: 0.07
384_source_c1,384PP_AQ_BP,J12,m166,Axygen 384,F4,75,Actual concentration: 0.07
384_source_c1,384PP_AQ_BP,J12,m166,Axygen 384,F6,300,Actual concentration: 0.28
384_source_c1,384PP_AQ_BP,J12,m166,Axygen 384,F8,300,Actual concentration: 0.28
384_source_c1,384PP_AQ_BP,J12,m166,Axygen 384,F10,75,Actual concentration: 0.07
384_source_c1,384PP_AQ_BP,J12,m166,Axygen 384,F12,75,Actual concentration: 0.07
384_source_c1,384PP_AQ_BP,J12,m166,Axygen 384,F14,300,Actual concentration: 0.28
384_source_c1,384PP_AQ_BP,J12,m166,Axygen 384,F16,75,Actual concentration: 0.07
384_source_c1,384PP_AQ_BP,J12,m166,Axygen 384,F18,300,Actual concentration: 0.28
384_source_c1,384PP_AQ_BP,J12,m166,Axygen 384,F20,300,Actual concentration: 0.28
384_source_c1,384PP_AQ_BP,J12,m166,Axygen 384,F22,75,Actual concentration: 0.07
384_source_c1,384PP_AQ_BP,J12,m166,Axygen 384,F24,75,Actual concentration: 0.07
384_source_c1,384PP_AQ_BP,J12,m166,Axygen 384,H2,300,Actual concentration: 0.28
384_source_c1,384PP_AQ_BP,J12,m166,Axygen 384,H4,300,Actual concentration: 0.28
384_source_c1,384PP_AQ_BP,J12,m166,Axygen 384,H6,75,Actual concentration: 0.07
384_source_c1,384PP_AQ_BP,J12,m166,Axygen 384,H8,300,Actual concentration: 0.28
384_source_c1,384PP_AQ_BP,J12,m166,Axygen 384,H10,75,Actual concentration: 0.07
384_source_c1,384PP_AQ_BP,J12,m166,Axygen 384,H12,250,Actual concentration: 0.24
384_source_c1,384PP_AQ_BP,J14,m166,Axygen 384,H12,50,Actual concentration: 0.05
384_source_c1,384PP_AQ_BP,J14,m166,Axygen 384,H14,75,Actual concentration: 0.07
384_source_c1,384PP_AQ_BP,J14,m166,Axygen 384,H16,300,Actual concentration: 0.28
384_source_c1,384PP_AQ_BP,J14,m166,Axygen 384,H18,300,Actual concentration: 0.28
384_source_c1,384PP_AQ_BP,J14,m166,Axygen 384,H20,75,Actual concentration: 0.07
384_source_c1,384PP_AQ_BP,J14,m166,Axygen 384,H22,75,Actual concentration: 0.07
384_source_c1,384PP_AQ_BP,J14,m166,Axygen 384,H24,75,Actual concentration: 0.07
384_source_c1,384PP_AQ_BP,J14,m166,Axygen 384,J2,75,Actual concentration: 0.07
384_source_c1,384PP_AQ_BP,J14,m166,Axygen 384,J4,300,Actual concentration: 0.28
384_source_c1,384PP_AQ_BP,J14,m166,Axygen 384,J6,75,Actual concentration: 0.07
384_source_c1,384PP_AQ_BP,J14,m166,Axygen 384,J8,75,Actual concentration: 0.07
384_source_c1,384PP_AQ_BP,J14,m166,Axygen 384,J10,300,Actual concentration: 0.28
384_source_c1,384PP_AQ_BP,J14,m166,Axygen 384,J12,75,Actual concentration: 0.07
384_source_c1,384PP_AQ_BP,J14,m166,Axygen 384,J14,75,Actual concentration: 0.07
384_source_c1,384PP_AQ_BP,J14,m166,Axygen 384,J16,300,Actual concentration: 0.28
384_source_c1,384PP_AQ_BP,J14,m166,Axygen 384,J18,75,Actual concentration: 0.07
384_source_c1,384PP_AQ_BP,J14,m166,Axygen 384,J20,75,Actual concentration: 0.07
384_source_c1,384PP_AQ_BP,J14,m166,Axygen 384,J22,75,Actual concentration: 0.07
384_source_c1,384PP_AQ_BP,J14,m166,Axygen 384,J24,75,Actual concentration: 0.07
384_source_c1,384PP_AQ_BP,J14,m166,Axygen 384,L2,300,Actual concentration: 0.28
384_source_c1,384PP_AQ_BP,J14,m166,Axygen 384,L4,300,Actual concentration: 0.28
384_source_c1,384PP_AQ_BP,J14,m166,Axygen 384,L6,75,Actual concentration: 0.07
384_source_c1,384PP_AQ_BP,J14,m166,Axygen 384,L8,75,Actual concentration: 0.07
384_source_c1,384PP_AQ_BP,J14,m166,Axygen 384,L10,75,Actual concentration: 0.07
384_source_c1,384PP_AQ_BP,J14,m166,Axygen 384,L12,300,Actual concentration: 0.28
384_source_c1,384PP_AQ_BP,J14,m166,Axygen 384,L14,75,Actual concentration: 0.07
384_source_c1,384PP_AQ_BP,J14,m166,Axygen 384,L16,75,Actual concentration: 0.07
384_source_c1,384PP_AQ_BP,J14,m166,Axygen 384,L18,300,Actual concentration: 0.28
384_source_c1,384PP_AQ_BP,J14,m166,Axygen 384,L20,75,Actual concentration: 0.07
384_source_c1,384PP_AQ_BP,J14,m166,Axygen 384,L22,300,Actual concentration: 0.28
384_source_c1,384PP_AQ_BP,J14,m166,Axygen 384,L24,300,Actual concentration: 0.28
384_source_c1,384PP_AQ_BP,J14,m166,Axygen 384,N2,75,Actual concentration: 0.07
384_source_c1,384PP_AQ_BP,J14,m166,Axygen 384,N4,75,Actual concentration: 0.07
384_source_c1,384PP_AQ_BP,J14,m166,Axygen 384,N6,300,Actual concentration: 0.28
384_source_c1,384PP_AQ_BP,J14,m166,Axygen 384,N8,75,Actual concentration: 0.07
384_source_c1,384PP_AQ_BP,J14,m166,Axygen 384,N10,300,Actual concentration: 0.28
384_source_c1,384PP_AQ_BP,J14,m166,Axygen 384,N12,75,Actual concentration: 0.07
384_source_c1,384PP_AQ_BP,J14,m166,Axygen 384,N14,300,Actual concentration: 0.28
384_source_c1,384PP_AQ_BP,J14,m166,Axygen 384,N16,75,Actual concentration: 0.07
384_source_c1,384PP_AQ_BP,J14,m166,Axygen 384,N18,75,Actual concentration: 0.07
384_source_c1,384PP_AQ_BP,J14,m166,Axygen 384,N20,75,Actual concentration: 0.07
384_source_c1,384PP_AQ_BP,J14,m166,Axygen 384,N22,300,Actual concentration: 0.28
384_source_c1,384PP_AQ_BP,J14,m166,Axygen 384,N24,300,Actual concentration: 0.28
384_source_c1,384PP_AQ_BP,J14,m166,Axygen 384,P4,75,Actual concentration: 0.07
384_source_c1,384PP_AQ_BP,J14,m166,Axygen 384,P6,75,Actual concentration: 0.07
384_source_c1,384PP_AQ_BP,J14,m166,Axygen 384,P8,75,Actual concentration: 0.07
384_source_c1,384PP_AQ_BP,J14,m166,Axygen 384,P10,75,Actual concentration: 0.07
384_source_c1,384PP_AQ_BP,J14,m166,Axygen 384,P12,300,Actual concentration: 0.28
384_source_c1,384PP_AQ_BP,J14,m166,Axygen 384,P14,300,Actual concentration: 0.28
384_source_c1,384PP_AQ_BP,J14,m166,Axygen 384,P16,300,Actual concentration: 0.28
384_source_c1,384PP_AQ_BP,J14,m166,Axygen 384,P18,300,Actual concentration: 0.28
384_source_c1,384PP_AQ_BP,J14,m166,Axygen 384,P20,300,Actual concentration: 0.28
384_source_c1,384PP_AQ_BP,J14,m166,Axygen 384,P22,300,Actual concentration: 0.28
384_source_c1,384PP_AQ_BP,J14,m166,Axygen 384,P24,300,Actual concentration: 0.28
384_source_c1,384PP_AQ_BP,L2,m167,Axygen 384,A1,75,Actual concentration: 0.07
384_source_c1,384PP_AQ_BP,L2,m167,Axygen 384,A3,75,Actual concentration: 0.07
384_source_c1,384PP_AQ_BP,L2,m167,Axygen 384,A5,75,Actual concentration: 0.07
384_source_c1,384PP_AQ_BP,L2,m167,Axygen 384,A7,75,Actual concentration: 0.07
384_source_c1,384PP_AQ_BP,L2,m167,Axygen 384,A9,300,Actual concentration: 0.27
384_source_c1,384PP_AQ_BP,L2,m167,Axygen 384,A11,75,Actual concentration: 0.07
384_source_c1,384PP_AQ_BP,L2,m167,Axygen 384,A13,75,Actual concentration: 0.07
384_source_c1,384PP_AQ_BP,L2,m167,Axygen 384,A15,75,Actual concentration: 0.07
384_source_c1,384PP_AQ_BP,L2,m167,Axygen 384,A17,75,Actual concentration: 0.07
384_source_c1,384PP_AQ_BP,L2,m167,Axygen 384,A19,75,Actual concentration: 0.07
384_source_c1,384PP_AQ_BP,L2,m167,Axygen 384,A21,75,Actual concentration: 0.07
384_source_c1,384PP_AQ_BP,L2,m167,Axygen 384,A23,300,Actual concentration: 0.27
384_source_c1,384PP_AQ_BP,L2,m167,Axygen 384,C1,75,Actual concentration: 0.07
384_source_c1,384PP_AQ_BP,L2,m167,Axygen 384,C3,75,Actual concentration: 0.07
384_source_c1,384PP_AQ_BP,L2,m167,Axygen 384,C5,75,Actual concentration: 0.07
384_source_c1,384PP_AQ_BP,L2,m167,Axygen 384,C7,300,Actual concentration: 0.27
384_source_c1,384PP_AQ_BP,L2,m167,Axygen 384,C9,75,Actual concentration: 0.07
384_source_c1,384PP_AQ_BP,L2,m167,Axygen 384,C11,300,Actual concentration: 0.27
384_source_c1,384PP_AQ_BP,L2,m167,Axygen 384,C13,75,Actual concentration: 0.07
384_source_c1,384PP_AQ_BP,L2,m167,Axygen 384,C15,75,Actual concentration: 0.07
384_source_c1,384PP_AQ_BP,L2,m167,Axygen 384,C17,75,Actual concentration: 0.07
384_source_c1,384PP_AQ_BP,L2,m167,Axygen 384,C19,300,Actual concentration: 0.27
384_source_c1,384PP_AQ_BP,L2,m167,Axygen 384,C21,75,Actual concentration: 0.07
384_source_c1,384PP_AQ_BP,L2,m167,Axygen 384,C23,75,Actual concentration: 0.07
384_source_c1,384PP_AQ_BP,L2,m167,Axygen 384,E1,300,Actual concentration: 0.27
384_source_c1,384PP_AQ_BP,L2,m167,Axygen 384,E3,75,Actual concentration: 0.07
384_source_c1,384PP_AQ_BP,L2,m167,Axygen 384,E5,75,Actual concentration: 0.07
384_source_c1,384PP_AQ_BP,L2,m167,Axygen 384,E7,300,Actual concentration: 0.27
384_source_c1,384PP_AQ_BP,L2,m167,Axygen 384,E9,300,Actual concentration: 0.27
384_source_c1,384PP_AQ_BP,L2,m167,Axygen 384,E11,75,Actual concentration: 0.07
384_source_c1,384PP_AQ_BP,L2,m167,Axygen 384,E13,75,Actual concentration: 0.07
384_source_c1,384PP_AQ_BP,L2,m167,Axygen 384,E15,75,Actual concentration: 0.07
384_source_c1,384PP_AQ_BP,L2,m167,Axygen 384,E17,300,Actual concentration: 0.27
384_source_c1,384PP_AQ_BP,L2,m167,Axygen 384,E19,75,Actual concentration: 0.07
384_source_c1,384PP_AQ_BP,L2,m167,Axygen 384,E21,75,Actual concentration: 0.07
384_source_c1,384PP_AQ_BP,L2,m167,Axygen 384,E23,75,Actual concentration: 0.07
384_source_c1,384PP_AQ_BP,L2,m167,Axygen 384,G1,300,Actual concentration: 0.27
384_source_c1,384PP_AQ_BP,L2,m167,Axygen 384,G3,75,Actual concentration: 0.07
384_source_c1,384PP_AQ_BP,L2,m167,Axygen 384,G5,75,Actual concentration: 0.07
384_source_c1,384PP_AQ_BP,L2,m167,Axygen 384,G7,75,Actual concentration: 0.07
384_source_c1,384PP_AQ_BP,L2,m167,Axygen 384,G9,300,Actual concentration: 0.27
384_source_c1,384PP_AQ_BP,L2,m167,Axygen 384,G11,75,Actual concentration: 0.07
384_source_c1,384PP_AQ_BP,L2,m167,Axygen 384,G13,75,Actual concentration: 0.07
384_source_c1,384PP_AQ_BP,L2,m167,Axygen 384,G15,300,Actual concentration: 0.27
384_source_c1,384PP_AQ_BP,L2,m167,Axygen 384,G17,300,Actual concentration: 0.27
384_source_c1,384PP_AQ_BP,L2,m167,Axygen 384,G19,300,Actual concentration: 0.27
384_source_c1,384PP_AQ_BP,L2,m167,Axygen 384,G21,75,Actual concentration: 0.07
384_source_c1,384PP_AQ_BP,L2,m167,Axygen 384,G23,75,Actual concentration: 0.07
384_source_c1,384PP_AQ_BP,L2,m167,Axygen 384,I1,300,Actual concentration: 0.27
384_source_c1,384PP_AQ_BP,L2,m167,Axygen 384,I3,75,Actual concentration: 0.07
384_source_c1,384PP_AQ_BP,L2,m167,Axygen 384,I5,75,Actual concentration: 0.07
384_source_c1,384PP_AQ_BP,L2,m167,Axygen 384,I7,300,Actual concentration: 0.27
384_source_c1,384PP_AQ_BP,L2,m167,Axygen 384,I9,75,Actual concentration: 0.07
384_source_c1,384PP_AQ_BP,L2,m167,Axygen 384,I11,75,Actual concentration: 0.07
384_source_c1,384PP_AQ_BP,L2,m167,Axygen 384,I13,300,Actual concentration: 0.27
384_source_c1,384PP_AQ_BP,L2,m167,Axygen 384,I15,300,Actual concentration: 0.27
384_source_c1,384PP_AQ_BP,L2,m167,Axygen 384,I17,75,Actual concentration: 0.07
384_source_c1,384PP_AQ_BP,L2,m167,Axygen 384,I19,300,Actual concentration: 0.27
384_source_c1,384PP_AQ_BP,L2,m167,Axygen 384,I21,75,Actual concentration: 0.07
384_source_c1,384PP_AQ_BP,L2,m167,Axygen 384,I23,75,Actual concentration: 0.07
384_source_c1,384PP_AQ_BP,L2,m167,Axygen 384,K1,300,Actual concentration: 0.27
384_source_c1,384PP_AQ_BP,L2,m167,Axygen 384,K3,300,Actual concentration: 0.27
384_source_c1,384PP_AQ_BP,L2,m167,Axygen 384,K5,75,Actual concentration: 0.07
384_source_c1,384PP_AQ_BP,L2,m167,Axygen 384,K7,300,Actual concentration: 0.27
384_source_c1,384PP_AQ_BP,L2,m167,Axygen 384,K9,250,Actual concentration: 0.22
384_source_c1,384PP_AQ_BP,L4,m167,Axygen 384,K9,50,Actual concentration: 0.04
384_source_c1,384PP_AQ_BP,L4,m167,Axygen 384,K11,75,Actual concentration: 0.07
384_source_c1,384PP_AQ_BP,L4,m167,Axygen 384,K13,300,Actual concentration: 0.27
384_source_c1,384PP_AQ_BP,L4,m167,Axygen 384,K15,75,Actual concentration: 0.07
384_source_c1,384PP_AQ_BP,L4,m167,Axygen 384,K17,300,Actual concentration: 0.27
384_source_c1,384PP_AQ_BP,L4,m167,Axygen 384,K19,300,Actual concentration: 0.27
384_source_c1,384PP_AQ_BP,L4,m167,Axygen 384,K21,300,Actual concentration: 0.27
384_source_c1,384PP_AQ_BP,L4,m167,Axygen 384,K23,300,Actual concentration: 0.27
384_source_c1,384PP_AQ_BP,L4,m167,Axygen 384,M3,300,Actual concentration: 0.27
384_source_c1,384PP_AQ_BP,L4,m167,Axygen 384,M5,300,Actual concentration: 0.27
384_source_c1,384PP_AQ_BP,L4,m167,Axygen 384,M7,300,Actual concentration: 0.27
384_source_c1,384PP_AQ_BP,L4,m167,Axygen 384,M9,625,Actual concentration: 0.56
384_source_c1,384PP_AQ_BP,L4,m167,Axygen 384,M11,75,Actual concentration: 0.07
384_source_c1,384PP_AQ_BP,L4,m167,Axygen 384,M13,75,Actual concentration: 0.07
384_source_c1,384PP_AQ_BP,L4,m167,Axygen 384,M15,75,Actual concentration: 0.07
384_source_c1,384PP_AQ_BP,L4,m167,Axygen 384,M17,75,Actual concentration: 0.07
384_source_c1,384PP_AQ_BP,L4,m167,Axygen 384,M19,300,Actual concentration: 0.27
384_source_c1,384PP_AQ_BP,L4,m167,Axygen 384,M21,75,Actual concentration: 0.07
384_source_c1,384PP_AQ_BP,L4,m167,Axygen 384,M23,300,Actual concentration: 0.27
384_source_c1,384PP_AQ_BP,L4,m167,Axygen 384,O1,300,Actual concentration: 0.27
384_source_c1,384PP_AQ_BP,L4,m167,Axygen 384,O3,300,Actual concentration: 0.27
384_source_c1,384PP_AQ_BP,L4,m167,Axygen 384,O5,300,Actual concentration: 0.27
384_source_c1,384PP_AQ_BP,L4,m167,Axygen 384,O7,75,Actual concentration: 0.07
384_source_c1,384PP_AQ_BP,L4,m167,Axygen 384,O9,300,Actual concentration: 0.27
384_source_c1,384PP_AQ_BP,L4,m167,Axygen 384,O11,300,Actual concentration: 0.27
384_source_c1,384PP_AQ_BP,L4,m167,Axygen 384,O13,300,Actual concentration: 0.27
384_source_c1,384PP_AQ_BP,L4,m167,Axygen 384,O15,300,Actual concentration: 0.27
384_source_c1,384PP_AQ_BP,L4,m167,Axygen 384,O17,300,Actual concentration: 0.27
384_source_c1,384PP_AQ_BP,L4,m167,Axygen 384,O19,75,Actual concentration: 0.07
384_source_c1,384PP_AQ_BP,L4,m167,Axygen 384,O21,300,Actual concentration: 0.27
384_source_c1,384PP_AQ_BP,L4,m167,Axygen 384,O23,300,Actual concentration: 0.27
384_source_c1,384PP_AQ_BP,L4,m167,Axygen 384,A2,75,Actual concentration: 0.07
384_source_c1,384PP_AQ_BP,L4,m167,Axygen 384,A4,75,Actual concentration: 0.07
384_source_c1,384PP_AQ_BP,L4,m167,Axygen 384,A6,300,Actual concentration: 0.27
384_source_c1,384PP_AQ_BP,L4,m167,Axygen 384,A8,300,Actual concentration: 0.27
384_source_c1,384PP_AQ_BP,L4,m167,Axygen 384,A10,75,Actual concentration: 0.07
384_source_c1,384PP_AQ_BP,L4,m167,Axygen 384,A12,75,Actual concentration: 0.07
384_source_c1,384PP_AQ_BP,L4,m167,Axygen 384,A14,300,Actual concentration: 0.27
384_source_c1,384PP_AQ_BP,L4,m167,Axygen 384,A16,75,Actual concentration: 0.07
384_source_c1,384PP_AQ_BP,L4,m167,Axygen 384,A18,75,Actual concentration: 0.07
384_source_c1,384PP_AQ_BP,L4,m167,Axygen 384,A20,75,Actual concentration: 0.07
384_source_c1,384PP_AQ_BP,L4,m167,Axygen 384,A22,300,Actual concentration: 0.27
384_source_c1,384PP_AQ_BP,L4,m167,Axygen 384,A24,75,Actual concentration: 0.07
384_source_c1,384PP_AQ_BP,L4,m167,Axygen 384,C2,75,Actual concentration: 0.07
384_source_c1,384PP_AQ_BP,L4,m167,Axygen 384,C4,300,Actual concentration: 0.27
384_source_c1,384PP_AQ_BP,L4,m167,Axygen 384,C6,75,Actual concentration: 0.07
384_source_c1,384PP_AQ_BP,L4,m167,Axygen 384,C8,75,Actual concentration: 0.07
384_source_c1,384PP_AQ_BP,L4,m167,Axygen 384,C10,75,Actual concentration: 0.07
384_source_c1,384PP_AQ_BP,L4,m167,Axygen 384,C12,75,Actual concentration: 0.07
384_source_c1,384PP_AQ_BP,L4,m167,Axygen 384,C14,75,Actual concentration: 0.07
384_source_c1,384PP_AQ_BP,L4,m167,Axygen 384,C16,100,Actual concentration: 0.09
384_source_c1,384PP_AQ_BP,L6,m167,Axygen 384,C16,200,Actual concentration: 0.18
384_source_c1,384PP_AQ_BP,L6,m167,Axygen 384,C18,300,Actual concentration: 0.27
384_source_c1,384PP_AQ_BP,L6,m167,Axygen 384,C20,75,Actual concentration: 0.07
384_source_c1,384PP_AQ_BP,L6,m167,Axygen 384,C22,300,Actual concentration: 0.27
384_source_c1,384PP_AQ_BP,L6,m167,Axygen 384,C24,300,Actual concentration: 0.27
384_source_c1,384PP_AQ_BP,L6,m167,Axygen 384,E2,300,Actual concentration: 0.27
384_source_c1,384PP_AQ_BP,L6,m167,Axygen 384,E4,75,Actual concentration: 0.07
384_source_c1,384PP_AQ_BP,L6,m167,Axygen 384,E6,75,Actual concentration: 0.07
384_source_c1,384PP_AQ_BP,L6,m167,Axygen 384,E8,300,Actual concentration: 0.27
384_source_c1,384PP_AQ_BP,L6,m167,Axygen 384,E10,300,Actual concentration: 0.27
384_source_c1,384PP_AQ_BP,L6,m167,Axygen 384,E12,300,Actual concentration: 0.27
384_source_c1,384PP_AQ_BP,L6,m167,Axygen 384,E14,300,Actual concentration: 0.27
384_source_c1,384PP_AQ_BP,L6,m167,Axygen 384,E18,300,Actual concentration: 0.27
384_source_c1,384PP_AQ_BP,L6,m167,Axygen 384,E20,75,Actual concentration: 0.07
384_source_c1,384PP_AQ_BP,L6,m167,Axygen 384,E22,300,Actual concentration: 0.27
384_source_c1,384PP_AQ_BP,L6,m167,Axygen 384,E24,75,Actual concentration: 0.07
384_source_c1,384PP_AQ_BP,L6,m167,Axygen 384,G2,75,Actual concentration: 0.07
384_source_c1,384PP_AQ_BP,L6,m167,Axygen 384,G4,75,Actual concentration: 0.07
384_source_c1,384PP_AQ_BP,L6,m167,Axygen 384,G6,75,Actual concentration: 0.07
384_source_c1,384PP_AQ_BP,L6,m167,Axygen 384,G8,75,Actual concentration: 0.07
384_source_c1,384PP_AQ_BP,L6,m167,Axygen 384,G10,75,Actual concentration: 0.07
384_source_c1,384PP_AQ_BP,L6,m167,Axygen 384,G12,300,Actual concentration: 0.27
384_source_c1,384PP_AQ_BP,L6,m167,Axygen 384,G14,300,Actual concentration: 0.27
384_source_c1,384PP_AQ_BP,L6,m167,Axygen 384,G16,75,Actual concentration: 0.07
384_source_c1,384PP_AQ_BP,L6,m167,Axygen 384,G18,75,Actual concentration: 0.07
384_source_c1,384PP_AQ_BP,L6,m167,Axygen 384,G20,75,Actual concentration: 0.07
384_source_c1,384PP_AQ_BP,L6,m167,Axygen 384,G22,300,Actual concentration: 0.27
384_source_c1,384PP_AQ_BP,L6,m167,Axygen 384,G24,75,Actual concentration: 0.07
384_source_c1,384PP_AQ_BP,L6,m167,Axygen 384,I2,300,Actual concentration: 0.27
384_source_c1,384PP_AQ_BP,L6,m167,Axygen 384,I4,75,Actual concentration: 0.07
384_source_c1,384PP_AQ_BP,L6,m167,Axygen 384,I6,300,Actual concentration: 0.27
384_source_c1,384PP_AQ_BP,L6,m167,Axygen 384,I8,75,Actual concentration: 0.07
384_source_c1,384PP_AQ_BP,L6,m167,Axygen 384,I10,75,Actual concentration: 0.07
384_source_c1,384PP_AQ_BP,L6,m167,Axygen 384,I12,300,Actual concentration: 0.27
384_source_c1,384PP_AQ_BP,L6,m167,Axygen 384,I14,75,Actual concentration: 0.07
384_source_c1,384PP_AQ_BP,L6,m167,Axygen 384,I16,75,Actual concentration: 0.07
384_source_c1,384PP_AQ_BP,L6,m167,Axygen 384,I18,300,Actual concentration: 0.27
384_source_c1,384PP_AQ_BP,L6,m167,Axygen 384,I20,300,Actual concentration: 0.27
384_source_c1,384PP_AQ_BP,L6,m167,Axygen 384,I22,75,Actual concentration: 0.07
384_source_c1,384PP_AQ_BP,L6,m167,Axygen 384,I24,300,Actual concentration: 0.27
384_source_c1,384PP_AQ_BP,L6,m167,Axygen 384,K2,300,Actual concentration: 0.27
384_source_c1,384PP_AQ_BP,L6,m167,Axygen 384,K4,300,Actual concentration: 0.27
384_source_c1,384PP_AQ_BP,L6,m167,Axygen 384,K6,75,Actual concentration: 0.07
384_source_c1,384PP_AQ_BP,L6,m167,Axygen 384,K8,75,Actual concentration: 0.07
384_source_c1,384PP_AQ_BP,L6,m167,Axygen 384,K10,75,Actual concentration: 0.07
384_source_c1,384PP_AQ_BP,L6,m167,Axygen 384,K12,300,Actual concentration: 0.27
384_source_c1,384PP_AQ_BP,L6,m167,Axygen 384,K14,300,Actual concentration: 0.27
384_source_c1,384PP_AQ_BP,L6,m167,Axygen 384,K16,75,Actual concentration: 0.07
384_source_c1,384PP_AQ_BP,L6,m167,Axygen 384,K18,625,Actual concentration: 0.56
384_source_c1,384PP_AQ_BP,L6,m167,Axygen 384,K20,75,Actual concentration: 0.07
384_source_c1,384PP_AQ_BP,L6,m167,Axygen 384,K22,75,Actual concentration: 0.07
384_source_c1,384PP_AQ_BP,L6,m167,Axygen 384,K24,300,Actual concentration: 0.27
384_source_c1,384PP_AQ_BP,L6,m167,Axygen 384,M2,25,Actual concentration: 0.02
384_source_c1,384PP_AQ_BP,L8,m167,Axygen 384,M2,275,Actual concentration: 0.24
384_source_c1,384PP_AQ_BP,L8,m167,Axygen 384,M4,300,Actual concentration: 0.27
384_source_c1,384PP_AQ_BP,L8,m167,Axygen 384,M6,300,Actual concentration: 0.27
384_source_c1,384PP_AQ_BP,L8,m167,Axygen 384,M8,300,Actual concentration: 0.27
384_source_c1,384PP_AQ_BP,L8,m167,Axygen 384,M10,75,Actual concentration: 0.07
384_source_c1,384PP_AQ_BP,L8,m167,Axygen 384,M12,300,Actual concentration: 0.27
384_source_c1,384PP_AQ_BP,L8,m167,Axygen 384,M14,300,Actual concentration: 0.27
384_source_c1,384PP_AQ_BP,L8,m167,Axygen 384,M16,75,Actual concentration: 0.07
384_source_c1,384PP_AQ_BP,L8,m167,Axygen 384,M18,75,Actual concentration: 0.07
384_source_c1,384PP_AQ_BP,L8,m167,Axygen 384,M20,75,Actual concentration: 0.07
384_source_c1,384PP_AQ_BP,L8,m167,Axygen 384,M22,75,Actual concentration: 0.07
384_source_c1,384PP_AQ_BP,L8,m167,Axygen 384,M24,300,Actual concentration: 0.27
384_source_c1,384PP_AQ_BP,L8,m167,Axygen 384,O2,75,Actual concentration: 0.07
384_source_c1,384PP_AQ_BP,L8,m167,Axygen 384,O4,75,Actual concentration: 0.07
384_source_c1,384PP_AQ_BP,L8,m167,Axygen 384,O6,75,Actual concentration: 0.07
384_source_c1,384PP_AQ_BP,L8,m167,Axygen 384,O8,300,Actual concentration: 0.27
384_source_c1,384PP_AQ_BP,L8,m167,Axygen 384,O10,300,Actual concentration: 0.27
384_source_c1,384PP_AQ_BP,L8,m167,Axygen 384,O12,75,Actual concentration: 0.07
384_source_c1,384PP_AQ_BP,L8,m167,Axygen 384,O14,75,Actual concentration: 0.07
384_source_c1,384PP_AQ_BP,L8,m167,Axygen 384,O16,300,Actual concentration: 0.27
384_source_c1,384PP_AQ_BP,L8,m167,Axygen 384,O18,300,Actual concentration: 0.27
384_source_c1,384PP_AQ_BP,L8,m167,Axygen 384,O20,75,Actual concentration: 0.07
384_source_c1,384PP_AQ_BP,L8,m167,Axygen 384,O22,300,Actual concentration: 0.27
384_source_c1,384PP_AQ_BP,L8,m167,Axygen 384,O24,300,Actual concentration: 0.27
384_source_c1,384PP_AQ_BP,L8,m167,Axygen 384,B1,75,Actual concentration: 0.07
384_source_c1,384PP_AQ_BP,L8,m167,Axygen 384,B3,75,Actual concentration: 0.07
384_source_c1,384PP_AQ_BP,L8,m167,Axygen 384,B5,300,Actual concentration: 0.27
384_source_c1,384PP_AQ_BP,L8,m167,Axygen 384,B7,75,Actual concentration: 0.07
384_source_c1,384PP_AQ_BP,L8,m167,Axygen 384,B9,300,Actual concentration: 0.27
384_source_c1,384PP_AQ_BP,L8,m167,Axygen 384,B11,300,Actual concentration: 0.27
384_source_c1,384PP_AQ_BP,L8,m167,Axygen 384,B13,75,Actual concentration: 0.07
384_source_c1,384PP_AQ_BP,L8,m167,Axygen 384,B15,75,Actual concentration: 0.07
384_source_c1,384PP_AQ_BP,L8,m167,Axygen 384,B17,300,Actual concentration: 0.27
384_source_c1,384PP_AQ_BP,L8,m167,Axygen 384,B19,625,Actual concentration: 0.56
384_source_c1,384PP_AQ_BP,L8,m167,Axygen 384,B21,75,Actual concentration: 0.07
384_source_c1,384PP_AQ_BP,L8,m167,Axygen 384,B23,75,Actual concentration: 0.07
384_source_c1,384PP_AQ_BP,L8,m167,Axygen 384,D1,75,Actual concentration: 0.07
384_source_c1,384PP_AQ_BP,L8,m167,Axygen 384,D3,75,Actual concentration: 0.07
384_source_c1,384PP_AQ_BP,L8,m167,Axygen 384,D5,300,Actual concentration: 0.27
384_source_c1,384PP_AQ_BP,L8,m167,Axygen 384,D7,75,Actual concentration: 0.07
384_source_c1,384PP_AQ_BP,L8,m167,Axygen 384,D9,75,Actual concentration: 0.07
384_source_c1,384PP_AQ_BP,L8,m167,Axygen 384,D11,75,Actual concentration: 0.07
384_source_c1,384PP_AQ_BP,L8,m167,Axygen 384,D13,75,Actual concentration: 0.07
384_source_c1,384PP_AQ_BP,L8,m167,Axygen 384,D15,300,Actual concentration: 0.27
384_source_c1,384PP_AQ_BP,L8,m167,Axygen 384,D17,300,Actual concentration: 0.27
384_source_c1,384PP_AQ_BP,L8,m167,Axygen 384,D19,75,Actual concentration: 0.07
384_source_c1,384PP_AQ_BP,L8,m167,Axygen 384,D21,75,Actual concentration: 0.07
384_source_c1,384PP_AQ_BP,L8,m167,Axygen 384,D23,300,Actual concentration: 0.27
384_source_c1,384PP_AQ_BP,L8,m167,Axygen 384,F1,75,Actual concentration: 0.07
384_source_c1,384PP_AQ_BP,L8,m167,Axygen 384,F3,300,Actual concentration: 0.27
384_source_c1,384PP_AQ_BP,L8,m167,Axygen 384,F5,75,Actual concentration: 0.07
384_source_c1,384PP_AQ_BP,L8,m167,Axygen 384,F7,300,Actual concentration: 0.27
384_source_c1,384PP_AQ_BP,L8,m167,Axygen 384,F9,75,Actual concentration: 0.07
384_source_c1,384PP_AQ_BP,L8,m167,Axygen 384,F11,75,Actual concentration: 0.07
384_source_c1,384PP_AQ_BP,L8,m167,Axygen 384,F13,75,Actual concentration: 0.07
384_source_c1,384PP_AQ_BP,L8,m167,Axygen 384,F15,75,Actual concentration: 0.07
384_source_c1,384PP_AQ_BP,L8,m167,Axygen 384,F17,100,Actual concentration: 0.09
384_source_c1,384PP_AQ_BP,L10,m167,Axygen 384,F17,200,Actual concentration: 0.18
384_source_c1,384PP_AQ_BP,L10,m167,Axygen 384,F19,75,Actual concentration: 0.07
384_source_c1,384PP_AQ_BP,L10,m167,Axygen 384,F21,75,Actual concentration: 0.07
384_source_c1,384PP_AQ_BP,L10,m167,Axygen 384,F23,300,Actual concentration: 0.27
384_source_c1,384PP_AQ_BP,L10,m167,Axygen 384,H1,300,Actual concentration: 0.27
384_source_c1,384PP_AQ_BP,L10,m167,Axygen 384,H3,75,Actual concentration: 0.07
384_source_c1,384PP_AQ_BP,L10,m167,Axygen 384,H5,300,Actual concentration: 0.27
384_source_c1,384PP_AQ_BP,L10,m167,Axygen 384,H7,75,Actual concentration: 0.07
384_source_c1,384PP_AQ_BP,L10,m167,Axygen 384,H11,75,Actual concentration: 0.07
384_source_c1,384PP_AQ_BP,L10,m167,Axygen 384,H13,75,Actual concentration: 0.07
384_source_c1,384PP_AQ_BP,L10,m167,Axygen 384,H15,75,Actual concentration: 0.07
384_source_c1,384PP_AQ_BP,L10,m167,Axygen 384,H17,75,Actual concentration: 0.07
384_source_c1,384PP_AQ_BP,L10,m167,Axygen 384,H19,300,Actual concentration: 0.27
384_source_c1,384PP_AQ_BP,L10,m167,Axygen 384,H21,75,Actual concentration: 0.07
384_source_c1,384PP_AQ_BP,L10,m167,Axygen 384,H23,75,Actual concentration: 0.07
384_source_c1,384PP_AQ_BP,L10,m167,Axygen 384,J1,300,Actual concentration: 0.27
384_source_c1,384PP_AQ_BP,L10,m167,Axygen 384,J3,75,Actual concentration: 0.07
384_source_c1,384PP_AQ_BP,L10,m167,Axygen 384,J5,300,Actual concentration: 0.27
384_source_c1,384PP_AQ_BP,L10,m167,Axygen 384,J7,300,Actual concentration: 0.27
384_source_c1,384PP_AQ_BP,L10,m167,Axygen 384,J9,300,Actual concentration: 0.27
384_source_c1,384PP_AQ_BP,L10,m167,Axygen 384,J11,75,Actual concentration: 0.07
384_source_c1,384PP_AQ_BP,L10,m167,Axygen 384,J13,300,Actual concentration: 0.27
384_source_c1,384PP_AQ_BP,L10,m167,Axygen 384,J15,75,Actual concentration: 0.07
384_source_c1,384PP_AQ_BP,L10,m167,Axygen 384,J17,75,Actual concentration: 0.07
384_source_c1,384PP_AQ_BP,L10,m167,Axygen 384,J19,300,Actual concentration: 0.27
384_source_c1,384PP_AQ_BP,L10,m167,Axygen 384,J21,75,Actual concentration: 0.07
384_source_c1,384PP_AQ_BP,L10,m167,Axygen 384,J23,300,Actual concentration: 0.27
384_source_c1,384PP_AQ_BP,L10,m167,Axygen 384,L1,75,Actual concentration: 0.07
384_source_c1,384PP_AQ_BP,L10,m167,Axygen 384,L3,300,Actual concentration: 0.27
384_source_c1,384PP_AQ_BP,L10,m167,Axygen 384,L5,75,Actual concentration: 0.07
384_source_c1,384PP_AQ_BP,L10,m167,Axygen 384,L7,300,Actual concentration: 0.27
384_source_c1,384PP_AQ_BP,L10,m167,Axygen 384,L9,300,Actual concentration: 0.27
384_source_c1,384PP_AQ_BP,L10,m167,Axygen 384,L11,300,Actual concentration: 0.27
384_source_c1,384PP_AQ_BP,L10,m167,Axygen 384,L13,75,Actual concentration: 0.07
384_source_c1,384PP_AQ_BP,L10,m167,Axygen 384,L15,300,Actual concentration: 0.27
384_source_c1,384PP_AQ_BP,L10,m167,Axygen 384,L17,300,Actual concentration: 0.27
384_source_c1,384PP_AQ_BP,L10,m167,Axygen 384,L19,75,Actual concentration: 0.07
384_source_c1,384PP_AQ_BP,L10,m167,Axygen 384,L21,300,Actual concentration: 0.27
384_source_c1,384PP_AQ_BP,L10,m167,Axygen 384,L23,75,Actual concentration: 0.07
384_source_c1,384PP_AQ_BP,L10,m167,Axygen 384,N1,300,Actual concentration: 0.27
384_source_c1,384PP_AQ_BP,L10,m167,Axygen 384,N3,300,Actual concentration: 0.27
384_source_c1,384PP_AQ_BP,L10,m167,Axygen 384,N5,75,Actual concentration: 0.07
384_source_c1,384PP_AQ_BP,L10,m167,Axygen 384,N7,300,Actual concentration: 0.27
384_source_c1,384PP_AQ_BP,L10,m167,Axygen 384,N9,300,Actual concentration: 0.27
384_source_c1,384PP_AQ_BP,L10,m167,Axygen 384,N11,300,Actual concentration: 0.27
384_source_c1,384PP_AQ_BP,L10,m167,Axygen 384,N13,300,Actual concentration: 0.27
384_source_c1,384PP_AQ_BP,L10,m167,Axygen 384,N15,75,Actual concentration: 0.07
384_source_c1,384PP_AQ_BP,L10,m167,Axygen 384,N17,75,Actual concentration: 0.07
384_source_c1,384PP_AQ_BP,L10,m167,Axygen 384,N19,300,Actual concentration: 0.27
384_source_c1,384PP_AQ_BP,L10,m167,Axygen 384,N21,75,Actual concentration: 0.07
384_source_c1,384PP_AQ_BP,L10,m167,Axygen 384,N23,75,Actual concentration: 0.07
384_source_c1,384PP_AQ_BP,L10,m167,Axygen 384,P1,300,Actual concentration: 0.27
384_source_c1,384PP_AQ_BP,L10,m167,Axygen 384,P3,75,Actual concentration: 0.07
384_source_c1,384PP_AQ_BP,L10,m167,Axygen 384,P5,50,Actual concentration: 0.04
384_source_c1,384PP_AQ_BP,L12,m167,Axygen 384,P5,250,Actual concentration: 0.22
384_source_c1,384PP_AQ_BP,L12,m167,Axygen 384,P7,75,Actual concentration: 0.07
384_source_c1,384PP_AQ_BP,L12,m167,Axygen 384,P9,300,Actual concentration: 0.27
384_source_c1,384PP_AQ_BP,L12,m167,Axygen 384,P11,300,Actual concentration: 0.27
384_source_c1,384PP_AQ_BP,L12,m167,Axygen 384,P13,75,Actual concentration: 0.07
384_source_c1,384PP_AQ_BP,L12,m167,Axygen 384,P15,75,Actual concentration: 0.07
384_source_c1,384PP_AQ_BP,L12,m167,Axygen 384,P17,300,Actual concentration: 0.27
384_source_c1,384PP_AQ_BP,L12,m167,Axygen 384,P19,75,Actual concentration: 0.07
384_source_c1,384PP_AQ_BP,L12,m167,Axygen 384,P21,300,Actual concentration: 0.27
384_source_c1,384PP_AQ_BP,L12,m167,Axygen 384,P23,300,Actual concentration: 0.27
384_source_c1,384PP_AQ_BP,L12,m167,Axygen 384,B2,75,Actual concentration: 0.07
384_source_c1,384PP_AQ_BP,L12,m167,Axygen 384,B4,75,Actual concentration: 0.07
384_source_c1,384PP_AQ_BP,L12,m167,Axygen 384,B6,300,Actual concentration: 0.27
384_source_c1,384PP_AQ_BP,L12,m167,Axygen 384,B8,300,Actual concentration: 0.27
384_source_c1,384PP_AQ_BP,L12,m167,Axygen 384,B10,75,Actual concentration: 0.07
384_source_c1,384PP_AQ_BP,L12,m167,Axygen 384,B12,300,Actual concentration: 0.27
384_source_c1,384PP_AQ_BP,L12,m167,Axygen 384,B14,75,Actual concentration: 0.07
384_source_c1,384PP_AQ_BP,L12,m167,Axygen 384,B16,75,Actual concentration: 0.07
384_source_c1,384PP_AQ_BP,L12,m167,Axygen 384,B18,300,Actual concentration: 0.27
384_source_c1,384PP_AQ_BP,L12,m167,Axygen 384,B20,300,Actual concentration: 0.27
384_source_c1,384PP_AQ_BP,L12,m167,Axygen 384,B22,300,Actual concentration: 0.27
384_source_c1,384PP_AQ_BP,L12,m167,Axygen 384,B24,75,Actual concentration: 0.07
384_source_c1,384PP_AQ_BP,L12,m167,Axygen 384,D2,75,Actual concentration: 0.07
384_source_c1,384PP_AQ_BP,L12,m167,Axygen 384,D4,300,Actual concentration: 0.27
384_source_c1,384PP_AQ_BP,L12,m167,Axygen 384,D6,75,Actual concentration: 0.07
384_source_c1,384PP_AQ_BP,L12,m167,Axygen 384,D8,300,Actual concentration: 0.27
384_source_c1,384PP_AQ_BP,L12,m167,Axygen 384,D10,75,Actual concentration: 0.07
384_source_c1,384PP_AQ_BP,L12,m167,Axygen 384,D12,75,Actual concentration: 0.07
384_source_c1,384PP_AQ_BP,L12,m167,Axygen 384,D14,75,Actual concentration: 0.07
384_source_c1,384PP_AQ_BP,L12,m167,Axygen 384,D16,300,Actual concentration: 0.27
384_source_c1,384PP_AQ_BP,L12,m167,Axygen 384,D18,625,Actual concentration: 0.56
384_source_c1,384PP_AQ_BP,L12,m167,Axygen 384,D20,75,Actual concentration: 0.07
384_source_c1,384PP_AQ_BP,L12,m167,Axygen 384,D22,75,Actual concentration: 0.07
384_source_c1,384PP_AQ_BP,L12,m167,Axygen 384,D24,300,Actual concentration: 0.27
384_source_c1,384PP_AQ_BP,L12,m167,Axygen 384,F2,75,Actual concentration: 0.07
384_source_c1,384PP_AQ_BP,L12,m167,Axygen 384,F4,300,Actual concentration: 0.27
384_source_c1,384PP_AQ_BP,L12,m167,Axygen 384,F6,300,Actual concentration: 0.27
384_source_c1,384PP_AQ_BP,L12,m167,Axygen 384,F8,300,Actual concentration: 0.27
384_source_c1,384PP_AQ_BP,L12,m167,Axygen 384,F10,300,Actual concentration: 0.27
384_source_c1,384PP_AQ_BP,L12,m167,Axygen 384,F12,300,Actual concentration: 0.27
384_source_c1,384PP_AQ_BP,L12,m167,Axygen 384,F14,75,Actual concentration: 0.07
384_source_c1,384PP_AQ_BP,L12,m167,Axygen 384,F16,300,Actual concentration: 0.27
384_source_c1,384PP_AQ_BP,L12,m167,Axygen 384,F18,300,Actual concentration: 0.27
384_source_c1,384PP_AQ_BP,L12,m167,Axygen 384,F20,75,Actual concentration: 0.07
384_source_c1,384PP_AQ_BP,L12,m167,Axygen 384,F22,75,Actual concentration: 0.07
384_source_c1,384PP_AQ_BP,L12,m167,Axygen 384,F24,300,Actual concentration: 0.27
384_source_c1,384PP_AQ_BP,L12,m167,Axygen 384,H2,75,Actual concentration: 0.07
384_source_c1,384PP_AQ_BP,L12,m167,Axygen 384,H4,300,Actual concentration: 0.27
384_source_c1,384PP_AQ_BP,L12,m167,Axygen 384,H6,275,Actual concentration: 0.24
384_source_c1,384PP_AQ_BP,L14,m167,Axygen 384,H6,25,Actual concentration: 0.02
384_source_c1,384PP_AQ_BP,L14,m167,Axygen 384,H8,75,Actual concentration: 0.07
384_source_c1,384PP_AQ_BP,L14,m167,Axygen 384,H10,75,Actual concentration: 0.07
384_source_c1,384PP_AQ_BP,L14,m167,Axygen 384,H12,300,Actual concentration: 0.27
384_source_c1,384PP_AQ_BP,L14,m167,Axygen 384,H14,300,Actual concentration: 0.27
384_source_c1,384PP_AQ_BP,L14,m167,Axygen 384,H16,300,Actual concentration: 0.27
384_source_c1,384PP_AQ_BP,L14,m167,Axygen 384,H18,75,Actual concentration: 0.07
384_source_c1,384PP_AQ_BP,L14,m167,Axygen 384,H20,300,Actual concentration: 0.27
384_source_c1,384PP_AQ_BP,L14,m167,Axygen 384,H22,75,Actual concentration: 0.07
384_source_c1,384PP_AQ_BP,L14,m167,Axygen 384,H24,300,Actual concentration: 0.27
384_source_c1,384PP_AQ_BP,L14,m167,Axygen 384,J2,300,Actual concentration: 0.27
384_source_c1,384PP_AQ_BP,L14,m167,Axygen 384,J4,300,Actual concentration: 0.27
384_source_c1,384PP_AQ_BP,L14,m167,Axygen 384,J6,300,Actual concentration: 0.27
384_source_c1,384PP_AQ_BP,L14,m167,Axygen 384,J8,75,Actual concentration: 0.07
384_source_c1,384PP_AQ_BP,L14,m167,Axygen 384,J10,75,Actual concentration: 0.07
384_source_c1,384PP_AQ_BP,L14,m167,Axygen 384,J12,75,Actual concentration: 0.07
384_source_c1,384PP_AQ_BP,L14,m167,Axygen 384,J14,75,Actual concentration: 0.07
384_source_c1,384PP_AQ_BP,L14,m167,Axygen 384,J16,75,Actual concentration: 0.07
384_source_c1,384PP_AQ_BP,L14,m167,Axygen 384,J18,75,Actual concentration: 0.07
384_source_c1,384PP_AQ_BP,L14,m167,Axygen 384,J20,75,Actual concentration: 0.07
384_source_c1,384PP_AQ_BP,L14,m167,Axygen 384,J22,75,Actual concentration: 0.07
384_source_c1,384PP_AQ_BP,L14,m167,Axygen 384,J24,75,Actual concentration: 0.07
384_source_c1,384PP_AQ_BP,L14,m167,Axygen 384,L2,75,Actual concentration: 0.07
384_source_c1,384PP_AQ_BP,L14,m167,Axygen 384,L4,75,Actual concentration: 0.07
384_source_c1,384PP_AQ_BP,L14,m167,Axygen 384,L6,300,Actual concentration: 0.27
384_source_c1,384PP_AQ_BP,L14,m167,Axygen 384,L8,75,Actual concentration: 0.07
384_source_c1,384PP_AQ_BP,L14,m167,Axygen 384,L10,75,Actual concentration: 0.07
384_source_c1,384PP_AQ_BP,L14,m167,Axygen 384,L12,300,Actual concentration: 0.27
384_source_c1,384PP_AQ_BP,L14,m167,Axygen 384,L14,300,Actual concentration: 0.27
384_source_c1,384PP_AQ_BP,L14,m167,Axygen 384,L16,75,Actual concentration: 0.07
384_source_c1,384PP_AQ_BP,L14,m167,Axygen 384,L18,300,Actual concentration: 0.27
384_source_c1,384PP_AQ_BP,L14,m167,Axygen 384,L20,75,Actual concentration: 0.07
384_source_c1,384PP_AQ_BP,L14,m167,Axygen 384,L22,300,Actual concentration: 0.27
384_source_c1,384PP_AQ_BP,L14,m167,Axygen 384,L24,75,Actual concentration: 0.07
384_source_c1,384PP_AQ_BP,L14,m167,Axygen 384,N2,75,Actual concentration: 0.07
384_source_c1,384PP_AQ_BP,L14,m167,Axygen 384,N4,300,Actual concentration: 0.27
384_source_c1,384PP_AQ_BP,L14,m167,Axygen 384,N8,75,Actual concentration: 0.07
384_source_c1,384PP_AQ_BP,L14,m167,Axygen 384,N10,75,Actual concentration: 0.07
384_source_c1,384PP_AQ_BP,L14,m167,Axygen 384,N12,75,Actual concentration: 0.07
384_source_c1,384PP_AQ_BP,L14,m167,Axygen 384,N14,300,Actual concentration: 0.27
384_source_c1,384PP_AQ_BP,L14,m167,Axygen 384,N16,300,Actual concentration: 0.27
384_source_c1,384PP_AQ_BP,L14,m167,Axygen 384,N18,75,Actual concentration: 0.07
384_source_c1,384PP_AQ_BP,L14,m167,Axygen 384,N20,75,Actual concentration: 0.07
384_source_c1,384PP_AQ_BP,L14,m167,Axygen 384,N22,300,Actual concentration: 0.27
384_source_c1,384PP_AQ_BP,L14,m167,Axygen 384,N24,300,Actual concentration: 0.27
384_source_c1,384PP_AQ_BP,L14,m167,Axygen 384,P2,300,Actual concentration: 0.27
384_source_c1,384PP_AQ_BP,L14,m167,Axygen 384,P4,75,Actual concentration: 0.07
384_source_c1,384PP_AQ_BP,L14,m167,Axygen 384,P6,75,Actual concentration: 0.07
384_source_c1,384PP_AQ_BP,L14,m167,Axygen 384,P8,300,Actual concentration: 0.27
384_source_c1,384PP_AQ_BP,L14,m167,Axygen 384,P10,75,Actual concentration: 0.07
384_source_c1,384PP_AQ_BP,L14,m167,Axygen 384,P12,300,Actual concentration: 0.27
384_source_c1,384PP_AQ_BP,L14,m167,Axygen 384,P14,300,Actual concentration: 0.27
384_source_c1,384PP_AQ_BP,L14,m167,Axygen 384,P16,75,Actual concentration: 0.07
384_source_c1,384PP_AQ_BP,L14,m167,Axygen 384,P18,75,Actual concentration: 0.07
384_source_c1,384PP_AQ_BP,L14,m167,Axygen 384,P20,300,Actual concentration: 0.27
384_source_c1,384PP_AQ_BP,L14,m167,Axygen 384,P22,75,Actual concentration: 0.07
384_source_c1,384PP_AQ_BP,L14,m167,Axygen 384,P24,75,Actual concentration: 0.07
384_source_c1,384PP_AQ_BP,N2,m168,Axygen 384,A1,75,Actual concentration: 0.07
384_source_c1,384PP_AQ_BP,N2,m168,Axygen 384,A3,75,Actual concentration: 0.07
384_source_c1,384PP_AQ_BP,N2,m168,Axygen 384,A5,75,Actual concentration: 0.07
384_source_c1,384PP_AQ_BP,N2,m168,Axygen 384,A7,75,Actual concentration: 0.07
384_source_c1,384PP_AQ_BP,N2,m168,Axygen 384,A9,75,Actual concentration: 0.07
384_source_c1,384PP_AQ_BP,N2,m168,Axygen 384,A11,300,Actual concentration: 0.29
384_source_c1,384PP_AQ_BP,N2,m168,Axygen 384,A13,75,Actual concentration: 0.07
384_source_c1,384PP_AQ_BP,N2,m168,Axygen 384,A15,75,Actual concentration: 0.07
384_source_c1,384PP_AQ_BP,N2,m168,Axygen 384,A17,75,Actual concentration: 0.07
384_source_c1,384PP_AQ_BP,N2,m168,Axygen 384,A19,75,Actual concentration: 0.07
384_source_c1,384PP_AQ_BP,N2,m168,Axygen 384,A21,75,Actual concentration: 0.07
384_source_c1,384PP_AQ_BP,N2,m168,Axygen 384,A23,75,Actual concentration: 0.07
384_source_c1,384PP_AQ_BP,N2,m168,Axygen 384,C1,300,Actual concentration: 0.29
384_source_c1,384PP_AQ_BP,N2,m168,Axygen 384,C3,75,Actual concentration: 0.07
384_source_c1,384PP_AQ_BP,N2,m168,Axygen 384,C5,75,Actual concentration: 0.07
384_source_c1,384PP_AQ_BP,N2,m168,Axygen 384,C7,300,Actual concentration: 0.29
384_source_c1,384PP_AQ_BP,N2,m168,Axygen 384,C9,75,Actual concentration: 0.07
384_source_c1,384PP_AQ_BP,N2,m168,Axygen 384,C11,75,Actual concentration: 0.07
384_source_c1,384PP_AQ_BP,N2,m168,Axygen 384,C13,300,Actual concentration: 0.29
384_source_c1,384PP_AQ_BP,N2,m168,Axygen 384,C15,75,Actual concentration: 0.07
384_source_c1,384PP_AQ_BP,N2,m168,Axygen 384,C17,75,Actual concentration: 0.07
384_source_c1,384PP_AQ_BP,N2,m168,Axygen 384,C19,75,Actual concentration: 0.07
384_source_c1,384PP_AQ_BP,N2,m168,Axygen 384,C21,300,Actual concentration: 0.29
384_source_c1,384PP_AQ_BP,N2,m168,Axygen 384,C23,75,Actual concentration: 0.07
384_source_c1,384PP_AQ_BP,N2,m168,Axygen 384,E1,75,Actual concentration: 0.07
384_source_c1,384PP_AQ_BP,N2,m168,Axygen 384,E3,300,Actual concentration: 0.29
384_source_c1,384PP_AQ_BP,N2,m168,Axygen 384,E5,75,Actual concentration: 0.07
384_source_c1,384PP_AQ_BP,N2,m168,Axygen 384,E7,300,Actual concentration: 0.29
384_source_c1,384PP_AQ_BP,N2,m168,Axygen 384,E9,75,Actual concentration: 0.07
384_source_c1,384PP_AQ_BP,N2,m168,Axygen 384,E11,300,Actual concentration: 0.29
384_source_c1,384PP_AQ_BP,N2,m168,Axygen 384,E13,75,Actual concentration: 0.07
384_source_c1,384PP_AQ_BP,N2,m168,Axygen 384,E15,75,Actual concentration: 0.07
384_source_c1,384PP_AQ_BP,N2,m168,Axygen 384,E17,75,Actual concentration: 0.07
384_source_c1,384PP_AQ_BP,N2,m168,Axygen 384,E19,300,Actual concentration: 0.29
384_source_c1,384PP_AQ_BP,N2,m168,Axygen 384,E21,75,Actual concentration: 0.07
384_source_c1,384PP_AQ_BP,N2,m168,Axygen 384,E23,75,Actual concentration: 0.07
384_source_c1,384PP_AQ_BP,N2,m168,Axygen 384,G1,75,Actual concentration: 0.07
384_source_c1,384PP_AQ_BP,N2,m168,Axygen 384,G3,75,Actual concentration: 0.07
384_source_c1,384PP_AQ_BP,N2,m168,Axygen 384,G5,300,Actual concentration: 0.29
384_source_c1,384PP_AQ_BP,N2,m168,Axygen 384,G7,75,Actual concentration: 0.07
384_source_c1,384PP_AQ_BP,N2,m168,Axygen 384,G9,75,Actual concentration: 0.07
384_source_c1,384PP_AQ_BP,N2,m168,Axygen 384,G11,300,Actual concentration: 0.29
384_source_c1,384PP_AQ_BP,N2,m168,Axygen 384,G13,75,Actual concentration: 0.07
384_source_c1,384PP_AQ_BP,N2,m168,Axygen 384,G15,300,Actual concentration: 0.29
384_source_c1,384PP_AQ_BP,N2,m168,Axygen 384,G17,75,Actual concentration: 0.07
384_source_c1,384PP_AQ_BP,N2,m168,Axygen 384,G19,300,Actual concentration: 0.29
384_source_c1,384PP_AQ_BP,N2,m168,Axygen 384,G21,300,Actual concentration: 0.29
384_source_c1,384PP_AQ_BP,N2,m168,Axygen 384,G23,75,Actual concentration: 0.07
384_source_c1,384PP_AQ_BP,N2,m168,Axygen 384,I1,75,Actual concentration: 0.07
384_source_c1,384PP_AQ_BP,N2,m168,Axygen 384,I3,300,Actual concentration: 0.29
384_source_c1,384PP_AQ_BP,N2,m168,Axygen 384,I5,75,Actual concentration: 0.07
384_source_c1,384PP_AQ_BP,N2,m168,Axygen 384,I7,75,Actual concentration: 0.07
384_source_c1,384PP_AQ_BP,N2,m168,Axygen 384,I9,300,Actual concentration: 0.29
384_source_c1,384PP_AQ_BP,N2,m168,Axygen 384,I11,75,Actual concentration: 0.07
384_source_c1,384PP_AQ_BP,N2,m168,Axygen 384,I13,300,Actual concentration: 0.29
384_source_c1,384PP_AQ_BP,N2,m168,Axygen 384,I15,75,Actual concentration: 0.07
384_source_c1,384PP_AQ_BP,N2,m168,Axygen 384,I17,300,Actual concentration: 0.29
384_source_c1,384PP_AQ_BP,N2,m168,Axygen 384,I19,75,Actual concentration: 0.07
384_source_c1,384PP_AQ_BP,N2,m168,Axygen 384,I21,300,Actual concentration: 0.29
384_source_c1,384PP_AQ_BP,N2,m168,Axygen 384,I23,75,Actual concentration: 0.07
384_source_c1,384PP_AQ_BP,N2,m168,Axygen 384,K1,300,Actual concentration: 0.29
384_source_c1,384PP_AQ_BP,N2,m168,Axygen 384,K3,75,Actual concentration: 0.07
384_source_c1,384PP_AQ_BP,N2,m168,Axygen 384,K5,300,Actual concentration: 0.29
384_source_c1,384PP_AQ_BP,N2,m168,Axygen 384,K7,300,Actual concentration: 0.29
384_source_c1,384PP_AQ_BP,N2,m168,Axygen 384,K9,75,Actual concentration: 0.07
384_source_c1,384PP_AQ_BP,N2,m168,Axygen 384,K11,175,Actual concentration: 0.17
384_source_c1,384PP_AQ_BP,N4,m168,Axygen 384,K11,125,Actual concentration: 0.12
384_source_c1,384PP_AQ_BP,N4,m168,Axygen 384,K13,300,Actual concentration: 0.29
384_source_c1,384PP_AQ_BP,N4,m168,Axygen 384,K15,75,Actual concentration: 0.07
384_source_c1,384PP_AQ_BP,N4,m168,Axygen 384,K17,300,Actual concentration: 0.29
384_source_c1,384PP_AQ_BP,N4,m168,Axygen 384,K19,300,Actual concentration: 0.29
384_source_c1,384PP_AQ_BP,N4,m168,Axygen 384,K21,300,Actual concentration: 0.29
384_source_c1,384PP_AQ_BP,N4,m168,Axygen 384,K23,300,Actual concentration: 0.29
384_source_c1,384PP_AQ_BP,N4,m168,Axygen 384,M1,300,Actual concentration: 0.29
384_source_c1,384PP_AQ_BP,N4,m168,Axygen 384,M5,300,Actual concentration: 0.29
384_source_c1,384PP_AQ_BP,N4,m168,Axygen 384,M7,300,Actual concentration: 0.29
384_source_c1,384PP_AQ_BP,N4,m168,Axygen 384,M9,575,Actual concentration: 0.55
384_source_c1,384PP_AQ_BP,N4,m168,Axygen 384,O11,300,Actual concentration: 0.29
384_source_c1,384PP_AQ_BP,N4,m168,Axygen 384,O13,300,Actual concentration: 0.29
384_source_c1,384PP_AQ_BP,N4,m168,Axygen 384,O15,300,Actual concentration: 0.29
384_source_c1,384PP_AQ_BP,N4,m168,Axygen 384,O17,300,Actual concentration: 0.29
384_source_c1,384PP_AQ_BP,N4,m168,Axygen 384,O19,300,Actual concentration: 0.29
384_source_c1,384PP_AQ_BP,N4,m168,Axygen 384,O21,75,Actual concentration: 0.07
384_source_c1,384PP_AQ_BP,N4,m168,Axygen 384,O23,300,Actual concentration: 0.29
384_source_c1,384PP_AQ_BP,N4,m168,Axygen 384,A8,75,Actual concentration: 0.07
384_source_c1,384PP_AQ_BP,N4,m168,Axygen 384,A10,300,Actual concentration: 0.29
384_source_c1,384PP_AQ_BP,N4,m168,Axygen 384,A14,300,Actual concentration: 0.29
384_source_c1,384PP_AQ_BP,N4,m168,Axygen 384,A16,75,Actual concentration: 0.07
384_source_c1,384PP_AQ_BP,N4,m168,Axygen 384,A18,75,Actual concentration: 0.07
384_source_c1,384PP_AQ_BP,N4,m168,Axygen 384,A20,75,Actual concentration: 0.07
384_source_c1,384PP_AQ_BP,N4,m168,Axygen 384,A22,75,Actual concentration: 0.07
384_source_c1,384PP_AQ_BP,N4,m168,Axygen 384,A24,75,Actual concentration: 0.07
384_source_c1,384PP_AQ_BP,N4,m168,Axygen 384,C2,300,Actual concentration: 0.29
384_source_c1,384PP_AQ_BP,N4,m168,Axygen 384,C4,75,Actual concentration: 0.07
384_source_c1,384PP_AQ_BP,N4,m168,Axygen 384,C6,75,Actual concentration: 0.07
384_source_c1,384PP_AQ_BP,N4,m168,Axygen 384,C8,75,Actual concentration: 0.07
384_source_c1,384PP_AQ_BP,N4,m168,Axygen 384,C10,300,Actual concentration: 0.29
384_source_c1,384PP_AQ_BP,N4,m168,Axygen 384,C12,300,Actual concentration: 0.29
384_source_c1,384PP_AQ_BP,N4,m168,Axygen 384,C14,75,Actual concentration: 0.07
384_source_c1,384PP_AQ_BP,N4,m168,Axygen 384,C18,75,Actual concentration: 0.07
384_source_c1,384PP_AQ_BP,N4,m168,Axygen 384,C20,75,Actual concentration: 0.07
384_source_c1,384PP_AQ_BP,N4,m168,Axygen 384,C22,300,Actual concentration: 0.29
384_source_c1,384PP_AQ_BP,N4,m168,Axygen 384,C24,300,Actual concentration: 0.29
384_source_c1,384PP_AQ_BP,N4,m168,Axygen 384,E4,75,Actual concentration: 0.07
384_source_c1,384PP_AQ_BP,N4,m168,Axygen 384,E6,75,Actual concentration: 0.07
384_source_c1,384PP_AQ_BP,N4,m168,Axygen 384,E8,75,Actual concentration: 0.07
384_source_c1,384PP_AQ_BP,N4,m168,Axygen 384,E10,300,Actual concentration: 0.29
384_source_c1,384PP_AQ_BP,N4,m168,Axygen 384,E12,75,Actual concentration: 0.07
384_source_c1,384PP_AQ_BP,N4,m168,Axygen 384,E14,75,Actual concentration: 0.07
384_source_c1,384PP_AQ_BP,N4,m168,Axygen 384,E16,300,Actual concentration: 0.29
384_source_c1,384PP_AQ_BP,N4,m168,Axygen 384,E18,300,Actual concentration: 0.29
384_source_c1,384PP_AQ_BP,N4,m168,Axygen 384,E20,300,Actual concentration: 0.29
384_source_c1,384PP_AQ_BP,N4,m168,Axygen 384,E22,75,Actual concentration: 0.07
384_source_c1,384PP_AQ_BP,N4,m168,Axygen 384,E24,300,Actual concentration: 0.29
384_source_c1,384PP_AQ_BP,N6,m168,Axygen 384,G2,75,Actual concentration: 0.07
384_source_c1,384PP_AQ_BP,N6,m168,Axygen 384,G4,75,Actual concentration: 0.07
384_source_c1,384PP_AQ_BP,N6,m168,Axygen 384,G6,75,Actual concentration: 0.07
384_source_c1,384PP_AQ_BP,N6,m168,Axygen 384,G8,75,Actual concentration: 0.07
384_source_c1,384PP_AQ_BP,N6,m168,Axygen 384,G10,75,Actual concentration: 0.07
384_source_c1,384PP_AQ_BP,N6,m168,Axygen 384,G12,300,Actual concentration: 0.29
384_source_c1,384PP_AQ_BP,N6,m168,Axygen 384,G14,300,Actual concentration: 0.29
384_source_c1,384PP_AQ_BP,N6,m168,Axygen 384,G16,75,Actual concentration: 0.07
384_source_c1,384PP_AQ_BP,N6,m168,Axygen 384,G20,300,Actual concentration: 0.29
384_source_c1,384PP_AQ_BP,N6,m168,Axygen 384,G22,300,Actual concentration: 0.29
384_source_c1,384PP_AQ_BP,N6,m168,Axygen 384,G24,75,Actual concentration: 0.07
384_source_c1,384PP_AQ_BP,N6,m168,Axygen 384,I2,75,Actual concentration: 0.07
384_source_c1,384PP_AQ_BP,N6,m168,Axygen 384,I4,75,Actual concentration: 0.07
384_source_c1,384PP_AQ_BP,N6,m168,Axygen 384,I6,75,Actual concentration: 0.07
384_source_c1,384PP_AQ_BP,N6,m168,Axygen 384,I8,300,Actual concentration: 0.29
384_source_c1,384PP_AQ_BP,N6,m168,Axygen 384,I10,75,Actual concentration: 0.07
384_source_c1,384PP_AQ_BP,N6,m168,Axygen 384,I12,300,Actual concentration: 0.29
384_source_c1,384PP_AQ_BP,N6,m168,Axygen 384,I14,75,Actual concentration: 0.07
384_source_c1,384PP_AQ_BP,N6,m168,Axygen 384,I16,300,Actual concentration: 0.29
384_source_c1,384PP_AQ_BP,N6,m168,Axygen 384,I18,75,Actual concentration: 0.07
384_source_c1,384PP_AQ_BP,N6,m168,Axygen 384,I22,300,Actual concentration: 0.29
384_source_c1,384PP_AQ_BP,N6,m168,Axygen 384,I24,300,Actual concentration: 0.29
384_source_c1,384PP_AQ_BP,N6,m168,Axygen 384,K2,300,Actual concentration: 0.29
384_source_c1,384PP_AQ_BP,N6,m168,Axygen 384,K4,300,Actual concentration: 0.29
384_source_c1,384PP_AQ_BP,N6,m168,Axygen 384,K6,75,Actual concentration: 0.07
384_source_c1,384PP_AQ_BP,N6,m168,Axygen 384,K8,300,Actual concentration: 0.29
384_source_c1,384PP_AQ_BP,N6,m168,Axygen 384,K10,300,Actual concentration: 0.29
384_source_c1,384PP_AQ_BP,N6,m168,Axygen 384,K12,300,Actual concentration: 0.29
384_source_c1,384PP_AQ_BP,N6,m168,Axygen 384,K14,75,Actual concentration: 0.07
384_source_c1,384PP_AQ_BP,N6,m168,Axygen 384,K16,300,Actual concentration: 0.29
384_source_c1,384PP_AQ_BP,N6,m168,Axygen 384,K18,575,Actual concentration: 0.55
384_source_c1,384PP_AQ_BP,N6,m168,Axygen 384,K20,300,Actual concentration: 0.29
384_source_c1,384PP_AQ_BP,N6,m168,Axygen 384,K22,300,Actual concentration: 0.29
384_source_c1,384PP_AQ_BP,N6,m168,Axygen 384,K24,75,Actual concentration: 0.07
384_source_c1,384PP_AQ_BP,N6,m168,Axygen 384,M4,75,Actual concentration: 0.07
384_source_c1,384PP_AQ_BP,N6,m168,Axygen 384,M6,75,Actual concentration: 0.07
384_source_c1,384PP_AQ_BP,N6,m168,Axygen 384,M8,300,Actual concentration: 0.29
384_source_c1,384PP_AQ_BP,N6,m168,Axygen 384,M10,75,Actual concentration: 0.07
384_source_c1,384PP_AQ_BP,N6,m168,Axygen 384,M12,300,Actual concentration: 0.29
384_source_c1,384PP_AQ_BP,N6,m168,Axygen 384,M16,75,Actual concentration: 0.07
384_source_c1,384PP_AQ_BP,N6,m168,Axygen 384,M18,300,Actual concentration: 0.29
384_source_c1,384PP_AQ_BP,N6,m168,Axygen 384,M20,75,Actual concentration: 0.07
384_source_c1,384PP_AQ_BP,N6,m168,Axygen 384,M22,300,Actual concentration: 0.29
384_source_c1,384PP_AQ_BP,N6,m168,Axygen 384,M24,75,Actual concentration: 0.07
384_source_c1,384PP_AQ_BP,N6,m168,Axygen 384,O2,75,Actual concentration: 0.07
384_source_c1,384PP_AQ_BP,N6,m168,Axygen 384,O4,75,Actual concentration: 0.07
384_source_c1,384PP_AQ_BP,N6,m168,Axygen 384,O8,300,Actual concentration: 0.29
384_source_c1,384PP_AQ_BP,N6,m168,Axygen 384,O14,75,Actual concentration: 0.07
384_source_c1,384PP_AQ_BP,N6,m168,Axygen 384,O16,300,Actual concentration: 0.29
384_source_c1,384PP_AQ_BP,N6,m168,Axygen 384,O18,300,Actual concentration: 0.29
384_source_c1,384PP_AQ_BP,N6,m168,Axygen 384,O20,75,Actual concentration: 0.07
384_source_c1,384PP_AQ_BP,N6,m168,Axygen 384,O22,275,Actual concentration: 0.26
384_source_c1,384PP_AQ_BP,N8,m168,Axygen 384,O22,25,Actual concentration: 0.02
384_source_c1,384PP_AQ_BP,N8,m168,Axygen 384,O24,75,Actual concentration: 0.07
384_source_c1,384PP_AQ_BP,N8,m168,Axygen 384,B1,75,Actual concentration: 0.07
384_source_c1,384PP_AQ_BP,N8,m168,Axygen 384,B3,75,Actual concentration: 0.07
384_source_c1,384PP_AQ_BP,N8,m168,Axygen 384,B5,300,Actual concentration: 0.29
384_source_c1,384PP_AQ_BP,N8,m168,Axygen 384,B7,300,Actual concentration: 0.29
384_source_c1,384PP_AQ_BP,N8,m168,Axygen 384,B9,75,Actual concentration: 0.07
384_source_c1,384PP_AQ_BP,N8,m168,Axygen 384,B11,75,Actual concentration: 0.07
384_source_c1,384PP_AQ_BP,N8,m168,Axygen 384,B13,75,Actual concentration: 0.07
384_source_c1,384PP_AQ_BP,N8,m168,Axygen 384,B15,300,Actual concentration: 0.29
384_source_c1,384PP_AQ_BP,N8,m168,Axygen 384,B17,75,Actual concentration: 0.07
384_source_c1,384PP_AQ_BP,N8,m168,Axygen 384,B19,575,Actual concentration: 0.55
384_source_c1,384PP_AQ_BP,N8,m168,Axygen 384,B21,75,Actual concentration: 0.07
384_source_c1,384PP_AQ_BP,N8,m168,Axygen 384,B23,300,Actual concentration: 0.29
384_source_c1,384PP_AQ_BP,N8,m168,Axygen 384,D3,75,Actual concentration: 0.07
384_source_c1,384PP_AQ_BP,N8,m168,Axygen 384,D7,75,Actual concentration: 0.07
384_source_c1,384PP_AQ_BP,N8,m168,Axygen 384,D9,300,Actual concentration: 0.29
384_source_c1,384PP_AQ_BP,N8,m168,Axygen 384,D11,75,Actual concentration: 0.07
384_source_c1,384PP_AQ_BP,N8,m168,Axygen 384,D13,300,Actual concentration: 0.29
384_source_c1,384PP_AQ_BP,N8,m168,Axygen 384,D17,75,Actual concentration: 0.07
384_source_c1,384PP_AQ_BP,N8,m168,Axygen 384,D19,300,Actual concentration: 0.29
384_source_c1,384PP_AQ_BP,N8,m168,Axygen 384,D23,300,Actual concentration: 0.29
384_source_c1,384PP_AQ_BP,N8,m168,Axygen 384,F1,75,Actual concentration: 0.07
384_source_c1,384PP_AQ_BP,N8,m168,Axygen 384,F5,300,Actual concentration: 0.29
384_source_c1,384PP_AQ_BP,N8,m168,Axygen 384,F7,300,Actual concentration: 0.29
384_source_c1,384PP_AQ_BP,N8,m168,Axygen 384,F11,300,Actual concentration: 0.29
384_source_c1,384PP_AQ_BP,N8,m168,Axygen 384,F13,75,Actual concentration: 0.07
384_source_c1,384PP_AQ_BP,N8,m168,Axygen 384,F15,300,Actual concentration: 0.29
384_source_c1,384PP_AQ_BP,N8,m168,Axygen 384,F17,300,Actual concentration: 0.29
384_source_c1,384PP_AQ_BP,N8,m168,Axygen 384,F19,75,Actual concentration: 0.07
384_source_c1,384PP_AQ_BP,N8,m168,Axygen 384,F21,75,Actual concentration: 0.07
384_source_c1,384PP_AQ_BP,N8,m168,Axygen 384,F23,300,Actual concentration: 0.29
384_source_c1,384PP_AQ_BP,N8,m168,Axygen 384,H1,300,Actual concentration: 0.29
384_source_c1,384PP_AQ_BP,N8,m168,Axygen 384,H3,75,Actual concentration: 0.07
384_source_c1,384PP_AQ_BP,N8,m168,Axygen 384,H5,75,Actual concentration: 0.07
384_source_c1,384PP_AQ_BP,N8,m168,Axygen 384,H7,75,Actual concentration: 0.07
384_source_c1,384PP_AQ_BP,N8,m168,Axygen 384,H9,300,Actual concentration: 0.29
384_source_c1,384PP_AQ_BP,N8,m168,Axygen 384,H11,75,Actual concentration: 0.07
384_source_c1,384PP_AQ_BP,N8,m168,Axygen 384,H13,300,Actual concentration: 0.29
384_source_c1,384PP_AQ_BP,N8,m168,Axygen 384,H15,75,Actual concentration: 0.07
384_source_c1,384PP_AQ_BP,N8,m168,Axygen 384,H21,75,Actual concentration: 0.07
384_source_c1,384PP_AQ_BP,N8,m168,Axygen 384,J1,300,Actual concentration: 0.29
384_source_c1,384PP_AQ_BP,N8,m168,Axygen 384,J3,75,Actual concentration: 0.07
384_source_c1,384PP_AQ_BP,N8,m168,Axygen 384,J5,300,Actual concentration: 0.29
384_source_c1,384PP_AQ_BP,N8,m168,Axygen 384,J7,300,Actual concentration: 0.29
384_source_c1,384PP_AQ_BP,N8,m168,Axygen 384,J9,300,Actual concentration: 0.29
384_source_c1,384PP_AQ_BP,N8,m168,Axygen 384,J11,75,Actual concentration: 0.07
384_source_c1,384PP_AQ_BP,N8,m168,Axygen 384,J13,300,Actual concentration: 0.29
384_source_c1,384PP_AQ_BP,N8,m168,Axygen 384,J15,300,Actual concentration: 0.29
384_source_c1,384PP_AQ_BP,N8,m168,Axygen 384,J17,300,Actual concentration: 0.29
384_source_c1,384PP_AQ_BP,N8,m168,Axygen 384,J19,300,Actual concentration: 0.29
384_source_c1,384PP_AQ_BP,N8,m168,Axygen 384,J21,100,Actual concentration: 0.10
384_source_c1,384PP_AQ_BP,N10,m168,Axygen 384,J21,200,Actual concentration: 0.19
384_source_c1,384PP_AQ_BP,N10,m168,Axygen 384,J23,300,Actual concentration: 0.29
384_source_c1,384PP_AQ_BP,N10,m168,Axygen 384,L1,75,Actual concentration: 0.07
384_source_c1,384PP_AQ_BP,N10,m168,Axygen 384,L5,75,Actual concentration: 0.07
384_source_c1,384PP_AQ_BP,N10,m168,Axygen 384,L7,75,Actual concentration: 0.07
384_source_c1,384PP_AQ_BP,N10,m168,Axygen 384,L9,300,Actual concentration: 0.29
384_source_c1,384PP_AQ_BP,N10,m168,Axygen 384,L11,75,Actual concentration: 0.07
384_source_c1,384PP_AQ_BP,N10,m168,Axygen 384,L13,75,Actual concentration: 0.07
384_source_c1,384PP_AQ_BP,N10,m168,Axygen 384,L15,75,Actual concentration: 0.07
384_source_c1,384PP_AQ_BP,N10,m168,Axygen 384,L17,300,Actual concentration: 0.29
384_source_c1,384PP_AQ_BP,N10,m168,Axygen 384,L19,300,Actual concentration: 0.29
384_source_c1,384PP_AQ_BP,N10,m168,Axygen 384,L21,75,Actual concentration: 0.07
384_source_c1,384PP_AQ_BP,N10,m168,Axygen 384,N1,300,Actual concentration: 0.29
384_source_c1,384PP_AQ_BP,N10,m168,Axygen 384,N3,75,Actual concentration: 0.07
384_source_c1,384PP_AQ_BP,N10,m168,Axygen 384,N5,75,Actual concentration: 0.07
384_source_c1,384PP_AQ_BP,N10,m168,Axygen 384,N7,75,Actual concentration: 0.07
384_source_c1,384PP_AQ_BP,N10,m168,Axygen 384,N9,75,Actual concentration: 0.07
384_source_c1,384PP_AQ_BP,N10,m168,Axygen 384,N15,75,Actual concentration: 0.07
384_source_c1,384PP_AQ_BP,N10,m168,Axygen 384,N17,300,Actual concentration: 0.29
384_source_c1,384PP_AQ_BP,N10,m168,Axygen 384,N19,300,Actual concentration: 0.29
384_source_c1,384PP_AQ_BP,N10,m168,Axygen 384,N21,75,Actual concentration: 0.07
384_source_c1,384PP_AQ_BP,N10,m168,Axygen 384,N23,75,Actual concentration: 0.07
384_source_c1,384PP_AQ_BP,N10,m168,Axygen 384,P1,75,Actual concentration: 0.07
384_source_c1,384PP_AQ_BP,N10,m168,Axygen 384,P3,75,Actual concentration: 0.07
384_source_c1,384PP_AQ_BP,N10,m168,Axygen 384,P5,300,Actual concentration: 0.29
384_source_c1,384PP_AQ_BP,N10,m168,Axygen 384,P7,75,Actual concentration: 0.07
384_source_c1,384PP_AQ_BP,N10,m168,Axygen 384,P9,75,Actual concentration: 0.07
384_source_c1,384PP_AQ_BP,N10,m168,Axygen 384,P11,75,Actual concentration: 0.07
384_source_c1,384PP_AQ_BP,N10,m168,Axygen 384,P13,75,Actual concentration: 0.07
384_source_c1,384PP_AQ_BP,N10,m168,Axygen 384,P15,300,Actual concentration: 0.29
384_source_c1,384PP_AQ_BP,N10,m168,Axygen 384,P17,75,Actual concentration: 0.07
384_source_c1,384PP_AQ_BP,N10,m168,Axygen 384,P19,300,Actual concentration: 0.29
384_source_c1,384PP_AQ_BP,N10,m168,Axygen 384,P21,75,Actual concentration: 0.07
384_source_c1,384PP_AQ_BP,N10,m168,Axygen 384,P23,300,Actual concentration: 0.29
384_source_c1,384PP_AQ_BP,N10,m168,Axygen 384,B2,75,Actual concentration: 0.07
384_source_c1,384PP_AQ_BP,N10,m168,Axygen 384,B4,75,Actual concentration: 0.07
384_source_c1,384PP_AQ_BP,N10,m168,Axygen 384,B6,300,Actual concentration: 0.29
384_source_c1,384PP_AQ_BP,N10,m168,Axygen 384,B8,300,Actual concentration: 0.29
384_source_c1,384PP_AQ_BP,N10,m168,Axygen 384,B10,75,Actual concentration: 0.07
384_source_c1,384PP_AQ_BP,N10,m168,Axygen 384,B12,75,Actual concentration: 0.07
384_source_c1,384PP_AQ_BP,N10,m168,Axygen 384,B14,75,Actual concentration: 0.07
384_source_c1,384PP_AQ_BP,N10,m168,Axygen 384,B16,75,Actual concentration: 0.07
384_source_c1,384PP_AQ_BP,N10,m168,Axygen 384,B18,75,Actual concentration: 0.07
384_source_c1,384PP_AQ_BP,N10,m168,Axygen 384,B20,300,Actual concentration: 0.29
384_source_c1,384PP_AQ_BP,N10,m168,Axygen 384,B22,300,Actual concentration: 0.29
384_source_c1,384PP_AQ_BP,N10,m168,Axygen 384,B24,75,Actual concentration: 0.07
384_source_c1,384PP_AQ_BP,N10,m168,Axygen 384,D2,75,Actual concentration: 0.07
384_source_c1,384PP_AQ_BP,N10,m168,Axygen 384,D4,300,Actual concentration: 0.29
384_source_c1,384PP_AQ_BP,N10,m168,Axygen 384,D6,75,Actual concentration: 0.07
384_source_c1,384PP_AQ_BP,N10,m168,Axygen 384,D8,300,Actual concentration: 0.29
384_source_c1,384PP_AQ_BP,N10,m168,Axygen 384,D12,300,Actual concentration: 0.29
384_source_c1,384PP_AQ_BP,N10,m168,Axygen 384,D14,300,Actual concentration: 0.29
384_source_c1,384PP_AQ_BP,N10,m168,Axygen 384,D18,575,Actual concentration: 0.55
384_source_c1,384PP_AQ_BP,N10,m168,Axygen 384,D20,300,Actual concentration: 0.29
384_source_c1,384PP_AQ_BP,N10,m168,Axygen 384,D22,300,Actual concentration: 0.29
384_source_c1,384PP_AQ_BP,N10,m168,Axygen 384,D24,300,Actual concentration: 0.29
384_source_c1,384PP_AQ_BP,N10,m168,Axygen 384,F2,225,Actual concentration: 0.22
384_source_c1,384PP_AQ_BP,N12,m168,Axygen 384,F2,75,Actual concentration: 0.07
384_source_c1,384PP_AQ_BP,N12,m168,Axygen 384,F6,300,Actual concentration: 0.29
384_source_c1,384PP_AQ_BP,N12,m168,Axygen 384,F10,300,Actual concentration: 0.29
384_source_c1,384PP_AQ_BP,N12,m168,Axygen 384,F12,300,Actual concentration: 0.29
384_source_c1,384PP_AQ_BP,N12,m168,Axygen 384,F16,75,Actual concentration: 0.07
384_source_c1,384PP_AQ_BP,N12,m168,Axygen 384,F18,300,Actual concentration: 0.29
384_source_c1,384PP_AQ_BP,N12,m168,Axygen 384,F20,300,Actual concentration: 0.29
384_source_c1,384PP_AQ_BP,N12,m168,Axygen 384,F22,75,Actual concentration: 0.07
384_source_c1,384PP_AQ_BP,N12,m168,Axygen 384,F24,75,Actual concentration: 0.07
384_source_c1,384PP_AQ_BP,N12,m168,Axygen 384,H2,300,Actual concentration: 0.29
384_source_c1,384PP_AQ_BP,N12,m168,Axygen 384,H4,75,Actual concentration: 0.07
384_source_c1,384PP_AQ_BP,N12,m168,Axygen 384,H6,75,Actual concentration: 0.07
384_source_c1,384PP_AQ_BP,N12,m168,Axygen 384,H8,300,Actual concentration: 0.29
384_source_c1,384PP_AQ_BP,N12,m168,Axygen 384,H12,75,Actual concentration: 0.07
384_source_c1,384PP_AQ_BP,N12,m168,Axygen 384,H14,75,Actual concentration: 0.07
384_source_c1,384PP_AQ_BP,N12,m168,Axygen 384,H16,300,Actual concentration: 0.29
384_source_c1,384PP_AQ_BP,N12,m168,Axygen 384,H18,75,Actual concentration: 0.07
384_source_c1,384PP_AQ_BP,N12,m168,Axygen 384,H20,75,Actual concentration: 0.07
384_source_c1,384PP_AQ_BP,N12,m168,Axygen 384,H22,75,Actual concentration: 0.07
384_source_c1,384PP_AQ_BP,N12,m168,Axygen 384,H24,300,Actual concentration: 0.29
384_source_c1,384PP_AQ_BP,N12,m168,Axygen 384,J2,75,Actual concentration: 0.07
384_source_c1,384PP_AQ_BP,N12,m168,Axygen 384,J6,75,Actual concentration: 0.07
384_source_c1,384PP_AQ_BP,N12,m168,Axygen 384,J8,75,Actual concentration: 0.07
384_source_c1,384PP_AQ_BP,N12,m168,Axygen 384,J10,75,Actual concentration: 0.07
384_source_c1,384PP_AQ_BP,N12,m168,Axygen 384,J12,75,Actual concentration: 0.07
384_source_c1,384PP_AQ_BP,N12,m168,Axygen 384,J16,300,Actual concentration: 0.29
384_source_c1,384PP_AQ_BP,N12,m168,Axygen 384,J18,75,Actual concentration: 0.07
384_source_c1,384PP_AQ_BP,N12,m168,Axygen 384,J20,300,Actual concentration: 0.29
384_source_c1,384PP_AQ_BP,N12,m168,Axygen 384,J22,300,Actual concentration: 0.29
384_source_c1,384PP_AQ_BP,N12,m168,Axygen 384,J24,75,Actual concentration: 0.07
384_source_c1,384PP_AQ_BP,N12,m168,Axygen 384,L2,300,Actual concentration: 0.29
384_source_c1,384PP_AQ_BP,N12,m168,Axygen 384,L4,300,Actual concentration: 0.29
384_source_c1,384PP_AQ_BP,N12,m168,Axygen 384,L6,75,Actual concentration: 0.07
384_source_c1,384PP_AQ_BP,N12,m168,Axygen 384,L8,75,Actual concentration: 0.07
384_source_c1,384PP_AQ_BP,N12,m168,Axygen 384,L10,300,Actual concentration: 0.29
384_source_c1,384PP_AQ_BP,N12,m168,Axygen 384,L12,300,Actual concentration: 0.29
384_source_c1,384PP_AQ_BP,N12,m168,Axygen 384,L16,300,Actual concentration: 0.29
384_source_c1,384PP_AQ_BP,N12,m168,Axygen 384,L18,300,Actual concentration: 0.29
384_source_c1,384PP_AQ_BP,N12,m168,Axygen 384,L20,75,Actual concentration: 0.07
384_source_c1,384PP_AQ_BP,N12,m168,Axygen 384,L22,75,Actual concentration: 0.07
384_source_c1,384PP_AQ_BP,N12,m168,Axygen 384,L24,75,Actual concentration: 0.07
384_source_c1,384PP_AQ_BP,N12,m168,Axygen 384,N4,75,Actual concentration: 0.07
384_source_c1,384PP_AQ_BP,N12,m168,Axygen 384,N6,300,Actual concentration: 0.29
384_source_c1,384PP_AQ_BP,N12,m168,Axygen 384,N8,300,Actual concentration: 0.29
384_source_c1,384PP_AQ_BP,N12,m168,Axygen 384,N10,75,Actual concentration: 0.07
384_source_c1,384PP_AQ_BP,N12,m168,Axygen 384,N14,300,Actual concentration: 0.29
384_source_c1,384PP_AQ_BP,N12,m168,Axygen 384,N16,75,Actual concentration: 0.07
384_source_c1,384PP_AQ_BP,N12,m168,Axygen 384,N18,75,Actual concentration: 0.07
384_source_c1,384PP_AQ_BP,N12,m168,Axygen 384,N20,75,Actual concentration: 0.07
384_source_c1,384PP_AQ_BP,N12,m168,Axygen 384,N22,75,Actual concentration: 0.07
384_source_c1,384PP_AQ_BP,N12,m168,Axygen 384,P2,300,Actual concentration: 0.29
384_source_c1,384PP_AQ_BP,N12,m168,Axygen 384,P4,75,Actual concentration: 0.07
384_source_c1,384PP_AQ_BP,N12,m168,Axygen 384,P6,300,Actual concentration: 0.29
384_source_c1,384PP_AQ_BP,N12,m168,Axygen 384,P8,75,Actual concentration: 0.07
384_source_c1,384PP_AQ_BP,N12,m168,Axygen 384,P10,75,Actual concentration: 0.07
384_source_c1,384PP_AQ_BP,N12,m168,Axygen 384,P12,300,Actual concentration: 0.29
384_source_c1,384PP_AQ_BP,N12,m168,Axygen 384,P16,75,Actual concentration: 0.07
384_source_c1,384PP_AQ_BP,N12,m168,Axygen 384,P18,75,Actual concentration: 0.07
384_source_c1,384PP_AQ_BP,N12,m168,Axygen 384,P20,250,Actual concentration: 0.24
384_source_c1,384PP_AQ_BP,N14,m168,Axygen 384,P20,50,Actual concentration: 0.05
384_source_c1,384PP_AQ_BP,N14,m168,Axygen 384,P22,75,Actual concentration: 0.07
384_source_c1,384PP_AQ_BP,N14,m168,Axygen 384,P24,75,Actual concentration: 0.07
384_source_c1,384PP_AQ_BP,P2,m169,Axygen 384,A1,75,Actual concentration: 0.07
384_source_c1,384PP_AQ_BP,P2,m169,Axygen 384,A3,75,Actual concentration: 0.07
384_source_c1,384PP_AQ_BP,P2,m169,Axygen 384,A5,75,Actual concentration: 0.07
384_source_c1,384PP_AQ_BP,P2,m169,Axygen 384,A7,75,Actual concentration: 0.07
384_source_c1,384PP_AQ_BP,P2,m169,Axygen 384,A9,75,Actual concentration: 0.07
384_source_c1,384PP_AQ_BP,P2,m169,Axygen 384,A11,75,Actual concentration: 0.07
384_source_c1,384PP_AQ_BP,P2,m169,Axygen 384,A13,325,Actual concentration: 0.29
384_source_c1,384PP_AQ_BP,P2,m169,Axygen 384,A15,75,Actual concentration: 0.07
384_source_c1,384PP_AQ_BP,P2,m169,Axygen 384,A17,75,Actual concentration: 0.07
384_source_c1,384PP_AQ_BP,P2,m169,Axygen 384,A19,75,Actual concentration: 0.07
384_source_c1,384PP_AQ_BP,P2,m169,Axygen 384,A21,75,Actual concentration: 0.07
384_source_c1,384PP_AQ_BP,P2,m169,Axygen 384,A23,75,Actual concentration: 0.07
384_source_c1,384PP_AQ_BP,P2,m169,Axygen 384,C1,75,Actual concentration: 0.07
384_source_c1,384PP_AQ_BP,P2,m169,Axygen 384,C3,325,Actual concentration: 0.29
384_source_c1,384PP_AQ_BP,P2,m169,Axygen 384,C5,75,Actual concentration: 0.07
384_source_c1,384PP_AQ_BP,P2,m169,Axygen 384,C7,325,Actual concentration: 0.29
384_source_c1,384PP_AQ_BP,P2,m169,Axygen 384,C9,75,Actual concentration: 0.07
384_source_c1,384PP_AQ_BP,P2,m169,Axygen 384,C11,75,Actual concentration: 0.07
384_source_c1,384PP_AQ_BP,P2,m169,Axygen 384,C13,75,Actual concentration: 0.07
384_source_c1,384PP_AQ_BP,P2,m169,Axygen 384,C15,325,Actual concentration: 0.29
384_source_c1,384PP_AQ_BP,P2,m169,Axygen 384,C17,75,Actual concentration: 0.07
384_source_c1,384PP_AQ_BP,P2,m169,Axygen 384,C19,75,Actual concentration: 0.07
384_source_c1,384PP_AQ_BP,P2,m169,Axygen 384,C21,75,Actual concentration: 0.07
384_source_c1,384PP_AQ_BP,P2,m169,Axygen 384,C23,325,Actual concentration: 0.29
384_source_c1,384PP_AQ_BP,P2,m169,Axygen 384,E1,75,Actual concentration: 0.07
384_source_c1,384PP_AQ_BP,P2,m169,Axygen 384,E3,75,Actual concentration: 0.07
384_source_c1,384PP_AQ_BP,P2,m169,Axygen 384,E5,325,Actual concentration: 0.29
384_source_c1,384PP_AQ_BP,P2,m169,Axygen 384,E7,75,Actual concentration: 0.07
384_source_c1,384PP_AQ_BP,P2,m169,Axygen 384,E9,325,Actual concentration: 0.29
384_source_c1,384PP_AQ_BP,P2,m169,Axygen 384,E11,325,Actual concentration: 0.29
384_source_c1,384PP_AQ_BP,P2,m169,Axygen 384,E13,75,Actual concentration: 0.07
384_source_c1,384PP_AQ_BP,P2,m169,Axygen 384,E15,75,Actual concentration: 0.07
384_source_c1,384PP_AQ_BP,P2,m169,Axygen 384,E17,75,Actual concentration: 0.07
384_source_c1,384PP_AQ_BP,P2,m169,Axygen 384,E19,75,Actual concentration: 0.07
384_source_c1,384PP_AQ_BP,P2,m169,Axygen 384,E21,325,Actual concentration: 0.29
384_source_c1,384PP_AQ_BP,P2,m169,Axygen 384,E23,75,Actual concentration: 0.07
384_source_c1,384PP_AQ_BP,P2,m169,Axygen 384,G1,75,Actual concentration: 0.07
384_source_c1,384PP_AQ_BP,P2,m169,Axygen 384,G3,75,Actual concentration: 0.07
384_source_c1,384PP_AQ_BP,P2,m169,Axygen 384,G5,75,Actual concentration: 0.07
384_source_c1,384PP_AQ_BP,P2,m169,Axygen 384,G7,325,Actual concentration: 0.29
384_source_c1,384PP_AQ_BP,P2,m169,Axygen 384,G9,75,Actual concentration: 0.07
384_source_c1,384PP_AQ_BP,P2,m169,Axygen 384,G11,75,Actual concentration: 0.07
384_source_c1,384PP_AQ_BP,P2,m169,Axygen 384,G13,325,Actual concentration: 0.29
384_source_c1,384PP_AQ_BP,P2,m169,Axygen 384,G15,75,Actual concentration: 0.07
384_source_c1,384PP_AQ_BP,P2,m169,Axygen 384,G17,325,Actual concentration: 0.29
384_source_c1,384PP_AQ_BP,P2,m169,Axygen 384,G19,325,Actual concentration: 0.29
384_source_c1,384PP_AQ_BP,P2,m169,Axygen 384,G21,325,Actual concentration: 0.29
384_source_c1,384PP_AQ_BP,P2,m169,Axygen 384,G23,75,Actual concentration: 0.07
384_source_c1,384PP_AQ_BP,P2,m169,Axygen 384,I1,75,Actual concentration: 0.07
384_source_c1,384PP_AQ_BP,P2,m169,Axygen 384,I3,75,Actual concentration: 0.07
384_source_c1,384PP_AQ_BP,P2,m169,Axygen 384,I5,325,Actual concentration: 0.29
384_source_c1,384PP_AQ_BP,P2,m169,Axygen 384,I7,75,Actual concentration: 0.07
384_source_c1,384PP_AQ_BP,P2,m169,Axygen 384,I9,75,Actual concentration: 0.07
384_source_c1,384PP_AQ_BP,P2,m169,Axygen 384,I11,325,Actual concentration: 0.29
384_source_c1,384PP_AQ_BP,P2,m169,Axygen 384,I13,75,Actual concentration: 0.07
384_source_c1,384PP_AQ_BP,P2,m169,Axygen 384,I15,325,Actual concentration: 0.29
384_source_c1,384PP_AQ_BP,P2,m169,Axygen 384,I17,325,Actual concentration: 0.29
384_source_c1,384PP_AQ_BP,P2,m169,Axygen 384,I19,75,Actual concentration: 0.07
384_source_c1,384PP_AQ_BP,P2,m169,Axygen 384,I21,75,Actual concentration: 0.07
384_source_c1,384PP_AQ_BP,P2,m169,Axygen 384,I23,325,Actual concentration: 0.29
384_source_c1,384PP_AQ_BP,P2,m169,Axygen 384,K1,75,Actual concentration: 0.07
384_source_c1,384PP_AQ_BP,P2,m169,Axygen 384,K3,325,Actual concentration: 0.29
384_source_c1,384PP_AQ_BP,P2,m169,Axygen 384,K5,325,Actual concentration: 0.29
384_source_c1,384PP_AQ_BP,P2,m169,Axygen 384,K7,25,Actual concentration: 0.02
384_source_c1,384PP_AQ_BP,P4,m169,Axygen 384,K7,50,Actual concentration: 0.04
384_source_c1,384PP_AQ_BP,P4,m169,Axygen 384,K9,325,Actual concentration: 0.29
384_source_c1,384PP_AQ_BP,P4,m169,Axygen 384,K11,325,Actual concentration: 0.29
384_source_c1,384PP_AQ_BP,P4,m169,Axygen 384,K13,325,Actual concentration: 0.29
384_source_c1,384PP_AQ_BP,P4,m169,Axygen 384,K15,75,Actual concentration: 0.07
384_source_c1,384PP_AQ_BP,P4,m169,Axygen 384,K17,325,Actual concentration: 0.29
384_source_c1,384PP_AQ_BP,P4,m169,Axygen 384,K19,325,Actual concentration: 0.29
384_source_c1,384PP_AQ_BP,P4,m169,Axygen 384,K21,325,Actual concentration: 0.29
384_source_c1,384PP_AQ_BP,P4,m169,Axygen 384,K23,325,Actual concentration: 0.29
384_source_c1,384PP_AQ_BP,P4,m169,Axygen 384,M1,325,Actual concentration: 0.29
384_source_c1,384PP_AQ_BP,P4,m169,Axygen 384,M3,325,Actual concentration: 0.29
384_source_c1,384PP_AQ_BP,P4,m169,Axygen 384,M7,325,Actual concentration: 0.29
384_source_c1,384PP_AQ_BP,P4,m169,Axygen 384,M9,625,Actual concentration: 0.55
384_source_c1,384PP_AQ_BP,P4,m169,Axygen 384,M11,75,Actual concentration: 0.07
384_source_c1,384PP_AQ_BP,P4,m169,Axygen 384,M13,75,Actual concentration: 0.07
384_source_c1,384PP_AQ_BP,P4,m169,Axygen 384,M15,75,Actual concentration: 0.07
384_source_c1,384PP_AQ_BP,P4,m169,Axygen 384,M17,75,Actual concentration: 0.07
384_source_c1,384PP_AQ_BP,P4,m169,Axygen 384,M19,75,Actual concentration: 0.07
384_source_c1,384PP_AQ_BP,P4,m169,Axygen 384,M21,325,Actual concentration: 0.29
384_source_c1,384PP_AQ_BP,P4,m169,Axygen 384,M23,325,Actual concentration: 0.29
384_source_c1,384PP_AQ_BP,P4,m169,Axygen 384,O1,325,Actual concentration: 0.29
384_source_c1,384PP_AQ_BP,P4,m169,Axygen 384,O3,325,Actual concentration: 0.29
384_source_c1,384PP_AQ_BP,P4,m169,Axygen 384,O5,325,Actual concentration: 0.29
384_source_c1,384PP_AQ_BP,P4,m169,Axygen 384,O7,325,Actual concentration: 0.29
384_source_c1,384PP_AQ_BP,P4,m169,Axygen 384,O9,75,Actual concentration: 0.07
384_source_c1,384PP_AQ_BP,P4,m169,Axygen 384,O11,325,Actual concentration: 0.29
384_source_c1,384PP_AQ_BP,P4,m169,Axygen 384,O13,325,Actual concentration: 0.29
384_source_c1,384PP_AQ_BP,P4,m169,Axygen 384,O15,325,Actual concentration: 0.29
384_source_c1,384PP_AQ_BP,P4,m169,Axygen 384,O17,325,Actual concentration: 0.29
384_source_c1,384PP_AQ_BP,P4,m169,Axygen 384,O19,325,Actual concentration: 0.29
384_source_c1,384PP_AQ_BP,P4,m169,Axygen 384,O21,325,Actual concentration: 0.29
384_source_c1,384PP_AQ_BP,P4,m169,Axygen 384,O23,75,Actual concentration: 0.07
384_source_c1,384PP_AQ_BP,P4,m169,Axygen 384,A2,75,Actual concentration: 0.07
384_source_c1,384PP_AQ_BP,P4,m169,Axygen 384,A4,75,Actual concentration: 0.07
384_source_c1,384PP_AQ_BP,P4,m169,Axygen 384,A6,325,Actual concentration: 0.29
384_source_c1,384PP_AQ_BP,P4,m169,Axygen 384,A8,325,Actual concentration: 0.29
384_source_c1,384PP_AQ_BP,P4,m169,Axygen 384,A10,75,Actual concentration: 0.07
384_source_c1,384PP_AQ_BP,P4,m169,Axygen 384,A12,75,Actual concentration: 0.07
384_source_c1,384PP_AQ_BP,P4,m169,Axygen 384,A14,325,Actual concentration: 0.29
384_source_c1,384PP_AQ_BP,P4,m169,Axygen 384,A16,300,Actual concentration: 0.27
384_source_c1,384PP_AQ_BP,P6,m169,Axygen 384,A16,25,Actual concentration: 0.02
384_source_c1,384PP_AQ_BP,P6,m169,Axygen 384,A18,75,Actual concentration: 0.07
384_source_c1,384PP_AQ_BP,P6,m169,Axygen 384,A20,75,Actual concentration: 0.07
384_source_c1,384PP_AQ_BP,P6,m169,Axygen 384,A22,325,Actual concentration: 0.29
384_source_c1,384PP_AQ_BP,P6,m169,Axygen 384,A24,75,Actual concentration: 0.07
384_source_c1,384PP_AQ_BP,P6,m169,Axygen 384,C2,75,Actual concentration: 0.07
384_source_c1,384PP_AQ_BP,P6,m169,Axygen 384,C4,75,Actual concentration: 0.07
384_source_c1,384PP_AQ_BP,P6,m169,Axygen 384,C6,75,Actual concentration: 0.07
384_source_c1,384PP_AQ_BP,P6,m169,Axygen 384,C8,325,Actual concentration: 0.29
384_source_c1,384PP_AQ_BP,P6,m169,Axygen 384,C10,75,Actual concentration: 0.07
384_source_c1,384PP_AQ_BP,P6,m169,Axygen 384,C12,75,Actual concentration: 0.07
384_source_c1,384PP_AQ_BP,P6,m169,Axygen 384,C14,325,Actual concentration: 0.29
384_source_c1,384PP_AQ_BP,P6,m169,Axygen 384,C16,325,Actual concentration: 0.29
384_source_c1,384PP_AQ_BP,P6,m169,Axygen 384,C18,75,Actual concentration: 0.07
384_source_c1,384PP_AQ_BP,P6,m169,Axygen 384,C20,75,Actual concentration: 0.07
384_source_c1,384PP_AQ_BP,P6,m169,Axygen 384,C22,325,Actual concentration: 0.29
384_source_c1,384PP_AQ_BP,P6,m169,Axygen 384,C24,325,Actual concentration: 0.29
384_source_c1,384PP_AQ_BP,P6,m169,Axygen 384,E2,75,Actual concentration: 0.07
384_source_c1,384PP_AQ_BP,P6,m169,Axygen 384,E4,75,Actual concentration: 0.07
384_source_c1,384PP_AQ_BP,P6,m169,Axygen 384,E6,325,Actual concentration: 0.29
384_source_c1,384PP_AQ_BP,P6,m169,Axygen 384,E8,75,Actual concentration: 0.07
384_source_c1,384PP_AQ_BP,P6,m169,Axygen 384,E10,325,Actual concentration: 0.29
384_source_c1,384PP_AQ_BP,P6,m169,Axygen 384,E12,325,Actual concentration: 0.29
384_source_c1,384PP_AQ_BP,P6,m169,Axygen 384,E14,325,Actual concentration: 0.29
384_source_c1,384PP_AQ_BP,P6,m169,Axygen 384,E16,325,Actual concentration: 0.29
384_source_c1,384PP_AQ_BP,P6,m169,Axygen 384,E18,325,Actual concentration: 0.29
384_source_c1,384PP_AQ_BP,P6,m169,Axygen 384,E20,75,Actual concentration: 0.07
384_source_c1,384PP_AQ_BP,P6,m169,Axygen 384,E22,325,Actual concentration: 0.29
384_source_c1,384PP_AQ_BP,P6,m169,Axygen 384,E24,75,Actual concentration: 0.07
384_source_c1,384PP_AQ_BP,P6,m169,Axygen 384,G2,75,Actual concentration: 0.07
384_source_c1,384PP_AQ_BP,P6,m169,Axygen 384,G4,75,Actual concentration: 0.07
384_source_c1,384PP_AQ_BP,P6,m169,Axygen 384,G6,75,Actual concentration: 0.07
384_source_c1,384PP_AQ_BP,P6,m169,Axygen 384,G8,325,Actual concentration: 0.29
384_source_c1,384PP_AQ_BP,P6,m169,Axygen 384,G10,75,Actual concentration: 0.07
384_source_c1,384PP_AQ_BP,P6,m169,Axygen 384,G12,325,Actual concentration: 0.29
384_source_c1,384PP_AQ_BP,P6,m169,Axygen 384,G14,75,Actual concentration: 0.07
384_source_c1,384PP_AQ_BP,P6,m169,Axygen 384,G16,325,Actual concentration: 0.29
384_source_c1,384PP_AQ_BP,P6,m169,Axygen 384,G18,75,Actual concentration: 0.07
384_source_c1,384PP_AQ_BP,P6,m169,Axygen 384,G20,75,Actual concentration: 0.07
384_source_c1,384PP_AQ_BP,P6,m169,Axygen 384,G22,325,Actual concentration: 0.29
384_source_c1,384PP_AQ_BP,P6,m169,Axygen 384,G24,325,Actual concentration: 0.29
384_source_c1,384PP_AQ_BP,P6,m169,Axygen 384,I2,75,Actual concentration: 0.07
384_source_c1,384PP_AQ_BP,P6,m169,Axygen 384,I4,75,Actual concentration: 0.07
384_source_c1,384PP_AQ_BP,P6,m169,Axygen 384,I6,75,Actual concentration: 0.07
384_source_c1,384PP_AQ_BP,P6,m169,Axygen 384,I8,75,Actual concentration: 0.07
384_source_c1,384PP_AQ_BP,P6,m169,Axygen 384,I10,75,Actual concentration: 0.07
384_source_c1,384PP_AQ_BP,P6,m169,Axygen 384,I12,325,Actual concentration: 0.29
384_source_c1,384PP_AQ_BP,P6,m169,Axygen 384,I14,325,Actual concentration: 0.29
384_source_c1,384PP_AQ_BP,P6,m169,Axygen 384,I16,325,Actual concentration: 0.29
384_source_c1,384PP_AQ_BP,P6,m169,Axygen 384,I18,75,Actual concentration: 0.07
384_source_c1,384PP_AQ_BP,P6,m169,Axygen 384,I20,325,Actual concentration: 0.29
384_source_c1,384PP_AQ_BP,P6,m169,Axygen 384,I22,325,Actual concentration: 0.29
384_source_c1,384PP_AQ_BP,P6,m169,Axygen 384,I24,75,Actual concentration: 0.07
384_source_c1,384PP_AQ_BP,P6,m169,Axygen 384,K2,75,Actual concentration: 0.07
384_source_c1,384PP_AQ_BP,P6,m169,Axygen 384,K4,75,Actual concentration: 0.07
384_source_c1,384PP_AQ_BP,P6,m169,Axygen 384,K6,175,Actual concentration: 0.15
384_source_c1,384PP_AQ_BP,P8,m169,Axygen 384,K6,150,Actual concentration: 0.13
384_source_c1,384PP_AQ_BP,P8,m169,Axygen 384,K8,325,Actual concentration: 0.29
384_source_c1,384PP_AQ_BP,P8,m169,Axygen 384,K10,325,Actual concentration: 0.29
384_source_c1,384PP_AQ_BP,P8,m169,Axygen 384,K12,325,Actual concentration: 0.29
384_source_c1,384PP_AQ_BP,P8,m169,Axygen 384,K14,325,Actual concentration: 0.29
384_source_c1,384PP_AQ_BP,P8,m169,Axygen 384,K16,325,Actual concentration: 0.29
384_source_c1,384PP_AQ_BP,P8,m169,Axygen 384,K18,625,Actual concentration: 0.55
384_source_c1,384PP_AQ_BP,P8,m169,Axygen 384,K20,75,Actual concentration: 0.07
384_source_c1,384PP_AQ_BP,P8,m169,Axygen 384,K22,75,Actual concentration: 0.07
384_source_c1,384PP_AQ_BP,P8,m169,Axygen 384,K24,75,Actual concentration: 0.07
384_source_c1,384PP_AQ_BP,P8,m169,Axygen 384,M2,325,Actual concentration: 0.29
384_source_c1,384PP_AQ_BP,P8,m169,Axygen 384,M4,75,Actual concentration: 0.07
384_source_c1,384PP_AQ_BP,P8,m169,Axygen 384,M6,75,Actual concentration: 0.07
384_source_c1,384PP_AQ_BP,P8,m169,Axygen 384,M8,325,Actual concentration: 0.29
384_source_c1,384PP_AQ_BP,P8,m169,Axygen 384,M10,325,Actual concentration: 0.29
384_source_c1,384PP_AQ_BP,P8,m169,Axygen 384,M12,75,Actual concentration: 0.07
384_source_c1,384PP_AQ_BP,P8,m169,Axygen 384,M14,75,Actual concentration: 0.07
384_source_c1,384PP_AQ_BP,P8,m169,Axygen 384,M16,75,Actual concentration: 0.07
384_source_c1,384PP_AQ_BP,P8,m169,Axygen 384,M18,325,Actual concentration: 0.29
384_source_c1,384PP_AQ_BP,P8,m169,Axygen 384,M20,75,Actual concentration: 0.07
384_source_c1,384PP_AQ_BP,P8,m169,Axygen 384,M22,75,Actual concentration: 0.07
384_source_c1,384PP_AQ_BP,P8,m169,Axygen 384,M24,75,Actual concentration: 0.07
384_source_c1,384PP_AQ_BP,P8,m169,Axygen 384,O2,75,Actual concentration: 0.07
384_source_c1,384PP_AQ_BP,P8,m169,Axygen 384,O4,325,Actual concentration: 0.29
384_source_c1,384PP_AQ_BP,P8,m169,Axygen 384,O6,325,Actual concentration: 0.29
384_source_c1,384PP_AQ_BP,P8,m169,Axygen 384,O10,325,Actual concentration: 0.29
384_source_c1,384PP_AQ_BP,P8,m169,Axygen 384,O12,325,Actual concentration: 0.29
384_source_c1,384PP_AQ_BP,P8,m169,Axygen 384,O14,75,Actual concentration: 0.07
384_source_c1,384PP_AQ_BP,P8,m169,Axygen 384,O16,75,Actual concentration: 0.07
384_source_c1,384PP_AQ_BP,P8,m169,Axygen 384,O18,325,Actual concentration: 0.29
384_source_c1,384PP_AQ_BP,P8,m169,Axygen 384,O20,75,Actual concentration: 0.07
384_source_c1,384PP_AQ_BP,P8,m169,Axygen 384,O22,325,Actual concentration: 0.29
384_source_c1,384PP_AQ_BP,P8,m169,Axygen 384,O24,75,Actual concentration: 0.07
384_source_c1,384PP_AQ_BP,P8,m169,Axygen 384,B1,75,Actual concentration: 0.07
384_source_c1,384PP_AQ_BP,P8,m169,Axygen 384,B3,75,Actual concentration: 0.07
384_source_c1,384PP_AQ_BP,P8,m169,Axygen 384,B5,325,Actual concentration: 0.29
384_source_c1,384PP_AQ_BP,P8,m169,Axygen 384,B7,75,Actual concentration: 0.07
384_source_c1,384PP_AQ_BP,P8,m169,Axygen 384,B9,325,Actual concentration: 0.29
384_source_c1,384PP_AQ_BP,P8,m169,Axygen 384,B11,75,Actual concentration: 0.07
384_source_c1,384PP_AQ_BP,P8,m169,Axygen 384,B13,75,Actual concentration: 0.07
384_source_c1,384PP_AQ_BP,P8,m169,Axygen 384,B15,325,Actual concentration: 0.29
384_source_c1,384PP_AQ_BP,P8,m169,Axygen 384,B17,75,Actual concentration: 0.07
384_source_c1,384PP_AQ_BP,P8,m169,Axygen 384,B19,625,Actual concentration: 0.55
384_source_c1,384PP_AQ_BP,P8,m169,Axygen 384,B21,75,Actual concentration: 0.07
384_source_c1,384PP_AQ_BP,P8,m169,Axygen 384,B23,75,Actual concentration: 0.07
384_source_c1,384PP_AQ_BP,P8,m169,Axygen 384,D1,325,Actual concentration: 0.29
384_source_c1,384PP_AQ_BP,P8,m169,Axygen 384,D3,75,Actual concentration: 0.07
384_source_c1,384PP_AQ_BP,P8,m169,Axygen 384,D5,325,Actual concentration: 0.29
384_source_c1,384PP_AQ_BP,P8,m169,Axygen 384,D7,225,Actual concentration: 0.20
384_source_c1,384PP_AQ_BP,P10,m169,Axygen 384,D7,100,Actual concentration: 0.09
384_source_c1,384PP_AQ_BP,P10,m169,Axygen 384,D9,75,Actual concentration: 0.07
384_source_c1,384PP_AQ_BP,P10,m169,Axygen 384,D11,75,Actual concentration: 0.07
384_source_c1,384PP_AQ_BP,P10,m169,Axygen 384,D13,325,Actual concentration: 0.29
384_source_c1,384PP_AQ_BP,P10,m169,Axygen 384,D15,325,Actual concentration: 0.29
384_source_c1,384PP_AQ_BP,P10,m169,Axygen 384,D17,325,Actual concentration: 0.29
384_source_c1,384PP_AQ_BP,P10,m169,Axygen 384,D19,75,Actual concentration: 0.07
384_source_c1,384PP_AQ_BP,P10,m169,Axygen 384,D21,75,Actual concentration: 0.07
384_source_c1,384PP_AQ_BP,P10,m169,Axygen 384,D23,325,Actual concentration: 0.29
384_source_c1,384PP_AQ_BP,P10,m169,Axygen 384,F1,75,Actual concentration: 0.07
384_source_c1,384PP_AQ_BP,P10,m169,Axygen 384,F3,75,Actual concentration: 0.07
384_source_c1,384PP_AQ_BP,P10,m169,Axygen 384,F5,325,Actual concentration: 0.29
384_source_c1,384PP_AQ_BP,P10,m169,Axygen 384,F7,75,Actual concentration: 0.07
384_source_c1,384PP_AQ_BP,P10,m169,Axygen 384,F9,75,Actual concentration: 0.07
384_source_c1,384PP_AQ_BP,P10,m169,Axygen 384,F11,325,Actual concentration: 0.29
384_source_c1,384PP_AQ_BP,P10,m169,Axygen 384,F13,75,Actual concentration: 0.07
384_source_c1,384PP_AQ_BP,P10,m169,Axygen 384,F15,75,Actual concentration: 0.07
384_source_c1,384PP_AQ_BP,P10,m169,Axygen 384,F17,325,Actual concentration: 0.29
384_source_c1,384PP_AQ_BP,P10,m169,Axygen 384,F19,325,Actual concentration: 0.29
384_source_c1,384PP_AQ_BP,P10,m169,Axygen 384,F21,75,Actual concentration: 0.07
384_source_c1,384PP_AQ_BP,P10,m169,Axygen 384,F23,325,Actual concentration: 0.29
384_source_c1,384PP_AQ_BP,P10,m169,Axygen 384,H1,325,Actual concentration: 0.29
384_source_c1,384PP_AQ_BP,P10,m169,Axygen 384,H3,325,Actual concentration: 0.29
384_source_c1,384PP_AQ_BP,P10,m169,Axygen 384,H5,75,Actual concentration: 0.07
384_source_c1,384PP_AQ_BP,P10,m169,Axygen 384,H7,325,Actual concentration: 0.29
384_source_c1,384PP_AQ_BP,P10,m169,Axygen 384,H9,325,Actual concentration: 0.29
384_source_c1,384PP_AQ_BP,P10,m169,Axygen 384,H11,325,Actual concentration: 0.29
384_source_c1,384PP_AQ_BP,P10,m169,Axygen 384,H13,75,Actual concentration: 0.07
384_source_c1,384PP_AQ_BP,P10,m169,Axygen 384,H15,325,Actual concentration: 0.29
384_source_c1,384PP_AQ_BP,P10,m169,Axygen 384,H17,325,Actual concentration: 0.29
384_source_c1,384PP_AQ_BP,P10,m169,Axygen 384,H19,325,Actual concentration: 0.29
384_source_c1,384PP_AQ_BP,P10,m169,Axygen 384,H21,75,Actual concentration: 0.07
384_source_c1,384PP_AQ_BP,P10,m169,Axygen 384,H23,75,Actual concentration: 0.07
384_source_c1,384PP_AQ_BP,P10,m169,Axygen 384,J1,75,Actual concentration: 0.07
384_source_c1,384PP_AQ_BP,P10,m169,Axygen 384,J3,75,Actual concentration: 0.07
384_source_c1,384PP_AQ_BP,P10,m169,Axygen 384,J5,75,Actual concentration: 0.07
384_source_c1,384PP_AQ_BP,P10,m169,Axygen 384,J7,325,Actual concentration: 0.29
384_source_c1,384PP_AQ_BP,P10,m169,Axygen 384,J9,325,Actual concentration: 0.29
384_source_c1,384PP_AQ_BP,P10,m169,Axygen 384,J11,325,Actual concentration: 0.29
384_source_c1,384PP_AQ_BP,P10,m169,Axygen 384,J13,325,Actual concentration: 0.29
384_source_c1,384PP_AQ_BP,P10,m169,Axygen 384,J15,325,Actual concentration: 0.29
384_source_c1,384PP_AQ_BP,P10,m169,Axygen 384,J17,75,Actual concentration: 0.07
384_source_c1,384PP_AQ_BP,P10,m169,Axygen 384,J19,75,Actual concentration: 0.07
384_source_c1,384PP_AQ_BP,P10,m169,Axygen 384,J21,75,Actual concentration: 0.07
384_source_c1,384PP_AQ_BP,P10,m169,Axygen 384,J23,325,Actual concentration: 0.29
384_source_c1,384PP_AQ_BP,P10,m169,Axygen 384,L1,75,Actual concentration: 0.07
384_source_c1,384PP_AQ_BP,P10,m169,Axygen 384,L3,325,Actual concentration: 0.29
384_source_c1,384PP_AQ_BP,P10,m169,Axygen 384,L5,325,Actual concentration: 0.29
384_source_c1,384PP_AQ_BP,P10,m169,Axygen 384,L7,75,Actual concentration: 0.07
384_source_c1,384PP_AQ_BP,P10,m169,Axygen 384,L11,50,Actual concentration: 0.04
384_source_c1,384PP_AQ_BP,P12,m169,Axygen 384,L11,275,Actual concentration: 0.24
384_source_c1,384PP_AQ_BP,P12,m169,Axygen 384,L13,75,Actual concentration: 0.07
384_source_c1,384PP_AQ_BP,P12,m169,Axygen 384,L15,325,Actual concentration: 0.29
384_source_c1,384PP_AQ_BP,P12,m169,Axygen 384,L17,75,Actual concentration: 0.07
384_source_c1,384PP_AQ_BP,P12,m169,Axygen 384,L19,75,Actual concentration: 0.07
384_source_c1,384PP_AQ_BP,P12,m169,Axygen 384,L21,75,Actual concentration: 0.07
384_source_c1,384PP_AQ_BP,P12,m169,Axygen 384,L23,75,Actual concentration: 0.07
384_source_c1,384PP_AQ_BP,P12,m169,Axygen 384,N1,75,Actual concentration: 0.07
384_source_c1,384PP_AQ_BP,P12,m169,Axygen 384,N3,75,Actual concentration: 0.07
384_source_c1,384PP_AQ_BP,P12,m169,Axygen 384,N5,75,Actual concentration: 0.07
384_source_c1,384PP_AQ_BP,P12,m169,Axygen 384,N7,75,Actual concentration: 0.07
384_source_c1,384PP_AQ_BP,P12,m169,Axygen 384,N9,75,Actual concentration: 0.07
384_source_c1,384PP_AQ_BP,P12,m169,Axygen 384,N11,325,Actual concentration: 0.29
384_source_c1,384PP_AQ_BP,P12,m169,Axygen 384,N13,75,Actual concentration: 0.07
384_source_c1,384PP_AQ_BP,P12,m169,Axygen 384,N15,325,Actual concentration: 0.29
384_source_c1,384PP_AQ_BP,P12,m169,Axygen 384,N17,325,Actual concentration: 0.29
384_source_c1,384PP_AQ_BP,P12,m169,Axygen 384,N19,325,Actual concentration: 0.29
384_source_c1,384PP_AQ_BP,P12,m169,Axygen 384,N21,325,Actual concentration: 0.29
384_source_c1,384PP_AQ_BP,P12,m169,Axygen 384,N23,75,Actual concentration: 0.07
384_source_c1,384PP_AQ_BP,P12,m169,Axygen 384,P1,325,Actual concentration: 0.29
384_source_c1,384PP_AQ_BP,P12,m169,Axygen 384,P3,75,Actual concentration: 0.07
384_source_c1,384PP_AQ_BP,P12,m169,Axygen 384,P5,325,Actual concentration: 0.29
384_source_c1,384PP_AQ_BP,P12,m169,Axygen 384,P7,325,Actual concentration: 0.29
384_source_c1,384PP_AQ_BP,P12,m169,Axygen 384,P9,75,Actual concentration: 0.07
384_source_c1,384PP_AQ_BP,P12,m169,Axygen 384,P11,75,Actual concentration: 0.07
384_source_c1,384PP_AQ_BP,P12,m169,Axygen 384,P13,75,Actual concentration: 0.07
384_source_c1,384PP_AQ_BP,P12,m169,Axygen 384,P15,75,Actual concentration: 0.07
384_source_c1,384PP_AQ_BP,P12,m169,Axygen 384,P17,75,Actual concentration: 0.07
384_source_c1,384PP_AQ_BP,P12,m169,Axygen 384,P19,75,Actual concentration: 0.07
384_source_c1,384PP_AQ_BP,P12,m169,Axygen 384,P21,325,Actual concentration: 0.29
384_source_c1,384PP_AQ_BP,P12,m169,Axygen 384,P23,325,Actual concentration: 0.29
384_source_c1,384PP_AQ_BP,P12,m169,Axygen 384,B2,325,Actual concentration: 0.29
384_source_c1,384PP_AQ_BP,P12,m169,Axygen 384,B4,325,Actual concentration: 0.29
384_source_c1,384PP_AQ_BP,P12,m169,Axygen 384,B6,75,Actual concentration: 0.07
384_source_c1,384PP_AQ_BP,P12,m169,Axygen 384,B8,325,Actual concentration: 0.29
384_source_c1,384PP_AQ_BP,P12,m169,Axygen 384,B10,325,Actual concentration: 0.29
384_source_c1,384PP_AQ_BP,P12,m169,Axygen 384,B12,325,Actual concentration: 0.29
384_source_c1,384PP_AQ_BP,P12,m169,Axygen 384,B14,75,Actual concentration: 0.07
384_source_c1,384PP_AQ_BP,P12,m169,Axygen 384,B16,325,Actual concentration: 0.29
384_source_c1,384PP_AQ_BP,P12,m169,Axygen 384,B18,75,Actual concentration: 0.07
384_source_c1,384PP_AQ_BP,P12,m169,Axygen 384,B20,325,Actual concentration: 0.29
384_source_c1,384PP_AQ_BP,P12,m169,Axygen 384,B22,325,Actual concentration: 0.29
384_source_c1,384PP_AQ_BP,P12,m169,Axygen 384,B24,75,Actual concentration: 0.07
384_source_c1,384PP_AQ_BP,P12,m169,Axygen 384,D2,75,Actual concentration: 0.07
384_source_c1,384PP_AQ_BP,P12,m169,Axygen 384,D4,325,Actual concentration: 0.29
384_source_c1,384PP_AQ_BP,P12,m169,Axygen 384,D6,325,Actual concentration: 0.29
384_source_c1,384PP_AQ_BP,P12,m169,Axygen 384,D8,75,Actual concentration: 0.07
384_source_c1,384PP_AQ_BP,P12,m169,Axygen 384,D10,325,Actual concentration: 0.29
384_source_c1,384PP_AQ_BP,P12,m169,Axygen 384,D12,75,Actual concentration: 0.07
384_source_c1,384PP_AQ_BP,P12,m169,Axygen 384,D14,325,Actual concentration: 0.29
384_source_c1,384PP_AQ_BP,P12,m169,Axygen 384,D16,300,Actual concentration: 0.27
384_source_c1,384PP_AQ_BP,P14,m169,Axygen 384,D16,25,Actual concentration: 0.02
384_source_c1,384PP_AQ_BP,P14,m169,Axygen 384,D18,625,Actual concentration: 0.55
384_source_c1,384PP_AQ_BP,P14,m169,Axygen 384,D20,75,Actual concentration: 0.07
384_source_c1,384PP_AQ_BP,P14,m169,Axygen 384,D22,75,Actual concentration: 0.07
384_source_c1,384PP_AQ_BP,P14,m169,Axygen 384,D24,325,Actual concentration: 0.29
384_source_c1,384PP_AQ_BP,P14,m169,Axygen 384,F2,325,Actual concentration: 0.29
384_source_c1,384PP_AQ_BP,P14,m169,Axygen 384,F4,325,Actual concentration: 0.29
384_source_c1,384PP_AQ_BP,P14,m169,Axygen 384,F6,325,Actual concentration: 0.29
384_source_c1,384PP_AQ_BP,P14,m169,Axygen 384,F8,75,Actual concentration: 0.07
384_source_c1,384PP_AQ_BP,P14,m169,Axygen 384,F10,75,Actual concentration: 0.07
384_source_c1,384PP_AQ_BP,P14,m169,Axygen 384,F12,75,Actual concentration: 0.07
384_source_c1,384PP_AQ_BP,P14,m169,Axygen 384,F14,75,Actual concentration: 0.07
384_source_c1,384PP_AQ_BP,P14,m169,Axygen 384,F16,75,Actual concentration: 0.07
384_source_c1,384PP_AQ_BP,P14,m169,Axygen 384,F18,325,Actual concentration: 0.29
384_source_c1,384PP_AQ_BP,P14,m169,Axygen 384,F20,75,Actual concentration: 0.07
384_source_c1,384PP_AQ_BP,P14,m169,Axygen 384,F22,75,Actual concentration: 0.07
384_source_c1,384PP_AQ_BP,P14,m169,Axygen 384,F24,75,Actual concentration: 0.07
384_source_c1,384PP_AQ_BP,P14,m169,Axygen 384,H2,75,Actual concentration: 0.07
384_source_c1,384PP_AQ_BP,P14,m169,Axygen 384,H4,325,Actual concentration: 0.29
384_source_c1,384PP_AQ_BP,P14,m169,Axygen 384,H6,75,Actual concentration: 0.07
384_source_c1,384PP_AQ_BP,P14,m169,Axygen 384,H8,75,Actual concentration: 0.07
384_source_c1,384PP_AQ_BP,P14,m169,Axygen 384,H10,325,Actual concentration: 0.29
384_source_c1,384PP_AQ_BP,P14,m169,Axygen 384,H12,75,Actual concentration: 0.07
384_source_c1,384PP_AQ_BP,P14,m169,Axygen 384,H14,325,Actual concentration: 0.29
384_source_c1,384PP_AQ_BP,P14,m169,Axygen 384,H16,325,Actual concentration: 0.29
384_source_c1,384PP_AQ_BP,P14,m169,Axygen 384,H18,75,Actual concentration: 0.07
384_source_c1,384PP_AQ_BP,P14,m169,Axygen 384,H20,75,Actual concentration: 0.07
384_source_c1,384PP_AQ_BP,P14,m169,Axygen 384,H22,325,Actual concentration: 0.29
384_source_c1,384PP_AQ_BP,P14,m169,Axygen 384,H24,75,Actual concentration: 0.07
384_source_c1,384PP_AQ_BP,P14,m169,Axygen 384,J2,75,Actual concentration: 0.07
384_source_c1,384PP_AQ_BP,P14,m169,Axygen 384,J4,325,Actual concentration: 0.29
384_source_c1,384PP_AQ_BP,P14,m169,Axygen 384,J6,325,Actual concentration: 0.29
384_source_c1,384PP_AQ_BP,P14,m169,Axygen 384,J8,325,Actual concentration: 0.29
384_source_c1,384PP_AQ_BP,P14,m169,Axygen 384,J10,75,Actual concentration: 0.07
384_source_c1,384PP_AQ_BP,P14,m169,Axygen 384,J12,325,Actual concentration: 0.29
384_source_c1,384PP_AQ_BP,P14,m169,Axygen 384,J14,75,Actual concentration: 0.07
384_source_c1,384PP_AQ_BP,P14,m169,Axygen 384,J16,75,Actual concentration: 0.07
384_source_c1,384PP_AQ_BP,P14,m169,Axygen 384,J18,75,Actual concentration: 0.07
384_source_c1,384PP_AQ_BP,P14,m169,Axygen 384,J20,75,Actual concentration: 0.07
384_source_c1,384PP_AQ_BP,P14,m169,Axygen 384,J22,325,Actual concentration: 0.29
384_source_c1,384PP_AQ_BP,P14,m169,Axygen 384,J24,75,Actual concentration: 0.07
384_source_c1,384PP_AQ_BP,P14,m169,Axygen 384,L2,325,Actual concentration: 0.29
384_source_c1,384PP_AQ_BP,P14,m169,Axygen 384,L4,325,Actual concentration: 0.29
384_source_c1,384PP_AQ_BP,P14,m169,Axygen 384,L6,75,Actual concentration: 0.07
384_source_c1,384PP_AQ_BP,P14,m169,Axygen 384,L8,75,Actual concentration: 0.07
384_source_c1,384PP_AQ_BP,P14,m169,Axygen 384,L10,75,Actual concentration: 0.07
384_source_c1,384PP_AQ_BP,P14,m169,Axygen 384,L12,75,Actual concentration: 0.07
384_source_c1,384PP_AQ_BP,P14,m169,Axygen 384,L14,75,Actual concentration: 0.07
384_source_c1,384PP_AQ_BP,P14,m169,Axygen 384,L16,325,Actual concentration: 0.29
384_source_c1,384PP_AQ_BP,P14,m169,Axygen 384,L18,325,Actual concentration: 0.29
384_source_c1,384PP_AQ_BP,P14,m169,Axygen 384,L20,325,Actual concentration: 0.29
384_source_c1,384PP_AQ_BP,P14,m169,Axygen 384,L22,75,Actual concentration: 0.07
384_source_c1,384PP_AQ_BP,P14,m169,Axygen 384,L24,75,Actual concentration: 0.07
384_source_c1,384PP_AQ_BP,P14,m169,Axygen 384,N2,75,Actual concentration: 0.07
384_source_c1,384PP_AQ_BP,P14,m169,Axygen 384,N4,325,Actual concentration: 0.29
384_source_c1,384PP_AQ_BP,P14,m169,Axygen 384,N6,125,Actual concentration: 0.11
384_source_c1,384PP_AQ_BP,P16,m169,Axygen 384,N6,200,Actual concentration: 0.18
384_source_c1,384PP_AQ_BP,P16,m169,Axygen 384,N8,75,Actual concentration: 0.07
384_source_c1,384PP_AQ_BP,P16,m169,Axygen 384,N10,75,Actual concentration: 0.07
384_source_c1,384PP_AQ_BP,P16,m169,Axygen 384,N12,75,Actual concentration: 0.07
384_source_c1,384PP_AQ_BP,P16,m169,Axygen 384,N16,75,Actual concentration: 0.07
384_source_c1,384PP_AQ_BP,P16,m169,Axygen 384,N18,75,Actual concentration: 0.07
384_source_c1,384PP_AQ_BP,P16,m169,Axygen 384,N20,75,Actual concentration: 0.07
384_source_c1,384PP_AQ_BP,P16,m169,Axygen 384,N22,75,Actual concentration: 0.07
384_source_c1,384PP_AQ_BP,P16,m169,Axygen 384,N24,325,Actual concentration: 0.29
384_source_c1,384PP_AQ_BP,P16,m169,Axygen 384,P2,325,Actual concentration: 0.29
384_source_c1,384PP_AQ_BP,P16,m169,Axygen 384,P4,75,Actual concentration: 0.07
384_source_c1,384PP_AQ_BP,P16,m169,Axygen 384,P6,75,Actual concentration: 0.07
384_source_c1,384PP_AQ_BP,P16,m169,Axygen 384,P8,325,Actual concentration: 0.29
384_source_c1,384PP_AQ_BP,P16,m169,Axygen 384,P10,325,Actual concentration: 0.29
384_source_c1,384PP_AQ_BP,P16,m169,Axygen 384,P12,325,Actual concentration: 0.29
384_source_c1,384PP_AQ_BP,P16,m169,Axygen 384,P14,325,Actual concentration: 0.29
384_source_c1,384PP_AQ_BP,P16,m169,Axygen 384,P16,75,Actual concentration: 0.07
384_source_c1,384PP_AQ_BP,P16,m169,Axygen 384,P18,325,Actual concentration: 0.29
384_source_c1,384PP_AQ_BP,P16,m169,Axygen 384,P20,325,Actual concentration: 0.29
384_source_c1,384PP_AQ_BP,P16,m169,Axygen 384,P22,75,Actual concentration: 0.07
384_source_c1,384PP_AQ_BP,P16,m169,Axygen 384,P24,75,Actual concentration: 0.07
384_source_c1,384PP_AQ_BP,A22,puc19,Axygen 384,A1,1025,Actual concentration: 11.94
384_source_c1,384PP_AQ_BP,A22,puc19,Axygen 384,A3,1025,Actual concentration: 11.94
384_source_c1,384PP_AQ_BP,A22,puc19,Axygen 384,A5,1025,Actual concentration: 11.94
384_source_c1,384PP_AQ_BP,A22,puc19,Axygen 384,A7,1025,Actual concentration: 11.94
384_source_c1,384PP_AQ_BP,A22,puc19,Axygen 384,A9,1025,Actual concentration: 11.94
384_source_c1,384PP_AQ_BP,A22,puc19,Axygen 384,A11,1025,Actual concentration: 11.94
384_source_c1,384PP_AQ_BP,A22,puc19,Axygen 384,A13,1025,Actual concentration: 11.94
384_source_c1,384PP_AQ_BP,A22,puc19,Axygen 384,A15,1075,Actual concentration: 12.52
384_source_c1,384PP_AQ_BP,A22,puc19,Axygen 384,A17,1000,Actual concentration: 11.65
384_source_c1,384PP_AQ_BP,A22,puc19,Axygen 384,A19,750,Actual concentration: 8.74
384_source_c1,384PP_AQ_BP,A23,puc19,Axygen 384,A19,250,Actual concentration: 2.91
384_source_c1,384PP_AQ_BP,A23,puc19,Axygen 384,A21,1000,Actual concentration: 11.65
384_source_c1,384PP_AQ_BP,A23,puc19,Axygen 384,A23,1000,Actual concentration: 11.65
384_source_c1,384PP_AQ_BP,A23,puc19,Axygen 384,C1,1000,Actual concentration: 11.65
384_source_c1,384PP_AQ_BP,A23,puc19,Axygen 384,C3,1000,Actual concentration: 11.65
384_source_c1,384PP_AQ_BP,A23,puc19,Axygen 384,C5,1000,Actual concentration: 11.65
384_source_c1,384PP_AQ_BP,A23,puc19,Axygen 384,C7,825,Actual concentration: 9.61
384_source_c1,384PP_AQ_BP,A23,puc19,Axygen 384,C9,1000,Actual concentration: 11.65
384_source_c1,384PP_AQ_BP,A23,puc19,Axygen 384,C11,1000,Actual concentration: 11.65
384_source_c1,384PP_AQ_BP,A23,puc19,Axygen 384,C13,1000,Actual concentration: 11.65
384_source_c1,384PP_AQ_BP,A23,puc19,Axygen 384,C15,925,Actual concentration: 10.78
384_source_c1,384PP_AQ_BP,A24,puc19,Axygen 384,C15,75,Actual concentration: 0.87
384_source_c1,384PP_AQ_BP,A24,puc19,Axygen 384,C17,1000,Actual concentration: 11.65
384_source_c1,384PP_AQ_BP,A24,puc19,Axygen 384,C19,1000,Actual concentration: 11.65
384_source_c1,384PP_AQ_BP,A24,puc19,Axygen 384,C21,1000,Actual concentration: 11.65
384_source_c1,384PP_AQ_BP,A24,puc19,Axygen 384,C23,1000,Actual concentration: 11.65
384_source_c1,384PP_AQ_BP,A24,puc19,Axygen 384,E1,1000,Actual concentration: 11.65
384_source_c1,384PP_AQ_BP,A24,puc19,Axygen 384,E3,1000,Actual concentration: 11.65
384_source_c1,384PP_AQ_BP,A24,puc19,Axygen 384,E5,1000,Actual concentration: 11.65
384_source_c1,384PP_AQ_BP,A24,puc19,Axygen 384,E7,1000,Actual concentration: 11.65
384_source_c1,384PP_AQ_BP,A24,puc19,Axygen 384,E9,1000,Actual concentration: 11.65
384_source_c1,384PP_AQ_BP,A24,puc19,Axygen 384,E11,925,Actual concentration: 10.78
384_source_c1,384PP_AQ_BP,B22,puc19,Axygen 384,E11,75,Actual concentration: 0.87
384_source_c1,384PP_AQ_BP,B22,puc19,Axygen 384,E13,975,Actual concentration: 11.36
384_source_c1,384PP_AQ_BP,B22,puc19,Axygen 384,E15,1000,Actual concentration: 11.65
384_source_c1,384PP_AQ_BP,B22,puc19,Axygen 384,E17,975,Actual concentration: 11.36
384_source_c1,384PP_AQ_BP,B22,puc19,Axygen 384,E19,975,Actual concentration: 11.36
384_source_c1,384PP_AQ_BP,B22,puc19,Axygen 384,E21,975,Actual concentration: 11.36
384_source_c1,384PP_AQ_BP,B22,puc19,Axygen 384,E23,975,Actual concentration: 11.36
384_source_c1,384PP_AQ_BP,B22,puc19,Axygen 384,G1,975,Actual concentration: 11.36
384_source_c1,384PP_AQ_BP,B22,puc19,Axygen 384,G3,1075,Actual concentration: 12.52
384_source_c1,384PP_AQ_BP,B22,puc19,Axygen 384,G5,975,Actual concentration: 11.36
384_source_c1,384PP_AQ_BP,B22,puc19,Axygen 384,G7,975,Actual concentration: 11.36
384_source_c1,384PP_AQ_BP,B22,puc19,Axygen 384,G9,50,Actual concentration: 0.58
384_source_c1,384PP_AQ_BP,B23,puc19,Axygen 384,G9,925,Actual concentration: 10.78
384_source_c1,384PP_AQ_BP,B23,puc19,Axygen 384,G11,975,Actual concentration: 11.36
384_source_c1,384PP_AQ_BP,B23,puc19,Axygen 384,G13,975,Actual concentration: 11.36
384_source_c1,384PP_AQ_BP,B23,puc19,Axygen 384,G15,975,Actual concentration: 11.36
384_source_c1,384PP_AQ_BP,B23,puc19,Axygen 384,G17,975,Actual concentration: 11.36
384_source_c1,384PP_AQ_BP,B23,puc19,Axygen 384,G19,825,Actual concentration: 9.61
384_source_c1,384PP_AQ_BP,B23,puc19,Axygen 384,G21,975,Actual concentration: 11.36
384_source_c1,384PP_AQ_BP,B23,puc19,Axygen 384,G23,975,Actual concentration: 11.36
384_source_c1,384PP_AQ_BP,B23,puc19,Axygen 384,I1,975,Actual concentration: 11.36
384_source_c1,384PP_AQ_BP,B23,puc19,Axygen 384,I3,975,Actual concentration: 11.36
384_source_c1,384PP_AQ_BP,B23,puc19,Axygen 384,I5,450,Actual concentration: 5.24
384_source_c1,384PP_AQ_BP,B24,puc19,Axygen 384,I5,525,Actual concentration: 6.12
384_source_c1,384PP_AQ_BP,B24,puc19,Axygen 384,I7,975,Actual concentration: 11.36
384_source_c1,384PP_AQ_BP,B24,puc19,Axygen 384,I9,975,Actual concentration: 11.36
384_source_c1,384PP_AQ_BP,B24,puc19,Axygen 384,I11,975,Actual concentration: 11.36
384_source_c1,384PP_AQ_BP,B24,puc19,Axygen 384,I13,975,Actual concentration: 11.36
384_source_c1,384PP_AQ_BP,B24,puc19,Axygen 384,I15,975,Actual concentration: 11.36
384_source_c1,384PP_AQ_BP,B24,puc19,Axygen 384,I17,975,Actual concentration: 11.36
384_source_c1,384PP_AQ_BP,B24,puc19,Axygen 384,I19,975,Actual concentration: 11.36
384_source_c1,384PP_AQ_BP,B24,puc19,Axygen 384,I21,975,Actual concentration: 11.36
384_source_c1,384PP_AQ_BP,B24,puc19,Axygen 384,I23,975,Actual concentration: 11.36
384_source_c1,384PP_AQ_BP,B24,puc19,Axygen 384,K1,700,Actual concentration: 8.16
384_source_c1,384PP_AQ_BP,C22,puc19,Axygen 384,K1,275,Actual concentration: 3.20
384_source_c1,384PP_AQ_BP,C22,puc19,Axygen 384,K3,975,Actual concentration: 11.36
384_source_c1,384PP_AQ_BP,C22,puc19,Axygen 384,K5,975,Actual concentration: 11.36
384_source_c1,384PP_AQ_BP,C22,puc19,Axygen 384,K7,975,Actual concentration: 11.36
384_source_c1,384PP_AQ_BP,C22,puc19,Axygen 384,K9,975,Actual concentration: 11.36
384_source_c1,384PP_AQ_BP,C22,puc19,Axygen 384,K11,975,Actual concentration: 11.36
384_source_c1,384PP_AQ_BP,C22,puc19,Axygen 384,K13,975,Actual concentration: 11.36
384_source_c1,384PP_AQ_BP,C22,puc19,Axygen 384,K15,1075,Actual concentration: 12.52
384_source_c1,384PP_AQ_BP,C22,puc19,Axygen 384,K17,875,Actual concentration: 10.19
384_source_c1,384PP_AQ_BP,C22,puc19,Axygen 384,K19,875,Actual concentration: 10.19
384_source_c1,384PP_AQ_BP,C22,puc19,Axygen 384,K21,875,Actual concentration: 10.19
384_source_c1,384PP_AQ_BP,C22,puc19,Axygen 384,K23,175,Actual concentration: 2.04
384_source_c1,384PP_AQ_BP,C23,puc19,Axygen 384,K23,700,Actual concentration: 8.16
384_source_c1,384PP_AQ_BP,C23,puc19,Axygen 384,M1,875,Actual concentration: 10.19
384_source_c1,384PP_AQ_BP,C23,puc19,Axygen 384,M3,875,Actual concentration: 10.19
384_source_c1,384PP_AQ_BP,C23,puc19,Axygen 384,M5,875,Actual concentration: 10.19
384_source_c1,384PP_AQ_BP,C23,puc19,Axygen 384,M7,825,Actual concentration: 9.61
384_source_c1,384PP_AQ_BP,C23,puc19,Axygen 384,M9,525,Actual concentration: 6.12
384_source_c1,384PP_AQ_BP,C23,puc19,Axygen 384,M11,1450,Actual concentration: 16.89
384_source_c1,384PP_AQ_BP,C23,puc19,Axygen 384,M13,1450,Actual concentration: 16.89
384_source_c1,384PP_AQ_BP,C23,puc19,Axygen 384,M15,1450,Actual concentration: 16.89
384_source_c1,384PP_AQ_BP,C23,puc19,Axygen 384,M17,975,Actual concentration: 11.36
384_source_c1,384PP_AQ_BP,C24,puc19,Axygen 384,M17,475,Actual concentration: 5.53
384_source_c1,384PP_AQ_BP,C24,puc19,Axygen 384,M19,1450,Actual concentration: 16.89
384_source_c1,384PP_AQ_BP,C24,puc19,Axygen 384,M21,1450,Actual concentration: 16.89
384_source_c1,384PP_AQ_BP,C24,puc19,Axygen 384,M23,1300,Actual concentration: 15.15
384_source_c1,384PP_AQ_BP,C24,puc19,Axygen 384,O1,1300,Actual concentration: 15.15
384_source_c1,384PP_AQ_BP,C24,puc19,Axygen 384,O3,1300,Actual concentration: 15.15
384_source_c1,384PP_AQ_BP,C24,puc19,Axygen 384,O5,1300,Actual concentration: 15.15
384_source_c1,384PP_AQ_BP,C24,puc19,Axygen 384,O7,1300,Actual concentration: 15.15
384_source_c1,384PP_AQ_BP,C24,puc19,Axygen 384,O9,125,Actual concentration: 1.46
384_source_c1,384PP_AQ_BP,D22,puc19,Axygen 384,O9,1175,Actual concentration: 13.69
384_source_c1,384PP_AQ_BP,D22,puc19,Axygen 384,O11,875,Actual concentration: 10.19
384_source_c1,384PP_AQ_BP,D22,puc19,Axygen 384,O13,875,Actual concentration: 10.19
384_source_c1,384PP_AQ_BP,D22,puc19,Axygen 384,O15,875,Actual concentration: 10.19
384_source_c1,384PP_AQ_BP,D22,puc19,Axygen 384,O17,875,Actual concentration: 10.19
384_source_c1,384PP_AQ_BP,D22,puc19,Axygen 384,O19,875,Actual concentration: 10.19
384_source_c1,384PP_AQ_BP,D22,puc19,Axygen 384,O21,875,Actual concentration: 10.19
384_source_c1,384PP_AQ_BP,D22,puc19,Axygen 384,O23,875,Actual concentration: 10.19
384_source_c1,384PP_AQ_BP,D22,puc19,Axygen 384,A2,1450,Actual concentration: 16.89
384_source_c1,384PP_AQ_BP,D22,puc19,Axygen 384,A4,1250,Actual concentration: 14.56
384_source_c1,384PP_AQ_BP,D23,puc19,Axygen 384,A4,200,Actual concentration: 2.33
384_source_c1,384PP_AQ_BP,D23,puc19,Axygen 384,A6,875,Actual concentration: 10.19
384_source_c1,384PP_AQ_BP,D23,puc19,Axygen 384,A8,875,Actual concentration: 10.19
384_source_c1,384PP_AQ_BP,D23,puc19,Axygen 384,A10,975,Actual concentration: 11.36
384_source_c1,384PP_AQ_BP,D23,puc19,Axygen 384,A12,1450,Actual concentration: 16.89
384_source_c1,384PP_AQ_BP,D23,puc19,Axygen 384,A14,875,Actual concentration: 10.19
384_source_c1,384PP_AQ_BP,D23,puc19,Axygen 384,A16,975,Actual concentration: 11.36
384_source_c1,384PP_AQ_BP,D23,puc19,Axygen 384,A18,1025,Actual concentration: 11.94
384_source_c1,384PP_AQ_BP,D23,puc19,Axygen 384,A20,1000,Actual concentration: 11.65
384_source_c1,384PP_AQ_BP,D23,puc19,Axygen 384,A22,975,Actual concentration: 11.36
384_source_c1,384PP_AQ_BP,D23,puc19,Axygen 384,A24,775,Actual concentration: 9.03
384_source_c1,384PP_AQ_BP,D24,puc19,Axygen 384,A24,200,Actual concentration: 2.33
384_source_c1,384PP_AQ_BP,D24,puc19,Axygen 384,C2,1000,Actual concentration: 11.65
384_source_c1,384PP_AQ_BP,D24,puc19,Axygen 384,C4,1025,Actual concentration: 11.94
384_source_c1,384PP_AQ_BP,D24,puc19,Axygen 384,C6,1000,Actual concentration: 11.65
384_source_c1,384PP_AQ_BP,D24,puc19,Axygen 384,C8,1000,Actual concentration: 11.65
384_source_c1,384PP_AQ_BP,D24,puc19,Axygen 384,C10,1000,Actual concentration: 11.65
384_source_c1,384PP_AQ_BP,D24,puc19,Axygen 384,C12,1000,Actual concentration: 11.65
384_source_c1,384PP_AQ_BP,D24,puc19,Axygen 384,C14,975,Actual concentration: 11.36
384_source_c1,384PP_AQ_BP,D24,puc19,Axygen 384,C16,1300,Actual concentration: 15.15
384_source_c1,384PP_AQ_BP,D24,puc19,Axygen 384,C18,975,Actual concentration: 11.36
384_source_c1,384PP_AQ_BP,D24,puc19,Axygen 384,C20,525,Actual concentration: 6.12
384_source_c1,384PP_AQ_BP,E22,puc19,Axygen 384,C20,550,Actual concentration: 6.41
384_source_c1,384PP_AQ_BP,E22,puc19,Axygen 384,C22,825,Actual concentration: 9.61
384_source_c1,384PP_AQ_BP,E22,puc19,Axygen 384,C24,875,Actual concentration: 10.19
384_source_c1,384PP_AQ_BP,E22,puc19,Axygen 384,E2,1300,Actual concentration: 15.15
384_source_c1,384PP_AQ_BP,E22,puc19,Axygen 384,E4,1000,Actual concentration: 11.65
384_source_c1,384PP_AQ_BP,E22,puc19,Axygen 384,E6,975,Actual concentration: 11.36
384_source_c1,384PP_AQ_BP,E22,puc19,Axygen 384,E8,1000,Actual concentration: 11.65
384_source_c1,384PP_AQ_BP,E22,puc19,Axygen 384,E10,825,Actual concentration: 9.61
384_source_c1,384PP_AQ_BP,E22,puc19,Axygen 384,E12,975,Actual concentration: 11.36
384_source_c1,384PP_AQ_BP,E22,puc19,Axygen 384,E14,1000,Actual concentration: 11.65
384_source_c1,384PP_AQ_BP,E22,puc19,Axygen 384,E16,675,Actual concentration: 7.86
384_source_c1,384PP_AQ_BP,E23,puc19,Axygen 384,E16,200,Actual concentration: 2.33
384_source_c1,384PP_AQ_BP,E23,puc19,Axygen 384,E18,875,Actual concentration: 10.19
384_source_c1,384PP_AQ_BP,E23,puc19,Axygen 384,E20,1025,Actual concentration: 11.94
384_source_c1,384PP_AQ_BP,E23,puc19,Axygen 384,E22,975,Actual concentration: 11.36
384_source_c1,384PP_AQ_BP,E23,puc19,Axygen 384,E24,975,Actual concentration: 11.36
384_source_c1,384PP_AQ_BP,E23,puc19,Axygen 384,G2,975,Actual concentration: 11.36
384_source_c1,384PP_AQ_BP,E23,puc19,Axygen 384,G4,1000,Actual concentration: 11.65
384_source_c1,384PP_AQ_BP,E23,puc19,Axygen 384,G6,975,Actual concentration: 11.36
384_source_c1,384PP_AQ_BP,E23,puc19,Axygen 384,G8,975,Actual concentration: 11.36
384_source_c1,384PP_AQ_BP,E23,puc19,Axygen 384,G10,1075,Actual concentration: 12.52
384_source_c1,384PP_AQ_BP,E23,puc19,Axygen 384,G12,875,Actual concentration: 10.19
384_source_c1,384PP_AQ_BP,E23,puc19,Axygen 384,G14,75,Actual concentration: 0.87
384_source_c1,384PP_AQ_BP,E24,puc19,Axygen 384,G14,925,Actual concentration: 10.78
384_source_c1,384PP_AQ_BP,E24,puc19,Axygen 384,G16,1000,Actual concentration: 11.65
384_source_c1,384PP_AQ_BP,E24,puc19,Axygen 384,G18,1450,Actual concentration: 16.89
384_source_c1,384PP_AQ_BP,E24,puc19,Axygen 384,G20,1000,Actual concentration: 11.65
384_source_c1,384PP_AQ_BP,E24,puc19,Axygen 384,G22,875,Actual concentration: 10.19
384_source_c1,384PP_AQ_BP,E24,puc19,Axygen 384,G24,1000,Actual concentration: 11.65
384_source_c1,384PP_AQ_BP,E24,puc19,Axygen 384,I2,1000,Actual concentration: 11.65
384_source_c1,384PP_AQ_BP,E24,puc19,Axygen 384,I4,1025,Actual concentration: 11.94
384_source_c1,384PP_AQ_BP,E24,puc19,Axygen 384,I6,1000,Actual concentration: 11.65
384_source_c1,384PP_AQ_BP,E24,puc19,Axygen 384,I8,725,Actual concentration: 8.45
384_source_c1,384PP_AQ_BP,F22,puc19,Axygen 384,I8,250,Actual concentration: 2.91
384_source_c1,384PP_AQ_BP,F22,puc19,Axygen 384,I10,1000,Actual concentration: 11.65
384_source_c1,384PP_AQ_BP,F22,puc19,Axygen 384,I12,825,Actual concentration: 9.61
384_source_c1,384PP_AQ_BP,F22,puc19,Axygen 384,I14,1025,Actual concentration: 11.94
384_source_c1,384PP_AQ_BP,F22,puc19,Axygen 384,I16,975,Actual concentration: 11.36
384_source_c1,384PP_AQ_BP,F22,puc19,Axygen 384,I18,975,Actual concentration: 11.36
384_source_c1,384PP_AQ_BP,F22,puc19,Axygen 384,I20,1300,Actual concentration: 15.15
384_source_c1,384PP_AQ_BP,F22,puc19,Axygen 384,I22,975,Actual concentration: 11.36
384_source_c1,384PP_AQ_BP,F22,puc19,Axygen 384,I24,875,Actual concentration: 10.19
384_source_c1,384PP_AQ_BP,F22,puc19,Axygen 384,K2,975,Actual concentration: 11.36
384_source_c1,384PP_AQ_BP,F22,puc19,Axygen 384,K4,825,Actual concentration: 9.61
384_source_c1,384PP_AQ_BP,F23,puc19,Axygen 384,K4,150,Actual concentration: 1.75
384_source_c1,384PP_AQ_BP,F23,puc19,Axygen 384,K6,975,Actual concentration: 11.36
384_source_c1,384PP_AQ_BP,F23,puc19,Axygen 384,K8,975,Actual concentration: 11.36
384_source_c1,384PP_AQ_BP,F23,puc19,Axygen 384,K10,975,Actual concentration: 11.36
384_source_c1,384PP_AQ_BP,F23,puc19,Axygen 384,K12,975,Actual concentration: 11.36
384_source_c1,384PP_AQ_BP,F23,puc19,Axygen 384,K14,975,Actual concentration: 11.36
384_source_c1,384PP_AQ_BP,F23,puc19,Axygen 384,K16,875,Actual concentration: 10.19
384_source_c1,384PP_AQ_BP,F23,puc19,Axygen 384,K18,525,Actual concentration: 6.12
384_source_c1,384PP_AQ_BP,F23,puc19,Axygen 384,K20,975,Actual concentration: 11.36
384_source_c1,384PP_AQ_BP,F23,puc19,Axygen 384,K22,975,Actual concentration: 11.36
384_source_c1,384PP_AQ_BP,F23,puc19,Axygen 384,K24,975,Actual concentration: 11.36
384_source_c1,384PP_AQ_BP,F23,puc19,Axygen 384,M2,650,Actual concentration: 7.57
384_source_c1,384PP_AQ_BP,F24,puc19,Axygen 384,M2,650,Actual concentration: 7.57
384_source_c1,384PP_AQ_BP,F24,puc19,Axygen 384,M4,975,Actual concentration: 11.36
384_source_c1,384PP_AQ_BP,F24,puc19,Axygen 384,M6,975,Actual concentration: 11.36
384_source_c1,384PP_AQ_BP,F24,puc19,Axygen 384,M8,875,Actual concentration: 10.19
384_source_c1,384PP_AQ_BP,F24,puc19,Axygen 384,M10,975,Actual concentration: 11.36
384_source_c1,384PP_AQ_BP,F24,puc19,Axygen 384,M12,975,Actual concentration: 11.36
384_source_c1,384PP_AQ_BP,F24,puc19,Axygen 384,M14,1450,Actual concentration: 16.89
384_source_c1,384PP_AQ_BP,F24,puc19,Axygen 384,M16,1075,Actual concentration: 12.52
384_source_c1,384PP_AQ_BP,F24,puc19,Axygen 384,M18,1000,Actual concentration: 11.65
384_source_c1,384PP_AQ_BP,F24,puc19,Axygen 384,M20,1025,Actual concentration: 11.94
384_source_c1,384PP_AQ_BP,F24,puc19,Axygen 384,M22,25,Actual concentration: 0.29
384_source_c1,384PP_AQ_BP,G22,puc19,Axygen 384,M22,950,Actual concentration: 11.07
384_source_c1,384PP_AQ_BP,G22,puc19,Axygen 384,M24,1000,Actual concentration: 11.65
384_source_c1,384PP_AQ_BP,G22,puc19,Axygen 384,O2,1025,Actual concentration: 11.94
384_source_c1,384PP_AQ_BP,G22,puc19,Axygen 384,O4,1000,Actual concentration: 11.65
384_source_c1,384PP_AQ_BP,G22,puc19,Axygen 384,O6,1300,Actual concentration: 15.15
384_source_c1,384PP_AQ_BP,G22,puc19,Axygen 384,O8,875,Actual concentration: 10.19
384_source_c1,384PP_AQ_BP,G22,puc19,Axygen 384,O10,1300,Actual concentration: 15.15
384_source_c1,384PP_AQ_BP,G22,puc19,Axygen 384,O12,1450,Actual concentration: 16.89
384_source_c1,384PP_AQ_BP,G22,puc19,Axygen 384,O14,1000,Actual concentration: 11.65
384_source_c1,384PP_AQ_BP,G22,puc19,Axygen 384,O16,100,Actual concentration: 1.17
384_source_c1,384PP_AQ_BP,G23,puc19,Axygen 384,O16,875,Actual concentration: 10.19
384_source_c1,384PP_AQ_BP,G23,puc19,Axygen 384,O18,875,Actual concentration: 10.19
384_source_c1,384PP_AQ_BP,G23,puc19,Axygen 384,O20,1000,Actual concentration: 11.65
384_source_c1,384PP_AQ_BP,G23,puc19,Axygen 384,O22,875,Actual concentration: 10.19
384_source_c1,384PP_AQ_BP,G23,puc19,Axygen 384,O24,975,Actual concentration: 11.36
384_source_c1,384PP_AQ_BP,G23,puc19,Axygen 384,B1,1000,Actual concentration: 11.65
384_source_c1,384PP_AQ_BP,G23,puc19,Axygen 384,B3,1025,Actual concentration: 11.94
384_source_c1,384PP_AQ_BP,G23,puc19,Axygen 384,B5,825,Actual concentration: 9.61
384_source_c1,384PP_AQ_BP,G23,puc19,Axygen 384,B7,1000,Actual concentration: 11.65
384_source_c1,384PP_AQ_BP,G23,puc19,Axygen 384,B9,975,Actual concentration: 11.36
384_source_c1,384PP_AQ_BP,G23,puc19,Axygen 384,B11,575,Actual concentration: 6.70
384_source_c1,384PP_AQ_BP,G24,puc19,Axygen 384,B11,400,Actual concentration: 4.66
384_source_c1,384PP_AQ_BP,G24,puc19,Axygen 384,B13,1075,Actual concentration: 12.52
384_source_c1,384PP_AQ_BP,G24,puc19,Axygen 384,B15,975,Actual concentration: 11.36
384_source_c1,384PP_AQ_BP,G24,puc19,Axygen 384,B17,1000,Actual concentration: 11.65
384_source_c1,384PP_AQ_BP,G24,puc19,Axygen 384,B19,525,Actual concentration: 6.12
384_source_c1,384PP_AQ_BP,G24,puc19,Axygen 384,B21,1000,Actual concentration: 11.65
384_source_c1,384PP_AQ_BP,G24,puc19,Axygen 384,B23,975,Actual concentration: 11.36
384_source_c1,384PP_AQ_BP,G24,puc19,Axygen 384,D1,1450,Actual concentration: 16.89
384_source_c1,384PP_AQ_BP,G24,puc19,Axygen 384,D3,1025,Actual concentration: 11.94
384_source_c1,384PP_AQ_BP,G24,puc19,Axygen 384,D5,1300,Actual concentration: 15.15
384_source_c1,384PP_AQ_BP,G24,puc19,Axygen 384,D7,275,Actual concentration: 3.20
384_source_c1,384PP_AQ_BP,H22,puc19,Axygen 384,D7,725,Actual concentration: 8.45
384_source_c1,384PP_AQ_BP,H22,puc19,Axygen 384,D9,1025,Actual concentration: 11.94
384_source_c1,384PP_AQ_BP,H22,puc19,Axygen 384,D11,1025,Actual concentration: 11.94
384_source_c1,384PP_AQ_BP,H22,puc19,Axygen 384,D13,975,Actual concentration: 11.36
384_source_c1,384PP_AQ_BP,H22,puc19,Axygen 384,D15,1300,Actual concentration: 15.15
384_source_c1,384PP_AQ_BP,H22,puc19,Axygen 384,D17,975,Actual concentration: 11.36
384_source_c1,384PP_AQ_BP,H22,puc19,Axygen 384,D19,1000,Actual concentration: 11.65
384_source_c1,384PP_AQ_BP,H22,puc19,Axygen 384,D21,1450,Actual concentration: 16.89
384_source_c1,384PP_AQ_BP,H22,puc19,Axygen 384,D23,875,Actual concentration: 10.19
384_source_c1,384PP_AQ_BP,H22,puc19,Axygen 384,F1,650,Actual concentration: 7.57
384_source_c1,384PP_AQ_BP,H23,puc19,Axygen 384,F1,425,Actual concentration: 4.95
384_source_c1,384PP_AQ_BP,H23,puc19,Axygen 384,F3,1300,Actual concentration: 15.15
384_source_c1,384PP_AQ_BP,H23,puc19,Axygen 384,F5,875,Actual concentration: 10.19
384_source_c1,384PP_AQ_BP,H23,puc19,Axygen 384,F7,975,Actual concentration: 11.36
384_source_c1,384PP_AQ_BP,H23,puc19,Axygen 384,F9,1450,Actual concentration: 16.89
384_source_c1,384PP_AQ_BP,H23,puc19,Axygen 384,F11,975,Actual concentration: 11.36
384_source_c1,384PP_AQ_BP,H23,puc19,Axygen 384,F13,1000,Actual concentration: 11.65
384_source_c1,384PP_AQ_BP,H23,puc19,Axygen 384,F15,975,Actual concentration: 11.36
384_source_c1,384PP_AQ_BP,H23,puc19,Axygen 384,F17,825,Actual concentration: 9.61
384_source_c1,384PP_AQ_BP,H23,puc19,Axygen 384,F19,1000,Actual concentration: 11.65
384_source_c1,384PP_AQ_BP,H23,puc19,Axygen 384,F21,200,Actual concentration: 2.33
384_source_c1,384PP_AQ_BP,H24,puc19,Axygen 384,F21,800,Actual concentration: 9.32
384_source_c1,384PP_AQ_BP,H24,puc19,Axygen 384,F23,875,Actual concentration: 10.19
384_source_c1,384PP_AQ_BP,H24,puc19,Axygen 384,H1,875,Actual concentration: 10.19
384_source_c1,384PP_AQ_BP,H24,puc19,Axygen 384,H3,975,Actual concentration: 11.36
384_source_c1,384PP_AQ_BP,H24,puc19,Axygen 384,H5,1000,Actual concentration: 11.65
384_source_c1,384PP_AQ_BP,H24,puc19,Axygen 384,H7,1025,Actual concentration: 11.94
384_source_c1,384PP_AQ_BP,H24,puc19,Axygen 384,H9,875,Actual concentration: 10.19
384_source_c1,384PP_AQ_BP,H24,puc19,Axygen 384,H11,1000,Actual concentration: 11.65
384_source_c1,384PP_AQ_BP,H24,puc19,Axygen 384,H13,1000,Actual concentration: 11.65
384_source_c1,384PP_AQ_BP,H24,puc19,Axygen 384,H15,975,Actual concentration: 11.36
384_source_c1,384PP_AQ_BP,H24,puc19,Axygen 384,H17,600,Actual concentration: 6.99
384_source_c1,384PP_AQ_BP,I22,puc19,Axygen 384,H17,700,Actual concentration: 8.16
384_source_c1,384PP_AQ_BP,I22,puc19,Axygen 384,H19,1300,Actual concentration: 15.15
384_source_c1,384PP_AQ_BP,I22,puc19,Axygen 384,H21,1000,Actual concentration: 11.65
384_source_c1,384PP_AQ_BP,I22,puc19,Axygen 384,H23,1450,Actual concentration: 16.89
384_source_c1,384PP_AQ_BP,I22,puc19,Axygen 384,J1,1000,Actual concentration: 11.65
384_source_c1,384PP_AQ_BP,I22,puc19,Axygen 384,J3,1000,Actual concentration: 11.65
384_source_c1,384PP_AQ_BP,I22,puc19,Axygen 384,J5,975,Actual concentration: 11.36
384_source_c1,384PP_AQ_BP,I22,puc19,Axygen 384,J7,875,Actual concentration: 10.19
384_source_c1,384PP_AQ_BP,I22,puc19,Axygen 384,J9,875,Actual concentration: 10.19
384_source_c1,384PP_AQ_BP,I22,puc19,Axygen 384,J11,825,Actual concentration: 9.61
384_source_c1,384PP_AQ_BP,I23,puc19,Axygen 384,J11,175,Actual concentration: 2.04
384_source_c1,384PP_AQ_BP,I23,puc19,Axygen 384,J13,875,Actual concentration: 10.19
384_source_c1,384PP_AQ_BP,I23,puc19,Axygen 384,J15,1000,Actual concentration: 11.65
384_source_c1,384PP_AQ_BP,I23,puc19,Axygen 384,J17,1000,Actual concentration: 11.65
384_source_c1,384PP_AQ_BP,I23,puc19,Axygen 384,J19,975,Actual concentration: 11.36
384_source_c1,384PP_AQ_BP,I23,puc19,Axygen 384,J21,975,Actual concentration: 11.36
384_source_c1,384PP_AQ_BP,I23,puc19,Axygen 384,J23,875,Actual concentration: 10.19
384_source_c1,384PP_AQ_BP,I23,puc19,Axygen 384,L1,1025,Actual concentration: 11.94
384_source_c1,384PP_AQ_BP,I23,puc19,Axygen 384,L3,875,Actual concentration: 10.19
384_source_c1,384PP_AQ_BP,I23,puc19,Axygen 384,L5,975,Actual concentration: 11.36
384_source_c1,384PP_AQ_BP,I23,puc19,Axygen 384,L7,975,Actual concentration: 11.36
384_source_c1,384PP_AQ_BP,I23,puc19,Axygen 384,L9,275,Actual concentration: 3.20
384_source_c1,384PP_AQ_BP,I24,puc19,Axygen 384,L9,600,Actual concentration: 6.99
384_source_c1,384PP_AQ_BP,I24,puc19,Axygen 384,L11,975,Actual concentration: 11.36
384_source_c1,384PP_AQ_BP,I24,puc19,Axygen 384,L13,1075,Actual concentration: 12.52
384_source_c1,384PP_AQ_BP,I24,puc19,Axygen 384,L15,1000,Actual concentration: 11.65
384_source_c1,384PP_AQ_BP,I24,puc19,Axygen 384,L17,875,Actual concentration: 10.19
384_source_c1,384PP_AQ_BP,I24,puc19,Axygen 384,L19,975,Actual concentration: 11.36
384_source_c1,384PP_AQ_BP,I24,puc19,Axygen 384,L21,975,Actual concentration: 11.36
384_source_c1,384PP_AQ_BP,I24,puc19,Axygen 384,L23,1450,Actual concentration: 16.89
384_source_c1,384PP_AQ_BP,I24,puc19,Axygen 384,N1,975,Actual concentration: 11.36
384_source_c1,384PP_AQ_BP,I24,puc19,Axygen 384,N3,975,Actual concentration: 11.36
384_source_c1,384PP_AQ_BP,I24,puc19,Axygen 384,N5,125,Actual concentration: 1.46
384_source_c1,384PP_AQ_BP,J22,puc19,Axygen 384,N5,850,Actual concentration: 9.90
384_source_c1,384PP_AQ_BP,J22,puc19,Axygen 384,N7,975,Actual concentration: 11.36
384_source_c1,384PP_AQ_BP,J22,puc19,Axygen 384,N9,1025,Actual concentration: 11.94
384_source_c1,384PP_AQ_BP,J22,puc19,Axygen 384,N11,1300,Actual concentration: 15.15
384_source_c1,384PP_AQ_BP,J22,puc19,Axygen 384,N13,1450,Actual concentration: 16.89
384_source_c1,384PP_AQ_BP,J22,puc19,Axygen 384,N15,975,Actual concentration: 11.36
384_source_c1,384PP_AQ_BP,J22,puc19,Axygen 384,N17,975,Actual concentration: 11.36
384_source_c1,384PP_AQ_BP,J22,puc19,Axygen 384,N19,825,Actual concentration: 9.61
384_source_c1,384PP_AQ_BP,J22,puc19,Axygen 384,N21,975,Actual concentration: 11.36
384_source_c1,384PP_AQ_BP,J22,puc19,Axygen 384,N23,650,Actual concentration: 7.57
384_source_c1,384PP_AQ_BP,J23,puc19,Axygen 384,N23,325,Actual concentration: 3.79
384_source_c1,384PP_AQ_BP,J23,puc19,Axygen 384,P1,875,Actual concentration: 10.19
384_source_c1,384PP_AQ_BP,J23,puc19,Axygen 384,P3,975,Actual concentration: 11.36
384_source_c1,384PP_AQ_BP,J23,puc19,Axygen 384,P5,975,Actual concentration: 11.36
384_source_c1,384PP_AQ_BP,J23,puc19,Axygen 384,P7,975,Actual concentration: 11.36
384_source_c1,384PP_AQ_BP,J23,puc19,Axygen 384,P9,1000,Actual concentration: 11.65
384_source_c1,384PP_AQ_BP,J23,puc19,Axygen 384,P11,975,Actual concentration: 11.36
384_source_c1,384PP_AQ_BP,J23,puc19,Axygen 384,P13,1000,Actual concentration: 11.65
384_source_c1,384PP_AQ_BP,J23,puc19,Axygen 384,P15,975,Actual concentration: 11.36
384_source_c1,384PP_AQ_BP,J23,puc19,Axygen 384,P17,1000,Actual concentration: 11.65
384_source_c1,384PP_AQ_BP,J23,puc19,Axygen 384,P19,925,Actual concentration: 10.78
384_source_c1,384PP_AQ_BP,J24,puc19,Axygen 384,P19,50,Actual concentration: 0.58
384_source_c1,384PP_AQ_BP,J24,puc19,Axygen 384,P21,975,Actual concentration: 11.36
384_source_c1,384PP_AQ_BP,J24,puc19,Axygen 384,P23,875,Actual concentration: 10.19
384_source_c1,384PP_AQ_BP,J24,puc19,Axygen 384,B2,975,Actual concentration: 11.36
384_source_c1,384PP_AQ_BP,J24,puc19,Axygen 384,B4,975,Actual concentration: 11.36
384_source_c1,384PP_AQ_BP,J24,puc19,Axygen 384,B6,1000,Actual concentration: 11.65
384_source_c1,384PP_AQ_BP,J24,puc19,Axygen 384,B8,875,Actual concentration: 10.19
384_source_c1,384PP_AQ_BP,J24,puc19,Axygen 384,B10,975,Actual concentration: 11.36
384_source_c1,384PP_AQ_BP,J24,puc19,Axygen 384,B12,975,Actual concentration: 11.36
384_source_c1,384PP_AQ_BP,J24,puc19,Axygen 384,B14,1075,Actual concentration: 12.52
384_source_c1,384PP_AQ_BP,J24,puc19,Axygen 384,B16,1000,Actual concentration: 11.65
384_source_c1,384PP_AQ_BP,J24,puc19,Axygen 384,B18,250,Actual concentration: 2.91
384_source_c1,384PP_AQ_BP,K22,puc19,Axygen 384,B18,750,Actual concentration: 8.74
384_source_c1,384PP_AQ_BP,K22,puc19,Axygen 384,B20,875,Actual concentration: 10.19
384_source_c1,384PP_AQ_BP,K22,puc19,Axygen 384,B22,975,Actual concentration: 11.36
384_source_c1,384PP_AQ_BP,K22,puc19,Axygen 384,B24,975,Actual concentration: 11.36
384_source_c1,384PP_AQ_BP,K22,puc19,Axygen 384,D2,1075,Actual concentration: 12.52
384_source_c1,384PP_AQ_BP,K22,puc19,Axygen 384,D4,875,Actual concentration: 10.19
384_source_c1,384PP_AQ_BP,K22,puc19,Axygen 384,D6,1000,Actual concentration: 11.65
384_source_c1,384PP_AQ_BP,K22,puc19,Axygen 384,D8,875,Actual concentration: 10.19
384_source_c1,384PP_AQ_BP,K22,puc19,Axygen 384,D10,1300,Actual concentration: 15.15
384_source_c1,384PP_AQ_BP,K22,puc19,Axygen 384,D12,975,Actual concentration: 11.36
384_source_c1,384PP_AQ_BP,K22,puc19,Axygen 384,D14,325,Actual concentration: 3.79
384_source_c1,384PP_AQ_BP,K23,puc19,Axygen 384,D14,650,Actual concentration: 7.57
384_source_c1,384PP_AQ_BP,K23,puc19,Axygen 384,D16,1300,Actual concentration: 15.15
384_source_c1,384PP_AQ_BP,K23,puc19,Axygen 384,D18,525,Actual concentration: 6.12
384_source_c1,384PP_AQ_BP,K23,puc19,Axygen 384,D20,975,Actual concentration: 11.36
384_source_c1,384PP_AQ_BP,K23,puc19,Axygen 384,D22,1025,Actual concentration: 11.94
384_source_c1,384PP_AQ_BP,K23,puc19,Axygen 384,D24,875,Actual concentration: 10.19
384_source_c1,384PP_AQ_BP,K23,puc19,Axygen 384,F2,975,Actual concentration: 11.36
384_source_c1,384PP_AQ_BP,K23,puc19,Axygen 384,F4,1300,Actual concentration: 15.15
384_source_c1,384PP_AQ_BP,K23,puc19,Axygen 384,F6,875,Actual concentration: 10.19
384_source_c1,384PP_AQ_BP,K23,puc19,Axygen 384,F8,1300,Actual concentration: 15.15
384_source_c1,384PP_AQ_BP,K23,puc19,Axygen 384,F10,200,Actual concentration: 2.33
384_source_c1,384PP_AQ_BP,K24,puc19,Axygen 384,F10,775,Actual concentration: 9.03
384_source_c1,384PP_AQ_BP,K24,puc19,Axygen 384,F12,975,Actual concentration: 11.36
384_source_c1,384PP_AQ_BP,K24,puc19,Axygen 384,F14,1450,Actual concentration: 16.89
384_source_c1,384PP_AQ_BP,K24,puc19,Axygen 384,F16,1025,Actual concentration: 11.94
384_source_c1,384PP_AQ_BP,K24,puc19,Axygen 384,F18,875,Actual concentration: 10.19
384_source_c1,384PP_AQ_BP,K24,puc19,Axygen 384,F20,975,Actual concentration: 11.36
384_source_c1,384PP_AQ_BP,K24,puc19,Axygen 384,F22,1025,Actual concentration: 11.94
384_source_c1,384PP_AQ_BP,K24,puc19,Axygen 384,F24,975,Actual concentration: 11.36
384_source_c1,384PP_AQ_BP,K24,puc19,Axygen 384,H2,1000,Actual concentration: 11.65
384_source_c1,384PP_AQ_BP,K24,puc19,Axygen 384,H4,875,Actual concentration: 10.19
384_source_c1,384PP_AQ_BP,K24,puc19,Axygen 384,H6,50,Actual concentration: 0.58
384_source_c1,384PP_AQ_BP,L22,puc19,Axygen 384,H6,925,Actual concentration: 10.78
384_source_c1,384PP_AQ_BP,L22,puc19,Axygen 384,H8,975,Actual concentration: 11.36
384_source_c1,384PP_AQ_BP,L22,puc19,Axygen 384,H10,1450,Actual concentration: 16.89
384_source_c1,384PP_AQ_BP,L22,puc19,Axygen 384,H12,975,Actual concentration: 11.36
384_source_c1,384PP_AQ_BP,L22,puc19,Axygen 384,H14,1000,Actual concentration: 11.65
384_source_c1,384PP_AQ_BP,L22,puc19,Axygen 384,H16,825,Actual concentration: 9.61
384_source_c1,384PP_AQ_BP,L22,puc19,Axygen 384,H18,975,Actual concentration: 11.36
384_source_c1,384PP_AQ_BP,L22,puc19,Axygen 384,H20,1000,Actual concentration: 11.65
384_source_c1,384PP_AQ_BP,L22,puc19,Axygen 384,H22,1000,Actual concentration: 11.65
384_source_c1,384PP_AQ_BP,L22,puc19,Axygen 384,H24,875,Actual concentration: 10.19
384_source_c1,384PP_AQ_BP,L23,puc19,Axygen 384,H24,100,Actual concentration: 1.17
384_source_c1,384PP_AQ_BP,L23,puc19,Axygen 384,J2,1000,Actual concentration: 11.65
384_source_c1,384PP_AQ_BP,L23,puc19,Axygen 384,J4,875,Actual concentration: 10.19
384_source_c1,384PP_AQ_BP,L23,puc19,Axygen 384,J6,975,Actual concentration: 11.36
384_source_c1,384PP_AQ_BP,L23,puc19,Axygen 384,J8,1025,Actual concentration: 11.94
384_source_c1,384PP_AQ_BP,L23,puc19,Axygen 384,J10,1000,Actual concentration: 11.65
384_source_c1,384PP_AQ_BP,L23,puc19,Axygen 384,J12,975,Actual concentration: 11.36
384_source_c1,384PP_AQ_BP,L23,puc19,Axygen 384,J14,1450,Actual concentration: 16.89
384_source_c1,384PP_AQ_BP,L23,puc19,Axygen 384,J16,975,Actual concentration: 11.36
384_source_c1,384PP_AQ_BP,L23,puc19,Axygen 384,J18,1000,Actual concentration: 11.65
384_source_c1,384PP_AQ_BP,L23,puc19,Axygen 384,J20,625,Actual concentration: 7.28
384_source_c1,384PP_AQ_BP,L24,puc19,Axygen 384,J20,350,Actual concentration: 4.08
384_source_c1,384PP_AQ_BP,L24,puc19,Axygen 384,J22,975,Actual concentration: 11.36
384_source_c1,384PP_AQ_BP,L24,puc19,Axygen 384,J24,1000,Actual concentration: 11.65
384_source_c1,384PP_AQ_BP,L24,puc19,Axygen 384,L2,975,Actual concentration: 11.36
384_source_c1,384PP_AQ_BP,L24,puc19,Axygen 384,L4,875,Actual concentration: 10.19
384_source_c1,384PP_AQ_BP,L24,puc19,Axygen 384,L6,1000,Actual concentration: 11.65
384_source_c1,384PP_AQ_BP,L24,puc19,Axygen 384,L8,1025,Actual concentration: 11.94
384_source_c1,384PP_AQ_BP,L24,puc19,Axygen 384,L10,1000,Actual concentration: 11.65
384_source_c1,384PP_AQ_BP,L24,puc19,Axygen 384,L12,975,Actual concentration: 11.36
384_source_c1,384PP_AQ_BP,L24,puc19,Axygen 384,L14,1450,Actual concentration: 16.89
384_source_c1,384PP_AQ_BP,L24,puc19,Axygen 384,L16,375,Actual concentration: 4.37
384_source_c1,384PP_AQ_BP,M22,puc19,Axygen 384,L16,625,Actual concentration: 7.28
384_source_c1,384PP_AQ_BP,M22,puc19,Axygen 384,L18,825,Actual concentration: 9.61
384_source_c1,384PP_AQ_BP,M22,puc19,Axygen 384,L20,975,Actual concentration: 11.36
384_source_c1,384PP_AQ_BP,M22,puc19,Axygen 384,L22,975,Actual concentration: 11.36
384_source_c1,384PP_AQ_BP,M22,puc19,Axygen 384,L24,1000,Actual concentration: 11.65
384_source_c1,384PP_AQ_BP,M22,puc19,Axygen 384,N2,1450,Actual concentration: 16.89
384_source_c1,384PP_AQ_BP,M22,puc19,Axygen 384,N4,975,Actual concentration: 11.36
384_source_c1,384PP_AQ_BP,M22,puc19,Axygen 384,N6,875,Actual concentration: 10.19
384_source_c1,384PP_AQ_BP,M22,puc19,Axygen 384,N8,1000,Actual concentration: 11.65
384_source_c1,384PP_AQ_BP,M22,puc19,Axygen 384,N10,1000,Actual concentration: 11.65
384_source_c1,384PP_AQ_BP,M22,puc19,Axygen 384,N12,300,Actual concentration: 3.50
384_source_c1,384PP_AQ_BP,M23,puc19,Axygen 384,N12,1150,Actual concentration: 13.40
384_source_c1,384PP_AQ_BP,M23,puc19,Axygen 384,N14,875,Actual concentration: 10.19
384_source_c1,384PP_AQ_BP,M23,puc19,Axygen 384,N16,975,Actual concentration: 11.36
384_source_c1,384PP_AQ_BP,M23,puc19,Axygen 384,N18,1000,Actual concentration: 11.65
384_source_c1,384PP_AQ_BP,M23,puc19,Axygen 384,N20,1025,Actual concentration: 11.94
384_source_c1,384PP_AQ_BP,M23,puc19,Axygen 384,N22,975,Actual concentration: 11.36
384_source_c1,384PP_AQ_BP,M23,puc19,Axygen 384,N24,1300,Actual concentration: 15.15
384_source_c1,384PP_AQ_BP,M23,puc19,Axygen 384,P2,875,Actual concentration: 10.19
384_source_c1,384PP_AQ_BP,M23,puc19,Axygen 384,P4,1075,Actual concentration: 12.52
384_source_c1,384PP_AQ_BP,M23,puc19,Axygen 384,P6,750,Actual concentration: 8.74
384_source_c1,384PP_AQ_BP,M24,puc19,Axygen 384,P6,250,Actual concentration: 2.91
384_source_c1,384PP_AQ_BP,M24,puc19,Axygen 384,P8,975,Actual concentration: 11.36
384_source_c1,384PP_AQ_BP,M24,puc19,Axygen 384,P10,1000,Actual concentration: 11.65
384_source_c1,384PP_AQ_BP,M24,puc19,Axygen 384,P12,875,Actual concentration: 10.19
384_source_c1,384PP_AQ_BP,M24,puc19,Axygen 384,P14,1300,Actual concentration: 15.15
384_source_c1,384PP_AQ_BP,M24,puc19,Axygen 384,P16,1025,Actual concentration: 11.94
384_source_c1,384PP_AQ_BP,M24,puc19,Axygen 384,P18,975,Actual concentration: 11.36
384_source_c1,384PP_AQ_BP,M24,puc19,Axygen 384,P20,825,Actual concentration: 9.61
384_source_c1,384PP_AQ_BP,M24,puc19,Axygen 384,P22,975,Actual concentration: 11.36
384_source_c1,384PP_AQ_BP,M24,puc19,Axygen 384,P24,1000,Actual concentration: 11.65
384_source_c1,384PP_AQ_BP,A1,water,Axygen 384,A1,2975,
384_source_c1,384PP_AQ_BP,A1,water,Axygen 384,A3,2975,
384_source_c1,384PP_AQ_BP,A1,water,Axygen 384,A5,2950,
384_source_c1,384PP_AQ_BP,A1,water,Axygen 384,A7,1100,
384_source_c1,384PP_AQ_BP,B1,water,Axygen 384,A7,1875,
384_source_c1,384PP_AQ_BP,B1,water,Axygen 384,A9,2975,
384_source_c1,384PP_AQ_BP,B1,water,Axygen 384,A11,2975,
384_source_c1,384PP_AQ_BP,B1,water,Axygen 384,A13,2175,
384_source_c1,384PP_AQ_BP,C1,water,Axygen 384,A13,775,
384_source_c1,384PP_AQ_BP,C1,water,Axygen 384,A15,3150,
384_source_c1,384PP_AQ_BP,C1,water,Axygen 384,A17,2775,
384_source_c1,384PP_AQ_BP,C1,water,Axygen 384,A19,2750,
384_source_c1,384PP_AQ_BP,C1,water,Axygen 384,A21,550,
384_source_c1,384PP_AQ_BP,D1,water,Axygen 384,A21,2225,
384_source_c1,384PP_AQ_BP,D1,water,Axygen 384,A23,2775,
384_source_c1,384PP_AQ_BP,D1,water,Axygen 384,C1,2775,
384_source_c1,384PP_AQ_BP,D1,water,Axygen 384,C3,2225,
384_source_c1,384PP_AQ_BP,E1,water,Axygen 384,C3,525,
384_source_c1,384PP_AQ_BP,E1,water,Axygen 384,C5,2750,
384_source_c1,384PP_AQ_BP,E1,water,Axygen 384,C7,1775,
384_source_c1,384PP_AQ_BP,E1,water,Axygen 384,C9,2775,
384_source_c1,384PP_AQ_BP,E1,water,Axygen 384,C11,2175,
384_source_c1,384PP_AQ_BP,F1,water,Axygen 384,C11,600,
384_source_c1,384PP_AQ_BP,F1,water,Axygen 384,C13,2775,
384_source_c1,384PP_AQ_BP,F1,water,Axygen 384,C15,2750,
384_source_c1,384PP_AQ_BP,F1,water,Axygen 384,C17,2750,
384_source_c1,384PP_AQ_BP,F1,water,Axygen 384,C19,1125,
384_source_c1,384PP_AQ_BP,G1,water,Axygen 384,C19,1625,
384_source_c1,384PP_AQ_BP,G1,water,Axygen 384,C21,2750,
384_source_c1,384PP_AQ_BP,G1,water,Axygen 384,C23,2725,
384_source_c1,384PP_AQ_BP,G1,water,Axygen 384,E1,2775,
384_source_c1,384PP_AQ_BP,G1,water,Axygen 384,E3,125,
384_source_c1,384PP_AQ_BP,H1,water,Axygen 384,E3,2650,
384_source_c1,384PP_AQ_BP,H1,water,Axygen 384,E5,2750,
384_source_c1,384PP_AQ_BP,H1,water,Axygen 384,E7,2775,
384_source_c1,384PP_AQ_BP,H1,water,Axygen 384,E9,1825,
384_source_c1,384PP_AQ_BP,I1,water,Axygen 384,E9,925,
384_source_c1,384PP_AQ_BP,I1,water,Axygen 384,E11,2750,
384_source_c1,384PP_AQ_BP,I1,water,Axygen 384,E13,2550,
384_source_c1,384PP_AQ_BP,I1,water,Axygen 384,E15,2850,
384_source_c1,384PP_AQ_BP,I1,water,Axygen 384,E17,925,
384_source_c1,384PP_AQ_BP,J1,water,Axygen 384,E17,1650,
384_source_c1,384PP_AQ_BP,J1,water,Axygen 384,E19,2575,
384_source_c1,384PP_AQ_BP,J1,water,Axygen 384,E21,2550,
384_source_c1,384PP_AQ_BP,J1,water,Axygen 384,E23,2550,
384_source_c1,384PP_AQ_BP,J1,water,Axygen 384,G1,675,
384_source_c1,384PP_AQ_BP,K1,water,Axygen 384,G1,1875,
384_source_c1,384PP_AQ_BP,K1,water,Axygen 384,G3,3150,
384_source_c1,384PP_AQ_BP,K1,water,Axygen 384,G5,2550,
384_source_c1,384PP_AQ_BP,K1,water,Axygen 384,G7,2425,
384_source_c1,384PP_AQ_BP,L1,water,Axygen 384,G7,100,
384_source_c1,384PP_AQ_BP,L1,water,Axygen 384,G9,2575,
384_source_c1,384PP_AQ_BP,L1,water,Axygen 384,G11,2575,
384_source_c1,384PP_AQ_BP,L1,water,Axygen 384,G13,2550,
384_source_c1,384PP_AQ_BP,L1,water,Axygen 384,G15,2200,
384_source_c1,384PP_AQ_BP,M1,water,Axygen 384,G15,375,
384_source_c1,384PP_AQ_BP,M1,water,Axygen 384,G17,2550,
384_source_c1,384PP_AQ_BP,M1,water,Axygen 384,G19,1775,
384_source_c1,384PP_AQ_BP,M1,water,Axygen 384,G21,2550,
384_source_c1,384PP_AQ_BP,M1,water,Axygen 384,G23,2550,
384_source_c1,384PP_AQ_BP,M1,water,Axygen 384,I1,200,
384_source_c1,384PP_AQ_BP,N1,water,Axygen 384,I1,2350,
384_source_c1,384PP_AQ_BP,N1,water,Axygen 384,I3,2550,
384_source_c1,384PP_AQ_BP,N1,water,Axygen 384,I5,2525,
384_source_c1,384PP_AQ_BP,N1,water,Axygen 384,I7,2575,
384_source_c1,384PP_AQ_BP,O1,water,Axygen 384,I9,2575,
384_source_c1,384PP_AQ_BP,O1,water,Axygen 384,I11,2550,
384_source_c1,384PP_AQ_BP,O1,water,Axygen 384,I13,2575,
384_source_c1,384PP_AQ_BP,O1,water,Axygen 384,I15,2300,
384_source_c1,384PP_AQ_BP,P1,water,Axygen 384,I15,250,
384_source_c1,384PP_AQ_BP,P1,water,Axygen 384,I17,2550,
384_source_c1,384PP_AQ_BP,P1,water,Axygen 384,I19,2550,
384_source_c1,384PP_AQ_BP,P1,water,Axygen 384,I21,2550,
384_source_c1,384PP_AQ_BP,P1,water,Axygen 384,I23,2100,
384_source_c1,384PP_AQ_BP,A3,water,Axygen 384,I23,425,
384_source_c1,384PP_AQ_BP,A3,water,Axygen 384,K1,2550,
384_source_c1,384PP_AQ_BP,A3,water,Axygen 384,K3,2525,
384_source_c1,384PP_AQ_BP,A3,water,Axygen 384,K5,2525,
384_source_c1,384PP_AQ_BP,A3,water,Axygen 384,K7,1975,
384_source_c1,384PP_AQ_BP,B3,water,Axygen 384,K7,600,
384_source_c1,384PP_AQ_BP,B3,water,Axygen 384,K9,2550,
384_source_c1,384PP_AQ_BP,B3,water,Axygen 384,K11,2550,
384_source_c1,384PP_AQ_BP,B3,water,Axygen 384,K13,2550,
384_source_c1,384PP_AQ_BP,B3,water,Axygen 384,K15,1750,
384_source_c1,384PP_AQ_BP,C3,water,Axygen 384,K15,1400,
384_source_c1,384PP_AQ_BP,C3,water,Axygen 384,K17,2025,
384_source_c1,384PP_AQ_BP,C3,water,Axygen 384,K19,2025,
384_source_c1,384PP_AQ_BP,C3,water,Axygen 384,K21,2050,
384_source_c1,384PP_AQ_BP,C3,water,Axygen 384,K23,2025,
384_source_c1,384PP_AQ_BP,C3,water,Axygen 384,M1,475,
384_source_c1,384PP_AQ_BP,D3,water,Axygen 384,M1,1550,
384_source_c1,384PP_AQ_BP,D3,water,Axygen 384,M3,2025,
384_source_c1,384PP_AQ_BP,D3,water,Axygen 384,M5,2050,
384_source_c1,384PP_AQ_BP,D3,water,Axygen 384,M7,1775,
384_source_c1,384PP_AQ_BP,D3,water,Axygen 384,M9,25,
384_source_c1,384PP_AQ_BP,D3,water,Axygen 384,M11,2575,
384_source_c1,384PP_AQ_BP,E3,water,Axygen 384,M11,250,
384_source_c1,384PP_AQ_BP,E3,water,Axygen 384,M13,2825,
384_source_c1,384PP_AQ_BP,E3,water,Axygen 384,M15,2800,
384_source_c1,384PP_AQ_BP,E3,water,Axygen 384,M17,2825,
384_source_c1,384PP_AQ_BP,E3,water,Axygen 384,M19,1300,
384_source_c1,384PP_AQ_BP,F3,water,Axygen 384,M19,1525,
384_source_c1,384PP_AQ_BP,F3,water,Axygen 384,M21,2800,
384_source_c1,384PP_AQ_BP,F3,water,Axygen 384,M23,2025,
384_source_c1,384PP_AQ_BP,F3,water,Axygen 384,O1,2025,
384_source_c1,384PP_AQ_BP,F3,water,Axygen 384,O3,1625,
384_source_c1,384PP_AQ_BP,G3,water,Axygen 384,O3,425,
384_source_c1,384PP_AQ_BP,G3,water,Axygen 384,O5,2025,
384_source_c1,384PP_AQ_BP,G3,water,Axygen 384,O7,2025,
384_source_c1,384PP_AQ_BP,G3,water,Axygen 384,O9,2050,
384_source_c1,384PP_AQ_BP,G3,water,Axygen 384,O11,1950,
384_source_c1,384PP_AQ_BP,G3,water,Axygen 384,O13,1525,
384_source_c1,384PP_AQ_BP,H3,water,Axygen 384,O13,425,
384_source_c1,384PP_AQ_BP,H3,water,Axygen 384,O15,1975,
384_source_c1,384PP_AQ_BP,H3,water,Axygen 384,O17,1950,
384_source_c1,384PP_AQ_BP,H3,water,Axygen 384,O19,1950,
384_source_c1,384PP_AQ_BP,H3,water,Axygen 384,O21,1950,
384_source_c1,384PP_AQ_BP,H3,water,Axygen 384,O23,1750,
384_source_c1,384PP_AQ_BP,I3,water,Axygen 384,O23,225,
384_source_c1,384PP_AQ_BP,I3,water,Axygen 384,A2,2825,
384_source_c1,384PP_AQ_BP,I3,water,Axygen 384,A4,2825,
384_source_c1,384PP_AQ_BP,I3,water,Axygen 384,A6,2025,
384_source_c1,384PP_AQ_BP,I3,water,Axygen 384,A8,1950,
384_source_c1,384PP_AQ_BP,I3,water,Axygen 384,A10,150,
384_source_c1,384PP_AQ_BP,J3,water,Axygen 384,A10,2425,
384_source_c1,384PP_AQ_BP,J3,water,Axygen 384,A12,2800,
384_source_c1,384PP_AQ_BP,J3,water,Axygen 384,A14,2025,
384_source_c1,384PP_AQ_BP,J3,water,Axygen 384,A16,2550,
384_source_c1,384PP_AQ_BP,J3,water,Axygen 384,A18,200,
384_source_c1,384PP_AQ_BP,K3,water,Axygen 384,A18,2775,
384_source_c1,384PP_AQ_BP,K3,water,Axygen 384,A20,2775,
384_source_c1,384PP_AQ_BP,K3,water,Axygen 384,A22,2550,
384_source_c1,384PP_AQ_BP,K3,water,Axygen 384,A24,1900,
384_source_c1,384PP_AQ_BP,L3,water,Axygen 384,A24,650,
384_source_c1,384PP_AQ_BP,L3,water,Axygen 384,C2,2775,
384_source_c1,384PP_AQ_BP,L3,water,Axygen 384,C4,2975,
384_source_c1,384PP_AQ_BP,L3,water,Axygen 384,C6,2850,
384_source_c1,384PP_AQ_BP,L3,water,Axygen 384,C8,750,
384_source_c1,384PP_AQ_BP,M3,water,Axygen 384,C8,2000,
384_source_c1,384PP_AQ_BP,M3,water,Axygen 384,C10,2775,
384_source_c1,384PP_AQ_BP,M3,water,Axygen 384,C12,2750,
384_source_c1,384PP_AQ_BP,M3,water,Axygen 384,C14,2475,
384_source_c1,384PP_AQ_BP,N3,water,Axygen 384,C14,75,
384_source_c1,384PP_AQ_BP,N3,water,Axygen 384,C16,2050,
384_source_c1,384PP_AQ_BP,N3,water,Axygen 384,C18,2575,
384_source_c1,384PP_AQ_BP,N3,water,Axygen 384,C20,3150,
384_source_c1,384PP_AQ_BP,N3,water,Axygen 384,C22,1775,
384_source_c1,384PP_AQ_BP,N3,water,Axygen 384,C24,375,
384_source_c1,384PP_AQ_BP,O3,water,Axygen 384,C24,1650,
384_source_c1,384PP_AQ_BP,O3,water,Axygen 384,E2,2050,
384_source_c1,384PP_AQ_BP,O3,water,Axygen 384,E4,2750,
384_source_c1,384PP_AQ_BP,O3,water,Axygen 384,E6,2525,
384_source_c1,384PP_AQ_BP,O3,water,Axygen 384,E8,1025,
384_source_c1,384PP_AQ_BP,P3,water,Axygen 384,E8,1750,
384_source_c1,384PP_AQ_BP,P3,water,Axygen 384,E10,1775,
384_source_c1,384PP_AQ_BP,P3,water,Axygen 384,E12,2550,
384_source_c1,384PP_AQ_BP,P3,water,Axygen 384,E14,2750,
384_source_c1,384PP_AQ_BP,P3,water,Axygen 384,E16,1175,
384_source_c1,384PP_AQ_BP,A5,water,Axygen 384,E16,850,
384_source_c1,384PP_AQ_BP,A5,water,Axygen 384,E18,2050,
384_source_c1,384PP_AQ_BP,A5,water,Axygen 384,E20,2975,
384_source_c1,384PP_AQ_BP,A5,water,Axygen 384,E22,2550,
384_source_c1,384PP_AQ_BP,A5,water,Axygen 384,E24,1575,
384_source_c1,384PP_AQ_BP,B5,water,Axygen 384,E24,975,
384_source_c1,384PP_AQ_BP,B5,water,Axygen 384,G2,2550,
384_source_c1,384PP_AQ_BP,B5,water,Axygen 384,G4,2775,
384_source_c1,384PP_AQ_BP,B5,water,Axygen 384,G6,2550,
384_source_c1,384PP_AQ_BP,B5,water,Axygen 384,G8,1150,
384_source_c1,384PP_AQ_BP,C5,water,Axygen 384,G8,1400,
384_source_c1,384PP_AQ_BP,C5,water,Axygen 384,G10,3150,
384_source_c1,384PP_AQ_BP,C5,water,Axygen 384,G12,1975,
384_source_c1,384PP_AQ_BP,C5,water,Axygen 384,G14,2775,
384_source_c1,384PP_AQ_BP,C5,water,Axygen 384,G16,700,
384_source_c1,384PP_AQ_BP,D5,water,Axygen 384,G16,2050,
384_source_c1,384PP_AQ_BP,D5,water,Axygen 384,G18,2825,
384_source_c1,384PP_AQ_BP,D5,water,Axygen 384,G20,2775,
384_source_c1,384PP_AQ_BP,D5,water,Axygen 384,G22,1950,
384_source_c1,384PP_AQ_BP,D5,water,Axygen 384,G24,400,
384_source_c1,384PP_AQ_BP,E5,water,Axygen 384,G24,2350,
384_source_c1,384PP_AQ_BP,E5,water,Axygen 384,I2,2775,
384_source_c1,384PP_AQ_BP,E5,water,Axygen 384,I4,2975,
384_source_c1,384PP_AQ_BP,E5,water,Axygen 384,I6,1900,
384_source_c1,384PP_AQ_BP,F5,water,Axygen 384,I6,875,
384_source_c1,384PP_AQ_BP,F5,water,Axygen 384,I8,2550,
384_source_c1,384PP_AQ_BP,F5,water,Axygen 384,I10,2775,
384_source_c1,384PP_AQ_BP,F5,water,Axygen 384,I12,1775,
384_source_c1,384PP_AQ_BP,F5,water,Axygen 384,I14,2025,
384_source_c1,384PP_AQ_BP,G5,water,Axygen 384,I14,925,
384_source_c1,384PP_AQ_BP,G5,water,Axygen 384,I16,2525,
384_source_c1,384PP_AQ_BP,G5,water,Axygen 384,I18,2550,
384_source_c1,384PP_AQ_BP,G5,water,Axygen 384,I20,2025,
384_source_c1,384PP_AQ_BP,G5,water,Axygen 384,I22,1975,
384_source_c1,384PP_AQ_BP,H5,water,Axygen 384,I22,575,
384_source_c1,384PP_AQ_BP,H5,water,Axygen 384,I24,1975,
384_source_c1,384PP_AQ_BP,H5,water,Axygen 384,K2,2575,
384_source_c1,384PP_AQ_BP,H5,water,Axygen 384,K4,2575,
384_source_c1,384PP_AQ_BP,H5,water,Axygen 384,K6,2300,
384_source_c1,384PP_AQ_BP,I5,water,Axygen 384,K6,225,
384_source_c1,384PP_AQ_BP,I5,water,Axygen 384,K8,2550,
384_source_c1,384PP_AQ_BP,I5,water,Axygen 384,K10,2550,
384_source_c1,384PP_AQ_BP,I5,water,Axygen 384,K12,2550,
384_source_c1,384PP_AQ_BP,I5,water,Axygen 384,K14,2125,
384_source_c1,384PP_AQ_BP,J5,water,Axygen 384,K14,400,
384_source_c1,384PP_AQ_BP,J5,water,Axygen 384,K16,1950,
384_source_c1,384PP_AQ_BP,J5,water,Axygen 384,K18,25,
384_source_c1,384PP_AQ_BP,J5,water,Axygen 384,K20,2575,
384_source_c1,384PP_AQ_BP,J5,water,Axygen 384,K22,2550,
384_source_c1,384PP_AQ_BP,J5,water,Axygen 384,K24,2500,
384_source_c1,384PP_AQ_BP,K5,water,Axygen 384,K24,50,
384_source_c1,384PP_AQ_BP,K5,water,Axygen 384,M2,2025,
384_source_c1,384PP_AQ_BP,K5,water,Axygen 384,M4,2550,
384_source_c1,384PP_AQ_BP,K5,water,Axygen 384,M6,2575,
384_source_c1,384PP_AQ_BP,K5,water,Axygen 384,M8,1950,
384_source_c1,384PP_AQ_BP,K5,water,Axygen 384,M10,850,
384_source_c1,384PP_AQ_BP,L5,water,Axygen 384,M10,1675,
384_source_c1,384PP_AQ_BP,L5,water,Axygen 384,M12,2575,
384_source_c1,384PP_AQ_BP,L5,water,Axygen 384,M14,2825,
384_source_c1,384PP_AQ_BP,L5,water,Axygen 384,M16,2925,
384_source_c1,384PP_AQ_BP,M5,water,Axygen 384,M16,225,
384_source_c1,384PP_AQ_BP,M5,water,Axygen 384,M18,2750,
384_source_c1,384PP_AQ_BP,M5,water,Axygen 384,M20,2975,
384_source_c1,384PP_AQ_BP,M5,water,Axygen 384,M22,2575,
384_source_c1,384PP_AQ_BP,M5,water,Axygen 384,M24,1475,
384_source_c1,384PP_AQ_BP,N5,water,Axygen 384,M24,1275,
384_source_c1,384PP_AQ_BP,N5,water,Axygen 384,O2,2950,
384_source_c1,384PP_AQ_BP,N5,water,Axygen 384,O4,2725,
384_source_c1,384PP_AQ_BP,N5,water,Axygen 384,O6,2025,
384_source_c1,384PP_AQ_BP,N5,water,Axygen 384,O8,1025,
384_source_c1,384PP_AQ_BP,O5,water,Axygen 384,O8,1025,
384_source_c1,384PP_AQ_BP,O5,water,Axygen 384,O10,2025,
384_source_c1,384PP_AQ_BP,O5,water,Axygen 384,O12,2800,
384_source_c1,384PP_AQ_BP,O5,water,Axygen 384,O14,2750,
384_source_c1,384PP_AQ_BP,O5,water,Axygen 384,O16,1400,
384_source_c1,384PP_AQ_BP,P5,water,Axygen 384,O16,1150,
384_source_c1,384PP_AQ_BP,P5,water,Axygen 384,O18,2025,
384_source_c1,384PP_AQ_BP,P5,water,Axygen 384,O20,2750,
384_source_c1,384PP_AQ_BP,P5,water,Axygen 384,O22,1950,
384_source_c1,384PP_AQ_BP,P5,water,Axygen 384,O24,2125,
384_source_c1,384PP_AQ_BP,A7,water,Axygen 384,O24,450,
384_source_c1,384PP_AQ_BP,A7,water,Axygen 384,B1,2750,
384_source_c1,384PP_AQ_BP,A7,water,Axygen 384,B3,2950,
384_source_c1,384PP_AQ_BP,A7,water,Axygen 384,B5,1775,
384_source_c1,384PP_AQ_BP,A7,water,Axygen 384,B7,2075,
384_source_c1,384PP_AQ_BP,B7,water,Axygen 384,B7,675,
384_source_c1,384PP_AQ_BP,B7,water,Axygen 384,B9,2550,
384_source_c1,384PP_AQ_BP,B7,water,Axygen 384,B11,2550,
384_source_c1,384PP_AQ_BP,B7,water,Axygen 384,B13,3150,
384_source_c1,384PP_AQ_BP,B7,water,Axygen 384,B15,1075,
384_source_c1,384PP_AQ_BP,C7,water,Axygen 384,B15,1450,
384_source_c1,384PP_AQ_BP,C7,water,Axygen 384,B17,2775,
384_source_c1,384PP_AQ_BP,C7,water,Axygen 384,B19,25,
384_source_c1,384PP_AQ_BP,C7,water,Axygen 384,B21,2750,
384_source_c1,384PP_AQ_BP,C7,water,Axygen 384,B23,2550,
384_source_c1,384PP_AQ_BP,C7,water,Axygen 384,D1,450,
384_source_c1,384PP_AQ_BP,D7,water,Axygen 384,D1,2350,
384_source_c1,384PP_AQ_BP,D7,water,Axygen 384,D3,2975,
384_source_c1,384PP_AQ_BP,D7,water,Axygen 384,D5,2050,
384_source_c1,384PP_AQ_BP,D7,water,Axygen 384,D7,2625,
384_source_c1,384PP_AQ_BP,E7,water,Axygen 384,D7,125,
384_source_c1,384PP_AQ_BP,E7,water,Axygen 384,D9,2975,
384_source_c1,384PP_AQ_BP,E7,water,Axygen 384,D11,2975,
384_source_c1,384PP_AQ_BP,E7,water,Axygen 384,D13,2550,
384_source_c1,384PP_AQ_BP,E7,water,Axygen 384,D15,1375,
384_source_c1,384PP_AQ_BP,F7,water,Axygen 384,D15,650,
384_source_c1,384PP_AQ_BP,F7,water,Axygen 384,D17,2550,
384_source_c1,384PP_AQ_BP,F7,water,Axygen 384,D19,2775,
384_source_c1,384PP_AQ_BP,F7,water,Axygen 384,D21,2825,
384_source_c1,384PP_AQ_BP,F7,water,Axygen 384,D23,1200,
384_source_c1,384PP_AQ_BP,G7,water,Axygen 384,D23,750,
384_source_c1,384PP_AQ_BP,G7,water,Axygen 384,F1,3150,
384_source_c1,384PP_AQ_BP,G7,water,Axygen 384,F3,2050,
384_source_c1,384PP_AQ_BP,G7,water,Axygen 384,F5,1950,
384_source_c1,384PP_AQ_BP,G7,water,Axygen 384,F7,2100,
384_source_c1,384PP_AQ_BP,H7,water,Axygen 384,F7,475,
384_source_c1,384PP_AQ_BP,H7,water,Axygen 384,F9,2825,
384_source_c1,384PP_AQ_BP,H7,water,Axygen 384,F11,2550,
384_source_c1,384PP_AQ_BP,H7,water,Axygen 384,F13,2775,
384_source_c1,384PP_AQ_BP,H7,water,Axygen 384,F15,1375,
384_source_c1,384PP_AQ_BP,I7,water,Axygen 384,F15,1200,
384_source_c1,384PP_AQ_BP,I7,water,Axygen 384,F17,1775,
384_source_c1,384PP_AQ_BP,I7,water,Axygen 384,F19,2750,
384_source_c1,384PP_AQ_BP,I7,water,Axygen 384,F21,2750,
384_source_c1,384PP_AQ_BP,I7,water,Axygen 384,F23,1525,
384_source_c1,384PP_AQ_BP,J7,water,Axygen 384,F23,425,
384_source_c1,384PP_AQ_BP,J7,water,Axygen 384,H1,1975,
384_source_c1,384PP_AQ_BP,J7,water,Axygen 384,H3,2525,
384_source_c1,384PP_AQ_BP,J7,water,Axygen 384,H5,2775,
384_source_c1,384PP_AQ_BP,J7,water,Axygen 384,H7,2300,
384_source_c1,384PP_AQ_BP,K7,water,Axygen 384,H7,650,
384_source_c1,384PP_AQ_BP,K7,water,Axygen 384,H9,2025,
384_source_c1,384PP_AQ_BP,K7,water,Axygen 384,H11,2725,
384_source_c1,384PP_AQ_BP,K7,water,Axygen 384,H13,2775,
384_source_c1,384PP_AQ_BP,K7,water,Axygen 384,H15,1825,
384_source_c1,384PP_AQ_BP,L7,water,Axygen 384,H15,725,
384_source_c1,384PP_AQ_BP,L7,water,Axygen 384,H17,2025,
384_source_c1,384PP_AQ_BP,L7,water,Axygen 384,H19,2025,
384_source_c1,384PP_AQ_BP,L7,water,Axygen 384,H21,2850,
384_source_c1,384PP_AQ_BP,L7,water,Axygen 384,H23,2375,
384_source_c1,384PP_AQ_BP,M7,water,Axygen 384,H23,450,
384_source_c1,384PP_AQ_BP,M7,water,Axygen 384,J1,2775,
384_source_c1,384PP_AQ_BP,M7,water,Axygen 384,J3,2775,
384_source_c1,384PP_AQ_BP,M7,water,Axygen 384,J5,2575,
384_source_c1,384PP_AQ_BP,M7,water,Axygen 384,J7,1425,
384_source_c1,384PP_AQ_BP,N7,water,Axygen 384,J7,600,
384_source_c1,384PP_AQ_BP,N7,water,Axygen 384,J9,1950,
384_source_c1,384PP_AQ_BP,N7,water,Axygen 384,J11,2750,
384_source_c1,384PP_AQ_BP,N7,water,Axygen 384,J13,2050,
384_source_c1,384PP_AQ_BP,N7,water,Axygen 384,J15,2650,
384_source_c1,384PP_AQ_BP,O7,water,Axygen 384,J15,100,
384_source_c1,384PP_AQ_BP,O7,water,Axygen 384,J17,2775,
384_source_c1,384PP_AQ_BP,O7,water,Axygen 384,J19,2575,
384_source_c1,384PP_AQ_BP,O7,water,Axygen 384,J21,2575,
384_source_c1,384PP_AQ_BP,O7,water,Axygen 384,J23,1975,
384_source_c1,384PP_AQ_BP,P7,water,Axygen 384,J23,50,
384_source_c1,384PP_AQ_BP,P7,water,Axygen 384,L1,2975,
384_source_c1,384PP_AQ_BP,P7,water,Axygen 384,L3,2025,
384_source_c1,384PP_AQ_BP,P7,water,Axygen 384,L5,2550,
384_source_c1,384PP_AQ_BP,P7,water,Axygen 384,L7,2400,
384_source_c1,384PP_AQ_BP,A9,water,Axygen 384,L7,175,
384_source_c1,384PP_AQ_BP,A9,water,Axygen 384,L9,2050,
384_source_c1,384PP_AQ_BP,A9,water,Axygen 384,L11,2525,
384_source_c1,384PP_AQ_BP,A9,water,Axygen 384,L13,3150,
384_source_c1,384PP_AQ_BP,A9,water,Axygen 384,L15,2100,
384_source_c1,384PP_AQ_BP,B9,water,Axygen 384,L15,650,
384_source_c1,384PP_AQ_BP,B9,water,Axygen 384,L17,1975,
384_source_c1,384PP_AQ_BP,B9,water,Axygen 384,L19,2575,
384_source_c1,384PP_AQ_BP,B9,water,Axygen 384,L21,2550,
384_source_c1,384PP_AQ_BP,B9,water,Axygen 384,L23,2250,
384_source_c1,384PP_AQ_BP,C9,water,Axygen 384,L23,550,
384_source_c1,384PP_AQ_BP,C9,water,Axygen 384,N1,2550,
384_source_c1,384PP_AQ_BP,C9,water,Axygen 384,N3,2575,
384_source_c1,384PP_AQ_BP,C9,water,Axygen 384,N5,2550,
384_source_c1,384PP_AQ_BP,C9,water,Axygen 384,N7,1775,
384_source_c1,384PP_AQ_BP,D9,water,Axygen 384,N7,775,
384_source_c1,384PP_AQ_BP,D9,water,Axygen 384,N9,2975,
384_source_c1,384PP_AQ_BP,D9,water,Axygen 384,N11,2025,
384_source_c1,384PP_AQ_BP,D9,water,Axygen 384,N13,2825,
384_source_c1,384PP_AQ_BP,D9,water,Axygen 384,N15,1400,
384_source_c1,384PP_AQ_BP,E9,water,Axygen 384,N15,1150,
384_source_c1,384PP_AQ_BP,E9,water,Axygen 384,N17,2550,
384_source_c1,384PP_AQ_BP,E9,water,Axygen 384,N19,1775,
384_source_c1,384PP_AQ_BP,E9,water,Axygen 384,N21,2525,
384_source_c1,384PP_AQ_BP,E9,water,Axygen 384,N23,2000,
384_source_c1,384PP_AQ_BP,F9,water,Axygen 384,N23,550,
384_source_c1,384PP_AQ_BP,F9,water,Axygen 384,P1,1950,
384_source_c1,384PP_AQ_BP,F9,water,Axygen 384,P3,2550,
384_source_c1,384PP_AQ_BP,F9,water,Axygen 384,P5,2550,
384_source_c1,384PP_AQ_BP,F9,water,Axygen 384,P7,2400,
384_source_c1,384PP_AQ_BP,G9,water,Axygen 384,P7,125,
384_source_c1,384PP_AQ_BP,G9,water,Axygen 384,P9,2775,
384_source_c1,384PP_AQ_BP,G9,water,Axygen 384,P11,2575,
384_source_c1,384PP_AQ_BP,G9,water,Axygen 384,P13,2775,
384_source_c1,384PP_AQ_BP,G9,water,Axygen 384,P15,1750,
384_source_c1,384PP_AQ_BP,H9,water,Axygen 384,P15,800,
384_source_c1,384PP_AQ_BP,H9,water,Axygen 384,P17,2750,
384_source_c1,384PP_AQ_BP,H9,water,Axygen 384,P19,2550,
384_source_c1,384PP_AQ_BP,H9,water,Axygen 384,P21,2550,
384_source_c1,384PP_AQ_BP,H9,water,Axygen 384,P23,1350,
384_source_c1,384PP_AQ_BP,I9,water,Axygen 384,P23,675,
384_source_c1,384PP_AQ_BP,I9,water,Axygen 384,B2,2550,
384_source_c1,384PP_AQ_BP,I9,water,Axygen 384,B4,2550,
384_source_c1,384PP_AQ_BP,I9,water,Axygen 384,B6,2775,
384_source_c1,384PP_AQ_BP,I9,water,Axygen 384,B8,1450,
384_source_c1,384PP_AQ_BP,J9,water,Axygen 384,B8,500,
384_source_c1,384PP_AQ_BP,J9,water,Axygen 384,B10,2525,
384_source_c1,384PP_AQ_BP,J9,water,Axygen 384,B12,2550,
384_source_c1,384PP_AQ_BP,J9,water,Axygen 384,B14,3150,
384_source_c1,384PP_AQ_BP,J9,water,Axygen 384,B16,1275,
384_source_c1,384PP_AQ_BP,K9,water,Axygen 384,B16,1475,
384_source_c1,384PP_AQ_BP,K9,water,Axygen 384,B18,2775,
384_source_c1,384PP_AQ_BP,K9,water,Axygen 384,B20,1950,
384_source_c1,384PP_AQ_BP,K9,water,Axygen 384,B22,2550,
384_source_c1,384PP_AQ_BP,K9,water,Axygen 384,B24,1250,
384_source_c1,384PP_AQ_BP,L9,water,Axygen 384,B24,1300,
384_source_c1,384PP_AQ_BP,L9,water,Axygen 384,D2,3150,
384_source_c1,384PP_AQ_BP,L9,water,Axygen 384,D4,2025,
384_source_c1,384PP_AQ_BP,L9,water,Axygen 384,D6,2750,
384_source_c1,384PP_AQ_BP,L9,water,Axygen 384,D8,775,
384_source_c1,384PP_AQ_BP,M9,water,Axygen 384,D8,1200,
384_source_c1,384PP_AQ_BP,M9,water,Axygen 384,D10,2025,
384_source_c1,384PP_AQ_BP,M9,water,Axygen 384,D12,2575,
384_source_c1,384PP_AQ_BP,M9,water,Axygen 384,D14,2525,
384_source_c1,384PP_AQ_BP,M9,water,Axygen 384,D16,1675,
384_source_c1,384PP_AQ_BP,N9,water,Axygen 384,D16,350,
384_source_c1,384PP_AQ_BP,N9,water,Axygen 384,D18,25,
384_source_c1,384PP_AQ_BP,N9,water,Axygen 384,D20,2550,
384_source_c1,384PP_AQ_BP,N9,water,Axygen 384,D22,2975,
384_source_c1,384PP_AQ_BP,N9,water,Axygen 384,D24,2025,
384_source_c1,384PP_AQ_BP,N9,water,Axygen 384,F2,2075,
384_source_c1,384PP_AQ_BP,O9,water,Axygen 384,F2,475,
384_source_c1,384PP_AQ_BP,O9,water,Axygen 384,F4,2025,
384_source_c1,384PP_AQ_BP,O9,water,Axygen 384,F6,2050,
384_source_c1,384PP_AQ_BP,O9,water,Axygen 384,F8,2050,
384_source_c1,384PP_AQ_BP,O9,water,Axygen 384,F10,2575,
384_source_c1,384PP_AQ_BP,O9,water,Axygen 384,F12,825,
384_source_c1,384PP_AQ_BP,P9,water,Axygen 384,F12,1725,
384_source_c1,384PP_AQ_BP,P9,water,Axygen 384,F14,2825,
384_source_c1,384PP_AQ_BP,P9,water,Axygen 384,F16,2975,
384_source_c1,384PP_AQ_BP,P9,water,Axygen 384,F18,1950,
384_source_c1,384PP_AQ_BP,P9,water,Axygen 384,F20,525,
384_source_c1,384PP_AQ_BP,A11,water,Axygen 384,F20,2025,
384_source_c1,384PP_AQ_BP,A11,water,Axygen 384,F22,2975,
384_source_c1,384PP_AQ_BP,A11,water,Axygen 384,F24,2550,
384_source_c1,384PP_AQ_BP,A11,water,Axygen 384,H2,2450,
384_source_c1,384PP_AQ_BP,B11,water,Axygen 384,H2,325,
384_source_c1,384PP_AQ_BP,B11,water,Axygen 384,H4,1950,
384_source_c1,384PP_AQ_BP,B11,water,Axygen 384,H6,2575,
384_source_c1,384PP_AQ_BP,B11,water,Axygen 384,H8,2575,
384_source_c1,384PP_AQ_BP,B11,water,Axygen 384,H10,2575,
384_source_c1,384PP_AQ_BP,C11,water,Axygen 384,H10,225,
384_source_c1,384PP_AQ_BP,C11,water,Axygen 384,H12,2575,
384_source_c1,384PP_AQ_BP,C11,water,Axygen 384,H14,2750,
384_source_c1,384PP_AQ_BP,C11,water,Axygen 384,H16,1775,
384_source_c1,384PP_AQ_BP,C11,water,Axygen 384,H18,2550,
384_source_c1,384PP_AQ_BP,C11,water,Axygen 384,H20,125,
384_source_c1,384PP_AQ_BP,D11,water,Axygen 384,H20,2650,
384_source_c1,384PP_AQ_BP,D11,water,Axygen 384,H22,2750,
384_source_c1,384PP_AQ_BP,D11,water,Axygen 384,H24,2575,
384_source_c1,384PP_AQ_BP,D11,water,Axygen 384,J2,2025,
384_source_c1,384PP_AQ_BP,E11,water,Axygen 384,J2,725,
384_source_c1,384PP_AQ_BP,E11,water,Axygen 384,J4,2025,
384_source_c1,384PP_AQ_BP,E11,water,Axygen 384,J6,2550,
384_source_c1,384PP_AQ_BP,E11,water,Axygen 384,J8,2950,
384_source_c1,384PP_AQ_BP,E11,water,Axygen 384,J10,1750,
384_source_c1,384PP_AQ_BP,F11,water,Axygen 384,J10,1025,
384_source_c1,384PP_AQ_BP,F11,water,Axygen 384,J12,2550,
384_source_c1,384PP_AQ_BP,F11,water,Axygen 384,J14,2825,
384_source_c1,384PP_AQ_BP,F11,water,Axygen 384,J16,2575,
384_source_c1,384PP_AQ_BP,F11,water,Axygen 384,J18,1025,
384_source_c1,384PP_AQ_BP,G11,water,Axygen 384,J18,1750,
384_source_c1,384PP_AQ_BP,G11,water,Axygen 384,J20,2550,
384_source_c1,384PP_AQ_BP,G11,water,Axygen 384,J22,2550,
384_source_c1,384PP_AQ_BP,G11,water,Axygen 384,J24,2750,
384_source_c1,384PP_AQ_BP,G11,water,Axygen 384,L2,400,
384_source_c1,384PP_AQ_BP,H11,water,Axygen 384,L2,2150,
384_source_c1,384PP_AQ_BP,H11,water,Axygen 384,L4,1950,
384_source_c1,384PP_AQ_BP,H11,water,Axygen 384,L6,2775,
384_source_c1,384PP_AQ_BP,H11,water,Axygen 384,L8,2950,
384_source_c1,384PP_AQ_BP,H11,water,Axygen 384,L10,175,
384_source_c1,384PP_AQ_BP,I11,water,Axygen 384,L10,2600,
384_source_c1,384PP_AQ_BP,I11,water,Axygen 384,L12,2575,
384_source_c1,384PP_AQ_BP,I11,water,Axygen 384,L14,2825,
384_source_c1,384PP_AQ_BP,I11,water,Axygen 384,L16,2000,
384_source_c1,384PP_AQ_BP,J11,water,Axygen 384,L16,750,
384_source_c1,384PP_AQ_BP,J11,water,Axygen 384,L18,1775,
384_source_c1,384PP_AQ_BP,J11,water,Axygen 384,L20,2525,
384_source_c1,384PP_AQ_BP,J11,water,Axygen 384,L22,2575,
384_source_c1,384PP_AQ_BP,J11,water,Axygen 384,L24,2375,
384_source_c1,384PP_AQ_BP,K11,water,Axygen 384,L24,400,
384_source_c1,384PP_AQ_BP,K11,water,Axygen 384,N2,2825,
384_source_c1,384PP_AQ_BP,K11,water,Axygen 384,N4,2525,
384_source_c1,384PP_AQ_BP,K11,water,Axygen 384,N6,2025,
384_source_c1,384PP_AQ_BP,K11,water,Axygen 384,N8,2225,
384_source_c1,384PP_AQ_BP,L11,water,Axygen 384,N8,550,
384_source_c1,384PP_AQ_BP,L11,water,Axygen 384,N10,2850,
384_source_c1,384PP_AQ_BP,L11,water,Axygen 384,N12,2800,
384_source_c1,384PP_AQ_BP,L11,water,Axygen 384,N14,2050,
384_source_c1,384PP_AQ_BP,L11,water,Axygen 384,N16,1750,
384_source_c1,384PP_AQ_BP,M11,water,Axygen 384,N16,800,
384_source_c1,384PP_AQ_BP,M11,water,Axygen 384,N18,2750,
384_source_c1,384PP_AQ_BP,M11,water,Axygen 384,N20,2975,
384_source_c1,384PP_AQ_BP,M11,water,Axygen 384,N22,2550,
384_source_c1,384PP_AQ_BP,M11,water,Axygen 384,N24,925,
384_source_c1,384PP_AQ_BP,N11,water,Axygen 384,N24,1125,
384_source_c1,384PP_AQ_BP,N11,water,Axygen 384,P2,2025,
384_source_c1,384PP_AQ_BP,N11,water,Axygen 384,P4,3150,
384_source_c1,384PP_AQ_BP,N11,water,Axygen 384,P6,2750,
384_source_c1,384PP_AQ_BP,N11,water,Axygen 384,P8,950,
384_source_c1,384PP_AQ_BP,O11,water,Axygen 384,P8,1600,
384_source_c1,384PP_AQ_BP,O11,water,Axygen 384,P10,2725,
384_source_c1,384PP_AQ_BP,O11,water,Axygen 384,P12,1975,
384_source_c1,384PP_AQ_BP,O11,water,Axygen 384,P14,2025,
384_source_c1,384PP_AQ_BP,O11,water,Axygen 384,P16,1675,
384_source_c1,384PP_AQ_BP,P11,water,Axygen 384,P16,1300,
384_source_c1,384PP_AQ_BP,P11,water,Axygen 384,P18,2525,
384_source_c1,384PP_AQ_BP,P11,water,Axygen 384,P20,1775,
384_source_c1,384PP_AQ_BP,P11,water,Axygen 384,P22,2550,
384_source_c1,384PP_AQ_BP,P11,water,Axygen 384,P24,1850,
384_source_c1,384PP_AQ_BP,A13,water,Axygen 384,P24,900,
